pair,a,b,unit,block,kind,d,k,chance,overlap
init-final,proj-wikitext2-r50-s0,proj-wikitext2-r50-s0,L0.qkv,0,qkv,2048,1477,0.72119140625,0.9975394010543823
init-final,proj-wikitext2-r50-s0,proj-wikitext2-r50-s0,L0.o,0,o,2048,1477,0.72119140625,0.9978759288787842
init-final,proj-wikitext2-r50-s0,proj-wikitext2-r50-s0,L0.gateup,0,gateup,2048,1191,0.58154296875,0.9972449541091919
init-final,proj-wikitext2-r50-s0,proj-wikitext2-r50-s0,L0.down,0,down,2048,1191,0.58154296875,0.9972502589225769
init-final,proj-wikitext2-r50-s0,proj-wikitext2-r50-s0,L1.qkv,1,qkv,2048,1477,0.72119140625,0.9976569414138794
init-final,proj-wikitext2-r50-s0,proj-wikitext2-r50-s0,L1.o,1,o,2048,1477,0.72119140625,0.9983939528465271
init-final,proj-wikitext2-r50-s0,proj-wikitext2-r50-s0,L1.gateup,1,gateup,2048,1191,0.58154296875,0.9976200461387634
init-final,proj-wikitext2-r50-s0,proj-wikitext2-r50-s0,L1.down,1,down,2048,1191,0.58154296875,0.9967837333679199
init-final,proj-wikitext2-r50-s0,proj-wikitext2-r50-s0,L2.qkv,2,qkv,2048,1477,0.72119140625,0.9976266622543335
init-final,proj-wikitext2-r50-s0,proj-wikitext2-r50-s0,L2.o,2,o,2048,1477,0.72119140625,0.9978404641151428
init-final,proj-wikitext2-r50-s0,proj-wikitext2-r50-s0,L2.gateup,2,gateup,2048,1191,0.58154296875,0.9964232444763184
init-final,proj-wikitext2-r50-s0,proj-wikitext2-r50-s0,L2.down,2,down,2048,1191,0.58154296875,0.9956831336021423
init-final,proj-wikitext2-r50-s0,proj-wikitext2-r50-s0,L3.qkv,3,qkv,2048,1477,0.72119140625,0.9977906346321106
init-final,proj-wikitext2-r50-s0,proj-wikitext2-r50-s0,L3.o,3,o,2048,1477,0.72119140625,0.9970830082893372
init-final,proj-wikitext2-r50-s0,proj-wikitext2-r50-s0,L3.gateup,3,gateup,2048,1191,0.58154296875,0.9949648380279541
init-final,proj-wikitext2-r50-s0,proj-wikitext2-r50-s0,L3.down,3,down,2048,1191,0.58154296875,0.9953845739364624
init-final,proj-wikitext2-r50-s0,proj-wikitext2-r50-s0,L4.qkv,4,qkv,2048,1477,0.72119140625,0.9977169036865234
init-final,proj-wikitext2-r50-s0,proj-wikitext2-r50-s0,L4.o,4,o,2048,1477,0.72119140625,0.9973123073577881
init-final,proj-wikitext2-r50-s0,proj-wikitext2-r50-s0,L4.gateup,4,gateup,2048,1191,0.58154296875,0.9951056838035583
init-final,proj-wikitext2-r50-s0,proj-wikitext2-r50-s0,L4.down,4,down,2048,1191,0.58154296875,0.9957165718078613
init-final,proj-wikitext2-r50-s0,proj-wikitext2-r50-s0,L5.qkv,5,qkv,2048,1477,0.72119140625,0.9978557825088501
init-final,proj-wikitext2-r50-s0,proj-wikitext2-r50-s0,L5.o,5,o,2048,1477,0.72119140625,0.9972559213638306
init-final,proj-wikitext2-r50-s0,proj-wikitext2-r50-s0,L5.gateup,5,gateup,2048,1191,0.58154296875,0.995302677154541
init-final,proj-wikitext2-r50-s0,proj-wikitext2-r50-s0,L5.down,5,down,2048,1191,0.58154296875,0.9956737160682678
init-final,proj-wikitext2-r50-s0,proj-wikitext2-r50-s0,L6.qkv,6,qkv,2048,1477,0.72119140625,0.9978080987930298
init-final,proj-wikitext2-r50-s0,proj-wikitext2-r50-s0,L6.o,6,o,2048,1477,0.72119140625,0.9974092841148376
init-final,proj-wikitext2-r50-s0,proj-wikitext2-r50-s0,L6.gateup,6,gateup,2048,1191,0.58154296875,0.9955886602401733
init-final,proj-wikitext2-r50-s0,proj-wikitext2-r50-s0,L6.down,6,down,2048,1191,0.58154296875,0.9959332346916199
init-final,proj-wikitext2-r50-s0,proj-wikitext2-r50-s0,L7.qkv,7,qkv,2048,1477,0.72119140625,0.998012125492096
init-final,proj-wikitext2-r50-s0,proj-wikitext2-r50-s0,L7.o,7,o,2048,1477,0.72119140625,0.9975780844688416
init-final,proj-wikitext2-r50-s0,proj-wikitext2-r50-s0,L7.gateup,7,gateup,2048,1191,0.58154296875,0.9956281185150146
init-final,proj-wikitext2-r50-s0,proj-wikitext2-r50-s0,L7.down,7,down,2048,1191,0.58154296875,0.9961108565330505
init-final,proj-wikitext2-r50-s0,proj-wikitext2-r50-s0,L8.qkv,8,qkv,2048,1477,0.72119140625,0.9981119632720947
init-final,proj-wikitext2-r50-s0,proj-wikitext2-r50-s0,L8.o,8,o,2048,1477,0.72119140625,0.9975178241729736
init-final,proj-wikitext2-r50-s0,proj-wikitext2-r50-s0,L8.gateup,8,gateup,2048,1191,0.58154296875,0.9956705570220947
init-final,proj-wikitext2-r50-s0,proj-wikitext2-r50-s0,L8.down,8,down,2048,1191,0.58154296875,0.996100902557373
init-final,proj-wikitext2-r50-s0,proj-wikitext2-r50-s0,L9.qkv,9,qkv,2048,1477,0.72119140625,0.9982109665870667
init-final,proj-wikitext2-r50-s0,proj-wikitext2-r50-s0,L9.o,9,o,2048,1477,0.72119140625,0.9978193044662476
init-final,proj-wikitext2-r50-s0,proj-wikitext2-r50-s0,L9.gateup,9,gateup,2048,1191,0.58154296875,0.995696485042572
init-final,proj-wikitext2-r50-s0,proj-wikitext2-r50-s0,L9.down,9,down,2048,1191,0.58154296875,0.996360719203949
init-final,proj-wikitext2-r50-s0,proj-wikitext2-r50-s0,L10.qkv,10,qkv,2048,1477,0.72119140625,0.9978622198104858
init-final,proj-wikitext2-r50-s0,proj-wikitext2-r50-s0,L10.o,10,o,2048,1477,0.72119140625,0.9975122213363647
init-final,proj-wikitext2-r50-s0,proj-wikitext2-r50-s0,L10.gateup,10,gateup,2048,1191,0.58154296875,0.9960164427757263
init-final,proj-wikitext2-r50-s0,proj-wikitext2-r50-s0,L10.down,10,down,2048,1191,0.58154296875,0.9964537024497986
init-final,proj-wikitext2-r50-s0,proj-wikitext2-r50-s0,L11.qkv,11,qkv,2048,1477,0.72119140625,0.997732937335968
init-final,proj-wikitext2-r50-s0,proj-wikitext2-r50-s0,L11.o,11,o,2048,1477,0.72119140625,0.9977942705154419
init-final,proj-wikitext2-r50-s0,proj-wikitext2-r50-s0,L11.gateup,11,gateup,2048,1191,0.58154296875,0.9957637190818787
init-final,proj-wikitext2-r50-s0,proj-wikitext2-r50-s0,L11.down,11,down,2048,1191,0.58154296875,0.9961497187614441
init-final,proj-wikitext2-r50-s0,proj-wikitext2-r50-s0,L12.qkv,12,qkv,2048,1477,0.72119140625,0.9979483485221863
init-final,proj-wikitext2-r50-s0,proj-wikitext2-r50-s0,L12.o,12,o,2048,1477,0.72119140625,0.9975111484527588
init-final,proj-wikitext2-r50-s0,proj-wikitext2-r50-s0,L12.gateup,12,gateup,2048,1191,0.58154296875,0.9954785704612732
init-final,proj-wikitext2-r50-s0,proj-wikitext2-r50-s0,L12.down,12,down,2048,1191,0.58154296875,0.9963337779045105
init-final,proj-wikitext2-r50-s0,proj-wikitext2-r50-s0,L13.qkv,13,qkv,2048,1477,0.72119140625,0.9975433349609375
init-final,proj-wikitext2-r50-s0,proj-wikitext2-r50-s0,L13.o,13,o,2048,1477,0.72119140625,0.9976708292961121
init-final,proj-wikitext2-r50-s0,proj-wikitext2-r50-s0,L13.gateup,13,gateup,2048,1191,0.58154296875,0.9954717755317688
init-final,proj-wikitext2-r50-s0,proj-wikitext2-r50-s0,L13.down,13,down,2048,1191,0.58154296875,0.9962335228919983
init-final,proj-wikitext2-r50-s0,proj-wikitext2-r50-s0,L14.qkv,14,qkv,2048,1477,0.72119140625,0.997988760471344
init-final,proj-wikitext2-r50-s0,proj-wikitext2-r50-s0,L14.o,14,o,2048,1477,0.72119140625,0.9976043701171875
init-final,proj-wikitext2-r50-s0,proj-wikitext2-r50-s0,L14.gateup,14,gateup,2048,1191,0.58154296875,0.9958280920982361
init-final,proj-wikitext2-r50-s0,proj-wikitext2-r50-s0,L14.down,14,down,2048,1191,0.58154296875,0.9962092638015747
init-final,proj-wikitext2-r50-s0,proj-wikitext2-r50-s0,L15.qkv,15,qkv,2048,1477,0.72119140625,0.9982039928436279
init-final,proj-wikitext2-r50-s0,proj-wikitext2-r50-s0,L15.o,15,o,2048,1477,0.72119140625,0.99762362241745
init-final,proj-wikitext2-r50-s0,proj-wikitext2-r50-s0,L15.gateup,15,gateup,2048,1191,0.58154296875,0.9957473874092102
init-final,proj-wikitext2-r50-s0,proj-wikitext2-r50-s0,L15.down,15,down,2048,1191,0.58154296875,0.9964379072189331
init-final,proj-wikitext2-r50-s0,proj-wikitext2-r50-s0,L16.qkv,16,qkv,2048,1477,0.72119140625,0.9982547163963318
init-final,proj-wikitext2-r50-s0,proj-wikitext2-r50-s0,L16.o,16,o,2048,1477,0.72119140625,0.9976850152015686
init-final,proj-wikitext2-r50-s0,proj-wikitext2-r50-s0,L16.gateup,16,gateup,2048,1191,0.58154296875,0.9962399005889893
init-final,proj-wikitext2-r50-s0,proj-wikitext2-r50-s0,L16.down,16,down,2048,1191,0.58154296875,0.9962904453277588
init-final,proj-wikitext2-r50-s0,proj-wikitext2-r50-s0,L17.qkv,17,qkv,2048,1477,0.72119140625,0.997897744178772
init-final,proj-wikitext2-r50-s0,proj-wikitext2-r50-s0,L17.o,17,o,2048,1477,0.72119140625,0.9976512789726257
init-final,proj-wikitext2-r50-s0,proj-wikitext2-r50-s0,L17.gateup,17,gateup,2048,1191,0.58154296875,0.9954326748847961
init-final,proj-wikitext2-r50-s0,proj-wikitext2-r50-s0,L17.down,17,down,2048,1191,0.58154296875,0.9962316751480103
init-final,proj-wikitext2-r50-s0,proj-wikitext2-r50-s0,L18.qkv,18,qkv,2048,1477,0.72119140625,0.9982399344444275
init-final,proj-wikitext2-r50-s0,proj-wikitext2-r50-s0,L18.o,18,o,2048,1477,0.72119140625,0.9975959062576294
init-final,proj-wikitext2-r50-s0,proj-wikitext2-r50-s0,L18.gateup,18,gateup,2048,1191,0.58154296875,0.9955115914344788
init-final,proj-wikitext2-r50-s0,proj-wikitext2-r50-s0,L18.down,18,down,2048,1191,0.58154296875,0.9960252642631531
init-final,proj-wikitext2-r50-s0,proj-wikitext2-r50-s0,L19.qkv,19,qkv,2048,1477,0.72119140625,0.9980933666229248
init-final,proj-wikitext2-r50-s0,proj-wikitext2-r50-s0,L19.o,19,o,2048,1477,0.72119140625,0.9974802136421204
init-final,proj-wikitext2-r50-s0,proj-wikitext2-r50-s0,L19.gateup,19,gateup,2048,1191,0.58154296875,0.9954099059104919
init-final,proj-wikitext2-r50-s0,proj-wikitext2-r50-s0,L19.down,19,down,2048,1191,0.58154296875,0.9958443641662598
init-final,proj-wikitext2-r50-s0,proj-wikitext2-r50-s0,L20.qkv,20,qkv,2048,1477,0.72119140625,0.9981852173805237
init-final,proj-wikitext2-r50-s0,proj-wikitext2-r50-s0,L20.o,20,o,2048,1477,0.72119140625,0.9973476529121399
init-final,proj-wikitext2-r50-s0,proj-wikitext2-r50-s0,L20.gateup,20,gateup,2048,1191,0.58154296875,0.995361328125
init-final,proj-wikitext2-r50-s0,proj-wikitext2-r50-s0,L20.down,20,down,2048,1191,0.58154296875,0.9954625964164734
init-final,proj-wikitext2-r50-s0,proj-wikitext2-r50-s0,L21.qkv,21,qkv,2048,1477,0.72119140625,0.9982073307037354
init-final,proj-wikitext2-r50-s0,proj-wikitext2-r50-s0,L21.o,21,o,2048,1477,0.72119140625,0.9971368312835693
init-final,proj-wikitext2-r50-s0,proj-wikitext2-r50-s0,L21.gateup,21,gateup,2048,1191,0.58154296875,0.9949498772621155
init-final,proj-wikitext2-r50-s0,proj-wikitext2-r50-s0,L21.down,21,down,2048,1191,0.58154296875,0.9953424334526062
init-final,proj-wikitext2-r50-s0,proj-wikitext2-r50-s0,L22.qkv,22,qkv,2048,1477,0.72119140625,0.9983823895454407
init-final,proj-wikitext2-r50-s0,proj-wikitext2-r50-s0,L22.o,22,o,2048,1477,0.72119140625,0.9975665211677551
init-final,proj-wikitext2-r50-s0,proj-wikitext2-r50-s0,L22.gateup,22,gateup,2048,1191,0.58154296875,0.9946511387825012
init-final,proj-wikitext2-r50-s0,proj-wikitext2-r50-s0,L22.down,22,down,2048,1191,0.58154296875,0.995440661907196
init-final,proj-wikitext2-r50-s0,proj-wikitext2-r50-s0,L23.qkv,23,qkv,2048,1477,0.72119140625,0.9982258677482605
init-final,proj-wikitext2-r50-s0,proj-wikitext2-r50-s0,L23.o,23,o,2048,1477,0.72119140625,0.997323215007782
init-final,proj-wikitext2-r50-s0,proj-wikitext2-r50-s0,L23.gateup,23,gateup,2048,1191,0.58154296875,0.9939712882041931
init-final,proj-wikitext2-r50-s0,proj-wikitext2-r50-s0,L23.down,23,down,2048,1191,0.58154296875,0.9954656362533569
init-final,proj-wikitext2-r50-s0,proj-wikitext2-r50-s0,L24.qkv,24,qkv,2048,1477,0.72119140625,0.9981850981712341
init-final,proj-wikitext2-r50-s0,proj-wikitext2-r50-s0,L24.o,24,o,2048,1477,0.72119140625,0.9974274635314941
init-final,proj-wikitext2-r50-s0,proj-wikitext2-r50-s0,L24.gateup,24,gateup,2048,1191,0.58154296875,0.994194746017456
init-final,proj-wikitext2-r50-s0,proj-wikitext2-r50-s0,L24.down,24,down,2048,1191,0.58154296875,0.9959607124328613
init-final,proj-wikitext2-r50-s0,proj-wikitext2-r50-s0,L25.qkv,25,qkv,2048,1477,0.72119140625,0.9982827305793762
init-final,proj-wikitext2-r50-s0,proj-wikitext2-r50-s0,L25.o,25,o,2048,1477,0.72119140625,0.9971240162849426
init-final,proj-wikitext2-r50-s0,proj-wikitext2-r50-s0,L25.gateup,25,gateup,2048,1191,0.58154296875,0.9944438934326172
init-final,proj-wikitext2-r50-s0,proj-wikitext2-r50-s0,L25.down,25,down,2048,1191,0.58154296875,0.9953808784484863
init-final,proj-wikitext2-r50-s0,proj-wikitext2-r50-s0,L26.qkv,26,qkv,2048,1477,0.72119140625,0.9984081983566284
init-final,proj-wikitext2-r50-s0,proj-wikitext2-r50-s0,L26.o,26,o,2048,1477,0.72119140625,0.9976218938827515
init-final,proj-wikitext2-r50-s0,proj-wikitext2-r50-s0,L26.gateup,26,gateup,2048,1191,0.58154296875,0.9960285425186157
init-final,proj-wikitext2-r50-s0,proj-wikitext2-r50-s0,L26.down,26,down,2048,1191,0.58154296875,0.9966375827789307
init-final,proj-wikitext2-r50-s0,proj-wikitext2-r50-s0,L27.qkv,27,qkv,2048,1477,0.72119140625,0.998203456401825
init-final,proj-wikitext2-r50-s0,proj-wikitext2-r50-s0,L27.o,27,o,2048,1477,0.72119140625,0.9981391429901123
init-final,proj-wikitext2-r50-s0,proj-wikitext2-r50-s0,L27.gateup,27,gateup,2048,1191,0.58154296875,0.9977971911430359
init-final,proj-wikitext2-r50-s0,proj-wikitext2-r50-s0,L27.down,27,down,2048,1191,0.58154296875,0.9992116093635559
init-final,proj-c4-r50-s0,proj-c4-r50-s0,L0.qkv,0,qkv,2048,1477,0.72119140625,0.9949703812599182
init-final,proj-c4-r50-s0,proj-c4-r50-s0,L0.o,0,o,2048,1477,0.72119140625,0.9960059523582458
init-final,proj-c4-r50-s0,proj-c4-r50-s0,L0.gateup,0,gateup,2048,1191,0.58154296875,0.9947463274002075
init-final,proj-c4-r50-s0,proj-c4-r50-s0,L0.down,0,down,2048,1191,0.58154296875,0.9953600764274597
init-final,proj-c4-r50-s0,proj-c4-r50-s0,L1.qkv,1,qkv,2048,1477,0.72119140625,0.9958683252334595
init-final,proj-c4-r50-s0,proj-c4-r50-s0,L1.o,1,o,2048,1477,0.72119140625,0.9966670274734497
init-final,proj-c4-r50-s0,proj-c4-r50-s0,L1.gateup,1,gateup,2048,1191,0.58154296875,0.9953142404556274
init-final,proj-c4-r50-s0,proj-c4-r50-s0,L1.down,1,down,2048,1191,0.58154296875,0.9955765604972839
init-final,proj-c4-r50-s0,proj-c4-r50-s0,L2.qkv,2,qkv,2048,1477,0.72119140625,0.9965322613716125
init-final,proj-c4-r50-s0,proj-c4-r50-s0,L2.o,2,o,2048,1477,0.72119140625,0.9966198801994324
init-final,proj-c4-r50-s0,proj-c4-r50-s0,L2.gateup,2,gateup,2048,1191,0.58154296875,0.9951684474945068
init-final,proj-c4-r50-s0,proj-c4-r50-s0,L2.down,2,down,2048,1191,0.58154296875,0.9956704378128052
init-final,proj-c4-r50-s0,proj-c4-r50-s0,L3.qkv,3,qkv,2048,1477,0.72119140625,0.9975338578224182
init-final,proj-c4-r50-s0,proj-c4-r50-s0,L3.o,3,o,2048,1477,0.72119140625,0.9964704513549805
init-final,proj-c4-r50-s0,proj-c4-r50-s0,L3.gateup,3,gateup,2048,1191,0.58154296875,0.9948504567146301
init-final,proj-c4-r50-s0,proj-c4-r50-s0,L3.down,3,down,2048,1191,0.58154296875,0.9952905774116516
init-final,proj-c4-r50-s0,proj-c4-r50-s0,L4.qkv,4,qkv,2048,1477,0.72119140625,0.9973132610321045
init-final,proj-c4-r50-s0,proj-c4-r50-s0,L4.o,4,o,2048,1477,0.72119140625,0.996682345867157
init-final,proj-c4-r50-s0,proj-c4-r50-s0,L4.gateup,4,gateup,2048,1191,0.58154296875,0.9947740435600281
init-final,proj-c4-r50-s0,proj-c4-r50-s0,L4.down,4,down,2048,1191,0.58154296875,0.9954666495323181
init-final,proj-c4-r50-s0,proj-c4-r50-s0,L5.qkv,5,qkv,2048,1477,0.72119140625,0.9975160956382751
init-final,proj-c4-r50-s0,proj-c4-r50-s0,L5.o,5,o,2048,1477,0.72119140625,0.9967610836029053
init-final,proj-c4-r50-s0,proj-c4-r50-s0,L5.gateup,5,gateup,2048,1191,0.58154296875,0.9950053691864014
init-final,proj-c4-r50-s0,proj-c4-r50-s0,L5.down,5,down,2048,1191,0.58154296875,0.9954308271408081
init-final,proj-c4-r50-s0,proj-c4-r50-s0,L6.qkv,6,qkv,2048,1477,0.72119140625,0.9973258376121521
init-final,proj-c4-r50-s0,proj-c4-r50-s0,L6.o,6,o,2048,1477,0.72119140625,0.9967969655990601
init-final,proj-c4-r50-s0,proj-c4-r50-s0,L6.gateup,6,gateup,2048,1191,0.58154296875,0.9952133297920227
init-final,proj-c4-r50-s0,proj-c4-r50-s0,L6.down,6,down,2048,1191,0.58154296875,0.9955470561981201
init-final,proj-c4-r50-s0,proj-c4-r50-s0,L7.qkv,7,qkv,2048,1477,0.72119140625,0.9975563287734985
init-final,proj-c4-r50-s0,proj-c4-r50-s0,L7.o,7,o,2048,1477,0.72119140625,0.9969840049743652
init-final,proj-c4-r50-s0,proj-c4-r50-s0,L7.gateup,7,gateup,2048,1191,0.58154296875,0.9953237175941467
init-final,proj-c4-r50-s0,proj-c4-r50-s0,L7.down,7,down,2048,1191,0.58154296875,0.9958022236824036
init-final,proj-c4-r50-s0,proj-c4-r50-s0,L8.qkv,8,qkv,2048,1477,0.72119140625,0.997572124004364
init-final,proj-c4-r50-s0,proj-c4-r50-s0,L8.o,8,o,2048,1477,0.72119140625,0.9968219995498657
init-final,proj-c4-r50-s0,proj-c4-r50-s0,L8.gateup,8,gateup,2048,1191,0.58154296875,0.9953798651695251
init-final,proj-c4-r50-s0,proj-c4-r50-s0,L8.down,8,down,2048,1191,0.58154296875,0.9957643151283264
init-final,proj-c4-r50-s0,proj-c4-r50-s0,L9.qkv,9,qkv,2048,1477,0.72119140625,0.997825026512146
init-final,proj-c4-r50-s0,proj-c4-r50-s0,L9.o,9,o,2048,1477,0.72119140625,0.9970126152038574
init-final,proj-c4-r50-s0,proj-c4-r50-s0,L9.gateup,9,gateup,2048,1191,0.58154296875,0.9952840209007263
init-final,proj-c4-r50-s0,proj-c4-r50-s0,L9.down,9,down,2048,1191,0.58154296875,0.9959933161735535
init-final,proj-c4-r50-s0,proj-c4-r50-s0,L10.qkv,10,qkv,2048,1477,0.72119140625,0.9974480867385864
init-final,proj-c4-r50-s0,proj-c4-r50-s0,L10.o,10,o,2048,1477,0.72119140625,0.9969028234481812
init-final,proj-c4-r50-s0,proj-c4-r50-s0,L10.gateup,10,gateup,2048,1191,0.58154296875,0.9956238865852356
init-final,proj-c4-r50-s0,proj-c4-r50-s0,L10.down,10,down,2048,1191,0.58154296875,0.9960387945175171
init-final,proj-c4-r50-s0,proj-c4-r50-s0,L11.qkv,11,qkv,2048,1477,0.72119140625,0.9972427487373352
init-final,proj-c4-r50-s0,proj-c4-r50-s0,L11.o,11,o,2048,1477,0.72119140625,0.9971914291381836
init-final,proj-c4-r50-s0,proj-c4-r50-s0,L11.gateup,11,gateup,2048,1191,0.58154296875,0.9953717589378357
init-final,proj-c4-r50-s0,proj-c4-r50-s0,L11.down,11,down,2048,1191,0.58154296875,0.9957195520401001
init-final,proj-c4-r50-s0,proj-c4-r50-s0,L12.qkv,12,qkv,2048,1477,0.72119140625,0.9975082278251648
init-final,proj-c4-r50-s0,proj-c4-r50-s0,L12.o,12,o,2048,1477,0.72119140625,0.9968912601470947
init-final,proj-c4-r50-s0,proj-c4-r50-s0,L12.gateup,12,gateup,2048,1191,0.58154296875,0.9952384233474731
init-final,proj-c4-r50-s0,proj-c4-r50-s0,L12.down,12,down,2048,1191,0.58154296875,0.9958493709564209
init-final,proj-c4-r50-s0,proj-c4-r50-s0,L13.qkv,13,qkv,2048,1477,0.72119140625,0.9972055554389954
init-final,proj-c4-r50-s0,proj-c4-r50-s0,L13.o,13,o,2048,1477,0.72119140625,0.9970992207527161
init-final,proj-c4-r50-s0,proj-c4-r50-s0,L13.gateup,13,gateup,2048,1191,0.58154296875,0.9953327178955078
init-final,proj-c4-r50-s0,proj-c4-r50-s0,L13.down,13,down,2048,1191,0.58154296875,0.9958456158638
init-final,proj-c4-r50-s0,proj-c4-r50-s0,L14.qkv,14,qkv,2048,1477,0.72119140625,0.9976015686988831
init-final,proj-c4-r50-s0,proj-c4-r50-s0,L14.o,14,o,2048,1477,0.72119140625,0.9971357583999634
init-final,proj-c4-r50-s0,proj-c4-r50-s0,L14.gateup,14,gateup,2048,1191,0.58154296875,0.9956993460655212
init-final,proj-c4-r50-s0,proj-c4-r50-s0,L14.down,14,down,2048,1191,0.58154296875,0.9958423972129822
init-final,proj-c4-r50-s0,proj-c4-r50-s0,L15.qkv,15,qkv,2048,1477,0.72119140625,0.9978103041648865
init-final,proj-c4-r50-s0,proj-c4-r50-s0,L15.o,15,o,2048,1477,0.72119140625,0.9970707297325134
init-final,proj-c4-r50-s0,proj-c4-r50-s0,L15.gateup,15,gateup,2048,1191,0.58154296875,0.9954911470413208
init-final,proj-c4-r50-s0,proj-c4-r50-s0,L15.down,15,down,2048,1191,0.58154296875,0.9960429072380066
init-final,proj-c4-r50-s0,proj-c4-r50-s0,L16.qkv,16,qkv,2048,1477,0.72119140625,0.9978920817375183
init-final,proj-c4-r50-s0,proj-c4-r50-s0,L16.o,16,o,2048,1477,0.72119140625,0.9971613883972168
init-final,proj-c4-r50-s0,proj-c4-r50-s0,L16.gateup,16,gateup,2048,1191,0.58154296875,0.9960276484489441
init-final,proj-c4-r50-s0,proj-c4-r50-s0,L16.down,16,down,2048,1191,0.58154296875,0.9958897829055786
init-final,proj-c4-r50-s0,proj-c4-r50-s0,L17.qkv,17,qkv,2048,1477,0.72119140625,0.9975709915161133
init-final,proj-c4-r50-s0,proj-c4-r50-s0,L17.o,17,o,2048,1477,0.72119140625,0.9971186518669128
init-final,proj-c4-r50-s0,proj-c4-r50-s0,L17.gateup,17,gateup,2048,1191,0.58154296875,0.9951985478401184
init-final,proj-c4-r50-s0,proj-c4-r50-s0,L17.down,17,down,2048,1191,0.58154296875,0.9956396818161011
init-final,proj-c4-r50-s0,proj-c4-r50-s0,L18.qkv,18,qkv,2048,1477,0.72119140625,0.9978917837142944
init-final,proj-c4-r50-s0,proj-c4-r50-s0,L18.o,18,o,2048,1477,0.72119140625,0.9970357418060303
init-final,proj-c4-r50-s0,proj-c4-r50-s0,L18.gateup,18,gateup,2048,1191,0.58154296875,0.9950776100158691
init-final,proj-c4-r50-s0,proj-c4-r50-s0,L18.down,18,down,2048,1191,0.58154296875,0.9954838752746582
init-final,proj-c4-r50-s0,proj-c4-r50-s0,L19.qkv,19,qkv,2048,1477,0.72119140625,0.9978312253952026
init-final,proj-c4-r50-s0,proj-c4-r50-s0,L19.o,19,o,2048,1477,0.72119140625,0.9971434473991394
init-final,proj-c4-r50-s0,proj-c4-r50-s0,L19.gateup,19,gateup,2048,1191,0.58154296875,0.9950582385063171
init-final,proj-c4-r50-s0,proj-c4-r50-s0,L19.down,19,down,2048,1191,0.58154296875,0.9954801201820374
init-final,proj-c4-r50-s0,proj-c4-r50-s0,L20.qkv,20,qkv,2048,1477,0.72119140625,0.9978218674659729
init-final,proj-c4-r50-s0,proj-c4-r50-s0,L20.o,20,o,2048,1477,0.72119140625,0.9968405365943909
init-final,proj-c4-r50-s0,proj-c4-r50-s0,L20.gateup,20,gateup,2048,1191,0.58154296875,0.9949777722358704
init-final,proj-c4-r50-s0,proj-c4-r50-s0,L20.down,20,down,2048,1191,0.58154296875,0.9952344298362732
init-final,proj-c4-r50-s0,proj-c4-r50-s0,L21.qkv,21,qkv,2048,1477,0.72119140625,0.9979071617126465
init-final,proj-c4-r50-s0,proj-c4-r50-s0,L21.o,21,o,2048,1477,0.72119140625,0.9969686269760132
init-final,proj-c4-r50-s0,proj-c4-r50-s0,L21.gateup,21,gateup,2048,1191,0.58154296875,0.9946607947349548
init-final,proj-c4-r50-s0,proj-c4-r50-s0,L21.down,21,down,2048,1191,0.58154296875,0.9950962662696838
init-final,proj-c4-r50-s0,proj-c4-r50-s0,L22.qkv,22,qkv,2048,1477,0.72119140625,0.9979400038719177
init-final,proj-c4-r50-s0,proj-c4-r50-s0,L22.o,22,o,2048,1477,0.72119140625,0.9970864653587341
init-final,proj-c4-r50-s0,proj-c4-r50-s0,L22.gateup,22,gateup,2048,1191,0.58154296875,0.9943569898605347
init-final,proj-c4-r50-s0,proj-c4-r50-s0,L22.down,22,down,2048,1191,0.58154296875,0.9955768585205078
init-final,proj-c4-r50-s0,proj-c4-r50-s0,L23.qkv,23,qkv,2048,1477,0.72119140625,0.9979633092880249
init-final,proj-c4-r50-s0,proj-c4-r50-s0,L23.o,23,o,2048,1477,0.72119140625,0.9970006942749023
init-final,proj-c4-r50-s0,proj-c4-r50-s0,L23.gateup,23,gateup,2048,1191,0.58154296875,0.9936676025390625
init-final,proj-c4-r50-s0,proj-c4-r50-s0,L23.down,23,down,2048,1191,0.58154296875,0.995710015296936
init-final,proj-c4-r50-s0,proj-c4-r50-s0,L24.qkv,24,qkv,2048,1477,0.72119140625,0.997941255569458
init-final,proj-c4-r50-s0,proj-c4-r50-s0,L24.o,24,o,2048,1477,0.72119140625,0.9971256852149963
init-final,proj-c4-r50-s0,proj-c4-r50-s0,L24.gateup,24,gateup,2048,1191,0.58154296875,0.9938001036643982
init-final,proj-c4-r50-s0,proj-c4-r50-s0,L24.down,24,down,2048,1191,0.58154296875,0.9955462217330933
init-final,proj-c4-r50-s0,proj-c4-r50-s0,L25.qkv,25,qkv,2048,1477,0.72119140625,0.9980204105377197
init-final,proj-c4-r50-s0,proj-c4-r50-s0,L25.o,25,o,2048,1477,0.72119140625,0.9968416690826416
init-final,proj-c4-r50-s0,proj-c4-r50-s0,L25.gateup,25,gateup,2048,1191,0.58154296875,0.9947226643562317
init-final,proj-c4-r50-s0,proj-c4-r50-s0,L25.down,25,down,2048,1191,0.58154296875,0.9951870441436768
init-final,proj-c4-r50-s0,proj-c4-r50-s0,L26.qkv,26,qkv,2048,1477,0.72119140625,0.9980956315994263
init-final,proj-c4-r50-s0,proj-c4-r50-s0,L26.o,26,o,2048,1477,0.72119140625,0.9972856044769287
init-final,proj-c4-r50-s0,proj-c4-r50-s0,L26.gateup,26,gateup,2048,1191,0.58154296875,0.9954197406768799
init-final,proj-c4-r50-s0,proj-c4-r50-s0,L26.down,26,down,2048,1191,0.58154296875,0.9966387748718262
init-final,proj-c4-r50-s0,proj-c4-r50-s0,L27.qkv,27,qkv,2048,1477,0.72119140625,0.9980901479721069
init-final,proj-c4-r50-s0,proj-c4-r50-s0,L27.o,27,o,2048,1477,0.72119140625,0.9979315400123596
init-final,proj-c4-r50-s0,proj-c4-r50-s0,L27.gateup,27,gateup,2048,1191,0.58154296875,0.9976100325584412
init-final,proj-c4-r50-s0,proj-c4-r50-s0,L27.down,27,down,2048,1191,0.58154296875,0.9991984963417053
init-final,proj-slimpajama-r50-s0,proj-slimpajama-r50-s0,L0.qkv,0,qkv,2048,1477,0.72119140625,0.9976311326026917
init-final,proj-slimpajama-r50-s0,proj-slimpajama-r50-s0,L0.o,0,o,2048,1477,0.72119140625,0.9978746771812439
init-final,proj-slimpajama-r50-s0,proj-slimpajama-r50-s0,L0.gateup,0,gateup,2048,1191,0.58154296875,0.9974015355110168
init-final,proj-slimpajama-r50-s0,proj-slimpajama-r50-s0,L0.down,0,down,2048,1191,0.58154296875,0.9975077509880066
init-final,proj-slimpajama-r50-s0,proj-slimpajama-r50-s0,L1.qkv,1,qkv,2048,1477,0.72119140625,0.9978212118148804
init-final,proj-slimpajama-r50-s0,proj-slimpajama-r50-s0,L1.o,1,o,2048,1477,0.72119140625,0.9982770085334778
init-final,proj-slimpajama-r50-s0,proj-slimpajama-r50-s0,L1.gateup,1,gateup,2048,1191,0.58154296875,0.9974197745323181
init-final,proj-slimpajama-r50-s0,proj-slimpajama-r50-s0,L1.down,1,down,2048,1191,0.58154296875,0.9971102476119995
init-final,proj-slimpajama-r50-s0,proj-slimpajama-r50-s0,L2.qkv,2,qkv,2048,1477,0.72119140625,0.9977361559867859
init-final,proj-slimpajama-r50-s0,proj-slimpajama-r50-s0,L2.o,2,o,2048,1477,0.72119140625,0.9976856708526611
init-final,proj-slimpajama-r50-s0,proj-slimpajama-r50-s0,L2.gateup,2,gateup,2048,1191,0.58154296875,0.997054934501648
init-final,proj-slimpajama-r50-s0,proj-slimpajama-r50-s0,L2.down,2,down,2048,1191,0.58154296875,0.9957261681556702
init-final,proj-slimpajama-r50-s0,proj-slimpajama-r50-s0,L3.qkv,3,qkv,2048,1477,0.72119140625,0.9976277351379395
init-final,proj-slimpajama-r50-s0,proj-slimpajama-r50-s0,L3.o,3,o,2048,1477,0.72119140625,0.9970672130584717
init-final,proj-slimpajama-r50-s0,proj-slimpajama-r50-s0,L3.gateup,3,gateup,2048,1191,0.58154296875,0.9951099753379822
init-final,proj-slimpajama-r50-s0,proj-slimpajama-r50-s0,L3.down,3,down,2048,1191,0.58154296875,0.9960255026817322
init-final,proj-slimpajama-r50-s0,proj-slimpajama-r50-s0,L4.qkv,4,qkv,2048,1477,0.72119140625,0.9974638819694519
init-final,proj-slimpajama-r50-s0,proj-slimpajama-r50-s0,L4.o,4,o,2048,1477,0.72119140625,0.9973202347755432
init-final,proj-slimpajama-r50-s0,proj-slimpajama-r50-s0,L4.gateup,4,gateup,2048,1191,0.58154296875,0.9950525164604187
init-final,proj-slimpajama-r50-s0,proj-slimpajama-r50-s0,L4.down,4,down,2048,1191,0.58154296875,0.9958993792533875
init-final,proj-slimpajama-r50-s0,proj-slimpajama-r50-s0,L5.qkv,5,qkv,2048,1477,0.72119140625,0.99769127368927
init-final,proj-slimpajama-r50-s0,proj-slimpajama-r50-s0,L5.o,5,o,2048,1477,0.72119140625,0.9972463846206665
init-final,proj-slimpajama-r50-s0,proj-slimpajama-r50-s0,L5.gateup,5,gateup,2048,1191,0.58154296875,0.9955134391784668
init-final,proj-slimpajama-r50-s0,proj-slimpajama-r50-s0,L5.down,5,down,2048,1191,0.58154296875,0.9959959387779236
init-final,proj-slimpajama-r50-s0,proj-slimpajama-r50-s0,L6.qkv,6,qkv,2048,1477,0.72119140625,0.9976602792739868
init-final,proj-slimpajama-r50-s0,proj-slimpajama-r50-s0,L6.o,6,o,2048,1477,0.72119140625,0.9973205327987671
init-final,proj-slimpajama-r50-s0,proj-slimpajama-r50-s0,L6.gateup,6,gateup,2048,1191,0.58154296875,0.9958301186561584
init-final,proj-slimpajama-r50-s0,proj-slimpajama-r50-s0,L6.down,6,down,2048,1191,0.58154296875,0.9960924983024597
init-final,proj-slimpajama-r50-s0,proj-slimpajama-r50-s0,L7.qkv,7,qkv,2048,1477,0.72119140625,0.9977728128433228
init-final,proj-slimpajama-r50-s0,proj-slimpajama-r50-s0,L7.o,7,o,2048,1477,0.72119140625,0.9974716901779175
init-final,proj-slimpajama-r50-s0,proj-slimpajama-r50-s0,L7.gateup,7,gateup,2048,1191,0.58154296875,0.9961044192314148
init-final,proj-slimpajama-r50-s0,proj-slimpajama-r50-s0,L7.down,7,down,2048,1191,0.58154296875,0.9963755011558533
init-final,proj-slimpajama-r50-s0,proj-slimpajama-r50-s0,L8.qkv,8,qkv,2048,1477,0.72119140625,0.9978460073471069
init-final,proj-slimpajama-r50-s0,proj-slimpajama-r50-s0,L8.o,8,o,2048,1477,0.72119140625,0.9974690079689026
init-final,proj-slimpajama-r50-s0,proj-slimpajama-r50-s0,L8.gateup,8,gateup,2048,1191,0.58154296875,0.9960477948188782
init-final,proj-slimpajama-r50-s0,proj-slimpajama-r50-s0,L8.down,8,down,2048,1191,0.58154296875,0.9964023232460022
init-final,proj-slimpajama-r50-s0,proj-slimpajama-r50-s0,L9.qkv,9,qkv,2048,1477,0.72119140625,0.9978911280632019
init-final,proj-slimpajama-r50-s0,proj-slimpajama-r50-s0,L9.o,9,o,2048,1477,0.72119140625,0.9975464344024658
init-final,proj-slimpajama-r50-s0,proj-slimpajama-r50-s0,L9.gateup,9,gateup,2048,1191,0.58154296875,0.9961866140365601
init-final,proj-slimpajama-r50-s0,proj-slimpajama-r50-s0,L9.down,9,down,2048,1191,0.58154296875,0.9965416193008423
init-final,proj-slimpajama-r50-s0,proj-slimpajama-r50-s0,L10.qkv,10,qkv,2048,1477,0.72119140625,0.9977238774299622
init-final,proj-slimpajama-r50-s0,proj-slimpajama-r50-s0,L10.o,10,o,2048,1477,0.72119140625,0.9974569082260132
init-final,proj-slimpajama-r50-s0,proj-slimpajama-r50-s0,L10.gateup,10,gateup,2048,1191,0.58154296875,0.9962681531906128
init-final,proj-slimpajama-r50-s0,proj-slimpajama-r50-s0,L10.down,10,down,2048,1191,0.58154296875,0.9965865015983582
init-final,proj-slimpajama-r50-s0,proj-slimpajama-r50-s0,L11.qkv,11,qkv,2048,1477,0.72119140625,0.9976046085357666
init-final,proj-slimpajama-r50-s0,proj-slimpajama-r50-s0,L11.o,11,o,2048,1477,0.72119140625,0.9977731108665466
init-final,proj-slimpajama-r50-s0,proj-slimpajama-r50-s0,L11.gateup,11,gateup,2048,1191,0.58154296875,0.9962298274040222
init-final,proj-slimpajama-r50-s0,proj-slimpajama-r50-s0,L11.down,11,down,2048,1191,0.58154296875,0.9961910843849182
init-final,proj-slimpajama-r50-s0,proj-slimpajama-r50-s0,L12.qkv,12,qkv,2048,1477,0.72119140625,0.9976772665977478
init-final,proj-slimpajama-r50-s0,proj-slimpajama-r50-s0,L12.o,12,o,2048,1477,0.72119140625,0.9974542856216431
init-final,proj-slimpajama-r50-s0,proj-slimpajama-r50-s0,L12.gateup,12,gateup,2048,1191,0.58154296875,0.9958423972129822
init-final,proj-slimpajama-r50-s0,proj-slimpajama-r50-s0,L12.down,12,down,2048,1191,0.58154296875,0.9963226914405823
init-final,proj-slimpajama-r50-s0,proj-slimpajama-r50-s0,L13.qkv,13,qkv,2048,1477,0.72119140625,0.9974331855773926
init-final,proj-slimpajama-r50-s0,proj-slimpajama-r50-s0,L13.o,13,o,2048,1477,0.72119140625,0.997512936592102
init-final,proj-slimpajama-r50-s0,proj-slimpajama-r50-s0,L13.gateup,13,gateup,2048,1191,0.58154296875,0.9957767128944397
init-final,proj-slimpajama-r50-s0,proj-slimpajama-r50-s0,L13.down,13,down,2048,1191,0.58154296875,0.9962649941444397
init-final,proj-slimpajama-r50-s0,proj-slimpajama-r50-s0,L14.qkv,14,qkv,2048,1477,0.72119140625,0.9977515339851379
init-final,proj-slimpajama-r50-s0,proj-slimpajama-r50-s0,L14.o,14,o,2048,1477,0.72119140625,0.9975071549415588
init-final,proj-slimpajama-r50-s0,proj-slimpajama-r50-s0,L14.gateup,14,gateup,2048,1191,0.58154296875,0.9963329434394836
init-final,proj-slimpajama-r50-s0,proj-slimpajama-r50-s0,L14.down,14,down,2048,1191,0.58154296875,0.9961695671081543
init-final,proj-slimpajama-r50-s0,proj-slimpajama-r50-s0,L15.qkv,15,qkv,2048,1477,0.72119140625,0.9979207515716553
init-final,proj-slimpajama-r50-s0,proj-slimpajama-r50-s0,L15.o,15,o,2048,1477,0.72119140625,0.9974464178085327
init-final,proj-slimpajama-r50-s0,proj-slimpajama-r50-s0,L15.gateup,15,gateup,2048,1191,0.58154296875,0.9960551857948303
init-final,proj-slimpajama-r50-s0,proj-slimpajama-r50-s0,L15.down,15,down,2048,1191,0.58154296875,0.9963762164115906
init-final,proj-slimpajama-r50-s0,proj-slimpajama-r50-s0,L16.qkv,16,qkv,2048,1477,0.72119140625,0.9980020523071289
init-final,proj-slimpajama-r50-s0,proj-slimpajama-r50-s0,L16.o,16,o,2048,1477,0.72119140625,0.9974889159202576
init-final,proj-slimpajama-r50-s0,proj-slimpajama-r50-s0,L16.gateup,16,gateup,2048,1191,0.58154296875,0.9964666366577148
init-final,proj-slimpajama-r50-s0,proj-slimpajama-r50-s0,L16.down,16,down,2048,1191,0.58154296875,0.9962248206138611
init-final,proj-slimpajama-r50-s0,proj-slimpajama-r50-s0,L17.qkv,17,qkv,2048,1477,0.72119140625,0.9976779222488403
init-final,proj-slimpajama-r50-s0,proj-slimpajama-r50-s0,L17.o,17,o,2048,1477,0.72119140625,0.9973517060279846
init-final,proj-slimpajama-r50-s0,proj-slimpajama-r50-s0,L17.gateup,17,gateup,2048,1191,0.58154296875,0.9959281086921692
init-final,proj-slimpajama-r50-s0,proj-slimpajama-r50-s0,L17.down,17,down,2048,1191,0.58154296875,0.9956963658332825
init-final,proj-slimpajama-r50-s0,proj-slimpajama-r50-s0,L18.qkv,18,qkv,2048,1477,0.72119140625,0.9979652166366577
init-final,proj-slimpajama-r50-s0,proj-slimpajama-r50-s0,L18.o,18,o,2048,1477,0.72119140625,0.9974038004875183
init-final,proj-slimpajama-r50-s0,proj-slimpajama-r50-s0,L18.gateup,18,gateup,2048,1191,0.58154296875,0.9954744577407837
init-final,proj-slimpajama-r50-s0,proj-slimpajama-r50-s0,L18.down,18,down,2048,1191,0.58154296875,0.995388388633728
init-final,proj-slimpajama-r50-s0,proj-slimpajama-r50-s0,L19.qkv,19,qkv,2048,1477,0.72119140625,0.9979572892189026
init-final,proj-slimpajama-r50-s0,proj-slimpajama-r50-s0,L19.o,19,o,2048,1477,0.72119140625,0.9974855184555054
init-final,proj-slimpajama-r50-s0,proj-slimpajama-r50-s0,L19.gateup,19,gateup,2048,1191,0.58154296875,0.9954231977462769
init-final,proj-slimpajama-r50-s0,proj-slimpajama-r50-s0,L19.down,19,down,2048,1191,0.58154296875,0.9951563477516174
init-final,proj-slimpajama-r50-s0,proj-slimpajama-r50-s0,L20.qkv,20,qkv,2048,1477,0.72119140625,0.9977959394454956
init-final,proj-slimpajama-r50-s0,proj-slimpajama-r50-s0,L20.o,20,o,2048,1477,0.72119140625,0.9969322681427002
init-final,proj-slimpajama-r50-s0,proj-slimpajama-r50-s0,L20.gateup,20,gateup,2048,1191,0.58154296875,0.9949496984481812
init-final,proj-slimpajama-r50-s0,proj-slimpajama-r50-s0,L20.down,20,down,2048,1191,0.58154296875,0.9945471286773682
init-final,proj-slimpajama-r50-s0,proj-slimpajama-r50-s0,L21.qkv,21,qkv,2048,1477,0.72119140625,0.9979069232940674
init-final,proj-slimpajama-r50-s0,proj-slimpajama-r50-s0,L21.o,21,o,2048,1477,0.72119140625,0.9972140789031982
init-final,proj-slimpajama-r50-s0,proj-slimpajama-r50-s0,L21.gateup,21,gateup,2048,1191,0.58154296875,0.9944530129432678
init-final,proj-slimpajama-r50-s0,proj-slimpajama-r50-s0,L21.down,21,down,2048,1191,0.58154296875,0.9942850470542908
init-final,proj-slimpajama-r50-s0,proj-slimpajama-r50-s0,L22.qkv,22,qkv,2048,1477,0.72119140625,0.9980104565620422
init-final,proj-slimpajama-r50-s0,proj-slimpajama-r50-s0,L22.o,22,o,2048,1477,0.72119140625,0.9972518086433411
init-final,proj-slimpajama-r50-s0,proj-slimpajama-r50-s0,L22.gateup,22,gateup,2048,1191,0.58154296875,0.9943578839302063
init-final,proj-slimpajama-r50-s0,proj-slimpajama-r50-s0,L22.down,22,down,2048,1191,0.58154296875,0.9944227933883667
init-final,proj-slimpajama-r50-s0,proj-slimpajama-r50-s0,L23.qkv,23,qkv,2048,1477,0.72119140625,0.9978932738304138
init-final,proj-slimpajama-r50-s0,proj-slimpajama-r50-s0,L23.o,23,o,2048,1477,0.72119140625,0.9972023367881775
init-final,proj-slimpajama-r50-s0,proj-slimpajama-r50-s0,L23.gateup,23,gateup,2048,1191,0.58154296875,0.9936695694923401
init-final,proj-slimpajama-r50-s0,proj-slimpajama-r50-s0,L23.down,23,down,2048,1191,0.58154296875,0.9944242835044861
init-final,proj-slimpajama-r50-s0,proj-slimpajama-r50-s0,L24.qkv,24,qkv,2048,1477,0.72119140625,0.997829794883728
init-final,proj-slimpajama-r50-s0,proj-slimpajama-r50-s0,L24.o,24,o,2048,1477,0.72119140625,0.9971334338188171
init-final,proj-slimpajama-r50-s0,proj-slimpajama-r50-s0,L24.gateup,24,gateup,2048,1191,0.58154296875,0.9939202666282654
init-final,proj-slimpajama-r50-s0,proj-slimpajama-r50-s0,L24.down,24,down,2048,1191,0.58154296875,0.9951508045196533
init-final,proj-slimpajama-r50-s0,proj-slimpajama-r50-s0,L25.qkv,25,qkv,2048,1477,0.72119140625,0.9979612231254578
init-final,proj-slimpajama-r50-s0,proj-slimpajama-r50-s0,L25.o,25,o,2048,1477,0.72119140625,0.9969193935394287
init-final,proj-slimpajama-r50-s0,proj-slimpajama-r50-s0,L25.gateup,25,gateup,2048,1191,0.58154296875,0.9942989349365234
init-final,proj-slimpajama-r50-s0,proj-slimpajama-r50-s0,L25.down,25,down,2048,1191,0.58154296875,0.9946574568748474
init-final,proj-slimpajama-r50-s0,proj-slimpajama-r50-s0,L26.qkv,26,qkv,2048,1477,0.72119140625,0.998002827167511
init-final,proj-slimpajama-r50-s0,proj-slimpajama-r50-s0,L26.o,26,o,2048,1477,0.72119140625,0.9972882866859436
init-final,proj-slimpajama-r50-s0,proj-slimpajama-r50-s0,L26.gateup,26,gateup,2048,1191,0.58154296875,0.9951640367507935
init-final,proj-slimpajama-r50-s0,proj-slimpajama-r50-s0,L26.down,26,down,2048,1191,0.58154296875,0.995955765247345
init-final,proj-slimpajama-r50-s0,proj-slimpajama-r50-s0,L27.qkv,27,qkv,2048,1477,0.72119140625,0.9980197548866272
init-final,proj-slimpajama-r50-s0,proj-slimpajama-r50-s0,L27.o,27,o,2048,1477,0.72119140625,0.9979291558265686
init-final,proj-slimpajama-r50-s0,proj-slimpajama-r50-s0,L27.gateup,27,gateup,2048,1191,0.58154296875,0.9973357319831848
init-final,proj-slimpajama-r50-s0,proj-slimpajama-r50-s0,L27.down,27,down,2048,1191,0.58154296875,0.9989529252052307
init-final,proj-alpaca-r50-s0,proj-alpaca-r50-s0,L0.qkv,0,qkv,2048,1477,0.72119140625,0.9967687129974365
init-final,proj-alpaca-r50-s0,proj-alpaca-r50-s0,L0.o,0,o,2048,1477,0.72119140625,0.9973286390304565
init-final,proj-alpaca-r50-s0,proj-alpaca-r50-s0,L0.gateup,0,gateup,2048,1191,0.58154296875,0.9967266321182251
init-final,proj-alpaca-r50-s0,proj-alpaca-r50-s0,L0.down,0,down,2048,1191,0.58154296875,0.9969944357872009
init-final,proj-alpaca-r50-s0,proj-alpaca-r50-s0,L1.qkv,1,qkv,2048,1477,0.72119140625,0.9974130988121033
init-final,proj-alpaca-r50-s0,proj-alpaca-r50-s0,L1.o,1,o,2048,1477,0.72119140625,0.997668981552124
init-final,proj-alpaca-r50-s0,proj-alpaca-r50-s0,L1.gateup,1,gateup,2048,1191,0.58154296875,0.9970676302909851
init-final,proj-alpaca-r50-s0,proj-alpaca-r50-s0,L1.down,1,down,2048,1191,0.58154296875,0.9959145784378052
init-final,proj-alpaca-r50-s0,proj-alpaca-r50-s0,L2.qkv,2,qkv,2048,1477,0.72119140625,0.9967126846313477
init-final,proj-alpaca-r50-s0,proj-alpaca-r50-s0,L2.o,2,o,2048,1477,0.72119140625,0.9968131184577942
init-final,proj-alpaca-r50-s0,proj-alpaca-r50-s0,L2.gateup,2,gateup,2048,1191,0.58154296875,0.9958835244178772
init-final,proj-alpaca-r50-s0,proj-alpaca-r50-s0,L2.down,2,down,2048,1191,0.58154296875,0.9957565069198608
init-final,proj-alpaca-r50-s0,proj-alpaca-r50-s0,L3.qkv,3,qkv,2048,1477,0.72119140625,0.9973998665809631
init-final,proj-alpaca-r50-s0,proj-alpaca-r50-s0,L3.o,3,o,2048,1477,0.72119140625,0.9966562986373901
init-final,proj-alpaca-r50-s0,proj-alpaca-r50-s0,L3.gateup,3,gateup,2048,1191,0.58154296875,0.9952623248100281
init-final,proj-alpaca-r50-s0,proj-alpaca-r50-s0,L3.down,3,down,2048,1191,0.58154296875,0.9954162240028381
init-final,proj-alpaca-r50-s0,proj-alpaca-r50-s0,L4.qkv,4,qkv,2048,1477,0.72119140625,0.9974114298820496
init-final,proj-alpaca-r50-s0,proj-alpaca-r50-s0,L4.o,4,o,2048,1477,0.72119140625,0.9968816637992859
init-final,proj-alpaca-r50-s0,proj-alpaca-r50-s0,L4.gateup,4,gateup,2048,1191,0.58154296875,0.9952378869056702
init-final,proj-alpaca-r50-s0,proj-alpaca-r50-s0,L4.down,4,down,2048,1191,0.58154296875,0.9951885342597961
init-final,proj-alpaca-r50-s0,proj-alpaca-r50-s0,L5.qkv,5,qkv,2048,1477,0.72119140625,0.9976654052734375
init-final,proj-alpaca-r50-s0,proj-alpaca-r50-s0,L5.o,5,o,2048,1477,0.72119140625,0.9968910813331604
init-final,proj-alpaca-r50-s0,proj-alpaca-r50-s0,L5.gateup,5,gateup,2048,1191,0.58154296875,0.9953920841217041
init-final,proj-alpaca-r50-s0,proj-alpaca-r50-s0,L5.down,5,down,2048,1191,0.58154296875,0.9956271052360535
init-final,proj-alpaca-r50-s0,proj-alpaca-r50-s0,L6.qkv,6,qkv,2048,1477,0.72119140625,0.9974381327629089
init-final,proj-alpaca-r50-s0,proj-alpaca-r50-s0,L6.o,6,o,2048,1477,0.72119140625,0.9970912933349609
init-final,proj-alpaca-r50-s0,proj-alpaca-r50-s0,L6.gateup,6,gateup,2048,1191,0.58154296875,0.9955704212188721
init-final,proj-alpaca-r50-s0,proj-alpaca-r50-s0,L6.down,6,down,2048,1191,0.58154296875,0.9956664443016052
init-final,proj-alpaca-r50-s0,proj-alpaca-r50-s0,L7.qkv,7,qkv,2048,1477,0.72119140625,0.9979199767112732
init-final,proj-alpaca-r50-s0,proj-alpaca-r50-s0,L7.o,7,o,2048,1477,0.72119140625,0.9973444938659668
init-final,proj-alpaca-r50-s0,proj-alpaca-r50-s0,L7.gateup,7,gateup,2048,1191,0.58154296875,0.9957188367843628
init-final,proj-alpaca-r50-s0,proj-alpaca-r50-s0,L7.down,7,down,2048,1191,0.58154296875,0.9957987666130066
init-final,proj-alpaca-r50-s0,proj-alpaca-r50-s0,L8.qkv,8,qkv,2048,1477,0.72119140625,0.9978489875793457
init-final,proj-alpaca-r50-s0,proj-alpaca-r50-s0,L8.o,8,o,2048,1477,0.72119140625,0.9974390864372253
init-final,proj-alpaca-r50-s0,proj-alpaca-r50-s0,L8.gateup,8,gateup,2048,1191,0.58154296875,0.9957280158996582
init-final,proj-alpaca-r50-s0,proj-alpaca-r50-s0,L8.down,8,down,2048,1191,0.58154296875,0.9956743121147156
init-final,proj-alpaca-r50-s0,proj-alpaca-r50-s0,L9.qkv,9,qkv,2048,1477,0.72119140625,0.9981114864349365
init-final,proj-alpaca-r50-s0,proj-alpaca-r50-s0,L9.o,9,o,2048,1477,0.72119140625,0.9976387619972229
init-final,proj-alpaca-r50-s0,proj-alpaca-r50-s0,L9.gateup,9,gateup,2048,1191,0.58154296875,0.9957354068756104
init-final,proj-alpaca-r50-s0,proj-alpaca-r50-s0,L9.down,9,down,2048,1191,0.58154296875,0.9959121942520142
init-final,proj-alpaca-r50-s0,proj-alpaca-r50-s0,L10.qkv,10,qkv,2048,1477,0.72119140625,0.9978996515274048
init-final,proj-alpaca-r50-s0,proj-alpaca-r50-s0,L10.o,10,o,2048,1477,0.72119140625,0.9974756836891174
init-final,proj-alpaca-r50-s0,proj-alpaca-r50-s0,L10.gateup,10,gateup,2048,1191,0.58154296875,0.9957036375999451
init-final,proj-alpaca-r50-s0,proj-alpaca-r50-s0,L10.down,10,down,2048,1191,0.58154296875,0.9959934949874878
init-final,proj-alpaca-r50-s0,proj-alpaca-r50-s0,L11.qkv,11,qkv,2048,1477,0.72119140625,0.9975292086601257
init-final,proj-alpaca-r50-s0,proj-alpaca-r50-s0,L11.o,11,o,2048,1477,0.72119140625,0.9974944591522217
init-final,proj-alpaca-r50-s0,proj-alpaca-r50-s0,L11.gateup,11,gateup,2048,1191,0.58154296875,0.9959008693695068
init-final,proj-alpaca-r50-s0,proj-alpaca-r50-s0,L11.down,11,down,2048,1191,0.58154296875,0.9958702921867371
init-final,proj-alpaca-r50-s0,proj-alpaca-r50-s0,L12.qkv,12,qkv,2048,1477,0.72119140625,0.9978896379470825
init-final,proj-alpaca-r50-s0,proj-alpaca-r50-s0,L12.o,12,o,2048,1477,0.72119140625,0.9974045753479004
init-final,proj-alpaca-r50-s0,proj-alpaca-r50-s0,L12.gateup,12,gateup,2048,1191,0.58154296875,0.9958473443984985
init-final,proj-alpaca-r50-s0,proj-alpaca-r50-s0,L12.down,12,down,2048,1191,0.58154296875,0.9960016012191772
init-final,proj-alpaca-r50-s0,proj-alpaca-r50-s0,L13.qkv,13,qkv,2048,1477,0.72119140625,0.9976302981376648
init-final,proj-alpaca-r50-s0,proj-alpaca-r50-s0,L13.o,13,o,2048,1477,0.72119140625,0.9975811243057251
init-final,proj-alpaca-r50-s0,proj-alpaca-r50-s0,L13.gateup,13,gateup,2048,1191,0.58154296875,0.9957675933837891
init-final,proj-alpaca-r50-s0,proj-alpaca-r50-s0,L13.down,13,down,2048,1191,0.58154296875,0.9958953261375427
init-final,proj-alpaca-r50-s0,proj-alpaca-r50-s0,L14.qkv,14,qkv,2048,1477,0.72119140625,0.9978886842727661
init-final,proj-alpaca-r50-s0,proj-alpaca-r50-s0,L14.o,14,o,2048,1477,0.72119140625,0.9976473450660706
init-final,proj-alpaca-r50-s0,proj-alpaca-r50-s0,L14.gateup,14,gateup,2048,1191,0.58154296875,0.9960762858390808
init-final,proj-alpaca-r50-s0,proj-alpaca-r50-s0,L14.down,14,down,2048,1191,0.58154296875,0.9956855773925781
init-final,proj-alpaca-r50-s0,proj-alpaca-r50-s0,L15.qkv,15,qkv,2048,1477,0.72119140625,0.9980336427688599
init-final,proj-alpaca-r50-s0,proj-alpaca-r50-s0,L15.o,15,o,2048,1477,0.72119140625,0.9974256753921509
init-final,proj-alpaca-r50-s0,proj-alpaca-r50-s0,L15.gateup,15,gateup,2048,1191,0.58154296875,0.9957184195518494
init-final,proj-alpaca-r50-s0,proj-alpaca-r50-s0,L15.down,15,down,2048,1191,0.58154296875,0.9956617951393127
init-final,proj-alpaca-r50-s0,proj-alpaca-r50-s0,L16.qkv,16,qkv,2048,1477,0.72119140625,0.9978994131088257
init-final,proj-alpaca-r50-s0,proj-alpaca-r50-s0,L16.o,16,o,2048,1477,0.72119140625,0.9974126219749451
init-final,proj-alpaca-r50-s0,proj-alpaca-r50-s0,L16.gateup,16,gateup,2048,1191,0.58154296875,0.995572030544281
init-final,proj-alpaca-r50-s0,proj-alpaca-r50-s0,L16.down,16,down,2048,1191,0.58154296875,0.9953623414039612
init-final,proj-alpaca-r50-s0,proj-alpaca-r50-s0,L17.qkv,17,qkv,2048,1477,0.72119140625,0.997709333896637
init-final,proj-alpaca-r50-s0,proj-alpaca-r50-s0,L17.o,17,o,2048,1477,0.72119140625,0.9971907734870911
init-final,proj-alpaca-r50-s0,proj-alpaca-r50-s0,L17.gateup,17,gateup,2048,1191,0.58154296875,0.9950253367424011
init-final,proj-alpaca-r50-s0,proj-alpaca-r50-s0,L17.down,17,down,2048,1191,0.58154296875,0.995104968547821
init-final,proj-alpaca-r50-s0,proj-alpaca-r50-s0,L18.qkv,18,qkv,2048,1477,0.72119140625,0.9980231523513794
init-final,proj-alpaca-r50-s0,proj-alpaca-r50-s0,L18.o,18,o,2048,1477,0.72119140625,0.9970954060554504
init-final,proj-alpaca-r50-s0,proj-alpaca-r50-s0,L18.gateup,18,gateup,2048,1191,0.58154296875,0.9948012828826904
init-final,proj-alpaca-r50-s0,proj-alpaca-r50-s0,L18.down,18,down,2048,1191,0.58154296875,0.9948116540908813
init-final,proj-alpaca-r50-s0,proj-alpaca-r50-s0,L19.qkv,19,qkv,2048,1477,0.72119140625,0.9979190826416016
init-final,proj-alpaca-r50-s0,proj-alpaca-r50-s0,L19.o,19,o,2048,1477,0.72119140625,0.9968961477279663
init-final,proj-alpaca-r50-s0,proj-alpaca-r50-s0,L19.gateup,19,gateup,2048,1191,0.58154296875,0.9944923520088196
init-final,proj-alpaca-r50-s0,proj-alpaca-r50-s0,L19.down,19,down,2048,1191,0.58154296875,0.9944925904273987
init-final,proj-alpaca-r50-s0,proj-alpaca-r50-s0,L20.qkv,20,qkv,2048,1477,0.72119140625,0.9975420236587524
init-final,proj-alpaca-r50-s0,proj-alpaca-r50-s0,L20.o,20,o,2048,1477,0.72119140625,0.9961079955101013
init-final,proj-alpaca-r50-s0,proj-alpaca-r50-s0,L20.gateup,20,gateup,2048,1191,0.58154296875,0.9942691326141357
init-final,proj-alpaca-r50-s0,proj-alpaca-r50-s0,L20.down,20,down,2048,1191,0.58154296875,0.9942742586135864
init-final,proj-alpaca-r50-s0,proj-alpaca-r50-s0,L21.qkv,21,qkv,2048,1477,0.72119140625,0.9975778460502625
init-final,proj-alpaca-r50-s0,proj-alpaca-r50-s0,L21.o,21,o,2048,1477,0.72119140625,0.9966381788253784
init-final,proj-alpaca-r50-s0,proj-alpaca-r50-s0,L21.gateup,21,gateup,2048,1191,0.58154296875,0.9942324161529541
init-final,proj-alpaca-r50-s0,proj-alpaca-r50-s0,L21.down,21,down,2048,1191,0.58154296875,0.9944769740104675
init-final,proj-alpaca-r50-s0,proj-alpaca-r50-s0,L22.qkv,22,qkv,2048,1477,0.72119140625,0.9977080225944519
init-final,proj-alpaca-r50-s0,proj-alpaca-r50-s0,L22.o,22,o,2048,1477,0.72119140625,0.9964736700057983
init-final,proj-alpaca-r50-s0,proj-alpaca-r50-s0,L22.gateup,22,gateup,2048,1191,0.58154296875,0.9941858053207397
init-final,proj-alpaca-r50-s0,proj-alpaca-r50-s0,L22.down,22,down,2048,1191,0.58154296875,0.9945408701896667
init-final,proj-alpaca-r50-s0,proj-alpaca-r50-s0,L23.qkv,23,qkv,2048,1477,0.72119140625,0.997549831867218
init-final,proj-alpaca-r50-s0,proj-alpaca-r50-s0,L23.o,23,o,2048,1477,0.72119140625,0.9964717626571655
init-final,proj-alpaca-r50-s0,proj-alpaca-r50-s0,L23.gateup,23,gateup,2048,1191,0.58154296875,0.9940267205238342
init-final,proj-alpaca-r50-s0,proj-alpaca-r50-s0,L23.down,23,down,2048,1191,0.58154296875,0.9945943355560303
init-final,proj-alpaca-r50-s0,proj-alpaca-r50-s0,L24.qkv,24,qkv,2048,1477,0.72119140625,0.997634768486023
init-final,proj-alpaca-r50-s0,proj-alpaca-r50-s0,L24.o,24,o,2048,1477,0.72119140625,0.9964323043823242
init-final,proj-alpaca-r50-s0,proj-alpaca-r50-s0,L24.gateup,24,gateup,2048,1191,0.58154296875,0.9940295219421387
init-final,proj-alpaca-r50-s0,proj-alpaca-r50-s0,L24.down,24,down,2048,1191,0.58154296875,0.9950417280197144
init-final,proj-alpaca-r50-s0,proj-alpaca-r50-s0,L25.qkv,25,qkv,2048,1477,0.72119140625,0.9975060224533081
init-final,proj-alpaca-r50-s0,proj-alpaca-r50-s0,L25.o,25,o,2048,1477,0.72119140625,0.9962887763977051
init-final,proj-alpaca-r50-s0,proj-alpaca-r50-s0,L25.gateup,25,gateup,2048,1191,0.58154296875,0.9941694140434265
init-final,proj-alpaca-r50-s0,proj-alpaca-r50-s0,L25.down,25,down,2048,1191,0.58154296875,0.9947752356529236
init-final,proj-alpaca-r50-s0,proj-alpaca-r50-s0,L26.qkv,26,qkv,2048,1477,0.72119140625,0.9979740977287292
init-final,proj-alpaca-r50-s0,proj-alpaca-r50-s0,L26.o,26,o,2048,1477,0.72119140625,0.9968919157981873
init-final,proj-alpaca-r50-s0,proj-alpaca-r50-s0,L26.gateup,26,gateup,2048,1191,0.58154296875,0.9951415657997131
init-final,proj-alpaca-r50-s0,proj-alpaca-r50-s0,L26.down,26,down,2048,1191,0.58154296875,0.9960556030273438
init-final,proj-alpaca-r50-s0,proj-alpaca-r50-s0,L27.qkv,27,qkv,2048,1477,0.72119140625,0.9976521134376526
init-final,proj-alpaca-r50-s0,proj-alpaca-r50-s0,L27.o,27,o,2048,1477,0.72119140625,0.9976681470870972
init-final,proj-alpaca-r50-s0,proj-alpaca-r50-s0,L27.gateup,27,gateup,2048,1191,0.58154296875,0.9971567988395691
init-final,proj-alpaca-r50-s0,proj-alpaca-r50-s0,L27.down,27,down,2048,1191,0.58154296875,0.9990519285202026
init-final,proj-selfgen-r50-s0,proj-selfgen-r50-s0,L0.qkv,0,qkv,2048,1477,0.72119140625,0.9950683116912842
init-final,proj-selfgen-r50-s0,proj-selfgen-r50-s0,L0.o,0,o,2048,1477,0.72119140625,0.9959638118743896
init-final,proj-selfgen-r50-s0,proj-selfgen-r50-s0,L0.gateup,0,gateup,2048,1191,0.58154296875,0.9949400424957275
init-final,proj-selfgen-r50-s0,proj-selfgen-r50-s0,L0.down,0,down,2048,1191,0.58154296875,0.9950829148292542
init-final,proj-selfgen-r50-s0,proj-selfgen-r50-s0,L1.qkv,1,qkv,2048,1477,0.72119140625,0.995904803276062
init-final,proj-selfgen-r50-s0,proj-selfgen-r50-s0,L1.o,1,o,2048,1477,0.72119140625,0.9963355660438538
init-final,proj-selfgen-r50-s0,proj-selfgen-r50-s0,L1.gateup,1,gateup,2048,1191,0.58154296875,0.9949358701705933
init-final,proj-selfgen-r50-s0,proj-selfgen-r50-s0,L1.down,1,down,2048,1191,0.58154296875,0.9948367476463318
init-final,proj-selfgen-r50-s0,proj-selfgen-r50-s0,L2.qkv,2,qkv,2048,1477,0.72119140625,0.9958195686340332
init-final,proj-selfgen-r50-s0,proj-selfgen-r50-s0,L2.o,2,o,2048,1477,0.72119140625,0.9955047965049744
init-final,proj-selfgen-r50-s0,proj-selfgen-r50-s0,L2.gateup,2,gateup,2048,1191,0.58154296875,0.9945589900016785
init-final,proj-selfgen-r50-s0,proj-selfgen-r50-s0,L2.down,2,down,2048,1191,0.58154296875,0.9952014088630676
init-final,proj-selfgen-r50-s0,proj-selfgen-r50-s0,L3.qkv,3,qkv,2048,1477,0.72119140625,0.996493399143219
init-final,proj-selfgen-r50-s0,proj-selfgen-r50-s0,L3.o,3,o,2048,1477,0.72119140625,0.9953979849815369
init-final,proj-selfgen-r50-s0,proj-selfgen-r50-s0,L3.gateup,3,gateup,2048,1191,0.58154296875,0.9942588806152344
init-final,proj-selfgen-r50-s0,proj-selfgen-r50-s0,L3.down,3,down,2048,1191,0.58154296875,0.994810938835144
init-final,proj-selfgen-r50-s0,proj-selfgen-r50-s0,L4.qkv,4,qkv,2048,1477,0.72119140625,0.9964426755905151
init-final,proj-selfgen-r50-s0,proj-selfgen-r50-s0,L4.o,4,o,2048,1477,0.72119140625,0.9958385825157166
init-final,proj-selfgen-r50-s0,proj-selfgen-r50-s0,L4.gateup,4,gateup,2048,1191,0.58154296875,0.9944097399711609
init-final,proj-selfgen-r50-s0,proj-selfgen-r50-s0,L4.down,4,down,2048,1191,0.58154296875,0.9951549172401428
init-final,proj-selfgen-r50-s0,proj-selfgen-r50-s0,L5.qkv,5,qkv,2048,1477,0.72119140625,0.996778130531311
init-final,proj-selfgen-r50-s0,proj-selfgen-r50-s0,L5.o,5,o,2048,1477,0.72119140625,0.9958697557449341
init-final,proj-selfgen-r50-s0,proj-selfgen-r50-s0,L5.gateup,5,gateup,2048,1191,0.58154296875,0.9946537017822266
init-final,proj-selfgen-r50-s0,proj-selfgen-r50-s0,L5.down,5,down,2048,1191,0.58154296875,0.9950912594795227
init-final,proj-selfgen-r50-s0,proj-selfgen-r50-s0,L6.qkv,6,qkv,2048,1477,0.72119140625,0.9965000152587891
init-final,proj-selfgen-r50-s0,proj-selfgen-r50-s0,L6.o,6,o,2048,1477,0.72119140625,0.9957403540611267
init-final,proj-selfgen-r50-s0,proj-selfgen-r50-s0,L6.gateup,6,gateup,2048,1191,0.58154296875,0.9947150945663452
init-final,proj-selfgen-r50-s0,proj-selfgen-r50-s0,L6.down,6,down,2048,1191,0.58154296875,0.9952592253684998
init-final,proj-selfgen-r50-s0,proj-selfgen-r50-s0,L7.qkv,7,qkv,2048,1477,0.72119140625,0.9966236352920532
init-final,proj-selfgen-r50-s0,proj-selfgen-r50-s0,L7.o,7,o,2048,1477,0.72119140625,0.9958401918411255
init-final,proj-selfgen-r50-s0,proj-selfgen-r50-s0,L7.gateup,7,gateup,2048,1191,0.58154296875,0.9946724772453308
init-final,proj-selfgen-r50-s0,proj-selfgen-r50-s0,L7.down,7,down,2048,1191,0.58154296875,0.9953535199165344
init-final,proj-selfgen-r50-s0,proj-selfgen-r50-s0,L8.qkv,8,qkv,2048,1477,0.72119140625,0.9965612888336182
init-final,proj-selfgen-r50-s0,proj-selfgen-r50-s0,L8.o,8,o,2048,1477,0.72119140625,0.9957070350646973
init-final,proj-selfgen-r50-s0,proj-selfgen-r50-s0,L8.gateup,8,gateup,2048,1191,0.58154296875,0.9946165680885315
init-final,proj-selfgen-r50-s0,proj-selfgen-r50-s0,L8.down,8,down,2048,1191,0.58154296875,0.9954491257667542
init-final,proj-selfgen-r50-s0,proj-selfgen-r50-s0,L9.qkv,9,qkv,2048,1477,0.72119140625,0.9970288276672363
init-final,proj-selfgen-r50-s0,proj-selfgen-r50-s0,L9.o,9,o,2048,1477,0.72119140625,0.9959605932235718
init-final,proj-selfgen-r50-s0,proj-selfgen-r50-s0,L9.gateup,9,gateup,2048,1191,0.58154296875,0.9945884943008423
init-final,proj-selfgen-r50-s0,proj-selfgen-r50-s0,L9.down,9,down,2048,1191,0.58154296875,0.9954067468643188
init-final,proj-selfgen-r50-s0,proj-selfgen-r50-s0,L10.qkv,10,qkv,2048,1477,0.72119140625,0.9965226650238037
init-final,proj-selfgen-r50-s0,proj-selfgen-r50-s0,L10.o,10,o,2048,1477,0.72119140625,0.9959416389465332
init-final,proj-selfgen-r50-s0,proj-selfgen-r50-s0,L10.gateup,10,gateup,2048,1191,0.58154296875,0.9951276183128357
init-final,proj-selfgen-r50-s0,proj-selfgen-r50-s0,L10.down,10,down,2048,1191,0.58154296875,0.9954661726951599
init-final,proj-selfgen-r50-s0,proj-selfgen-r50-s0,L11.qkv,11,qkv,2048,1477,0.72119140625,0.9962026476860046
init-final,proj-selfgen-r50-s0,proj-selfgen-r50-s0,L11.o,11,o,2048,1477,0.72119140625,0.9961870312690735
init-final,proj-selfgen-r50-s0,proj-selfgen-r50-s0,L11.gateup,11,gateup,2048,1191,0.58154296875,0.9946388602256775
init-final,proj-selfgen-r50-s0,proj-selfgen-r50-s0,L11.down,11,down,2048,1191,0.58154296875,0.9952112436294556
init-final,proj-selfgen-r50-s0,proj-selfgen-r50-s0,L12.qkv,12,qkv,2048,1477,0.72119140625,0.9965863823890686
init-final,proj-selfgen-r50-s0,proj-selfgen-r50-s0,L12.o,12,o,2048,1477,0.72119140625,0.9957879185676575
init-final,proj-selfgen-r50-s0,proj-selfgen-r50-s0,L12.gateup,12,gateup,2048,1191,0.58154296875,0.9945924878120422
init-final,proj-selfgen-r50-s0,proj-selfgen-r50-s0,L12.down,12,down,2048,1191,0.58154296875,0.9953073859214783
init-final,proj-selfgen-r50-s0,proj-selfgen-r50-s0,L13.qkv,13,qkv,2048,1477,0.72119140625,0.9962136745452881
init-final,proj-selfgen-r50-s0,proj-selfgen-r50-s0,L13.o,13,o,2048,1477,0.72119140625,0.9959450364112854
init-final,proj-selfgen-r50-s0,proj-selfgen-r50-s0,L13.gateup,13,gateup,2048,1191,0.58154296875,0.9946817755699158
init-final,proj-selfgen-r50-s0,proj-selfgen-r50-s0,L13.down,13,down,2048,1191,0.58154296875,0.9953159093856812
init-final,proj-selfgen-r50-s0,proj-selfgen-r50-s0,L14.qkv,14,qkv,2048,1477,0.72119140625,0.9966721534729004
init-final,proj-selfgen-r50-s0,proj-selfgen-r50-s0,L14.o,14,o,2048,1477,0.72119140625,0.9960914254188538
init-final,proj-selfgen-r50-s0,proj-selfgen-r50-s0,L14.gateup,14,gateup,2048,1191,0.58154296875,0.9948921799659729
init-final,proj-selfgen-r50-s0,proj-selfgen-r50-s0,L14.down,14,down,2048,1191,0.58154296875,0.9954482316970825
init-final,proj-selfgen-r50-s0,proj-selfgen-r50-s0,L15.qkv,15,qkv,2048,1477,0.72119140625,0.9967898726463318
init-final,proj-selfgen-r50-s0,proj-selfgen-r50-s0,L15.o,15,o,2048,1477,0.72119140625,0.9959641098976135
init-final,proj-selfgen-r50-s0,proj-selfgen-r50-s0,L15.gateup,15,gateup,2048,1191,0.58154296875,0.9949321746826172
init-final,proj-selfgen-r50-s0,proj-selfgen-r50-s0,L15.down,15,down,2048,1191,0.58154296875,0.9955222010612488
init-final,proj-selfgen-r50-s0,proj-selfgen-r50-s0,L16.qkv,16,qkv,2048,1477,0.72119140625,0.9968937635421753
init-final,proj-selfgen-r50-s0,proj-selfgen-r50-s0,L16.o,16,o,2048,1477,0.72119140625,0.9960243105888367
init-final,proj-selfgen-r50-s0,proj-selfgen-r50-s0,L16.gateup,16,gateup,2048,1191,0.58154296875,0.9956530332565308
init-final,proj-selfgen-r50-s0,proj-selfgen-r50-s0,L16.down,16,down,2048,1191,0.58154296875,0.9954885840415955
init-final,proj-selfgen-r50-s0,proj-selfgen-r50-s0,L17.qkv,17,qkv,2048,1477,0.72119140625,0.9967054128646851
init-final,proj-selfgen-r50-s0,proj-selfgen-r50-s0,L17.o,17,o,2048,1477,0.72119140625,0.9961097836494446
init-final,proj-selfgen-r50-s0,proj-selfgen-r50-s0,L17.gateup,17,gateup,2048,1191,0.58154296875,0.9951657652854919
init-final,proj-selfgen-r50-s0,proj-selfgen-r50-s0,L17.down,17,down,2048,1191,0.58154296875,0.9954277276992798
init-final,proj-selfgen-r50-s0,proj-selfgen-r50-s0,L18.qkv,18,qkv,2048,1477,0.72119140625,0.9968160390853882
init-final,proj-selfgen-r50-s0,proj-selfgen-r50-s0,L18.o,18,o,2048,1477,0.72119140625,0.9959841370582581
init-final,proj-selfgen-r50-s0,proj-selfgen-r50-s0,L18.gateup,18,gateup,2048,1191,0.58154296875,0.9947346448898315
init-final,proj-selfgen-r50-s0,proj-selfgen-r50-s0,L18.down,18,down,2048,1191,0.58154296875,0.9955947995185852
init-final,proj-selfgen-r50-s0,proj-selfgen-r50-s0,L19.qkv,19,qkv,2048,1477,0.72119140625,0.9969260096549988
init-final,proj-selfgen-r50-s0,proj-selfgen-r50-s0,L19.o,19,o,2048,1477,0.72119140625,0.996107280254364
init-final,proj-selfgen-r50-s0,proj-selfgen-r50-s0,L19.gateup,19,gateup,2048,1191,0.58154296875,0.994827926158905
init-final,proj-selfgen-r50-s0,proj-selfgen-r50-s0,L19.down,19,down,2048,1191,0.58154296875,0.9951701760292053
init-final,proj-selfgen-r50-s0,proj-selfgen-r50-s0,L20.qkv,20,qkv,2048,1477,0.72119140625,0.9971039295196533
init-final,proj-selfgen-r50-s0,proj-selfgen-r50-s0,L20.o,20,o,2048,1477,0.72119140625,0.995861291885376
init-final,proj-selfgen-r50-s0,proj-selfgen-r50-s0,L20.gateup,20,gateup,2048,1191,0.58154296875,0.9945865869522095
init-final,proj-selfgen-r50-s0,proj-selfgen-r50-s0,L20.down,20,down,2048,1191,0.58154296875,0.9949023723602295
init-final,proj-selfgen-r50-s0,proj-selfgen-r50-s0,L21.qkv,21,qkv,2048,1477,0.72119140625,0.99710613489151
init-final,proj-selfgen-r50-s0,proj-selfgen-r50-s0,L21.o,21,o,2048,1477,0.72119140625,0.9962193369865417
init-final,proj-selfgen-r50-s0,proj-selfgen-r50-s0,L21.gateup,21,gateup,2048,1191,0.58154296875,0.9947656989097595
init-final,proj-selfgen-r50-s0,proj-selfgen-r50-s0,L21.down,21,down,2048,1191,0.58154296875,0.9948830008506775
init-final,proj-selfgen-r50-s0,proj-selfgen-r50-s0,L22.qkv,22,qkv,2048,1477,0.72119140625,0.9971330761909485
init-final,proj-selfgen-r50-s0,proj-selfgen-r50-s0,L22.o,22,o,2048,1477,0.72119140625,0.9961026310920715
init-final,proj-selfgen-r50-s0,proj-selfgen-r50-s0,L22.gateup,22,gateup,2048,1191,0.58154296875,0.994258463382721
init-final,proj-selfgen-r50-s0,proj-selfgen-r50-s0,L22.down,22,down,2048,1191,0.58154296875,0.9950507283210754
init-final,proj-selfgen-r50-s0,proj-selfgen-r50-s0,L23.qkv,23,qkv,2048,1477,0.72119140625,0.9971691370010376
init-final,proj-selfgen-r50-s0,proj-selfgen-r50-s0,L23.o,23,o,2048,1477,0.72119140625,0.9960694313049316
init-final,proj-selfgen-r50-s0,proj-selfgen-r50-s0,L23.gateup,23,gateup,2048,1191,0.58154296875,0.9942527413368225
init-final,proj-selfgen-r50-s0,proj-selfgen-r50-s0,L23.down,23,down,2048,1191,0.58154296875,0.9949201941490173
init-final,proj-selfgen-r50-s0,proj-selfgen-r50-s0,L24.qkv,24,qkv,2048,1477,0.72119140625,0.9969993829727173
init-final,proj-selfgen-r50-s0,proj-selfgen-r50-s0,L24.o,24,o,2048,1477,0.72119140625,0.9961786866188049
init-final,proj-selfgen-r50-s0,proj-selfgen-r50-s0,L24.gateup,24,gateup,2048,1191,0.58154296875,0.9937953948974609
init-final,proj-selfgen-r50-s0,proj-selfgen-r50-s0,L24.down,24,down,2048,1191,0.58154296875,0.9955412745475769
init-final,proj-selfgen-r50-s0,proj-selfgen-r50-s0,L25.qkv,25,qkv,2048,1477,0.72119140625,0.9969256520271301
init-final,proj-selfgen-r50-s0,proj-selfgen-r50-s0,L25.o,25,o,2048,1477,0.72119140625,0.9960206747055054
init-final,proj-selfgen-r50-s0,proj-selfgen-r50-s0,L25.gateup,25,gateup,2048,1191,0.58154296875,0.9948661923408508
init-final,proj-selfgen-r50-s0,proj-selfgen-r50-s0,L25.down,25,down,2048,1191,0.58154296875,0.9952139258384705
init-final,proj-selfgen-r50-s0,proj-selfgen-r50-s0,L26.qkv,26,qkv,2048,1477,0.72119140625,0.9971828460693359
init-final,proj-selfgen-r50-s0,proj-selfgen-r50-s0,L26.o,26,o,2048,1477,0.72119140625,0.996640682220459
init-final,proj-selfgen-r50-s0,proj-selfgen-r50-s0,L26.gateup,26,gateup,2048,1191,0.58154296875,0.9952661991119385
init-final,proj-selfgen-r50-s0,proj-selfgen-r50-s0,L26.down,26,down,2048,1191,0.58154296875,0.9965004324913025
init-final,proj-selfgen-r50-s0,proj-selfgen-r50-s0,L27.qkv,27,qkv,2048,1477,0.72119140625,0.9974173903465271
init-final,proj-selfgen-r50-s0,proj-selfgen-r50-s0,L27.o,27,o,2048,1477,0.72119140625,0.9973339438438416
init-final,proj-selfgen-r50-s0,proj-selfgen-r50-s0,L27.gateup,27,gateup,2048,1191,0.58154296875,0.9969566464424133
init-final,proj-selfgen-r50-s0,proj-selfgen-r50-s0,L27.down,27,down,2048,1191,0.58154296875,0.9987771511077881
init-final,proj-selfdoc-r50-s0,proj-selfdoc-r50-s0,L0.qkv,0,qkv,2048,1477,0.72119140625,0.9978466033935547
init-final,proj-selfdoc-r50-s0,proj-selfdoc-r50-s0,L0.o,0,o,2048,1477,0.72119140625,0.9981185793876648
init-final,proj-selfdoc-r50-s0,proj-selfdoc-r50-s0,L0.gateup,0,gateup,2048,1191,0.58154296875,0.9977713823318481
init-final,proj-selfdoc-r50-s0,proj-selfdoc-r50-s0,L0.down,0,down,2048,1191,0.58154296875,0.9977477788925171
init-final,proj-selfdoc-r50-s0,proj-selfdoc-r50-s0,L1.qkv,1,qkv,2048,1477,0.72119140625,0.9979174137115479
init-final,proj-selfdoc-r50-s0,proj-selfdoc-r50-s0,L1.o,1,o,2048,1477,0.72119140625,0.9982812404632568
init-final,proj-selfdoc-r50-s0,proj-selfdoc-r50-s0,L1.gateup,1,gateup,2048,1191,0.58154296875,0.9976655840873718
init-final,proj-selfdoc-r50-s0,proj-selfdoc-r50-s0,L1.down,1,down,2048,1191,0.58154296875,0.9972233176231384
init-final,proj-selfdoc-r50-s0,proj-selfdoc-r50-s0,L2.qkv,2,qkv,2048,1477,0.72119140625,0.9977518916130066
init-final,proj-selfdoc-r50-s0,proj-selfdoc-r50-s0,L2.o,2,o,2048,1477,0.72119140625,0.997689425945282
init-final,proj-selfdoc-r50-s0,proj-selfdoc-r50-s0,L2.gateup,2,gateup,2048,1191,0.58154296875,0.9969858527183533
init-final,proj-selfdoc-r50-s0,proj-selfdoc-r50-s0,L2.down,2,down,2048,1191,0.58154296875,0.9970530867576599
init-final,proj-selfdoc-r50-s0,proj-selfdoc-r50-s0,L3.qkv,3,qkv,2048,1477,0.72119140625,0.9979472756385803
init-final,proj-selfdoc-r50-s0,proj-selfdoc-r50-s0,L3.o,3,o,2048,1477,0.72119140625,0.9974768161773682
init-final,proj-selfdoc-r50-s0,proj-selfdoc-r50-s0,L3.gateup,3,gateup,2048,1191,0.58154296875,0.9965496063232422
init-final,proj-selfdoc-r50-s0,proj-selfdoc-r50-s0,L3.down,3,down,2048,1191,0.58154296875,0.9970429539680481
init-final,proj-selfdoc-r50-s0,proj-selfdoc-r50-s0,L4.qkv,4,qkv,2048,1477,0.72119140625,0.9980749487876892
init-final,proj-selfdoc-r50-s0,proj-selfdoc-r50-s0,L4.o,4,o,2048,1477,0.72119140625,0.9978602528572083
init-final,proj-selfdoc-r50-s0,proj-selfdoc-r50-s0,L4.gateup,4,gateup,2048,1191,0.58154296875,0.9962599873542786
init-final,proj-selfdoc-r50-s0,proj-selfdoc-r50-s0,L4.down,4,down,2048,1191,0.58154296875,0.9969106316566467
init-final,proj-selfdoc-r50-s0,proj-selfdoc-r50-s0,L5.qkv,5,qkv,2048,1477,0.72119140625,0.9982181191444397
init-final,proj-selfdoc-r50-s0,proj-selfdoc-r50-s0,L5.o,5,o,2048,1477,0.72119140625,0.9978230595588684
init-final,proj-selfdoc-r50-s0,proj-selfdoc-r50-s0,L5.gateup,5,gateup,2048,1191,0.58154296875,0.9966911673545837
init-final,proj-selfdoc-r50-s0,proj-selfdoc-r50-s0,L5.down,5,down,2048,1191,0.58154296875,0.9969314932823181
init-final,proj-selfdoc-r50-s0,proj-selfdoc-r50-s0,L6.qkv,6,qkv,2048,1477,0.72119140625,0.9981961250305176
init-final,proj-selfdoc-r50-s0,proj-selfdoc-r50-s0,L6.o,6,o,2048,1477,0.72119140625,0.9979069828987122
init-final,proj-selfdoc-r50-s0,proj-selfdoc-r50-s0,L6.gateup,6,gateup,2048,1191,0.58154296875,0.9969260096549988
init-final,proj-selfdoc-r50-s0,proj-selfdoc-r50-s0,L6.down,6,down,2048,1191,0.58154296875,0.9970993995666504
init-final,proj-selfdoc-r50-s0,proj-selfdoc-r50-s0,L7.qkv,7,qkv,2048,1477,0.72119140625,0.9983066916465759
init-final,proj-selfdoc-r50-s0,proj-selfdoc-r50-s0,L7.o,7,o,2048,1477,0.72119140625,0.9980137944221497
init-final,proj-selfdoc-r50-s0,proj-selfdoc-r50-s0,L7.gateup,7,gateup,2048,1191,0.58154296875,0.9971653819084167
init-final,proj-selfdoc-r50-s0,proj-selfdoc-r50-s0,L7.down,7,down,2048,1191,0.58154296875,0.9973099231719971
init-final,proj-selfdoc-r50-s0,proj-selfdoc-r50-s0,L8.qkv,8,qkv,2048,1477,0.72119140625,0.9983938336372375
init-final,proj-selfdoc-r50-s0,proj-selfdoc-r50-s0,L8.o,8,o,2048,1477,0.72119140625,0.9980903267860413
init-final,proj-selfdoc-r50-s0,proj-selfdoc-r50-s0,L8.gateup,8,gateup,2048,1191,0.58154296875,0.9972109198570251
init-final,proj-selfdoc-r50-s0,proj-selfdoc-r50-s0,L8.down,8,down,2048,1191,0.58154296875,0.9973220229148865
init-final,proj-selfdoc-r50-s0,proj-selfdoc-r50-s0,L9.qkv,9,qkv,2048,1477,0.72119140625,0.9985238909721375
init-final,proj-selfdoc-r50-s0,proj-selfdoc-r50-s0,L9.o,9,o,2048,1477,0.72119140625,0.9982116222381592
init-final,proj-selfdoc-r50-s0,proj-selfdoc-r50-s0,L9.gateup,9,gateup,2048,1191,0.58154296875,0.9972831010818481
init-final,proj-selfdoc-r50-s0,proj-selfdoc-r50-s0,L9.down,9,down,2048,1191,0.58154296875,0.9977125525474548
init-final,proj-selfdoc-r50-s0,proj-selfdoc-r50-s0,L10.qkv,10,qkv,2048,1477,0.72119140625,0.9983972907066345
init-final,proj-selfdoc-r50-s0,proj-selfdoc-r50-s0,L10.o,10,o,2048,1477,0.72119140625,0.9981791973114014
init-final,proj-selfdoc-r50-s0,proj-selfdoc-r50-s0,L10.gateup,10,gateup,2048,1191,0.58154296875,0.9972845911979675
init-final,proj-selfdoc-r50-s0,proj-selfdoc-r50-s0,L10.down,10,down,2048,1191,0.58154296875,0.997503936290741
init-final,proj-selfdoc-r50-s0,proj-selfdoc-r50-s0,L11.qkv,11,qkv,2048,1477,0.72119140625,0.9983959794044495
init-final,proj-selfdoc-r50-s0,proj-selfdoc-r50-s0,L11.o,11,o,2048,1477,0.72119140625,0.9984062314033508
init-final,proj-selfdoc-r50-s0,proj-selfdoc-r50-s0,L11.gateup,11,gateup,2048,1191,0.58154296875,0.9973458051681519
init-final,proj-selfdoc-r50-s0,proj-selfdoc-r50-s0,L11.down,11,down,2048,1191,0.58154296875,0.9973200559616089
init-final,proj-selfdoc-r50-s0,proj-selfdoc-r50-s0,L12.qkv,12,qkv,2048,1477,0.72119140625,0.9984608292579651
init-final,proj-selfdoc-r50-s0,proj-selfdoc-r50-s0,L12.o,12,o,2048,1477,0.72119140625,0.9981889128684998
init-final,proj-selfdoc-r50-s0,proj-selfdoc-r50-s0,L12.gateup,12,gateup,2048,1191,0.58154296875,0.9972162246704102
init-final,proj-selfdoc-r50-s0,proj-selfdoc-r50-s0,L12.down,12,down,2048,1191,0.58154296875,0.9972547888755798
init-final,proj-selfdoc-r50-s0,proj-selfdoc-r50-s0,L13.qkv,13,qkv,2048,1477,0.72119140625,0.9983175992965698
init-final,proj-selfdoc-r50-s0,proj-selfdoc-r50-s0,L13.o,13,o,2048,1477,0.72119140625,0.9982126355171204
init-final,proj-selfdoc-r50-s0,proj-selfdoc-r50-s0,L13.gateup,13,gateup,2048,1191,0.58154296875,0.9972304105758667
init-final,proj-selfdoc-r50-s0,proj-selfdoc-r50-s0,L13.down,13,down,2048,1191,0.58154296875,0.9971872568130493
init-final,proj-selfdoc-r50-s0,proj-selfdoc-r50-s0,L14.qkv,14,qkv,2048,1477,0.72119140625,0.9984541535377502
init-final,proj-selfdoc-r50-s0,proj-selfdoc-r50-s0,L14.o,14,o,2048,1477,0.72119140625,0.9983052015304565
init-final,proj-selfdoc-r50-s0,proj-selfdoc-r50-s0,L14.gateup,14,gateup,2048,1191,0.58154296875,0.9974616169929504
init-final,proj-selfdoc-r50-s0,proj-selfdoc-r50-s0,L14.down,14,down,2048,1191,0.58154296875,0.997097373008728
init-final,proj-selfdoc-r50-s0,proj-selfdoc-r50-s0,L15.qkv,15,qkv,2048,1477,0.72119140625,0.9984308481216431
init-final,proj-selfdoc-r50-s0,proj-selfdoc-r50-s0,L15.o,15,o,2048,1477,0.72119140625,0.9981401562690735
init-final,proj-selfdoc-r50-s0,proj-selfdoc-r50-s0,L15.gateup,15,gateup,2048,1191,0.58154296875,0.997447669506073
init-final,proj-selfdoc-r50-s0,proj-selfdoc-r50-s0,L15.down,15,down,2048,1191,0.58154296875,0.9972579479217529
init-final,proj-selfdoc-r50-s0,proj-selfdoc-r50-s0,L16.qkv,16,qkv,2048,1477,0.72119140625,0.9983820915222168
init-final,proj-selfdoc-r50-s0,proj-selfdoc-r50-s0,L16.o,16,o,2048,1477,0.72119140625,0.9980220794677734
init-final,proj-selfdoc-r50-s0,proj-selfdoc-r50-s0,L16.gateup,16,gateup,2048,1191,0.58154296875,0.9971600770950317
init-final,proj-selfdoc-r50-s0,proj-selfdoc-r50-s0,L16.down,16,down,2048,1191,0.58154296875,0.9967181086540222
init-final,proj-selfdoc-r50-s0,proj-selfdoc-r50-s0,L17.qkv,17,qkv,2048,1477,0.72119140625,0.9981424808502197
init-final,proj-selfdoc-r50-s0,proj-selfdoc-r50-s0,L17.o,17,o,2048,1477,0.72119140625,0.9979022145271301
init-final,proj-selfdoc-r50-s0,proj-selfdoc-r50-s0,L17.gateup,17,gateup,2048,1191,0.58154296875,0.9971426725387573
init-final,proj-selfdoc-r50-s0,proj-selfdoc-r50-s0,L17.down,17,down,2048,1191,0.58154296875,0.9959434866905212
init-final,proj-selfdoc-r50-s0,proj-selfdoc-r50-s0,L18.qkv,18,qkv,2048,1477,0.72119140625,0.9982067942619324
init-final,proj-selfdoc-r50-s0,proj-selfdoc-r50-s0,L18.o,18,o,2048,1477,0.72119140625,0.9978881478309631
init-final,proj-selfdoc-r50-s0,proj-selfdoc-r50-s0,L18.gateup,18,gateup,2048,1191,0.58154296875,0.99653160572052
init-final,proj-selfdoc-r50-s0,proj-selfdoc-r50-s0,L18.down,18,down,2048,1191,0.58154296875,0.9957003593444824
init-final,proj-selfdoc-r50-s0,proj-selfdoc-r50-s0,L19.qkv,19,qkv,2048,1477,0.72119140625,0.9983036518096924
init-final,proj-selfdoc-r50-s0,proj-selfdoc-r50-s0,L19.o,19,o,2048,1477,0.72119140625,0.9978238940238953
init-final,proj-selfdoc-r50-s0,proj-selfdoc-r50-s0,L19.gateup,19,gateup,2048,1191,0.58154296875,0.995770275592804
init-final,proj-selfdoc-r50-s0,proj-selfdoc-r50-s0,L19.down,19,down,2048,1191,0.58154296875,0.9953834414482117
init-final,proj-selfdoc-r50-s0,proj-selfdoc-r50-s0,L20.qkv,20,qkv,2048,1477,0.72119140625,0.9981984496116638
init-final,proj-selfdoc-r50-s0,proj-selfdoc-r50-s0,L20.o,20,o,2048,1477,0.72119140625,0.9976514577865601
init-final,proj-selfdoc-r50-s0,proj-selfdoc-r50-s0,L20.gateup,20,gateup,2048,1191,0.58154296875,0.9961488842964172
init-final,proj-selfdoc-r50-s0,proj-selfdoc-r50-s0,L20.down,20,down,2048,1191,0.58154296875,0.994655966758728
init-final,proj-selfdoc-r50-s0,proj-selfdoc-r50-s0,L21.qkv,21,qkv,2048,1477,0.72119140625,0.9982299208641052
init-final,proj-selfdoc-r50-s0,proj-selfdoc-r50-s0,L21.o,21,o,2048,1477,0.72119140625,0.9978324770927429
init-final,proj-selfdoc-r50-s0,proj-selfdoc-r50-s0,L21.gateup,21,gateup,2048,1191,0.58154296875,0.9950046539306641
init-final,proj-selfdoc-r50-s0,proj-selfdoc-r50-s0,L21.down,21,down,2048,1191,0.58154296875,0.9944330453872681
init-final,proj-selfdoc-r50-s0,proj-selfdoc-r50-s0,L22.qkv,22,qkv,2048,1477,0.72119140625,0.99832683801651
init-final,proj-selfdoc-r50-s0,proj-selfdoc-r50-s0,L22.o,22,o,2048,1477,0.72119140625,0.9977979063987732
init-final,proj-selfdoc-r50-s0,proj-selfdoc-r50-s0,L22.gateup,22,gateup,2048,1191,0.58154296875,0.994975745677948
init-final,proj-selfdoc-r50-s0,proj-selfdoc-r50-s0,L22.down,22,down,2048,1191,0.58154296875,0.9945089817047119
init-final,proj-selfdoc-r50-s0,proj-selfdoc-r50-s0,L23.qkv,23,qkv,2048,1477,0.72119140625,0.998266339302063
init-final,proj-selfdoc-r50-s0,proj-selfdoc-r50-s0,L23.o,23,o,2048,1477,0.72119140625,0.9977942109107971
init-final,proj-selfdoc-r50-s0,proj-selfdoc-r50-s0,L23.gateup,23,gateup,2048,1191,0.58154296875,0.9950130581855774
init-final,proj-selfdoc-r50-s0,proj-selfdoc-r50-s0,L23.down,23,down,2048,1191,0.58154296875,0.9947250485420227
init-final,proj-selfdoc-r50-s0,proj-selfdoc-r50-s0,L24.qkv,24,qkv,2048,1477,0.72119140625,0.9981906414031982
init-final,proj-selfdoc-r50-s0,proj-selfdoc-r50-s0,L24.o,24,o,2048,1477,0.72119140625,0.9977965950965881
init-final,proj-selfdoc-r50-s0,proj-selfdoc-r50-s0,L24.gateup,24,gateup,2048,1191,0.58154296875,0.9952393174171448
init-final,proj-selfdoc-r50-s0,proj-selfdoc-r50-s0,L24.down,24,down,2048,1191,0.58154296875,0.9957889318466187
init-final,proj-selfdoc-r50-s0,proj-selfdoc-r50-s0,L25.qkv,25,qkv,2048,1477,0.72119140625,0.9983335733413696
init-final,proj-selfdoc-r50-s0,proj-selfdoc-r50-s0,L25.o,25,o,2048,1477,0.72119140625,0.997812807559967
init-final,proj-selfdoc-r50-s0,proj-selfdoc-r50-s0,L25.gateup,25,gateup,2048,1191,0.58154296875,0.9955093264579773
init-final,proj-selfdoc-r50-s0,proj-selfdoc-r50-s0,L25.down,25,down,2048,1191,0.58154296875,0.9955186247825623
init-final,proj-selfdoc-r50-s0,proj-selfdoc-r50-s0,L26.qkv,26,qkv,2048,1477,0.72119140625,0.9984129071235657
init-final,proj-selfdoc-r50-s0,proj-selfdoc-r50-s0,L26.o,26,o,2048,1477,0.72119140625,0.998058557510376
init-final,proj-selfdoc-r50-s0,proj-selfdoc-r50-s0,L26.gateup,26,gateup,2048,1191,0.58154296875,0.9965502619743347
init-final,proj-selfdoc-r50-s0,proj-selfdoc-r50-s0,L26.down,26,down,2048,1191,0.58154296875,0.9967361688613892
init-final,proj-selfdoc-r50-s0,proj-selfdoc-r50-s0,L27.qkv,27,qkv,2048,1477,0.72119140625,0.998166024684906
init-final,proj-selfdoc-r50-s0,proj-selfdoc-r50-s0,L27.o,27,o,2048,1477,0.72119140625,0.9983306527137756
init-final,proj-selfdoc-r50-s0,proj-selfdoc-r50-s0,L27.gateup,27,gateup,2048,1191,0.58154296875,0.9973156452178955
init-final,proj-selfdoc-r50-s0,proj-selfdoc-r50-s0,L27.down,27,down,2048,1191,0.58154296875,0.9988061189651489
init-init,proj-wikitext2-r50-s0,proj-c4-r50-s0,L0.qkv,0,qkv,2048,1477,0.72119140625,0.9148004651069641
final-final,proj-wikitext2-r50-s0,proj-c4-r50-s0,L0.qkv,0,qkv,2048,1477,0.72119140625,0.9112908244132996
init-init,proj-wikitext2-r50-s0,proj-c4-r50-s0,L0.o,0,o,2048,1477,0.72119140625,0.9456630945205688
final-final,proj-wikitext2-r50-s0,proj-c4-r50-s0,L0.o,0,o,2048,1477,0.72119140625,0.9417126774787903
init-init,proj-wikitext2-r50-s0,proj-c4-r50-s0,L0.gateup,0,gateup,2048,1191,0.58154296875,0.9572728872299194
final-final,proj-wikitext2-r50-s0,proj-c4-r50-s0,L0.gateup,0,gateup,2048,1191,0.58154296875,0.9508383274078369
init-init,proj-wikitext2-r50-s0,proj-c4-r50-s0,L0.down,0,down,2048,1191,0.58154296875,0.8990596532821655
final-final,proj-wikitext2-r50-s0,proj-c4-r50-s0,L0.down,0,down,2048,1191,0.58154296875,0.8942369818687439
init-init,proj-wikitext2-r50-s0,proj-c4-r50-s0,L1.qkv,1,qkv,2048,1477,0.72119140625,0.9337712526321411
final-final,proj-wikitext2-r50-s0,proj-c4-r50-s0,L1.qkv,1,qkv,2048,1477,0.72119140625,0.929382860660553
init-init,proj-wikitext2-r50-s0,proj-c4-r50-s0,L1.o,1,o,2048,1477,0.72119140625,0.9428064227104187
final-final,proj-wikitext2-r50-s0,proj-c4-r50-s0,L1.o,1,o,2048,1477,0.72119140625,0.9394329190254211
init-init,proj-wikitext2-r50-s0,proj-c4-r50-s0,L1.gateup,1,gateup,2048,1191,0.58154296875,0.9013367295265198
final-final,proj-wikitext2-r50-s0,proj-c4-r50-s0,L1.gateup,1,gateup,2048,1191,0.58154296875,0.8967172503471375
init-init,proj-wikitext2-r50-s0,proj-c4-r50-s0,L1.down,1,down,2048,1191,0.58154296875,0.8977680206298828
final-final,proj-wikitext2-r50-s0,proj-c4-r50-s0,L1.down,1,down,2048,1191,0.58154296875,0.8926301002502441
init-init,proj-wikitext2-r50-s0,proj-c4-r50-s0,L2.qkv,2,qkv,2048,1477,0.72119140625,0.9349472522735596
final-final,proj-wikitext2-r50-s0,proj-c4-r50-s0,L2.qkv,2,qkv,2048,1477,0.72119140625,0.9311665296554565
init-init,proj-wikitext2-r50-s0,proj-c4-r50-s0,L2.o,2,o,2048,1477,0.72119140625,0.950504720211029
final-final,proj-wikitext2-r50-s0,proj-c4-r50-s0,L2.o,2,o,2048,1477,0.72119140625,0.9467361569404602
init-init,proj-wikitext2-r50-s0,proj-c4-r50-s0,L2.gateup,2,gateup,2048,1191,0.58154296875,0.891197919845581
final-final,proj-wikitext2-r50-s0,proj-c4-r50-s0,L2.gateup,2,gateup,2048,1191,0.58154296875,0.8859910368919373
init-init,proj-wikitext2-r50-s0,proj-c4-r50-s0,L2.down,2,down,2048,1191,0.58154296875,0.900078535079956
final-final,proj-wikitext2-r50-s0,proj-c4-r50-s0,L2.down,2,down,2048,1191,0.58154296875,0.8943319916725159
init-init,proj-wikitext2-r50-s0,proj-c4-r50-s0,L3.qkv,3,qkv,2048,1477,0.72119140625,0.9325480461120605
final-final,proj-wikitext2-r50-s0,proj-c4-r50-s0,L3.qkv,3,qkv,2048,1477,0.72119140625,0.929810106754303
init-init,proj-wikitext2-r50-s0,proj-c4-r50-s0,L3.o,3,o,2048,1477,0.72119140625,0.9310019016265869
final-final,proj-wikitext2-r50-s0,proj-c4-r50-s0,L3.o,3,o,2048,1477,0.72119140625,0.9266477823257446
init-init,proj-wikitext2-r50-s0,proj-c4-r50-s0,L3.gateup,3,gateup,2048,1191,0.58154296875,0.8861097097396851
final-final,proj-wikitext2-r50-s0,proj-c4-r50-s0,L3.gateup,3,gateup,2048,1191,0.58154296875,0.8797375559806824
init-init,proj-wikitext2-r50-s0,proj-c4-r50-s0,L3.down,3,down,2048,1191,0.58154296875,0.8919147849082947
final-final,proj-wikitext2-r50-s0,proj-c4-r50-s0,L3.down,3,down,2048,1191,0.58154296875,0.8858835101127625
init-init,proj-wikitext2-r50-s0,proj-c4-r50-s0,L4.qkv,4,qkv,2048,1477,0.72119140625,0.9291532635688782
final-final,proj-wikitext2-r50-s0,proj-c4-r50-s0,L4.qkv,4,qkv,2048,1477,0.72119140625,0.9262582063674927
init-init,proj-wikitext2-r50-s0,proj-c4-r50-s0,L4.o,4,o,2048,1477,0.72119140625,0.9273831248283386
final-final,proj-wikitext2-r50-s0,proj-c4-r50-s0,L4.o,4,o,2048,1477,0.72119140625,0.9236180186271667
init-init,proj-wikitext2-r50-s0,proj-c4-r50-s0,L4.gateup,4,gateup,2048,1191,0.58154296875,0.878117561340332
final-final,proj-wikitext2-r50-s0,proj-c4-r50-s0,L4.gateup,4,gateup,2048,1191,0.58154296875,0.8722825646400452
init-init,proj-wikitext2-r50-s0,proj-c4-r50-s0,L4.down,4,down,2048,1191,0.58154296875,0.8861141204833984
final-final,proj-wikitext2-r50-s0,proj-c4-r50-s0,L4.down,4,down,2048,1191,0.58154296875,0.8806712031364441
init-init,proj-wikitext2-r50-s0,proj-c4-r50-s0,L5.qkv,5,qkv,2048,1477,0.72119140625,0.9279474020004272
final-final,proj-wikitext2-r50-s0,proj-c4-r50-s0,L5.qkv,5,qkv,2048,1477,0.72119140625,0.9254215359687805
init-init,proj-wikitext2-r50-s0,proj-c4-r50-s0,L5.o,5,o,2048,1477,0.72119140625,0.9434269666671753
final-final,proj-wikitext2-r50-s0,proj-c4-r50-s0,L5.o,5,o,2048,1477,0.72119140625,0.9394189715385437
init-init,proj-wikitext2-r50-s0,proj-c4-r50-s0,L5.gateup,5,gateup,2048,1191,0.58154296875,0.8695794939994812
final-final,proj-wikitext2-r50-s0,proj-c4-r50-s0,L5.gateup,5,gateup,2048,1191,0.58154296875,0.8639558553695679
init-init,proj-wikitext2-r50-s0,proj-c4-r50-s0,L5.down,5,down,2048,1191,0.58154296875,0.8995563387870789
final-final,proj-wikitext2-r50-s0,proj-c4-r50-s0,L5.down,5,down,2048,1191,0.58154296875,0.8936676979064941
init-init,proj-wikitext2-r50-s0,proj-c4-r50-s0,L6.qkv,6,qkv,2048,1477,0.72119140625,0.9325173497200012
final-final,proj-wikitext2-r50-s0,proj-c4-r50-s0,L6.qkv,6,qkv,2048,1477,0.72119140625,0.929678738117218
init-init,proj-wikitext2-r50-s0,proj-c4-r50-s0,L6.o,6,o,2048,1477,0.72119140625,0.9415087103843689
final-final,proj-wikitext2-r50-s0,proj-c4-r50-s0,L6.o,6,o,2048,1477,0.72119140625,0.9375075697898865
init-init,proj-wikitext2-r50-s0,proj-c4-r50-s0,L6.gateup,6,gateup,2048,1191,0.58154296875,0.8708676099777222
final-final,proj-wikitext2-r50-s0,proj-c4-r50-s0,L6.gateup,6,gateup,2048,1191,0.58154296875,0.8653631210327148
init-init,proj-wikitext2-r50-s0,proj-c4-r50-s0,L6.down,6,down,2048,1191,0.58154296875,0.8870557546615601
final-final,proj-wikitext2-r50-s0,proj-c4-r50-s0,L6.down,6,down,2048,1191,0.58154296875,0.8813773393630981
init-init,proj-wikitext2-r50-s0,proj-c4-r50-s0,L7.qkv,7,qkv,2048,1477,0.72119140625,0.9200292825698853
final-final,proj-wikitext2-r50-s0,proj-c4-r50-s0,L7.qkv,7,qkv,2048,1477,0.72119140625,0.9174637794494629
init-init,proj-wikitext2-r50-s0,proj-c4-r50-s0,L7.o,7,o,2048,1477,0.72119140625,0.9319158792495728
final-final,proj-wikitext2-r50-s0,proj-c4-r50-s0,L7.o,7,o,2048,1477,0.72119140625,0.9281923174858093
init-init,proj-wikitext2-r50-s0,proj-c4-r50-s0,L7.gateup,7,gateup,2048,1191,0.58154296875,0.8579767346382141
final-final,proj-wikitext2-r50-s0,proj-c4-r50-s0,L7.gateup,7,gateup,2048,1191,0.58154296875,0.8527061939239502
init-init,proj-wikitext2-r50-s0,proj-c4-r50-s0,L7.down,7,down,2048,1191,0.58154296875,0.8909648656845093
final-final,proj-wikitext2-r50-s0,proj-c4-r50-s0,L7.down,7,down,2048,1191,0.58154296875,0.8855127692222595
init-init,proj-wikitext2-r50-s0,proj-c4-r50-s0,L8.qkv,8,qkv,2048,1477,0.72119140625,0.9248334169387817
final-final,proj-wikitext2-r50-s0,proj-c4-r50-s0,L8.qkv,8,qkv,2048,1477,0.72119140625,0.9221687316894531
init-init,proj-wikitext2-r50-s0,proj-c4-r50-s0,L8.o,8,o,2048,1477,0.72119140625,0.9208251237869263
final-final,proj-wikitext2-r50-s0,proj-c4-r50-s0,L8.o,8,o,2048,1477,0.72119140625,0.9169831275939941
init-init,proj-wikitext2-r50-s0,proj-c4-r50-s0,L8.gateup,8,gateup,2048,1191,0.58154296875,0.8500442504882812
final-final,proj-wikitext2-r50-s0,proj-c4-r50-s0,L8.gateup,8,gateup,2048,1191,0.58154296875,0.8451693058013916
init-init,proj-wikitext2-r50-s0,proj-c4-r50-s0,L8.down,8,down,2048,1191,0.58154296875,0.8928033113479614
final-final,proj-wikitext2-r50-s0,proj-c4-r50-s0,L8.down,8,down,2048,1191,0.58154296875,0.887342095375061
init-init,proj-wikitext2-r50-s0,proj-c4-r50-s0,L9.qkv,9,qkv,2048,1477,0.72119140625,0.9265969395637512
final-final,proj-wikitext2-r50-s0,proj-c4-r50-s0,L9.qkv,9,qkv,2048,1477,0.72119140625,0.9241980910301208
init-init,proj-wikitext2-r50-s0,proj-c4-r50-s0,L9.o,9,o,2048,1477,0.72119140625,0.9306656122207642
final-final,proj-wikitext2-r50-s0,proj-c4-r50-s0,L9.o,9,o,2048,1477,0.72119140625,0.927061915397644
init-init,proj-wikitext2-r50-s0,proj-c4-r50-s0,L9.gateup,9,gateup,2048,1191,0.58154296875,0.8531818389892578
final-final,proj-wikitext2-r50-s0,proj-c4-r50-s0,L9.gateup,9,gateup,2048,1191,0.58154296875,0.8480772376060486
init-init,proj-wikitext2-r50-s0,proj-c4-r50-s0,L9.down,9,down,2048,1191,0.58154296875,0.8843291997909546
final-final,proj-wikitext2-r50-s0,proj-c4-r50-s0,L9.down,9,down,2048,1191,0.58154296875,0.8793209195137024
init-init,proj-wikitext2-r50-s0,proj-c4-r50-s0,L10.qkv,10,qkv,2048,1477,0.72119140625,0.9210857152938843
final-final,proj-wikitext2-r50-s0,proj-c4-r50-s0,L10.qkv,10,qkv,2048,1477,0.72119140625,0.9183463454246521
init-init,proj-wikitext2-r50-s0,proj-c4-r50-s0,L10.o,10,o,2048,1477,0.72119140625,0.9289769530296326
final-final,proj-wikitext2-r50-s0,proj-c4-r50-s0,L10.o,10,o,2048,1477,0.72119140625,0.9250707626342773
init-init,proj-wikitext2-r50-s0,proj-c4-r50-s0,L10.gateup,10,gateup,2048,1191,0.58154296875,0.8512155413627625
final-final,proj-wikitext2-r50-s0,proj-c4-r50-s0,L10.gateup,10,gateup,2048,1191,0.58154296875,0.846678614616394
init-init,proj-wikitext2-r50-s0,proj-c4-r50-s0,L10.down,10,down,2048,1191,0.58154296875,0.8890604972839355
final-final,proj-wikitext2-r50-s0,proj-c4-r50-s0,L10.down,10,down,2048,1191,0.58154296875,0.8841595649719238
init-init,proj-wikitext2-r50-s0,proj-c4-r50-s0,L11.qkv,11,qkv,2048,1477,0.72119140625,0.9337306022644043
final-final,proj-wikitext2-r50-s0,proj-c4-r50-s0,L11.qkv,11,qkv,2048,1477,0.72119140625,0.9306979179382324
init-init,proj-wikitext2-r50-s0,proj-c4-r50-s0,L11.o,11,o,2048,1477,0.72119140625,0.9505639672279358
final-final,proj-wikitext2-r50-s0,proj-c4-r50-s0,L11.o,11,o,2048,1477,0.72119140625,0.9469788074493408
init-init,proj-wikitext2-r50-s0,proj-c4-r50-s0,L11.gateup,11,gateup,2048,1191,0.58154296875,0.857729971408844
final-final,proj-wikitext2-r50-s0,proj-c4-r50-s0,L11.gateup,11,gateup,2048,1191,0.58154296875,0.8524714708328247
init-init,proj-wikitext2-r50-s0,proj-c4-r50-s0,L11.down,11,down,2048,1191,0.58154296875,0.8982765674591064
final-final,proj-wikitext2-r50-s0,proj-c4-r50-s0,L11.down,11,down,2048,1191,0.58154296875,0.8927322626113892
init-init,proj-wikitext2-r50-s0,proj-c4-r50-s0,L12.qkv,12,qkv,2048,1477,0.72119140625,0.9287881255149841
final-final,proj-wikitext2-r50-s0,proj-c4-r50-s0,L12.qkv,12,qkv,2048,1477,0.72119140625,0.9259487390518188
init-init,proj-wikitext2-r50-s0,proj-c4-r50-s0,L12.o,12,o,2048,1477,0.72119140625,0.9387436509132385
final-final,proj-wikitext2-r50-s0,proj-c4-r50-s0,L12.o,12,o,2048,1477,0.72119140625,0.9348256587982178
init-init,proj-wikitext2-r50-s0,proj-c4-r50-s0,L12.gateup,12,gateup,2048,1191,0.58154296875,0.8581021428108215
final-final,proj-wikitext2-r50-s0,proj-c4-r50-s0,L12.gateup,12,gateup,2048,1191,0.58154296875,0.8527359366416931
init-init,proj-wikitext2-r50-s0,proj-c4-r50-s0,L12.down,12,down,2048,1191,0.58154296875,0.9090481996536255
final-final,proj-wikitext2-r50-s0,proj-c4-r50-s0,L12.down,12,down,2048,1191,0.58154296875,0.9034603238105774
init-init,proj-wikitext2-r50-s0,proj-c4-r50-s0,L13.qkv,13,qkv,2048,1477,0.72119140625,0.9327543377876282
final-final,proj-wikitext2-r50-s0,proj-c4-r50-s0,L13.qkv,13,qkv,2048,1477,0.72119140625,0.9293953776359558
init-init,proj-wikitext2-r50-s0,proj-c4-r50-s0,L13.o,13,o,2048,1477,0.72119140625,0.9448316097259521
final-final,proj-wikitext2-r50-s0,proj-c4-r50-s0,L13.o,13,o,2048,1477,0.72119140625,0.9411386847496033
init-init,proj-wikitext2-r50-s0,proj-c4-r50-s0,L13.gateup,13,gateup,2048,1191,0.58154296875,0.8617448806762695
final-final,proj-wikitext2-r50-s0,proj-c4-r50-s0,L13.gateup,13,gateup,2048,1191,0.58154296875,0.8562048673629761
init-init,proj-wikitext2-r50-s0,proj-c4-r50-s0,L13.down,13,down,2048,1191,0.58154296875,0.9144139289855957
final-final,proj-wikitext2-r50-s0,proj-c4-r50-s0,L13.down,13,down,2048,1191,0.58154296875,0.9088029861450195
init-init,proj-wikitext2-r50-s0,proj-c4-r50-s0,L14.qkv,14,qkv,2048,1477,0.72119140625,0.9342026114463806
final-final,proj-wikitext2-r50-s0,proj-c4-r50-s0,L14.qkv,14,qkv,2048,1477,0.72119140625,0.9314627647399902
init-init,proj-wikitext2-r50-s0,proj-c4-r50-s0,L14.o,14,o,2048,1477,0.72119140625,0.9443949460983276
final-final,proj-wikitext2-r50-s0,proj-c4-r50-s0,L14.o,14,o,2048,1477,0.72119140625,0.9405392408370972
init-init,proj-wikitext2-r50-s0,proj-c4-r50-s0,L14.gateup,14,gateup,2048,1191,0.58154296875,0.8640535473823547
final-final,proj-wikitext2-r50-s0,proj-c4-r50-s0,L14.gateup,14,gateup,2048,1191,0.58154296875,0.8591028451919556
init-init,proj-wikitext2-r50-s0,proj-c4-r50-s0,L14.down,14,down,2048,1191,0.58154296875,0.9225795269012451
final-final,proj-wikitext2-r50-s0,proj-c4-r50-s0,L14.down,14,down,2048,1191,0.58154296875,0.916862428188324
init-init,proj-wikitext2-r50-s0,proj-c4-r50-s0,L15.qkv,15,qkv,2048,1477,0.72119140625,0.9340001940727234
final-final,proj-wikitext2-r50-s0,proj-c4-r50-s0,L15.qkv,15,qkv,2048,1477,0.72119140625,0.9316351413726807
init-init,proj-wikitext2-r50-s0,proj-c4-r50-s0,L15.o,15,o,2048,1477,0.72119140625,0.9471247792243958
final-final,proj-wikitext2-r50-s0,proj-c4-r50-s0,L15.o,15,o,2048,1477,0.72119140625,0.9431900978088379
init-init,proj-wikitext2-r50-s0,proj-c4-r50-s0,L15.gateup,15,gateup,2048,1191,0.58154296875,0.8697105646133423
final-final,proj-wikitext2-r50-s0,proj-c4-r50-s0,L15.gateup,15,gateup,2048,1191,0.58154296875,0.8645720481872559
init-init,proj-wikitext2-r50-s0,proj-c4-r50-s0,L15.down,15,down,2048,1191,0.58154296875,0.9136344790458679
final-final,proj-wikitext2-r50-s0,proj-c4-r50-s0,L15.down,15,down,2048,1191,0.58154296875,0.908528208732605
init-init,proj-wikitext2-r50-s0,proj-c4-r50-s0,L16.qkv,16,qkv,2048,1477,0.72119140625,0.9373375773429871
final-final,proj-wikitext2-r50-s0,proj-c4-r50-s0,L16.qkv,16,qkv,2048,1477,0.72119140625,0.9350295066833496
init-init,proj-wikitext2-r50-s0,proj-c4-r50-s0,L16.o,16,o,2048,1477,0.72119140625,0.9501981139183044
final-final,proj-wikitext2-r50-s0,proj-c4-r50-s0,L16.o,16,o,2048,1477,0.72119140625,0.9464303851127625
init-init,proj-wikitext2-r50-s0,proj-c4-r50-s0,L16.gateup,16,gateup,2048,1191,0.58154296875,0.8741813898086548
final-final,proj-wikitext2-r50-s0,proj-c4-r50-s0,L16.gateup,16,gateup,2048,1191,0.58154296875,0.8701537847518921
init-init,proj-wikitext2-r50-s0,proj-c4-r50-s0,L16.down,16,down,2048,1191,0.58154296875,0.9154266715049744
final-final,proj-wikitext2-r50-s0,proj-c4-r50-s0,L16.down,16,down,2048,1191,0.58154296875,0.9104282259941101
init-init,proj-wikitext2-r50-s0,proj-c4-r50-s0,L17.qkv,17,qkv,2048,1477,0.72119140625,0.9285718202590942
final-final,proj-wikitext2-r50-s0,proj-c4-r50-s0,L17.qkv,17,qkv,2048,1477,0.72119140625,0.9261233806610107
init-init,proj-wikitext2-r50-s0,proj-c4-r50-s0,L17.o,17,o,2048,1477,0.72119140625,0.9438362121582031
final-final,proj-wikitext2-r50-s0,proj-c4-r50-s0,L17.o,17,o,2048,1477,0.72119140625,0.9401531219482422
init-init,proj-wikitext2-r50-s0,proj-c4-r50-s0,L17.gateup,17,gateup,2048,1191,0.58154296875,0.8770500421524048
final-final,proj-wikitext2-r50-s0,proj-c4-r50-s0,L17.gateup,17,gateup,2048,1191,0.58154296875,0.8717550039291382
init-init,proj-wikitext2-r50-s0,proj-c4-r50-s0,L17.down,17,down,2048,1191,0.58154296875,0.8987318277359009
final-final,proj-wikitext2-r50-s0,proj-c4-r50-s0,L17.down,17,down,2048,1191,0.58154296875,0.893910825252533
init-init,proj-wikitext2-r50-s0,proj-c4-r50-s0,L18.qkv,18,qkv,2048,1477,0.72119140625,0.9306901693344116
final-final,proj-wikitext2-r50-s0,proj-c4-r50-s0,L18.qkv,18,qkv,2048,1477,0.72119140625,0.9285190105438232
init-init,proj-wikitext2-r50-s0,proj-c4-r50-s0,L18.o,18,o,2048,1477,0.72119140625,0.9371218085289001
final-final,proj-wikitext2-r50-s0,proj-c4-r50-s0,L18.o,18,o,2048,1477,0.72119140625,0.9335923194885254
init-init,proj-wikitext2-r50-s0,proj-c4-r50-s0,L18.gateup,18,gateup,2048,1191,0.58154296875,0.8691336512565613
final-final,proj-wikitext2-r50-s0,proj-c4-r50-s0,L18.gateup,18,gateup,2048,1191,0.58154296875,0.8641614317893982
init-init,proj-wikitext2-r50-s0,proj-c4-r50-s0,L18.down,18,down,2048,1191,0.58154296875,0.8963315486907959
final-final,proj-wikitext2-r50-s0,proj-c4-r50-s0,L18.down,18,down,2048,1191,0.58154296875,0.8913716673851013
init-init,proj-wikitext2-r50-s0,proj-c4-r50-s0,L19.qkv,19,qkv,2048,1477,0.72119140625,0.9306259155273438
final-final,proj-wikitext2-r50-s0,proj-c4-r50-s0,L19.qkv,19,qkv,2048,1477,0.72119140625,0.9284542798995972
init-init,proj-wikitext2-r50-s0,proj-c4-r50-s0,L19.o,19,o,2048,1477,0.72119140625,0.9426661133766174
final-final,proj-wikitext2-r50-s0,proj-c4-r50-s0,L19.o,19,o,2048,1477,0.72119140625,0.9390493035316467
init-init,proj-wikitext2-r50-s0,proj-c4-r50-s0,L19.gateup,19,gateup,2048,1191,0.58154296875,0.8687427043914795
final-final,proj-wikitext2-r50-s0,proj-c4-r50-s0,L19.gateup,19,gateup,2048,1191,0.58154296875,0.8639945983886719
init-init,proj-wikitext2-r50-s0,proj-c4-r50-s0,L19.down,19,down,2048,1191,0.58154296875,0.8996685147285461
final-final,proj-wikitext2-r50-s0,proj-c4-r50-s0,L19.down,19,down,2048,1191,0.58154296875,0.8945071697235107
init-init,proj-wikitext2-r50-s0,proj-c4-r50-s0,L20.qkv,20,qkv,2048,1477,0.72119140625,0.9324132800102234
final-final,proj-wikitext2-r50-s0,proj-c4-r50-s0,L20.qkv,20,qkv,2048,1477,0.72119140625,0.9303755760192871
init-init,proj-wikitext2-r50-s0,proj-c4-r50-s0,L20.o,20,o,2048,1477,0.72119140625,0.9341689348220825
final-final,proj-wikitext2-r50-s0,proj-c4-r50-s0,L20.o,20,o,2048,1477,0.72119140625,0.9302916526794434
init-init,proj-wikitext2-r50-s0,proj-c4-r50-s0,L20.gateup,20,gateup,2048,1191,0.58154296875,0.8689302802085876
final-final,proj-wikitext2-r50-s0,proj-c4-r50-s0,L20.gateup,20,gateup,2048,1191,0.58154296875,0.8639445900917053
init-init,proj-wikitext2-r50-s0,proj-c4-r50-s0,L20.down,20,down,2048,1191,0.58154296875,0.8883194923400879
final-final,proj-wikitext2-r50-s0,proj-c4-r50-s0,L20.down,20,down,2048,1191,0.58154296875,0.8827720880508423
init-init,proj-wikitext2-r50-s0,proj-c4-r50-s0,L21.qkv,21,qkv,2048,1477,0.72119140625,0.9264858961105347
final-final,proj-wikitext2-r50-s0,proj-c4-r50-s0,L21.qkv,21,qkv,2048,1477,0.72119140625,0.9245150685310364
init-init,proj-wikitext2-r50-s0,proj-c4-r50-s0,L21.o,21,o,2048,1477,0.72119140625,0.9299554228782654
final-final,proj-wikitext2-r50-s0,proj-c4-r50-s0,L21.o,21,o,2048,1477,0.72119140625,0.9259865880012512
init-init,proj-wikitext2-r50-s0,proj-c4-r50-s0,L21.gateup,21,gateup,2048,1191,0.58154296875,0.8603184223175049
final-final,proj-wikitext2-r50-s0,proj-c4-r50-s0,L21.gateup,21,gateup,2048,1191,0.58154296875,0.8549820780754089
init-init,proj-wikitext2-r50-s0,proj-c4-r50-s0,L21.down,21,down,2048,1191,0.58154296875,0.8785229921340942
final-final,proj-wikitext2-r50-s0,proj-c4-r50-s0,L21.down,21,down,2048,1191,0.58154296875,0.8728393912315369
init-init,proj-wikitext2-r50-s0,proj-c4-r50-s0,L22.qkv,22,qkv,2048,1477,0.72119140625,0.9237869381904602
final-final,proj-wikitext2-r50-s0,proj-c4-r50-s0,L22.qkv,22,qkv,2048,1477,0.72119140625,0.9219744801521301
init-init,proj-wikitext2-r50-s0,proj-c4-r50-s0,L22.o,22,o,2048,1477,0.72119140625,0.9161693453788757
final-final,proj-wikitext2-r50-s0,proj-c4-r50-s0,L22.o,22,o,2048,1477,0.72119140625,0.9128610491752625
init-init,proj-wikitext2-r50-s0,proj-c4-r50-s0,L22.gateup,22,gateup,2048,1191,0.58154296875,0.852620005607605
final-final,proj-wikitext2-r50-s0,proj-c4-r50-s0,L22.gateup,22,gateup,2048,1191,0.58154296875,0.8468136191368103
init-init,proj-wikitext2-r50-s0,proj-c4-r50-s0,L22.down,22,down,2048,1191,0.58154296875,0.871804416179657
final-final,proj-wikitext2-r50-s0,proj-c4-r50-s0,L22.down,22,down,2048,1191,0.58154296875,0.8664431571960449
init-init,proj-wikitext2-r50-s0,proj-c4-r50-s0,L23.qkv,23,qkv,2048,1477,0.72119140625,0.9223486185073853
final-final,proj-wikitext2-r50-s0,proj-c4-r50-s0,L23.qkv,23,qkv,2048,1477,0.72119140625,0.9205664992332458
init-init,proj-wikitext2-r50-s0,proj-c4-r50-s0,L23.o,23,o,2048,1477,0.72119140625,0.9174572825431824
final-final,proj-wikitext2-r50-s0,proj-c4-r50-s0,L23.o,23,o,2048,1477,0.72119140625,0.9138639569282532
init-init,proj-wikitext2-r50-s0,proj-c4-r50-s0,L23.gateup,23,gateup,2048,1191,0.58154296875,0.8433630466461182
final-final,proj-wikitext2-r50-s0,proj-c4-r50-s0,L23.gateup,23,gateup,2048,1191,0.58154296875,0.8370177745819092
init-init,proj-wikitext2-r50-s0,proj-c4-r50-s0,L23.down,23,down,2048,1191,0.58154296875,0.8748440146446228
final-final,proj-wikitext2-r50-s0,proj-c4-r50-s0,L23.down,23,down,2048,1191,0.58154296875,0.8694821000099182
init-init,proj-wikitext2-r50-s0,proj-c4-r50-s0,L24.qkv,24,qkv,2048,1477,0.72119140625,0.9224315881729126
final-final,proj-wikitext2-r50-s0,proj-c4-r50-s0,L24.qkv,24,qkv,2048,1477,0.72119140625,0.9204559326171875
init-init,proj-wikitext2-r50-s0,proj-c4-r50-s0,L24.o,24,o,2048,1477,0.72119140625,0.9085803031921387
final-final,proj-wikitext2-r50-s0,proj-c4-r50-s0,L24.o,24,o,2048,1477,0.72119140625,0.9048557281494141
init-init,proj-wikitext2-r50-s0,proj-c4-r50-s0,L24.gateup,24,gateup,2048,1191,0.58154296875,0.8370820879936218
final-final,proj-wikitext2-r50-s0,proj-c4-r50-s0,L24.gateup,24,gateup,2048,1191,0.58154296875,0.8308694958686829
init-init,proj-wikitext2-r50-s0,proj-c4-r50-s0,L24.down,24,down,2048,1191,0.58154296875,0.8736433982849121
final-final,proj-wikitext2-r50-s0,proj-c4-r50-s0,L24.down,24,down,2048,1191,0.58154296875,0.8684086799621582
init-init,proj-wikitext2-r50-s0,proj-c4-r50-s0,L25.qkv,25,qkv,2048,1477,0.72119140625,0.922591507434845
final-final,proj-wikitext2-r50-s0,proj-c4-r50-s0,L25.qkv,25,qkv,2048,1477,0.72119140625,0.9207302927970886
init-init,proj-wikitext2-r50-s0,proj-c4-r50-s0,L25.o,25,o,2048,1477,0.72119140625,0.901045024394989
final-final,proj-wikitext2-r50-s0,proj-c4-r50-s0,L25.o,25,o,2048,1477,0.72119140625,0.896956741809845
init-init,proj-wikitext2-r50-s0,proj-c4-r50-s0,L25.gateup,25,gateup,2048,1191,0.58154296875,0.830040693283081
final-final,proj-wikitext2-r50-s0,proj-c4-r50-s0,L25.gateup,25,gateup,2048,1191,0.58154296875,0.8246559500694275
init-init,proj-wikitext2-r50-s0,proj-c4-r50-s0,L25.down,25,down,2048,1191,0.58154296875,0.874213457107544
final-final,proj-wikitext2-r50-s0,proj-c4-r50-s0,L25.down,25,down,2048,1191,0.58154296875,0.8683264255523682
init-init,proj-wikitext2-r50-s0,proj-c4-r50-s0,L26.qkv,26,qkv,2048,1477,0.72119140625,0.9202501177787781
final-final,proj-wikitext2-r50-s0,proj-c4-r50-s0,L26.qkv,26,qkv,2048,1477,0.72119140625,0.9185981750488281
init-init,proj-wikitext2-r50-s0,proj-c4-r50-s0,L26.o,26,o,2048,1477,0.72119140625,0.8964676856994629
final-final,proj-wikitext2-r50-s0,proj-c4-r50-s0,L26.o,26,o,2048,1477,0.72119140625,0.893334150314331
init-init,proj-wikitext2-r50-s0,proj-c4-r50-s0,L26.gateup,26,gateup,2048,1191,0.58154296875,0.8253827691078186
final-final,proj-wikitext2-r50-s0,proj-c4-r50-s0,L26.gateup,26,gateup,2048,1191,0.58154296875,0.8214036822319031
init-init,proj-wikitext2-r50-s0,proj-c4-r50-s0,L26.down,26,down,2048,1191,0.58154296875,0.8787135481834412
final-final,proj-wikitext2-r50-s0,proj-c4-r50-s0,L26.down,26,down,2048,1191,0.58154296875,0.8745207190513611
init-init,proj-wikitext2-r50-s0,proj-c4-r50-s0,L27.qkv,27,qkv,2048,1477,0.72119140625,0.8866260051727295
final-final,proj-wikitext2-r50-s0,proj-c4-r50-s0,L27.qkv,27,qkv,2048,1477,0.72119140625,0.8848302364349365
init-init,proj-wikitext2-r50-s0,proj-c4-r50-s0,L27.o,27,o,2048,1477,0.72119140625,0.9264121651649475
final-final,proj-wikitext2-r50-s0,proj-c4-r50-s0,L27.o,27,o,2048,1477,0.72119140625,0.9239192008972168
init-init,proj-wikitext2-r50-s0,proj-c4-r50-s0,L27.gateup,27,gateup,2048,1191,0.58154296875,0.8136541247367859
final-final,proj-wikitext2-r50-s0,proj-c4-r50-s0,L27.gateup,27,gateup,2048,1191,0.58154296875,0.8115845918655396
init-init,proj-wikitext2-r50-s0,proj-c4-r50-s0,L27.down,27,down,2048,1191,0.58154296875,0.8863282203674316
final-final,proj-wikitext2-r50-s0,proj-c4-r50-s0,L27.down,27,down,2048,1191,0.58154296875,0.8852587342262268
init-init,proj-wikitext2-r50-s0,proj-slimpajama-r50-s0,L0.qkv,0,qkv,2048,1477,0.72119140625,0.9121661186218262
final-final,proj-wikitext2-r50-s0,proj-slimpajama-r50-s0,L0.qkv,0,qkv,2048,1477,0.72119140625,0.9096462726593018
init-init,proj-wikitext2-r50-s0,proj-slimpajama-r50-s0,L0.o,0,o,2048,1477,0.72119140625,0.9429575204849243
final-final,proj-wikitext2-r50-s0,proj-slimpajama-r50-s0,L0.o,0,o,2048,1477,0.72119140625,0.9402443766593933
init-init,proj-wikitext2-r50-s0,proj-slimpajama-r50-s0,L0.gateup,0,gateup,2048,1191,0.58154296875,0.9508919715881348
final-final,proj-wikitext2-r50-s0,proj-slimpajama-r50-s0,L0.gateup,0,gateup,2048,1191,0.58154296875,0.9465568661689758
init-init,proj-wikitext2-r50-s0,proj-slimpajama-r50-s0,L0.down,0,down,2048,1191,0.58154296875,0.8923268914222717
final-final,proj-wikitext2-r50-s0,proj-slimpajama-r50-s0,L0.down,0,down,2048,1191,0.58154296875,0.8889417052268982
init-init,proj-wikitext2-r50-s0,proj-slimpajama-r50-s0,L1.qkv,1,qkv,2048,1477,0.72119140625,0.9268639087677002
final-final,proj-wikitext2-r50-s0,proj-slimpajama-r50-s0,L1.qkv,1,qkv,2048,1477,0.72119140625,0.9239622354507446
init-init,proj-wikitext2-r50-s0,proj-slimpajama-r50-s0,L1.o,1,o,2048,1477,0.72119140625,0.9349644184112549
final-final,proj-wikitext2-r50-s0,proj-slimpajama-r50-s0,L1.o,1,o,2048,1477,0.72119140625,0.932827889919281
init-init,proj-wikitext2-r50-s0,proj-slimpajama-r50-s0,L1.gateup,1,gateup,2048,1191,0.58154296875,0.8899058103561401
final-final,proj-wikitext2-r50-s0,proj-slimpajama-r50-s0,L1.gateup,1,gateup,2048,1191,0.58154296875,0.8867202997207642
init-init,proj-wikitext2-r50-s0,proj-slimpajama-r50-s0,L1.down,1,down,2048,1191,0.58154296875,0.8776136040687561
final-final,proj-wikitext2-r50-s0,proj-slimpajama-r50-s0,L1.down,1,down,2048,1191,0.58154296875,0.8737271428108215
init-init,proj-wikitext2-r50-s0,proj-slimpajama-r50-s0,L2.qkv,2,qkv,2048,1477,0.72119140625,0.9262838959693909
final-final,proj-wikitext2-r50-s0,proj-slimpajama-r50-s0,L2.qkv,2,qkv,2048,1477,0.72119140625,0.9233677387237549
init-init,proj-wikitext2-r50-s0,proj-slimpajama-r50-s0,L2.o,2,o,2048,1477,0.72119140625,0.9431257843971252
final-final,proj-wikitext2-r50-s0,proj-slimpajama-r50-s0,L2.o,2,o,2048,1477,0.72119140625,0.9401576519012451
init-init,proj-wikitext2-r50-s0,proj-slimpajama-r50-s0,L2.gateup,2,gateup,2048,1191,0.58154296875,0.8752456903457642
final-final,proj-wikitext2-r50-s0,proj-slimpajama-r50-s0,L2.gateup,2,gateup,2048,1191,0.58154296875,0.8713541626930237
init-init,proj-wikitext2-r50-s0,proj-slimpajama-r50-s0,L2.down,2,down,2048,1191,0.58154296875,0.8926714062690735
final-final,proj-wikitext2-r50-s0,proj-slimpajama-r50-s0,L2.down,2,down,2048,1191,0.58154296875,0.8869556188583374
init-init,proj-wikitext2-r50-s0,proj-slimpajama-r50-s0,L3.qkv,3,qkv,2048,1477,0.72119140625,0.9252055287361145
final-final,proj-wikitext2-r50-s0,proj-slimpajama-r50-s0,L3.qkv,3,qkv,2048,1477,0.72119140625,0.9225584864616394
init-init,proj-wikitext2-r50-s0,proj-slimpajama-r50-s0,L3.o,3,o,2048,1477,0.72119140625,0.9204528331756592
final-final,proj-wikitext2-r50-s0,proj-slimpajama-r50-s0,L3.o,3,o,2048,1477,0.72119140625,0.9166191220283508
init-init,proj-wikitext2-r50-s0,proj-slimpajama-r50-s0,L3.gateup,3,gateup,2048,1191,0.58154296875,0.8727893829345703
final-final,proj-wikitext2-r50-s0,proj-slimpajama-r50-s0,L3.gateup,3,gateup,2048,1191,0.58154296875,0.8668394088745117
init-init,proj-wikitext2-r50-s0,proj-slimpajama-r50-s0,L3.down,3,down,2048,1191,0.58154296875,0.8900360465049744
final-final,proj-wikitext2-r50-s0,proj-slimpajama-r50-s0,L3.down,3,down,2048,1191,0.58154296875,0.8843669295310974
init-init,proj-wikitext2-r50-s0,proj-slimpajama-r50-s0,L4.qkv,4,qkv,2048,1477,0.72119140625,0.9225442409515381
final-final,proj-wikitext2-r50-s0,proj-slimpajama-r50-s0,L4.qkv,4,qkv,2048,1477,0.72119140625,0.9198152422904968
init-init,proj-wikitext2-r50-s0,proj-slimpajama-r50-s0,L4.o,4,o,2048,1477,0.72119140625,0.922965407371521
final-final,proj-wikitext2-r50-s0,proj-slimpajama-r50-s0,L4.o,4,o,2048,1477,0.72119140625,0.9196504950523376
init-init,proj-wikitext2-r50-s0,proj-slimpajama-r50-s0,L4.gateup,4,gateup,2048,1191,0.58154296875,0.8659709692001343
final-final,proj-wikitext2-r50-s0,proj-slimpajama-r50-s0,L4.gateup,4,gateup,2048,1191,0.58154296875,0.8603984117507935
init-init,proj-wikitext2-r50-s0,proj-slimpajama-r50-s0,L4.down,4,down,2048,1191,0.58154296875,0.8853567838668823
final-final,proj-wikitext2-r50-s0,proj-slimpajama-r50-s0,L4.down,4,down,2048,1191,0.58154296875,0.879999041557312
init-init,proj-wikitext2-r50-s0,proj-slimpajama-r50-s0,L5.qkv,5,qkv,2048,1477,0.72119140625,0.9235415458679199
final-final,proj-wikitext2-r50-s0,proj-slimpajama-r50-s0,L5.qkv,5,qkv,2048,1477,0.72119140625,0.921192467212677
init-init,proj-wikitext2-r50-s0,proj-slimpajama-r50-s0,L5.o,5,o,2048,1477,0.72119140625,0.9438098073005676
final-final,proj-wikitext2-r50-s0,proj-slimpajama-r50-s0,L5.o,5,o,2048,1477,0.72119140625,0.9401105046272278
init-init,proj-wikitext2-r50-s0,proj-slimpajama-r50-s0,L5.gateup,5,gateup,2048,1191,0.58154296875,0.8602309226989746
final-final,proj-wikitext2-r50-s0,proj-slimpajama-r50-s0,L5.gateup,5,gateup,2048,1191,0.58154296875,0.8550041317939758
init-init,proj-wikitext2-r50-s0,proj-slimpajama-r50-s0,L5.down,5,down,2048,1191,0.58154296875,0.9037690162658691
final-final,proj-wikitext2-r50-s0,proj-slimpajama-r50-s0,L5.down,5,down,2048,1191,0.58154296875,0.898018479347229
init-init,proj-wikitext2-r50-s0,proj-slimpajama-r50-s0,L6.qkv,6,qkv,2048,1477,0.72119140625,0.9306719899177551
final-final,proj-wikitext2-r50-s0,proj-slimpajama-r50-s0,L6.qkv,6,qkv,2048,1477,0.72119140625,0.9279727339744568
init-init,proj-wikitext2-r50-s0,proj-slimpajama-r50-s0,L6.o,6,o,2048,1477,0.72119140625,0.9393744468688965
final-final,proj-wikitext2-r50-s0,proj-slimpajama-r50-s0,L6.o,6,o,2048,1477,0.72119140625,0.9356553554534912
init-init,proj-wikitext2-r50-s0,proj-slimpajama-r50-s0,L6.gateup,6,gateup,2048,1191,0.58154296875,0.8652693033218384
final-final,proj-wikitext2-r50-s0,proj-slimpajama-r50-s0,L6.gateup,6,gateup,2048,1191,0.58154296875,0.8601809740066528
init-init,proj-wikitext2-r50-s0,proj-slimpajama-r50-s0,L6.down,6,down,2048,1191,0.58154296875,0.8930779695510864
final-final,proj-wikitext2-r50-s0,proj-slimpajama-r50-s0,L6.down,6,down,2048,1191,0.58154296875,0.8875836730003357
init-init,proj-wikitext2-r50-s0,proj-slimpajama-r50-s0,L7.qkv,7,qkv,2048,1477,0.72119140625,0.9203956127166748
final-final,proj-wikitext2-r50-s0,proj-slimpajama-r50-s0,L7.qkv,7,qkv,2048,1477,0.72119140625,0.9179658889770508
init-init,proj-wikitext2-r50-s0,proj-slimpajama-r50-s0,L7.o,7,o,2048,1477,0.72119140625,0.9327910542488098
final-final,proj-wikitext2-r50-s0,proj-slimpajama-r50-s0,L7.o,7,o,2048,1477,0.72119140625,0.9294053316116333
init-init,proj-wikitext2-r50-s0,proj-slimpajama-r50-s0,L7.gateup,7,gateup,2048,1191,0.58154296875,0.8560820817947388
final-final,proj-wikitext2-r50-s0,proj-slimpajama-r50-s0,L7.gateup,7,gateup,2048,1191,0.58154296875,0.8512572646141052
init-init,proj-wikitext2-r50-s0,proj-slimpajama-r50-s0,L7.down,7,down,2048,1191,0.58154296875,0.896647036075592
final-final,proj-wikitext2-r50-s0,proj-slimpajama-r50-s0,L7.down,7,down,2048,1191,0.58154296875,0.8913538455963135
init-init,proj-wikitext2-r50-s0,proj-slimpajama-r50-s0,L8.qkv,8,qkv,2048,1477,0.72119140625,0.9263379573822021
final-final,proj-wikitext2-r50-s0,proj-slimpajama-r50-s0,L8.qkv,8,qkv,2048,1477,0.72119140625,0.9237774610519409
init-init,proj-wikitext2-r50-s0,proj-slimpajama-r50-s0,L8.o,8,o,2048,1477,0.72119140625,0.919662356376648
final-final,proj-wikitext2-r50-s0,proj-slimpajama-r50-s0,L8.o,8,o,2048,1477,0.72119140625,0.916222333908081
init-init,proj-wikitext2-r50-s0,proj-slimpajama-r50-s0,L8.gateup,8,gateup,2048,1191,0.58154296875,0.8492107391357422
final-final,proj-wikitext2-r50-s0,proj-slimpajama-r50-s0,L8.gateup,8,gateup,2048,1191,0.58154296875,0.8446309566497803
init-init,proj-wikitext2-r50-s0,proj-slimpajama-r50-s0,L8.down,8,down,2048,1191,0.58154296875,0.8978184461593628
final-final,proj-wikitext2-r50-s0,proj-slimpajama-r50-s0,L8.down,8,down,2048,1191,0.58154296875,0.8925473690032959
init-init,proj-wikitext2-r50-s0,proj-slimpajama-r50-s0,L9.qkv,9,qkv,2048,1477,0.72119140625,0.9282064437866211
final-final,proj-wikitext2-r50-s0,proj-slimpajama-r50-s0,L9.qkv,9,qkv,2048,1477,0.72119140625,0.9257650971412659
init-init,proj-wikitext2-r50-s0,proj-slimpajama-r50-s0,L9.o,9,o,2048,1477,0.72119140625,0.9328752756118774
final-final,proj-wikitext2-r50-s0,proj-slimpajama-r50-s0,L9.o,9,o,2048,1477,0.72119140625,0.9296054840087891
init-init,proj-wikitext2-r50-s0,proj-slimpajama-r50-s0,L9.gateup,9,gateup,2048,1191,0.58154296875,0.8527035713195801
final-final,proj-wikitext2-r50-s0,proj-slimpajama-r50-s0,L9.gateup,9,gateup,2048,1191,0.58154296875,0.8479095101356506
init-init,proj-wikitext2-r50-s0,proj-slimpajama-r50-s0,L9.down,9,down,2048,1191,0.58154296875,0.888863205909729
final-final,proj-wikitext2-r50-s0,proj-slimpajama-r50-s0,L9.down,9,down,2048,1191,0.58154296875,0.8840801119804382
init-init,proj-wikitext2-r50-s0,proj-slimpajama-r50-s0,L10.qkv,10,qkv,2048,1477,0.72119140625,0.9228003025054932
final-final,proj-wikitext2-r50-s0,proj-slimpajama-r50-s0,L10.qkv,10,qkv,2048,1477,0.72119140625,0.9201704859733582
init-init,proj-wikitext2-r50-s0,proj-slimpajama-r50-s0,L10.o,10,o,2048,1477,0.72119140625,0.9310985803604126
final-final,proj-wikitext2-r50-s0,proj-slimpajama-r50-s0,L10.o,10,o,2048,1477,0.72119140625,0.9274994730949402
init-init,proj-wikitext2-r50-s0,proj-slimpajama-r50-s0,L10.gateup,10,gateup,2048,1191,0.58154296875,0.8494628071784973
final-final,proj-wikitext2-r50-s0,proj-slimpajama-r50-s0,L10.gateup,10,gateup,2048,1191,0.58154296875,0.8451893329620361
init-init,proj-wikitext2-r50-s0,proj-slimpajama-r50-s0,L10.down,10,down,2048,1191,0.58154296875,0.8923295736312866
final-final,proj-wikitext2-r50-s0,proj-slimpajama-r50-s0,L10.down,10,down,2048,1191,0.58154296875,0.8875879049301147
init-init,proj-wikitext2-r50-s0,proj-slimpajama-r50-s0,L11.qkv,11,qkv,2048,1477,0.72119140625,0.9353001713752747
final-final,proj-wikitext2-r50-s0,proj-slimpajama-r50-s0,L11.qkv,11,qkv,2048,1477,0.72119140625,0.9324167370796204
init-init,proj-wikitext2-r50-s0,proj-slimpajama-r50-s0,L11.o,11,o,2048,1477,0.72119140625,0.9526380300521851
final-final,proj-wikitext2-r50-s0,proj-slimpajama-r50-s0,L11.o,11,o,2048,1477,0.72119140625,0.9493784308433533
init-init,proj-wikitext2-r50-s0,proj-slimpajama-r50-s0,L11.gateup,11,gateup,2048,1191,0.58154296875,0.8538896441459656
final-final,proj-wikitext2-r50-s0,proj-slimpajama-r50-s0,L11.gateup,11,gateup,2048,1191,0.58154296875,0.849137544631958
init-init,proj-wikitext2-r50-s0,proj-slimpajama-r50-s0,L11.down,11,down,2048,1191,0.58154296875,0.9028368592262268
final-final,proj-wikitext2-r50-s0,proj-slimpajama-r50-s0,L11.down,11,down,2048,1191,0.58154296875,0.897445559501648
init-init,proj-wikitext2-r50-s0,proj-slimpajama-r50-s0,L12.qkv,12,qkv,2048,1477,0.72119140625,0.9307436943054199
final-final,proj-wikitext2-r50-s0,proj-slimpajama-r50-s0,L12.qkv,12,qkv,2048,1477,0.72119140625,0.9279533624649048
init-init,proj-wikitext2-r50-s0,proj-slimpajama-r50-s0,L12.o,12,o,2048,1477,0.72119140625,0.9404691457748413
final-final,proj-wikitext2-r50-s0,proj-slimpajama-r50-s0,L12.o,12,o,2048,1477,0.72119140625,0.9369373321533203
init-init,proj-wikitext2-r50-s0,proj-slimpajama-r50-s0,L12.gateup,12,gateup,2048,1191,0.58154296875,0.854926347732544
final-final,proj-wikitext2-r50-s0,proj-slimpajama-r50-s0,L12.gateup,12,gateup,2048,1191,0.58154296875,0.8498076796531677
init-init,proj-wikitext2-r50-s0,proj-slimpajama-r50-s0,L12.down,12,down,2048,1191,0.58154296875,0.9116594195365906
final-final,proj-wikitext2-r50-s0,proj-slimpajama-r50-s0,L12.down,12,down,2048,1191,0.58154296875,0.9063491821289062
init-init,proj-wikitext2-r50-s0,proj-slimpajama-r50-s0,L13.qkv,13,qkv,2048,1477,0.72119140625,0.9342026114463806
final-final,proj-wikitext2-r50-s0,proj-slimpajama-r50-s0,L13.qkv,13,qkv,2048,1477,0.72119140625,0.9309348464012146
init-init,proj-wikitext2-r50-s0,proj-slimpajama-r50-s0,L13.o,13,o,2048,1477,0.72119140625,0.9455776214599609
final-final,proj-wikitext2-r50-s0,proj-slimpajama-r50-s0,L13.o,13,o,2048,1477,0.72119140625,0.9421197772026062
init-init,proj-wikitext2-r50-s0,proj-slimpajama-r50-s0,L13.gateup,13,gateup,2048,1191,0.58154296875,0.8589160442352295
final-final,proj-wikitext2-r50-s0,proj-slimpajama-r50-s0,L13.gateup,13,gateup,2048,1191,0.58154296875,0.8536387085914612
init-init,proj-wikitext2-r50-s0,proj-slimpajama-r50-s0,L13.down,13,down,2048,1191,0.58154296875,0.915668249130249
final-final,proj-wikitext2-r50-s0,proj-slimpajama-r50-s0,L13.down,13,down,2048,1191,0.58154296875,0.9102064371109009
init-init,proj-wikitext2-r50-s0,proj-slimpajama-r50-s0,L14.qkv,14,qkv,2048,1477,0.72119140625,0.9363020658493042
final-final,proj-wikitext2-r50-s0,proj-slimpajama-r50-s0,L14.qkv,14,qkv,2048,1477,0.72119140625,0.9335731267929077
init-init,proj-wikitext2-r50-s0,proj-slimpajama-r50-s0,L14.o,14,o,2048,1477,0.72119140625,0.9454878568649292
final-final,proj-wikitext2-r50-s0,proj-slimpajama-r50-s0,L14.o,14,o,2048,1477,0.72119140625,0.9419035911560059
init-init,proj-wikitext2-r50-s0,proj-slimpajama-r50-s0,L14.gateup,14,gateup,2048,1191,0.58154296875,0.8614007830619812
final-final,proj-wikitext2-r50-s0,proj-slimpajama-r50-s0,L14.gateup,14,gateup,2048,1191,0.58154296875,0.8567555546760559
init-init,proj-wikitext2-r50-s0,proj-slimpajama-r50-s0,L14.down,14,down,2048,1191,0.58154296875,0.9238365888595581
final-final,proj-wikitext2-r50-s0,proj-slimpajama-r50-s0,L14.down,14,down,2048,1191,0.58154296875,0.9181838631629944
init-init,proj-wikitext2-r50-s0,proj-slimpajama-r50-s0,L15.qkv,15,qkv,2048,1477,0.72119140625,0.9359633922576904
final-final,proj-wikitext2-r50-s0,proj-slimpajama-r50-s0,L15.qkv,15,qkv,2048,1477,0.72119140625,0.9335917234420776
init-init,proj-wikitext2-r50-s0,proj-slimpajama-r50-s0,L15.o,15,o,2048,1477,0.72119140625,0.9472686052322388
final-final,proj-wikitext2-r50-s0,proj-slimpajama-r50-s0,L15.o,15,o,2048,1477,0.72119140625,0.9436335563659668
init-init,proj-wikitext2-r50-s0,proj-slimpajama-r50-s0,L15.gateup,15,gateup,2048,1191,0.58154296875,0.8667741417884827
final-final,proj-wikitext2-r50-s0,proj-slimpajama-r50-s0,L15.gateup,15,gateup,2048,1191,0.58154296875,0.8619867563247681
init-init,proj-wikitext2-r50-s0,proj-slimpajama-r50-s0,L15.down,15,down,2048,1191,0.58154296875,0.9165455102920532
final-final,proj-wikitext2-r50-s0,proj-slimpajama-r50-s0,L15.down,15,down,2048,1191,0.58154296875,0.9115312695503235
init-init,proj-wikitext2-r50-s0,proj-slimpajama-r50-s0,L16.qkv,16,qkv,2048,1477,0.72119140625,0.9384186863899231
final-final,proj-wikitext2-r50-s0,proj-slimpajama-r50-s0,L16.qkv,16,qkv,2048,1477,0.72119140625,0.936164915561676
init-init,proj-wikitext2-r50-s0,proj-slimpajama-r50-s0,L16.o,16,o,2048,1477,0.72119140625,0.948555052280426
final-final,proj-wikitext2-r50-s0,proj-slimpajama-r50-s0,L16.o,16,o,2048,1477,0.72119140625,0.9450167417526245
init-init,proj-wikitext2-r50-s0,proj-slimpajama-r50-s0,L16.gateup,16,gateup,2048,1191,0.58154296875,0.8716482520103455
final-final,proj-wikitext2-r50-s0,proj-slimpajama-r50-s0,L16.gateup,16,gateup,2048,1191,0.58154296875,0.8678691983222961
init-init,proj-wikitext2-r50-s0,proj-slimpajama-r50-s0,L16.down,16,down,2048,1191,0.58154296875,0.91753089427948
final-final,proj-wikitext2-r50-s0,proj-slimpajama-r50-s0,L16.down,16,down,2048,1191,0.58154296875,0.9124486446380615
init-init,proj-wikitext2-r50-s0,proj-slimpajama-r50-s0,L17.qkv,17,qkv,2048,1477,0.72119140625,0.9296712875366211
final-final,proj-wikitext2-r50-s0,proj-slimpajama-r50-s0,L17.qkv,17,qkv,2048,1477,0.72119140625,0.9271271228790283
init-init,proj-wikitext2-r50-s0,proj-slimpajama-r50-s0,L17.o,17,o,2048,1477,0.72119140625,0.9435570240020752
final-final,proj-wikitext2-r50-s0,proj-slimpajama-r50-s0,L17.o,17,o,2048,1477,0.72119140625,0.9399371147155762
init-init,proj-wikitext2-r50-s0,proj-slimpajama-r50-s0,L17.gateup,17,gateup,2048,1191,0.58154296875,0.8722174763679504
final-final,proj-wikitext2-r50-s0,proj-slimpajama-r50-s0,L17.gateup,17,gateup,2048,1191,0.58154296875,0.8673336505889893
init-init,proj-wikitext2-r50-s0,proj-slimpajama-r50-s0,L17.down,17,down,2048,1191,0.58154296875,0.9004363417625427
final-final,proj-wikitext2-r50-s0,proj-slimpajama-r50-s0,L17.down,17,down,2048,1191,0.58154296875,0.8954333662986755
init-init,proj-wikitext2-r50-s0,proj-slimpajama-r50-s0,L18.qkv,18,qkv,2048,1477,0.72119140625,0.9307006597518921
final-final,proj-wikitext2-r50-s0,proj-slimpajama-r50-s0,L18.qkv,18,qkv,2048,1477,0.72119140625,0.9284632205963135
init-init,proj-wikitext2-r50-s0,proj-slimpajama-r50-s0,L18.o,18,o,2048,1477,0.72119140625,0.9322509765625
final-final,proj-wikitext2-r50-s0,proj-slimpajama-r50-s0,L18.o,18,o,2048,1477,0.72119140625,0.9289342164993286
init-init,proj-wikitext2-r50-s0,proj-slimpajama-r50-s0,L18.gateup,18,gateup,2048,1191,0.58154296875,0.8622242212295532
final-final,proj-wikitext2-r50-s0,proj-slimpajama-r50-s0,L18.gateup,18,gateup,2048,1191,0.58154296875,0.8575117588043213
init-init,proj-wikitext2-r50-s0,proj-slimpajama-r50-s0,L18.down,18,down,2048,1191,0.58154296875,0.8935238122940063
final-final,proj-wikitext2-r50-s0,proj-slimpajama-r50-s0,L18.down,18,down,2048,1191,0.58154296875,0.8883647918701172
init-init,proj-wikitext2-r50-s0,proj-slimpajama-r50-s0,L19.qkv,19,qkv,2048,1477,0.72119140625,0.9290844202041626
final-final,proj-wikitext2-r50-s0,proj-slimpajama-r50-s0,L19.qkv,19,qkv,2048,1477,0.72119140625,0.9269629120826721
init-init,proj-wikitext2-r50-s0,proj-slimpajama-r50-s0,L19.o,19,o,2048,1477,0.72119140625,0.9421069025993347
final-final,proj-wikitext2-r50-s0,proj-slimpajama-r50-s0,L19.o,19,o,2048,1477,0.72119140625,0.9388066530227661
init-init,proj-wikitext2-r50-s0,proj-slimpajama-r50-s0,L19.gateup,19,gateup,2048,1191,0.58154296875,0.8609599471092224
final-final,proj-wikitext2-r50-s0,proj-slimpajama-r50-s0,L19.gateup,19,gateup,2048,1191,0.58154296875,0.8564664721488953
init-init,proj-wikitext2-r50-s0,proj-slimpajama-r50-s0,L19.down,19,down,2048,1191,0.58154296875,0.9003769755363464
final-final,proj-wikitext2-r50-s0,proj-slimpajama-r50-s0,L19.down,19,down,2048,1191,0.58154296875,0.894783079624176
init-init,proj-wikitext2-r50-s0,proj-slimpajama-r50-s0,L20.qkv,20,qkv,2048,1477,0.72119140625,0.9315127730369568
final-final,proj-wikitext2-r50-s0,proj-slimpajama-r50-s0,L20.qkv,20,qkv,2048,1477,0.72119140625,0.9293767213821411
init-init,proj-wikitext2-r50-s0,proj-slimpajama-r50-s0,L20.o,20,o,2048,1477,0.72119140625,0.9307888150215149
final-final,proj-wikitext2-r50-s0,proj-slimpajama-r50-s0,L20.o,20,o,2048,1477,0.72119140625,0.9269400835037231
init-init,proj-wikitext2-r50-s0,proj-slimpajama-r50-s0,L20.gateup,20,gateup,2048,1191,0.58154296875,0.8607200980186462
final-final,proj-wikitext2-r50-s0,proj-slimpajama-r50-s0,L20.gateup,20,gateup,2048,1191,0.58154296875,0.8557031154632568
init-init,proj-wikitext2-r50-s0,proj-slimpajama-r50-s0,L20.down,20,down,2048,1191,0.58154296875,0.8901297450065613
final-final,proj-wikitext2-r50-s0,proj-slimpajama-r50-s0,L20.down,20,down,2048,1191,0.58154296875,0.8838980793952942
init-init,proj-wikitext2-r50-s0,proj-slimpajama-r50-s0,L21.qkv,21,qkv,2048,1477,0.72119140625,0.9261913299560547
final-final,proj-wikitext2-r50-s0,proj-slimpajama-r50-s0,L21.qkv,21,qkv,2048,1477,0.72119140625,0.9242114424705505
init-init,proj-wikitext2-r50-s0,proj-slimpajama-r50-s0,L21.o,21,o,2048,1477,0.72119140625,0.9292574524879456
final-final,proj-wikitext2-r50-s0,proj-slimpajama-r50-s0,L21.o,21,o,2048,1477,0.72119140625,0.9254934787750244
init-init,proj-wikitext2-r50-s0,proj-slimpajama-r50-s0,L21.gateup,21,gateup,2048,1191,0.58154296875,0.8529024720191956
final-final,proj-wikitext2-r50-s0,proj-slimpajama-r50-s0,L21.gateup,21,gateup,2048,1191,0.58154296875,0.8474644422531128
init-init,proj-wikitext2-r50-s0,proj-slimpajama-r50-s0,L21.down,21,down,2048,1191,0.58154296875,0.8795017004013062
final-final,proj-wikitext2-r50-s0,proj-slimpajama-r50-s0,L21.down,21,down,2048,1191,0.58154296875,0.8731175661087036
init-init,proj-wikitext2-r50-s0,proj-slimpajama-r50-s0,L22.qkv,22,qkv,2048,1477,0.72119140625,0.9229082465171814
final-final,proj-wikitext2-r50-s0,proj-slimpajama-r50-s0,L22.qkv,22,qkv,2048,1477,0.72119140625,0.9210924506187439
init-init,proj-wikitext2-r50-s0,proj-slimpajama-r50-s0,L22.o,22,o,2048,1477,0.72119140625,0.9166651964187622
final-final,proj-wikitext2-r50-s0,proj-slimpajama-r50-s0,L22.o,22,o,2048,1477,0.72119140625,0.9133846163749695
init-init,proj-wikitext2-r50-s0,proj-slimpajama-r50-s0,L22.gateup,22,gateup,2048,1191,0.58154296875,0.845043957233429
final-final,proj-wikitext2-r50-s0,proj-slimpajama-r50-s0,L22.gateup,22,gateup,2048,1191,0.58154296875,0.8392980098724365
init-init,proj-wikitext2-r50-s0,proj-slimpajama-r50-s0,L22.down,22,down,2048,1191,0.58154296875,0.8708066344261169
final-final,proj-wikitext2-r50-s0,proj-slimpajama-r50-s0,L22.down,22,down,2048,1191,0.58154296875,0.8647116422653198
init-init,proj-wikitext2-r50-s0,proj-slimpajama-r50-s0,L23.qkv,23,qkv,2048,1477,0.72119140625,0.9212850332260132
final-final,proj-wikitext2-r50-s0,proj-slimpajama-r50-s0,L23.qkv,23,qkv,2048,1477,0.72119140625,0.9194620847702026
init-init,proj-wikitext2-r50-s0,proj-slimpajama-r50-s0,L23.o,23,o,2048,1477,0.72119140625,0.9157711267471313
final-final,proj-wikitext2-r50-s0,proj-slimpajama-r50-s0,L23.o,23,o,2048,1477,0.72119140625,0.9123172163963318
init-init,proj-wikitext2-r50-s0,proj-slimpajama-r50-s0,L23.gateup,23,gateup,2048,1191,0.58154296875,0.8350282907485962
final-final,proj-wikitext2-r50-s0,proj-slimpajama-r50-s0,L23.gateup,23,gateup,2048,1191,0.58154296875,0.8288995623588562
init-init,proj-wikitext2-r50-s0,proj-slimpajama-r50-s0,L23.down,23,down,2048,1191,0.58154296875,0.8678662776947021
final-final,proj-wikitext2-r50-s0,proj-slimpajama-r50-s0,L23.down,23,down,2048,1191,0.58154296875,0.8618606925010681
init-init,proj-wikitext2-r50-s0,proj-slimpajama-r50-s0,L24.qkv,24,qkv,2048,1477,0.72119140625,0.919807493686676
final-final,proj-wikitext2-r50-s0,proj-slimpajama-r50-s0,L24.qkv,24,qkv,2048,1477,0.72119140625,0.9177728295326233
init-init,proj-wikitext2-r50-s0,proj-slimpajama-r50-s0,L24.o,24,o,2048,1477,0.72119140625,0.9054046869277954
final-final,proj-wikitext2-r50-s0,proj-slimpajama-r50-s0,L24.o,24,o,2048,1477,0.72119140625,0.901749849319458
init-init,proj-wikitext2-r50-s0,proj-slimpajama-r50-s0,L24.gateup,24,gateup,2048,1191,0.58154296875,0.8272961378097534
final-final,proj-wikitext2-r50-s0,proj-slimpajama-r50-s0,L24.gateup,24,gateup,2048,1191,0.58154296875,0.8212909698486328
init-init,proj-wikitext2-r50-s0,proj-slimpajama-r50-s0,L24.down,24,down,2048,1191,0.58154296875,0.8661088347434998
final-final,proj-wikitext2-r50-s0,proj-slimpajama-r50-s0,L24.down,24,down,2048,1191,0.58154296875,0.8607105612754822
init-init,proj-wikitext2-r50-s0,proj-slimpajama-r50-s0,L25.qkv,25,qkv,2048,1477,0.72119140625,0.9197428226470947
final-final,proj-wikitext2-r50-s0,proj-slimpajama-r50-s0,L25.qkv,25,qkv,2048,1477,0.72119140625,0.9177860617637634
init-init,proj-wikitext2-r50-s0,proj-slimpajama-r50-s0,L25.o,25,o,2048,1477,0.72119140625,0.899612307548523
final-final,proj-wikitext2-r50-s0,proj-slimpajama-r50-s0,L25.o,25,o,2048,1477,0.72119140625,0.8956372737884521
init-init,proj-wikitext2-r50-s0,proj-slimpajama-r50-s0,L25.gateup,25,gateup,2048,1191,0.58154296875,0.8212672472000122
final-final,proj-wikitext2-r50-s0,proj-slimpajama-r50-s0,L25.gateup,25,gateup,2048,1191,0.58154296875,0.8158353567123413
init-init,proj-wikitext2-r50-s0,proj-slimpajama-r50-s0,L25.down,25,down,2048,1191,0.58154296875,0.8591636419296265
final-final,proj-wikitext2-r50-s0,proj-slimpajama-r50-s0,L25.down,25,down,2048,1191,0.58154296875,0.8533169031143188
init-init,proj-wikitext2-r50-s0,proj-slimpajama-r50-s0,L26.qkv,26,qkv,2048,1477,0.72119140625,0.9172520637512207
final-final,proj-wikitext2-r50-s0,proj-slimpajama-r50-s0,L26.qkv,26,qkv,2048,1477,0.72119140625,0.9155286550521851
init-init,proj-wikitext2-r50-s0,proj-slimpajama-r50-s0,L26.o,26,o,2048,1477,0.72119140625,0.8939093947410583
final-final,proj-wikitext2-r50-s0,proj-slimpajama-r50-s0,L26.o,26,o,2048,1477,0.72119140625,0.8908734321594238
init-init,proj-wikitext2-r50-s0,proj-slimpajama-r50-s0,L26.gateup,26,gateup,2048,1191,0.58154296875,0.8167239427566528
final-final,proj-wikitext2-r50-s0,proj-slimpajama-r50-s0,L26.gateup,26,gateup,2048,1191,0.58154296875,0.8126618266105652
init-init,proj-wikitext2-r50-s0,proj-slimpajama-r50-s0,L26.down,26,down,2048,1191,0.58154296875,0.8582893013954163
final-final,proj-wikitext2-r50-s0,proj-slimpajama-r50-s0,L26.down,26,down,2048,1191,0.58154296875,0.8540100455284119
init-init,proj-wikitext2-r50-s0,proj-slimpajama-r50-s0,L27.qkv,27,qkv,2048,1477,0.72119140625,0.8821250200271606
final-final,proj-wikitext2-r50-s0,proj-slimpajama-r50-s0,L27.qkv,27,qkv,2048,1477,0.72119140625,0.8803345561027527
init-init,proj-wikitext2-r50-s0,proj-slimpajama-r50-s0,L27.o,27,o,2048,1477,0.72119140625,0.9203762412071228
final-final,proj-wikitext2-r50-s0,proj-slimpajama-r50-s0,L27.o,27,o,2048,1477,0.72119140625,0.9179198741912842
init-init,proj-wikitext2-r50-s0,proj-slimpajama-r50-s0,L27.gateup,27,gateup,2048,1191,0.58154296875,0.8053392767906189
final-final,proj-wikitext2-r50-s0,proj-slimpajama-r50-s0,L27.gateup,27,gateup,2048,1191,0.58154296875,0.8031337261199951
init-init,proj-wikitext2-r50-s0,proj-slimpajama-r50-s0,L27.down,27,down,2048,1191,0.58154296875,0.8612635135650635
final-final,proj-wikitext2-r50-s0,proj-slimpajama-r50-s0,L27.down,27,down,2048,1191,0.58154296875,0.8601197004318237
init-init,proj-wikitext2-r50-s0,proj-alpaca-r50-s0,L0.qkv,0,qkv,2048,1477,0.72119140625,0.874154269695282
final-final,proj-wikitext2-r50-s0,proj-alpaca-r50-s0,L0.qkv,0,qkv,2048,1477,0.72119140625,0.8725599050521851
init-init,proj-wikitext2-r50-s0,proj-alpaca-r50-s0,L0.o,0,o,2048,1477,0.72119140625,0.9217220544815063
final-final,proj-wikitext2-r50-s0,proj-alpaca-r50-s0,L0.o,0,o,2048,1477,0.72119140625,0.9191345572471619
init-init,proj-wikitext2-r50-s0,proj-alpaca-r50-s0,L0.gateup,0,gateup,2048,1191,0.58154296875,0.9362050890922546
final-final,proj-wikitext2-r50-s0,proj-alpaca-r50-s0,L0.gateup,0,gateup,2048,1191,0.58154296875,0.9316228032112122
init-init,proj-wikitext2-r50-s0,proj-alpaca-r50-s0,L0.down,0,down,2048,1191,0.58154296875,0.8552815914154053
final-final,proj-wikitext2-r50-s0,proj-alpaca-r50-s0,L0.down,0,down,2048,1191,0.58154296875,0.8521692752838135
init-init,proj-wikitext2-r50-s0,proj-alpaca-r50-s0,L1.qkv,1,qkv,2048,1477,0.72119140625,0.9021948575973511
final-final,proj-wikitext2-r50-s0,proj-alpaca-r50-s0,L1.qkv,1,qkv,2048,1477,0.72119140625,0.8996065855026245
init-init,proj-wikitext2-r50-s0,proj-alpaca-r50-s0,L1.o,1,o,2048,1477,0.72119140625,0.9087998270988464
final-final,proj-wikitext2-r50-s0,proj-alpaca-r50-s0,L1.o,1,o,2048,1477,0.72119140625,0.9066149592399597
init-init,proj-wikitext2-r50-s0,proj-alpaca-r50-s0,L1.gateup,1,gateup,2048,1191,0.58154296875,0.8540715575218201
final-final,proj-wikitext2-r50-s0,proj-alpaca-r50-s0,L1.gateup,1,gateup,2048,1191,0.58154296875,0.8511632680892944
init-init,proj-wikitext2-r50-s0,proj-alpaca-r50-s0,L1.down,1,down,2048,1191,0.58154296875,0.8449693322181702
final-final,proj-wikitext2-r50-s0,proj-alpaca-r50-s0,L1.down,1,down,2048,1191,0.58154296875,0.8407773375511169
init-init,proj-wikitext2-r50-s0,proj-alpaca-r50-s0,L2.qkv,2,qkv,2048,1477,0.72119140625,0.901386022567749
final-final,proj-wikitext2-r50-s0,proj-alpaca-r50-s0,L2.qkv,2,qkv,2048,1477,0.72119140625,0.8983453512191772
init-init,proj-wikitext2-r50-s0,proj-alpaca-r50-s0,L2.o,2,o,2048,1477,0.72119140625,0.9210384488105774
final-final,proj-wikitext2-r50-s0,proj-alpaca-r50-s0,L2.o,2,o,2048,1477,0.72119140625,0.9177088737487793
init-init,proj-wikitext2-r50-s0,proj-alpaca-r50-s0,L2.gateup,2,gateup,2048,1191,0.58154296875,0.8384956121444702
final-final,proj-wikitext2-r50-s0,proj-alpaca-r50-s0,L2.gateup,2,gateup,2048,1191,0.58154296875,0.8345616459846497
init-init,proj-wikitext2-r50-s0,proj-alpaca-r50-s0,L2.down,2,down,2048,1191,0.58154296875,0.8495907187461853
final-final,proj-wikitext2-r50-s0,proj-alpaca-r50-s0,L2.down,2,down,2048,1191,0.58154296875,0.8446623086929321
init-init,proj-wikitext2-r50-s0,proj-alpaca-r50-s0,L3.qkv,3,qkv,2048,1477,0.72119140625,0.8968108296394348
final-final,proj-wikitext2-r50-s0,proj-alpaca-r50-s0,L3.qkv,3,qkv,2048,1477,0.72119140625,0.8944862484931946
init-init,proj-wikitext2-r50-s0,proj-alpaca-r50-s0,L3.o,3,o,2048,1477,0.72119140625,0.8945693373680115
final-final,proj-wikitext2-r50-s0,proj-alpaca-r50-s0,L3.o,3,o,2048,1477,0.72119140625,0.8910302519798279
init-init,proj-wikitext2-r50-s0,proj-alpaca-r50-s0,L3.gateup,3,gateup,2048,1191,0.58154296875,0.8305320739746094
final-final,proj-wikitext2-r50-s0,proj-alpaca-r50-s0,L3.gateup,3,gateup,2048,1191,0.58154296875,0.8255605101585388
init-init,proj-wikitext2-r50-s0,proj-alpaca-r50-s0,L3.down,3,down,2048,1191,0.58154296875,0.842576265335083
final-final,proj-wikitext2-r50-s0,proj-alpaca-r50-s0,L3.down,3,down,2048,1191,0.58154296875,0.8374838829040527
init-init,proj-wikitext2-r50-s0,proj-alpaca-r50-s0,L4.qkv,4,qkv,2048,1477,0.72119140625,0.8905563950538635
final-final,proj-wikitext2-r50-s0,proj-alpaca-r50-s0,L4.qkv,4,qkv,2048,1477,0.72119140625,0.8881716728210449
init-init,proj-wikitext2-r50-s0,proj-alpaca-r50-s0,L4.o,4,o,2048,1477,0.72119140625,0.8921010494232178
final-final,proj-wikitext2-r50-s0,proj-alpaca-r50-s0,L4.o,4,o,2048,1477,0.72119140625,0.8890589475631714
init-init,proj-wikitext2-r50-s0,proj-alpaca-r50-s0,L4.gateup,4,gateup,2048,1191,0.58154296875,0.817035973072052
final-final,proj-wikitext2-r50-s0,proj-alpaca-r50-s0,L4.gateup,4,gateup,2048,1191,0.58154296875,0.8127727508544922
init-init,proj-wikitext2-r50-s0,proj-alpaca-r50-s0,L4.down,4,down,2048,1191,0.58154296875,0.833087146282196
final-final,proj-wikitext2-r50-s0,proj-alpaca-r50-s0,L4.down,4,down,2048,1191,0.58154296875,0.8283831477165222
init-init,proj-wikitext2-r50-s0,proj-alpaca-r50-s0,L5.qkv,5,qkv,2048,1477,0.72119140625,0.8900771737098694
final-final,proj-wikitext2-r50-s0,proj-alpaca-r50-s0,L5.qkv,5,qkv,2048,1477,0.72119140625,0.8881772756576538
init-init,proj-wikitext2-r50-s0,proj-alpaca-r50-s0,L5.o,5,o,2048,1477,0.72119140625,0.9088691473007202
final-final,proj-wikitext2-r50-s0,proj-alpaca-r50-s0,L5.o,5,o,2048,1477,0.72119140625,0.9055912494659424
init-init,proj-wikitext2-r50-s0,proj-alpaca-r50-s0,L5.gateup,5,gateup,2048,1191,0.58154296875,0.8065025806427002
final-final,proj-wikitext2-r50-s0,proj-alpaca-r50-s0,L5.gateup,5,gateup,2048,1191,0.58154296875,0.8025290966033936
init-init,proj-wikitext2-r50-s0,proj-alpaca-r50-s0,L5.down,5,down,2048,1191,0.58154296875,0.8481414914131165
final-final,proj-wikitext2-r50-s0,proj-alpaca-r50-s0,L5.down,5,down,2048,1191,0.58154296875,0.843285858631134
init-init,proj-wikitext2-r50-s0,proj-alpaca-r50-s0,L6.qkv,6,qkv,2048,1477,0.72119140625,0.8930166363716125
final-final,proj-wikitext2-r50-s0,proj-alpaca-r50-s0,L6.qkv,6,qkv,2048,1477,0.72119140625,0.8907751441001892
init-init,proj-wikitext2-r50-s0,proj-alpaca-r50-s0,L6.o,6,o,2048,1477,0.72119140625,0.9070942997932434
final-final,proj-wikitext2-r50-s0,proj-alpaca-r50-s0,L6.o,6,o,2048,1477,0.72119140625,0.903884768486023
init-init,proj-wikitext2-r50-s0,proj-alpaca-r50-s0,L6.gateup,6,gateup,2048,1191,0.58154296875,0.8052722215652466
final-final,proj-wikitext2-r50-s0,proj-alpaca-r50-s0,L6.gateup,6,gateup,2048,1191,0.58154296875,0.8012176752090454
init-init,proj-wikitext2-r50-s0,proj-alpaca-r50-s0,L6.down,6,down,2048,1191,0.58154296875,0.839144229888916
final-final,proj-wikitext2-r50-s0,proj-alpaca-r50-s0,L6.down,6,down,2048,1191,0.58154296875,0.8342881202697754
init-init,proj-wikitext2-r50-s0,proj-alpaca-r50-s0,L7.qkv,7,qkv,2048,1477,0.72119140625,0.8775539398193359
final-final,proj-wikitext2-r50-s0,proj-alpaca-r50-s0,L7.qkv,7,qkv,2048,1477,0.72119140625,0.8756512403488159
init-init,proj-wikitext2-r50-s0,proj-alpaca-r50-s0,L7.o,7,o,2048,1477,0.72119140625,0.8895429372787476
final-final,proj-wikitext2-r50-s0,proj-alpaca-r50-s0,L7.o,7,o,2048,1477,0.72119140625,0.8866699934005737
init-init,proj-wikitext2-r50-s0,proj-alpaca-r50-s0,L7.gateup,7,gateup,2048,1191,0.58154296875,0.7911128401756287
final-final,proj-wikitext2-r50-s0,proj-alpaca-r50-s0,L7.gateup,7,gateup,2048,1191,0.58154296875,0.7875308394432068
init-init,proj-wikitext2-r50-s0,proj-alpaca-r50-s0,L7.down,7,down,2048,1191,0.58154296875,0.8422592878341675
final-final,proj-wikitext2-r50-s0,proj-alpaca-r50-s0,L7.down,7,down,2048,1191,0.58154296875,0.8375343680381775
init-init,proj-wikitext2-r50-s0,proj-alpaca-r50-s0,L8.qkv,8,qkv,2048,1477,0.72119140625,0.8825237154960632
final-final,proj-wikitext2-r50-s0,proj-alpaca-r50-s0,L8.qkv,8,qkv,2048,1477,0.72119140625,0.8804566264152527
init-init,proj-wikitext2-r50-s0,proj-alpaca-r50-s0,L8.o,8,o,2048,1477,0.72119140625,0.8722732663154602
final-final,proj-wikitext2-r50-s0,proj-alpaca-r50-s0,L8.o,8,o,2048,1477,0.72119140625,0.8695775866508484
init-init,proj-wikitext2-r50-s0,proj-alpaca-r50-s0,L8.gateup,8,gateup,2048,1191,0.58154296875,0.7816451787948608
final-final,proj-wikitext2-r50-s0,proj-alpaca-r50-s0,L8.gateup,8,gateup,2048,1191,0.58154296875,0.7783056497573853
init-init,proj-wikitext2-r50-s0,proj-alpaca-r50-s0,L8.down,8,down,2048,1191,0.58154296875,0.8440381288528442
final-final,proj-wikitext2-r50-s0,proj-alpaca-r50-s0,L8.down,8,down,2048,1191,0.58154296875,0.8391969203948975
init-init,proj-wikitext2-r50-s0,proj-alpaca-r50-s0,L9.qkv,9,qkv,2048,1477,0.72119140625,0.8855499029159546
final-final,proj-wikitext2-r50-s0,proj-alpaca-r50-s0,L9.qkv,9,qkv,2048,1477,0.72119140625,0.8837145566940308
init-init,proj-wikitext2-r50-s0,proj-alpaca-r50-s0,L9.o,9,o,2048,1477,0.72119140625,0.9012181758880615
final-final,proj-wikitext2-r50-s0,proj-alpaca-r50-s0,L9.o,9,o,2048,1477,0.72119140625,0.8984484076499939
init-init,proj-wikitext2-r50-s0,proj-alpaca-r50-s0,L9.gateup,9,gateup,2048,1191,0.58154296875,0.7877853512763977
final-final,proj-wikitext2-r50-s0,proj-alpaca-r50-s0,L9.gateup,9,gateup,2048,1191,0.58154296875,0.7842373847961426
init-init,proj-wikitext2-r50-s0,proj-alpaca-r50-s0,L9.down,9,down,2048,1191,0.58154296875,0.8361901640892029
final-final,proj-wikitext2-r50-s0,proj-alpaca-r50-s0,L9.down,9,down,2048,1191,0.58154296875,0.8318076133728027
init-init,proj-wikitext2-r50-s0,proj-alpaca-r50-s0,L10.qkv,10,qkv,2048,1477,0.72119140625,0.8802009224891663
final-final,proj-wikitext2-r50-s0,proj-alpaca-r50-s0,L10.qkv,10,qkv,2048,1477,0.72119140625,0.8782540559768677
init-init,proj-wikitext2-r50-s0,proj-alpaca-r50-s0,L10.o,10,o,2048,1477,0.72119140625,0.8919174075126648
final-final,proj-wikitext2-r50-s0,proj-alpaca-r50-s0,L10.o,10,o,2048,1477,0.72119140625,0.8891279101371765
init-init,proj-wikitext2-r50-s0,proj-alpaca-r50-s0,L10.gateup,10,gateup,2048,1191,0.58154296875,0.7861825823783875
final-final,proj-wikitext2-r50-s0,proj-alpaca-r50-s0,L10.gateup,10,gateup,2048,1191,0.58154296875,0.7828863859176636
init-init,proj-wikitext2-r50-s0,proj-alpaca-r50-s0,L10.down,10,down,2048,1191,0.58154296875,0.8369216322898865
final-final,proj-wikitext2-r50-s0,proj-alpaca-r50-s0,L10.down,10,down,2048,1191,0.58154296875,0.8326772451400757
init-init,proj-wikitext2-r50-s0,proj-alpaca-r50-s0,L11.qkv,11,qkv,2048,1477,0.72119140625,0.895762026309967
final-final,proj-wikitext2-r50-s0,proj-alpaca-r50-s0,L11.qkv,11,qkv,2048,1477,0.72119140625,0.893467366695404
init-init,proj-wikitext2-r50-s0,proj-alpaca-r50-s0,L11.o,11,o,2048,1477,0.72119140625,0.9155162572860718
final-final,proj-wikitext2-r50-s0,proj-alpaca-r50-s0,L11.o,11,o,2048,1477,0.72119140625,0.9124991297721863
init-init,proj-wikitext2-r50-s0,proj-alpaca-r50-s0,L11.gateup,11,gateup,2048,1191,0.58154296875,0.7911621928215027
final-final,proj-wikitext2-r50-s0,proj-alpaca-r50-s0,L11.gateup,11,gateup,2048,1191,0.58154296875,0.7874547243118286
init-init,proj-wikitext2-r50-s0,proj-alpaca-r50-s0,L11.down,11,down,2048,1191,0.58154296875,0.8465596437454224
final-final,proj-wikitext2-r50-s0,proj-alpaca-r50-s0,L11.down,11,down,2048,1191,0.58154296875,0.8418455719947815
init-init,proj-wikitext2-r50-s0,proj-alpaca-r50-s0,L12.qkv,12,qkv,2048,1477,0.72119140625,0.8859543800354004
final-final,proj-wikitext2-r50-s0,proj-alpaca-r50-s0,L12.qkv,12,qkv,2048,1477,0.72119140625,0.8838667273521423
init-init,proj-wikitext2-r50-s0,proj-alpaca-r50-s0,L12.o,12,o,2048,1477,0.72119140625,0.8964923024177551
final-final,proj-wikitext2-r50-s0,proj-alpaca-r50-s0,L12.o,12,o,2048,1477,0.72119140625,0.8934919238090515
init-init,proj-wikitext2-r50-s0,proj-alpaca-r50-s0,L12.gateup,12,gateup,2048,1191,0.58154296875,0.7882232666015625
final-final,proj-wikitext2-r50-s0,proj-alpaca-r50-s0,L12.gateup,12,gateup,2048,1191,0.58154296875,0.784411609172821
init-init,proj-wikitext2-r50-s0,proj-alpaca-r50-s0,L12.down,12,down,2048,1191,0.58154296875,0.857171893119812
final-final,proj-wikitext2-r50-s0,proj-alpaca-r50-s0,L12.down,12,down,2048,1191,0.58154296875,0.8524535298347473
init-init,proj-wikitext2-r50-s0,proj-alpaca-r50-s0,L13.qkv,13,qkv,2048,1477,0.72119140625,0.8886407613754272
final-final,proj-wikitext2-r50-s0,proj-alpaca-r50-s0,L13.qkv,13,qkv,2048,1477,0.72119140625,0.8861773610115051
init-init,proj-wikitext2-r50-s0,proj-alpaca-r50-s0,L13.o,13,o,2048,1477,0.72119140625,0.9068412184715271
final-final,proj-wikitext2-r50-s0,proj-alpaca-r50-s0,L13.o,13,o,2048,1477,0.72119140625,0.9038679003715515
init-init,proj-wikitext2-r50-s0,proj-alpaca-r50-s0,L13.gateup,13,gateup,2048,1191,0.58154296875,0.7884463667869568
final-final,proj-wikitext2-r50-s0,proj-alpaca-r50-s0,L13.gateup,13,gateup,2048,1191,0.58154296875,0.7845328450202942
init-init,proj-wikitext2-r50-s0,proj-alpaca-r50-s0,L13.down,13,down,2048,1191,0.58154296875,0.8594298958778381
final-final,proj-wikitext2-r50-s0,proj-alpaca-r50-s0,L13.down,13,down,2048,1191,0.58154296875,0.8545695543289185
init-init,proj-wikitext2-r50-s0,proj-alpaca-r50-s0,L14.qkv,14,qkv,2048,1477,0.72119140625,0.8873093128204346
final-final,proj-wikitext2-r50-s0,proj-alpaca-r50-s0,L14.qkv,14,qkv,2048,1477,0.72119140625,0.8853082656860352
init-init,proj-wikitext2-r50-s0,proj-alpaca-r50-s0,L14.o,14,o,2048,1477,0.72119140625,0.8978766202926636
final-final,proj-wikitext2-r50-s0,proj-alpaca-r50-s0,L14.o,14,o,2048,1477,0.72119140625,0.895095705986023
init-init,proj-wikitext2-r50-s0,proj-alpaca-r50-s0,L14.gateup,14,gateup,2048,1191,0.58154296875,0.7873231768608093
final-final,proj-wikitext2-r50-s0,proj-alpaca-r50-s0,L14.gateup,14,gateup,2048,1191,0.58154296875,0.7839300632476807
init-init,proj-wikitext2-r50-s0,proj-alpaca-r50-s0,L14.down,14,down,2048,1191,0.58154296875,0.8667526841163635
final-final,proj-wikitext2-r50-s0,proj-alpaca-r50-s0,L14.down,14,down,2048,1191,0.58154296875,0.8616456389427185
init-init,proj-wikitext2-r50-s0,proj-alpaca-r50-s0,L15.qkv,15,qkv,2048,1477,0.72119140625,0.8845946788787842
final-final,proj-wikitext2-r50-s0,proj-alpaca-r50-s0,L15.qkv,15,qkv,2048,1477,0.72119140625,0.8829550743103027
init-init,proj-wikitext2-r50-s0,proj-alpaca-r50-s0,L15.o,15,o,2048,1477,0.72119140625,0.9080021977424622
final-final,proj-wikitext2-r50-s0,proj-alpaca-r50-s0,L15.o,15,o,2048,1477,0.72119140625,0.9049270153045654
init-init,proj-wikitext2-r50-s0,proj-alpaca-r50-s0,L15.gateup,15,gateup,2048,1191,0.58154296875,0.7928844690322876
final-final,proj-wikitext2-r50-s0,proj-alpaca-r50-s0,L15.gateup,15,gateup,2048,1191,0.58154296875,0.7892144918441772
init-init,proj-wikitext2-r50-s0,proj-alpaca-r50-s0,L15.down,15,down,2048,1191,0.58154296875,0.8578153252601624
final-final,proj-wikitext2-r50-s0,proj-alpaca-r50-s0,L15.down,15,down,2048,1191,0.58154296875,0.8532085418701172
init-init,proj-wikitext2-r50-s0,proj-alpaca-r50-s0,L16.qkv,16,qkv,2048,1477,0.72119140625,0.8892465829849243
final-final,proj-wikitext2-r50-s0,proj-alpaca-r50-s0,L16.qkv,16,qkv,2048,1477,0.72119140625,0.8874762654304504
init-init,proj-wikitext2-r50-s0,proj-alpaca-r50-s0,L16.o,16,o,2048,1477,0.72119140625,0.908447802066803
final-final,proj-wikitext2-r50-s0,proj-alpaca-r50-s0,L16.o,16,o,2048,1477,0.72119140625,0.9054197072982788
init-init,proj-wikitext2-r50-s0,proj-alpaca-r50-s0,L16.gateup,16,gateup,2048,1191,0.58154296875,0.7989105582237244
final-final,proj-wikitext2-r50-s0,proj-alpaca-r50-s0,L16.gateup,16,gateup,2048,1191,0.58154296875,0.7961505651473999
init-init,proj-wikitext2-r50-s0,proj-alpaca-r50-s0,L16.down,16,down,2048,1191,0.58154296875,0.8622172474861145
final-final,proj-wikitext2-r50-s0,proj-alpaca-r50-s0,L16.down,16,down,2048,1191,0.58154296875,0.8575260043144226
init-init,proj-wikitext2-r50-s0,proj-alpaca-r50-s0,L17.qkv,17,qkv,2048,1477,0.72119140625,0.8808909058570862
final-final,proj-wikitext2-r50-s0,proj-alpaca-r50-s0,L17.qkv,17,qkv,2048,1477,0.72119140625,0.8792115449905396
init-init,proj-wikitext2-r50-s0,proj-alpaca-r50-s0,L17.o,17,o,2048,1477,0.72119140625,0.9107078313827515
final-final,proj-wikitext2-r50-s0,proj-alpaca-r50-s0,L17.o,17,o,2048,1477,0.72119140625,0.90743488073349
init-init,proj-wikitext2-r50-s0,proj-alpaca-r50-s0,L17.gateup,17,gateup,2048,1191,0.58154296875,0.8086013197898865
final-final,proj-wikitext2-r50-s0,proj-alpaca-r50-s0,L17.gateup,17,gateup,2048,1191,0.58154296875,0.8046497106552124
init-init,proj-wikitext2-r50-s0,proj-alpaca-r50-s0,L17.down,17,down,2048,1191,0.58154296875,0.8476881384849548
final-final,proj-wikitext2-r50-s0,proj-alpaca-r50-s0,L17.down,17,down,2048,1191,0.58154296875,0.8432108759880066
init-init,proj-wikitext2-r50-s0,proj-alpaca-r50-s0,L18.qkv,18,qkv,2048,1477,0.72119140625,0.8864613771438599
final-final,proj-wikitext2-r50-s0,proj-alpaca-r50-s0,L18.qkv,18,qkv,2048,1477,0.72119140625,0.8849054574966431
init-init,proj-wikitext2-r50-s0,proj-alpaca-r50-s0,L18.o,18,o,2048,1477,0.72119140625,0.8990793228149414
final-final,proj-wikitext2-r50-s0,proj-alpaca-r50-s0,L18.o,18,o,2048,1477,0.72119140625,0.8961144089698792
init-init,proj-wikitext2-r50-s0,proj-alpaca-r50-s0,L18.gateup,18,gateup,2048,1191,0.58154296875,0.8012969493865967
final-final,proj-wikitext2-r50-s0,proj-alpaca-r50-s0,L18.gateup,18,gateup,2048,1191,0.58154296875,0.7974226474761963
init-init,proj-wikitext2-r50-s0,proj-alpaca-r50-s0,L18.down,18,down,2048,1191,0.58154296875,0.842397928237915
final-final,proj-wikitext2-r50-s0,proj-alpaca-r50-s0,L18.down,18,down,2048,1191,0.58154296875,0.8378088474273682
init-init,proj-wikitext2-r50-s0,proj-alpaca-r50-s0,L19.qkv,19,qkv,2048,1477,0.72119140625,0.8884696364402771
final-final,proj-wikitext2-r50-s0,proj-alpaca-r50-s0,L19.qkv,19,qkv,2048,1477,0.72119140625,0.8868944644927979
init-init,proj-wikitext2-r50-s0,proj-alpaca-r50-s0,L19.o,19,o,2048,1477,0.72119140625,0.9118638634681702
final-final,proj-wikitext2-r50-s0,proj-alpaca-r50-s0,L19.o,19,o,2048,1477,0.72119140625,0.9085732102394104
init-init,proj-wikitext2-r50-s0,proj-alpaca-r50-s0,L19.gateup,19,gateup,2048,1191,0.58154296875,0.8023039698600769
final-final,proj-wikitext2-r50-s0,proj-alpaca-r50-s0,L19.gateup,19,gateup,2048,1191,0.58154296875,0.7986534833908081
init-init,proj-wikitext2-r50-s0,proj-alpaca-r50-s0,L19.down,19,down,2048,1191,0.58154296875,0.8473354578018188
final-final,proj-wikitext2-r50-s0,proj-alpaca-r50-s0,L19.down,19,down,2048,1191,0.58154296875,0.8425046801567078
init-init,proj-wikitext2-r50-s0,proj-alpaca-r50-s0,L20.qkv,20,qkv,2048,1477,0.72119140625,0.8922896385192871
final-final,proj-wikitext2-r50-s0,proj-alpaca-r50-s0,L20.qkv,20,qkv,2048,1477,0.72119140625,0.890666127204895
init-init,proj-wikitext2-r50-s0,proj-alpaca-r50-s0,L20.o,20,o,2048,1477,0.72119140625,0.8997887372970581
final-final,proj-wikitext2-r50-s0,proj-alpaca-r50-s0,L20.o,20,o,2048,1477,0.72119140625,0.8960534930229187
init-init,proj-wikitext2-r50-s0,proj-alpaca-r50-s0,L20.gateup,20,gateup,2048,1191,0.58154296875,0.8028627634048462
final-final,proj-wikitext2-r50-s0,proj-alpaca-r50-s0,L20.gateup,20,gateup,2048,1191,0.58154296875,0.7989569306373596
init-init,proj-wikitext2-r50-s0,proj-alpaca-r50-s0,L20.down,20,down,2048,1191,0.58154296875,0.8360802531242371
final-final,proj-wikitext2-r50-s0,proj-alpaca-r50-s0,L20.down,20,down,2048,1191,0.58154296875,0.8308990001678467
init-init,proj-wikitext2-r50-s0,proj-alpaca-r50-s0,L21.qkv,21,qkv,2048,1477,0.72119140625,0.8856627345085144
final-final,proj-wikitext2-r50-s0,proj-alpaca-r50-s0,L21.qkv,21,qkv,2048,1477,0.72119140625,0.8841100335121155
init-init,proj-wikitext2-r50-s0,proj-alpaca-r50-s0,L21.o,21,o,2048,1477,0.72119140625,0.8988163471221924
final-final,proj-wikitext2-r50-s0,proj-alpaca-r50-s0,L21.o,21,o,2048,1477,0.72119140625,0.8952111005783081
init-init,proj-wikitext2-r50-s0,proj-alpaca-r50-s0,L21.gateup,21,gateup,2048,1191,0.58154296875,0.7943412065505981
final-final,proj-wikitext2-r50-s0,proj-alpaca-r50-s0,L21.gateup,21,gateup,2048,1191,0.58154296875,0.7903467416763306
init-init,proj-wikitext2-r50-s0,proj-alpaca-r50-s0,L21.down,21,down,2048,1191,0.58154296875,0.8214050531387329
final-final,proj-wikitext2-r50-s0,proj-alpaca-r50-s0,L21.down,21,down,2048,1191,0.58154296875,0.8164291381835938
init-init,proj-wikitext2-r50-s0,proj-alpaca-r50-s0,L22.qkv,22,qkv,2048,1477,0.72119140625,0.8858094215393066
final-final,proj-wikitext2-r50-s0,proj-alpaca-r50-s0,L22.qkv,22,qkv,2048,1477,0.72119140625,0.8843386173248291
init-init,proj-wikitext2-r50-s0,proj-alpaca-r50-s0,L22.o,22,o,2048,1477,0.72119140625,0.8815796971321106
final-final,proj-wikitext2-r50-s0,proj-alpaca-r50-s0,L22.o,22,o,2048,1477,0.72119140625,0.878684401512146
init-init,proj-wikitext2-r50-s0,proj-alpaca-r50-s0,L22.gateup,22,gateup,2048,1191,0.58154296875,0.7870802283287048
final-final,proj-wikitext2-r50-s0,proj-alpaca-r50-s0,L22.gateup,22,gateup,2048,1191,0.58154296875,0.7825771570205688
init-init,proj-wikitext2-r50-s0,proj-alpaca-r50-s0,L22.down,22,down,2048,1191,0.58154296875,0.8164527416229248
final-final,proj-wikitext2-r50-s0,proj-alpaca-r50-s0,L22.down,22,down,2048,1191,0.58154296875,0.811484694480896
init-init,proj-wikitext2-r50-s0,proj-alpaca-r50-s0,L23.qkv,23,qkv,2048,1477,0.72119140625,0.8866779804229736
final-final,proj-wikitext2-r50-s0,proj-alpaca-r50-s0,L23.qkv,23,qkv,2048,1477,0.72119140625,0.8851571083068848
init-init,proj-wikitext2-r50-s0,proj-alpaca-r50-s0,L23.o,23,o,2048,1477,0.72119140625,0.8741194605827332
final-final,proj-wikitext2-r50-s0,proj-alpaca-r50-s0,L23.o,23,o,2048,1477,0.72119140625,0.8709967136383057
init-init,proj-wikitext2-r50-s0,proj-alpaca-r50-s0,L23.gateup,23,gateup,2048,1191,0.58154296875,0.7763348817825317
final-final,proj-wikitext2-r50-s0,proj-alpaca-r50-s0,L23.gateup,23,gateup,2048,1191,0.58154296875,0.7719791531562805
init-init,proj-wikitext2-r50-s0,proj-alpaca-r50-s0,L23.down,23,down,2048,1191,0.58154296875,0.8249610662460327
final-final,proj-wikitext2-r50-s0,proj-alpaca-r50-s0,L23.down,23,down,2048,1191,0.58154296875,0.819856584072113
init-init,proj-wikitext2-r50-s0,proj-alpaca-r50-s0,L24.qkv,24,qkv,2048,1477,0.72119140625,0.8874742984771729
final-final,proj-wikitext2-r50-s0,proj-alpaca-r50-s0,L24.qkv,24,qkv,2048,1477,0.72119140625,0.8857517242431641
init-init,proj-wikitext2-r50-s0,proj-alpaca-r50-s0,L24.o,24,o,2048,1477,0.72119140625,0.8617501854896545
final-final,proj-wikitext2-r50-s0,proj-alpaca-r50-s0,L24.o,24,o,2048,1477,0.72119140625,0.8587357997894287
init-init,proj-wikitext2-r50-s0,proj-alpaca-r50-s0,L24.gateup,24,gateup,2048,1191,0.58154296875,0.7712764143943787
final-final,proj-wikitext2-r50-s0,proj-alpaca-r50-s0,L24.gateup,24,gateup,2048,1191,0.58154296875,0.7668905854225159
init-init,proj-wikitext2-r50-s0,proj-alpaca-r50-s0,L24.down,24,down,2048,1191,0.58154296875,0.8251926898956299
final-final,proj-wikitext2-r50-s0,proj-alpaca-r50-s0,L24.down,24,down,2048,1191,0.58154296875,0.8205059170722961
init-init,proj-wikitext2-r50-s0,proj-alpaca-r50-s0,L25.qkv,25,qkv,2048,1477,0.72119140625,0.8893851041793823
final-final,proj-wikitext2-r50-s0,proj-alpaca-r50-s0,L25.qkv,25,qkv,2048,1477,0.72119140625,0.8876806497573853
init-init,proj-wikitext2-r50-s0,proj-alpaca-r50-s0,L25.o,25,o,2048,1477,0.72119140625,0.84560227394104
final-final,proj-wikitext2-r50-s0,proj-alpaca-r50-s0,L25.o,25,o,2048,1477,0.72119140625,0.8430898785591125
init-init,proj-wikitext2-r50-s0,proj-alpaca-r50-s0,L25.gateup,25,gateup,2048,1191,0.58154296875,0.7660030126571655
final-final,proj-wikitext2-r50-s0,proj-alpaca-r50-s0,L25.gateup,25,gateup,2048,1191,0.58154296875,0.76176518201828
init-init,proj-wikitext2-r50-s0,proj-alpaca-r50-s0,L25.down,25,down,2048,1191,0.58154296875,0.8279951810836792
final-final,proj-wikitext2-r50-s0,proj-alpaca-r50-s0,L25.down,25,down,2048,1191,0.58154296875,0.8226140141487122
init-init,proj-wikitext2-r50-s0,proj-alpaca-r50-s0,L26.qkv,26,qkv,2048,1477,0.72119140625,0.8878825902938843
final-final,proj-wikitext2-r50-s0,proj-alpaca-r50-s0,L26.qkv,26,qkv,2048,1477,0.72119140625,0.886444091796875
init-init,proj-wikitext2-r50-s0,proj-alpaca-r50-s0,L26.o,26,o,2048,1477,0.72119140625,0.8585529923439026
final-final,proj-wikitext2-r50-s0,proj-alpaca-r50-s0,L26.o,26,o,2048,1477,0.72119140625,0.8561276197433472
init-init,proj-wikitext2-r50-s0,proj-alpaca-r50-s0,L26.gateup,26,gateup,2048,1191,0.58154296875,0.7620919942855835
final-final,proj-wikitext2-r50-s0,proj-alpaca-r50-s0,L26.gateup,26,gateup,2048,1191,0.58154296875,0.7589142918586731
init-init,proj-wikitext2-r50-s0,proj-alpaca-r50-s0,L26.down,26,down,2048,1191,0.58154296875,0.833590030670166
final-final,proj-wikitext2-r50-s0,proj-alpaca-r50-s0,L26.down,26,down,2048,1191,0.58154296875,0.8294453620910645
init-init,proj-wikitext2-r50-s0,proj-alpaca-r50-s0,L27.qkv,27,qkv,2048,1477,0.72119140625,0.8415777683258057
final-final,proj-wikitext2-r50-s0,proj-alpaca-r50-s0,L27.qkv,27,qkv,2048,1477,0.72119140625,0.840049684047699
init-init,proj-wikitext2-r50-s0,proj-alpaca-r50-s0,L27.o,27,o,2048,1477,0.72119140625,0.8935778141021729
final-final,proj-wikitext2-r50-s0,proj-alpaca-r50-s0,L27.o,27,o,2048,1477,0.72119140625,0.89124995470047
init-init,proj-wikitext2-r50-s0,proj-alpaca-r50-s0,L27.gateup,27,gateup,2048,1191,0.58154296875,0.749234676361084
final-final,proj-wikitext2-r50-s0,proj-alpaca-r50-s0,L27.gateup,27,gateup,2048,1191,0.58154296875,0.7474989295005798
init-init,proj-wikitext2-r50-s0,proj-alpaca-r50-s0,L27.down,27,down,2048,1191,0.58154296875,0.8344464302062988
final-final,proj-wikitext2-r50-s0,proj-alpaca-r50-s0,L27.down,27,down,2048,1191,0.58154296875,0.8333989977836609
init-init,proj-wikitext2-r50-s0,proj-selfgen-r50-s0,L0.qkv,0,qkv,2048,1477,0.72119140625,0.8670790195465088
final-final,proj-wikitext2-r50-s0,proj-selfgen-r50-s0,L0.qkv,0,qkv,2048,1477,0.72119140625,0.8650016188621521
init-init,proj-wikitext2-r50-s0,proj-selfgen-r50-s0,L0.o,0,o,2048,1477,0.72119140625,0.9148316979408264
final-final,proj-wikitext2-r50-s0,proj-selfgen-r50-s0,L0.o,0,o,2048,1477,0.72119140625,0.9114079475402832
init-init,proj-wikitext2-r50-s0,proj-selfgen-r50-s0,L0.gateup,0,gateup,2048,1191,0.58154296875,0.9284963011741638
final-final,proj-wikitext2-r50-s0,proj-selfgen-r50-s0,L0.gateup,0,gateup,2048,1191,0.58154296875,0.9224690198898315
init-init,proj-wikitext2-r50-s0,proj-selfgen-r50-s0,L0.down,0,down,2048,1191,0.58154296875,0.818838357925415
final-final,proj-wikitext2-r50-s0,proj-selfgen-r50-s0,L0.down,0,down,2048,1191,0.58154296875,0.8148467540740967
init-init,proj-wikitext2-r50-s0,proj-selfgen-r50-s0,L1.qkv,1,qkv,2048,1477,0.72119140625,0.8826971054077148
final-final,proj-wikitext2-r50-s0,proj-selfgen-r50-s0,L1.qkv,1,qkv,2048,1477,0.72119140625,0.8793701529502869
init-init,proj-wikitext2-r50-s0,proj-selfgen-r50-s0,L1.o,1,o,2048,1477,0.72119140625,0.9037588238716125
final-final,proj-wikitext2-r50-s0,proj-selfgen-r50-s0,L1.o,1,o,2048,1477,0.72119140625,0.9008038640022278
init-init,proj-wikitext2-r50-s0,proj-selfgen-r50-s0,L1.gateup,1,gateup,2048,1191,0.58154296875,0.8208488821983337
final-final,proj-wikitext2-r50-s0,proj-selfgen-r50-s0,L1.gateup,1,gateup,2048,1191,0.58154296875,0.8170130252838135
init-init,proj-wikitext2-r50-s0,proj-selfgen-r50-s0,L1.down,1,down,2048,1191,0.58154296875,0.8078134655952454
final-final,proj-wikitext2-r50-s0,proj-selfgen-r50-s0,L1.down,1,down,2048,1191,0.58154296875,0.803350031375885
init-init,proj-wikitext2-r50-s0,proj-selfgen-r50-s0,L2.qkv,2,qkv,2048,1477,0.72119140625,0.8851337432861328
final-final,proj-wikitext2-r50-s0,proj-selfgen-r50-s0,L2.qkv,2,qkv,2048,1477,0.72119140625,0.8818929195404053
init-init,proj-wikitext2-r50-s0,proj-selfgen-r50-s0,L2.o,2,o,2048,1477,0.72119140625,0.9162510633468628
final-final,proj-wikitext2-r50-s0,proj-selfgen-r50-s0,L2.o,2,o,2048,1477,0.72119140625,0.9122315645217896
init-init,proj-wikitext2-r50-s0,proj-selfgen-r50-s0,L2.gateup,2,gateup,2048,1191,0.58154296875,0.8026875853538513
final-final,proj-wikitext2-r50-s0,proj-selfgen-r50-s0,L2.gateup,2,gateup,2048,1191,0.58154296875,0.7984002232551575
init-init,proj-wikitext2-r50-s0,proj-selfgen-r50-s0,L2.down,2,down,2048,1191,0.58154296875,0.8515791893005371
final-final,proj-wikitext2-r50-s0,proj-selfgen-r50-s0,L2.down,2,down,2048,1191,0.58154296875,0.8459271788597107
init-init,proj-wikitext2-r50-s0,proj-selfgen-r50-s0,L3.qkv,3,qkv,2048,1477,0.72119140625,0.8859966993331909
final-final,proj-wikitext2-r50-s0,proj-selfgen-r50-s0,L3.qkv,3,qkv,2048,1477,0.72119140625,0.8831433057785034
init-init,proj-wikitext2-r50-s0,proj-selfgen-r50-s0,L3.o,3,o,2048,1477,0.72119140625,0.8782891631126404
final-final,proj-wikitext2-r50-s0,proj-selfgen-r50-s0,L3.o,3,o,2048,1477,0.72119140625,0.8741948008537292
init-init,proj-wikitext2-r50-s0,proj-selfgen-r50-s0,L3.gateup,3,gateup,2048,1191,0.58154296875,0.8065155744552612
final-final,proj-wikitext2-r50-s0,proj-selfgen-r50-s0,L3.gateup,3,gateup,2048,1191,0.58154296875,0.8014548420906067
init-init,proj-wikitext2-r50-s0,proj-selfgen-r50-s0,L3.down,3,down,2048,1191,0.58154296875,0.8456943035125732
final-final,proj-wikitext2-r50-s0,proj-selfgen-r50-s0,L3.down,3,down,2048,1191,0.58154296875,0.8398141264915466
init-init,proj-wikitext2-r50-s0,proj-selfgen-r50-s0,L4.qkv,4,qkv,2048,1477,0.72119140625,0.8847399950027466
final-final,proj-wikitext2-r50-s0,proj-selfgen-r50-s0,L4.qkv,4,qkv,2048,1477,0.72119140625,0.8817787170410156
init-init,proj-wikitext2-r50-s0,proj-selfgen-r50-s0,L4.o,4,o,2048,1477,0.72119140625,0.8876615762710571
final-final,proj-wikitext2-r50-s0,proj-selfgen-r50-s0,L4.o,4,o,2048,1477,0.72119140625,0.883958637714386
init-init,proj-wikitext2-r50-s0,proj-selfgen-r50-s0,L4.gateup,4,gateup,2048,1191,0.58154296875,0.8014006614685059
final-final,proj-wikitext2-r50-s0,proj-selfgen-r50-s0,L4.gateup,4,gateup,2048,1191,0.58154296875,0.7968548536300659
init-init,proj-wikitext2-r50-s0,proj-selfgen-r50-s0,L4.down,4,down,2048,1191,0.58154296875,0.8322106003761292
final-final,proj-wikitext2-r50-s0,proj-selfgen-r50-s0,L4.down,4,down,2048,1191,0.58154296875,0.8270168304443359
init-init,proj-wikitext2-r50-s0,proj-selfgen-r50-s0,L5.qkv,5,qkv,2048,1477,0.72119140625,0.8861965537071228
final-final,proj-wikitext2-r50-s0,proj-selfgen-r50-s0,L5.qkv,5,qkv,2048,1477,0.72119140625,0.8838024139404297
init-init,proj-wikitext2-r50-s0,proj-selfgen-r50-s0,L5.o,5,o,2048,1477,0.72119140625,0.9098142385482788
final-final,proj-wikitext2-r50-s0,proj-selfgen-r50-s0,L5.o,5,o,2048,1477,0.72119140625,0.9057556390762329
init-init,proj-wikitext2-r50-s0,proj-selfgen-r50-s0,L5.gateup,5,gateup,2048,1191,0.58154296875,0.7886554002761841
final-final,proj-wikitext2-r50-s0,proj-selfgen-r50-s0,L5.gateup,5,gateup,2048,1191,0.58154296875,0.7842590808868408
init-init,proj-wikitext2-r50-s0,proj-selfgen-r50-s0,L5.down,5,down,2048,1191,0.58154296875,0.8529685735702515
final-final,proj-wikitext2-r50-s0,proj-selfgen-r50-s0,L5.down,5,down,2048,1191,0.58154296875,0.8471357822418213
init-init,proj-wikitext2-r50-s0,proj-selfgen-r50-s0,L6.qkv,6,qkv,2048,1477,0.72119140625,0.8921721577644348
final-final,proj-wikitext2-r50-s0,proj-selfgen-r50-s0,L6.qkv,6,qkv,2048,1477,0.72119140625,0.8891885876655579
init-init,proj-wikitext2-r50-s0,proj-selfgen-r50-s0,L6.o,6,o,2048,1477,0.72119140625,0.9081934094429016
final-final,proj-wikitext2-r50-s0,proj-selfgen-r50-s0,L6.o,6,o,2048,1477,0.72119140625,0.9038960933685303
init-init,proj-wikitext2-r50-s0,proj-selfgen-r50-s0,L6.gateup,6,gateup,2048,1191,0.58154296875,0.7883649468421936
final-final,proj-wikitext2-r50-s0,proj-selfgen-r50-s0,L6.gateup,6,gateup,2048,1191,0.58154296875,0.78395676612854
init-init,proj-wikitext2-r50-s0,proj-selfgen-r50-s0,L6.down,6,down,2048,1191,0.58154296875,0.8434532880783081
final-final,proj-wikitext2-r50-s0,proj-selfgen-r50-s0,L6.down,6,down,2048,1191,0.58154296875,0.8379397988319397
init-init,proj-wikitext2-r50-s0,proj-selfgen-r50-s0,L7.qkv,7,qkv,2048,1477,0.72119140625,0.879169225692749
final-final,proj-wikitext2-r50-s0,proj-selfgen-r50-s0,L7.qkv,7,qkv,2048,1477,0.72119140625,0.8764605522155762
init-init,proj-wikitext2-r50-s0,proj-selfgen-r50-s0,L7.o,7,o,2048,1477,0.72119140625,0.897357165813446
final-final,proj-wikitext2-r50-s0,proj-selfgen-r50-s0,L7.o,7,o,2048,1477,0.72119140625,0.8935181498527527
init-init,proj-wikitext2-r50-s0,proj-selfgen-r50-s0,L7.gateup,7,gateup,2048,1191,0.58154296875,0.7780390381813049
final-final,proj-wikitext2-r50-s0,proj-selfgen-r50-s0,L7.gateup,7,gateup,2048,1191,0.58154296875,0.7739112973213196
init-init,proj-wikitext2-r50-s0,proj-selfgen-r50-s0,L7.down,7,down,2048,1191,0.58154296875,0.8488963842391968
final-final,proj-wikitext2-r50-s0,proj-selfgen-r50-s0,L7.down,7,down,2048,1191,0.58154296875,0.8434382081031799
init-init,proj-wikitext2-r50-s0,proj-selfgen-r50-s0,L8.qkv,8,qkv,2048,1477,0.72119140625,0.8877804279327393
final-final,proj-wikitext2-r50-s0,proj-selfgen-r50-s0,L8.qkv,8,qkv,2048,1477,0.72119140625,0.8848159909248352
init-init,proj-wikitext2-r50-s0,proj-selfgen-r50-s0,L8.o,8,o,2048,1477,0.72119140625,0.8805015087127686
final-final,proj-wikitext2-r50-s0,proj-selfgen-r50-s0,L8.o,8,o,2048,1477,0.72119140625,0.8764588832855225
init-init,proj-wikitext2-r50-s0,proj-selfgen-r50-s0,L8.gateup,8,gateup,2048,1191,0.58154296875,0.7709358930587769
final-final,proj-wikitext2-r50-s0,proj-selfgen-r50-s0,L8.gateup,8,gateup,2048,1191,0.58154296875,0.7670547962188721
init-init,proj-wikitext2-r50-s0,proj-selfgen-r50-s0,L8.down,8,down,2048,1191,0.58154296875,0.8461059927940369
final-final,proj-wikitext2-r50-s0,proj-selfgen-r50-s0,L8.down,8,down,2048,1191,0.58154296875,0.8407767415046692
init-init,proj-wikitext2-r50-s0,proj-selfgen-r50-s0,L9.qkv,9,qkv,2048,1477,0.72119140625,0.889694094657898
final-final,proj-wikitext2-r50-s0,proj-selfgen-r50-s0,L9.qkv,9,qkv,2048,1477,0.72119140625,0.887087345123291
init-init,proj-wikitext2-r50-s0,proj-selfgen-r50-s0,L9.o,9,o,2048,1477,0.72119140625,0.8986981511116028
final-final,proj-wikitext2-r50-s0,proj-selfgen-r50-s0,L9.o,9,o,2048,1477,0.72119140625,0.8949418067932129
init-init,proj-wikitext2-r50-s0,proj-selfgen-r50-s0,L9.gateup,9,gateup,2048,1191,0.58154296875,0.7751129865646362
final-final,proj-wikitext2-r50-s0,proj-selfgen-r50-s0,L9.gateup,9,gateup,2048,1191,0.58154296875,0.770910382270813
init-init,proj-wikitext2-r50-s0,proj-selfgen-r50-s0,L9.down,9,down,2048,1191,0.58154296875,0.8334840536117554
final-final,proj-wikitext2-r50-s0,proj-selfgen-r50-s0,L9.down,9,down,2048,1191,0.58154296875,0.828567624092102
init-init,proj-wikitext2-r50-s0,proj-selfgen-r50-s0,L10.qkv,10,qkv,2048,1477,0.72119140625,0.8819980621337891
final-final,proj-wikitext2-r50-s0,proj-selfgen-r50-s0,L10.qkv,10,qkv,2048,1477,0.72119140625,0.8791420459747314
init-init,proj-wikitext2-r50-s0,proj-selfgen-r50-s0,L10.o,10,o,2048,1477,0.72119140625,0.899936854839325
final-final,proj-wikitext2-r50-s0,proj-selfgen-r50-s0,L10.o,10,o,2048,1477,0.72119140625,0.8957996964454651
init-init,proj-wikitext2-r50-s0,proj-selfgen-r50-s0,L10.gateup,10,gateup,2048,1191,0.58154296875,0.7721324563026428
final-final,proj-wikitext2-r50-s0,proj-selfgen-r50-s0,L10.gateup,10,gateup,2048,1191,0.58154296875,0.768682062625885
init-init,proj-wikitext2-r50-s0,proj-selfgen-r50-s0,L10.down,10,down,2048,1191,0.58154296875,0.8322127461433411
final-final,proj-wikitext2-r50-s0,proj-selfgen-r50-s0,L10.down,10,down,2048,1191,0.58154296875,0.8274673223495483
init-init,proj-wikitext2-r50-s0,proj-selfgen-r50-s0,L11.qkv,11,qkv,2048,1477,0.72119140625,0.8989042043685913
final-final,proj-wikitext2-r50-s0,proj-selfgen-r50-s0,L11.qkv,11,qkv,2048,1477,0.72119140625,0.8956592082977295
init-init,proj-wikitext2-r50-s0,proj-selfgen-r50-s0,L11.o,11,o,2048,1477,0.72119140625,0.9255651831626892
final-final,proj-wikitext2-r50-s0,proj-selfgen-r50-s0,L11.o,11,o,2048,1477,0.72119140625,0.9215599298477173
init-init,proj-wikitext2-r50-s0,proj-selfgen-r50-s0,L11.gateup,11,gateup,2048,1191,0.58154296875,0.7729763388633728
final-final,proj-wikitext2-r50-s0,proj-selfgen-r50-s0,L11.gateup,11,gateup,2048,1191,0.58154296875,0.7686249017715454
init-init,proj-wikitext2-r50-s0,proj-selfgen-r50-s0,L11.down,11,down,2048,1191,0.58154296875,0.846164345741272
final-final,proj-wikitext2-r50-s0,proj-selfgen-r50-s0,L11.down,11,down,2048,1191,0.58154296875,0.8407398462295532
init-init,proj-wikitext2-r50-s0,proj-selfgen-r50-s0,L12.qkv,12,qkv,2048,1477,0.72119140625,0.8890143632888794
final-final,proj-wikitext2-r50-s0,proj-selfgen-r50-s0,L12.qkv,12,qkv,2048,1477,0.72119140625,0.8860939741134644
init-init,proj-wikitext2-r50-s0,proj-selfgen-r50-s0,L12.o,12,o,2048,1477,0.72119140625,0.9066017270088196
final-final,proj-wikitext2-r50-s0,proj-selfgen-r50-s0,L12.o,12,o,2048,1477,0.72119140625,0.9023117423057556
init-init,proj-wikitext2-r50-s0,proj-selfgen-r50-s0,L12.gateup,12,gateup,2048,1191,0.58154296875,0.7730135321617126
final-final,proj-wikitext2-r50-s0,proj-selfgen-r50-s0,L12.gateup,12,gateup,2048,1191,0.58154296875,0.7687353491783142
init-init,proj-wikitext2-r50-s0,proj-selfgen-r50-s0,L12.down,12,down,2048,1191,0.58154296875,0.8571340441703796
final-final,proj-wikitext2-r50-s0,proj-selfgen-r50-s0,L12.down,12,down,2048,1191,0.58154296875,0.8516554236412048
init-init,proj-wikitext2-r50-s0,proj-selfgen-r50-s0,L13.qkv,13,qkv,2048,1477,0.72119140625,0.8932650089263916
final-final,proj-wikitext2-r50-s0,proj-selfgen-r50-s0,L13.qkv,13,qkv,2048,1477,0.72119140625,0.8898819088935852
init-init,proj-wikitext2-r50-s0,proj-selfgen-r50-s0,L13.o,13,o,2048,1477,0.72119140625,0.9131520390510559
final-final,proj-wikitext2-r50-s0,proj-selfgen-r50-s0,L13.o,13,o,2048,1477,0.72119140625,0.9089669585227966
init-init,proj-wikitext2-r50-s0,proj-selfgen-r50-s0,L13.gateup,13,gateup,2048,1191,0.58154296875,0.7769805192947388
final-final,proj-wikitext2-r50-s0,proj-selfgen-r50-s0,L13.gateup,13,gateup,2048,1191,0.58154296875,0.7725239396095276
init-init,proj-wikitext2-r50-s0,proj-selfgen-r50-s0,L13.down,13,down,2048,1191,0.58154296875,0.8594114780426025
final-final,proj-wikitext2-r50-s0,proj-selfgen-r50-s0,L13.down,13,down,2048,1191,0.58154296875,0.8538359999656677
init-init,proj-wikitext2-r50-s0,proj-selfgen-r50-s0,L14.qkv,14,qkv,2048,1477,0.72119140625,0.8939095735549927
final-final,proj-wikitext2-r50-s0,proj-selfgen-r50-s0,L14.qkv,14,qkv,2048,1477,0.72119140625,0.8909828662872314
init-init,proj-wikitext2-r50-s0,proj-selfgen-r50-s0,L14.o,14,o,2048,1477,0.72119140625,0.9094006419181824
final-final,proj-wikitext2-r50-s0,proj-selfgen-r50-s0,L14.o,14,o,2048,1477,0.72119140625,0.9053192138671875
init-init,proj-wikitext2-r50-s0,proj-selfgen-r50-s0,L14.gateup,14,gateup,2048,1191,0.58154296875,0.7772604823112488
final-final,proj-wikitext2-r50-s0,proj-selfgen-r50-s0,L14.gateup,14,gateup,2048,1191,0.58154296875,0.7732872366905212
init-init,proj-wikitext2-r50-s0,proj-selfgen-r50-s0,L14.down,14,down,2048,1191,0.58154296875,0.8667799830436707
final-final,proj-wikitext2-r50-s0,proj-selfgen-r50-s0,L14.down,14,down,2048,1191,0.58154296875,0.8611038327217102
init-init,proj-wikitext2-r50-s0,proj-selfgen-r50-s0,L15.qkv,15,qkv,2048,1477,0.72119140625,0.8917450308799744
final-final,proj-wikitext2-r50-s0,proj-selfgen-r50-s0,L15.qkv,15,qkv,2048,1477,0.72119140625,0.889186441898346
init-init,proj-wikitext2-r50-s0,proj-selfgen-r50-s0,L15.o,15,o,2048,1477,0.72119140625,0.9111709594726562
final-final,proj-wikitext2-r50-s0,proj-selfgen-r50-s0,L15.o,15,o,2048,1477,0.72119140625,0.9069106578826904
init-init,proj-wikitext2-r50-s0,proj-selfgen-r50-s0,L15.gateup,15,gateup,2048,1191,0.58154296875,0.7831621170043945
final-final,proj-wikitext2-r50-s0,proj-selfgen-r50-s0,L15.gateup,15,gateup,2048,1191,0.58154296875,0.7789467573165894
init-init,proj-wikitext2-r50-s0,proj-selfgen-r50-s0,L15.down,15,down,2048,1191,0.58154296875,0.855653703212738
final-final,proj-wikitext2-r50-s0,proj-selfgen-r50-s0,L15.down,15,down,2048,1191,0.58154296875,0.8504840135574341
init-init,proj-wikitext2-r50-s0,proj-selfgen-r50-s0,L16.qkv,16,qkv,2048,1477,0.72119140625,0.8946836590766907
final-final,proj-wikitext2-r50-s0,proj-selfgen-r50-s0,L16.qkv,16,qkv,2048,1477,0.72119140625,0.8921236395835876
init-init,proj-wikitext2-r50-s0,proj-selfgen-r50-s0,L16.o,16,o,2048,1477,0.72119140625,0.9111395478248596
final-final,proj-wikitext2-r50-s0,proj-selfgen-r50-s0,L16.o,16,o,2048,1477,0.72119140625,0.9068896770477295
init-init,proj-wikitext2-r50-s0,proj-selfgen-r50-s0,L16.gateup,16,gateup,2048,1191,0.58154296875,0.7904828190803528
final-final,proj-wikitext2-r50-s0,proj-selfgen-r50-s0,L16.gateup,16,gateup,2048,1191,0.58154296875,0.7876260280609131
init-init,proj-wikitext2-r50-s0,proj-selfgen-r50-s0,L16.down,16,down,2048,1191,0.58154296875,0.854401707649231
final-final,proj-wikitext2-r50-s0,proj-selfgen-r50-s0,L16.down,16,down,2048,1191,0.58154296875,0.8493657112121582
init-init,proj-wikitext2-r50-s0,proj-selfgen-r50-s0,L17.qkv,17,qkv,2048,1477,0.72119140625,0.8802501559257507
final-final,proj-wikitext2-r50-s0,proj-selfgen-r50-s0,L17.qkv,17,qkv,2048,1477,0.72119140625,0.877761721611023
init-init,proj-wikitext2-r50-s0,proj-selfgen-r50-s0,L17.o,17,o,2048,1477,0.72119140625,0.9112787246704102
final-final,proj-wikitext2-r50-s0,proj-selfgen-r50-s0,L17.o,17,o,2048,1477,0.72119140625,0.9070057272911072
init-init,proj-wikitext2-r50-s0,proj-selfgen-r50-s0,L17.gateup,17,gateup,2048,1191,0.58154296875,0.7887104153633118
final-final,proj-wikitext2-r50-s0,proj-selfgen-r50-s0,L17.gateup,17,gateup,2048,1191,0.58154296875,0.7848033308982849
init-init,proj-wikitext2-r50-s0,proj-selfgen-r50-s0,L17.down,17,down,2048,1191,0.58154296875,0.8275255560874939
final-final,proj-wikitext2-r50-s0,proj-selfgen-r50-s0,L17.down,17,down,2048,1191,0.58154296875,0.8229039311408997
init-init,proj-wikitext2-r50-s0,proj-selfgen-r50-s0,L18.qkv,18,qkv,2048,1477,0.72119140625,0.8844956755638123
final-final,proj-wikitext2-r50-s0,proj-selfgen-r50-s0,L18.qkv,18,qkv,2048,1477,0.72119140625,0.8821463584899902
init-init,proj-wikitext2-r50-s0,proj-selfgen-r50-s0,L18.o,18,o,2048,1477,0.72119140625,0.8890041708946228
final-final,proj-wikitext2-r50-s0,proj-selfgen-r50-s0,L18.o,18,o,2048,1477,0.72119140625,0.885374128818512
init-init,proj-wikitext2-r50-s0,proj-selfgen-r50-s0,L18.gateup,18,gateup,2048,1191,0.58154296875,0.7747526168823242
final-final,proj-wikitext2-r50-s0,proj-selfgen-r50-s0,L18.gateup,18,gateup,2048,1191,0.58154296875,0.7712059020996094
init-init,proj-wikitext2-r50-s0,proj-selfgen-r50-s0,L18.down,18,down,2048,1191,0.58154296875,0.8200205564498901
final-final,proj-wikitext2-r50-s0,proj-selfgen-r50-s0,L18.down,18,down,2048,1191,0.58154296875,0.8156143426895142
init-init,proj-wikitext2-r50-s0,proj-selfgen-r50-s0,L19.qkv,19,qkv,2048,1477,0.72119140625,0.882633626461029
final-final,proj-wikitext2-r50-s0,proj-selfgen-r50-s0,L19.qkv,19,qkv,2048,1477,0.72119140625,0.8804575204849243
init-init,proj-wikitext2-r50-s0,proj-selfgen-r50-s0,L19.o,19,o,2048,1477,0.72119140625,0.9041525721549988
final-final,proj-wikitext2-r50-s0,proj-selfgen-r50-s0,L19.o,19,o,2048,1477,0.72119140625,0.9003656506538391
init-init,proj-wikitext2-r50-s0,proj-selfgen-r50-s0,L19.gateup,19,gateup,2048,1191,0.58154296875,0.7740009427070618
final-final,proj-wikitext2-r50-s0,proj-selfgen-r50-s0,L19.gateup,19,gateup,2048,1191,0.58154296875,0.7706182599067688
init-init,proj-wikitext2-r50-s0,proj-selfgen-r50-s0,L19.down,19,down,2048,1191,0.58154296875,0.8289734125137329
final-final,proj-wikitext2-r50-s0,proj-selfgen-r50-s0,L19.down,19,down,2048,1191,0.58154296875,0.8242116570472717
init-init,proj-wikitext2-r50-s0,proj-selfgen-r50-s0,L20.qkv,20,qkv,2048,1477,0.72119140625,0.8893138766288757
final-final,proj-wikitext2-r50-s0,proj-selfgen-r50-s0,L20.qkv,20,qkv,2048,1477,0.72119140625,0.8871767520904541
init-init,proj-wikitext2-r50-s0,proj-selfgen-r50-s0,L20.o,20,o,2048,1477,0.72119140625,0.8940558433532715
final-final,proj-wikitext2-r50-s0,proj-selfgen-r50-s0,L20.o,20,o,2048,1477,0.72119140625,0.8899189233779907
init-init,proj-wikitext2-r50-s0,proj-selfgen-r50-s0,L20.gateup,20,gateup,2048,1191,0.58154296875,0.7734741568565369
final-final,proj-wikitext2-r50-s0,proj-selfgen-r50-s0,L20.gateup,20,gateup,2048,1191,0.58154296875,0.7700234055519104
init-init,proj-wikitext2-r50-s0,proj-selfgen-r50-s0,L20.down,20,down,2048,1191,0.58154296875,0.8253923654556274
final-final,proj-wikitext2-r50-s0,proj-selfgen-r50-s0,L20.down,20,down,2048,1191,0.58154296875,0.820112943649292
init-init,proj-wikitext2-r50-s0,proj-selfgen-r50-s0,L21.qkv,21,qkv,2048,1477,0.72119140625,0.8854660987854004
final-final,proj-wikitext2-r50-s0,proj-selfgen-r50-s0,L21.qkv,21,qkv,2048,1477,0.72119140625,0.8835547566413879
init-init,proj-wikitext2-r50-s0,proj-selfgen-r50-s0,L21.o,21,o,2048,1477,0.72119140625,0.8941178321838379
final-final,proj-wikitext2-r50-s0,proj-selfgen-r50-s0,L21.o,21,o,2048,1477,0.72119140625,0.8901846408843994
init-init,proj-wikitext2-r50-s0,proj-selfgen-r50-s0,L21.gateup,21,gateup,2048,1191,0.58154296875,0.7655333876609802
final-final,proj-wikitext2-r50-s0,proj-selfgen-r50-s0,L21.gateup,21,gateup,2048,1191,0.58154296875,0.7621046900749207
init-init,proj-wikitext2-r50-s0,proj-selfgen-r50-s0,L21.down,21,down,2048,1191,0.58154296875,0.8126269578933716
final-final,proj-wikitext2-r50-s0,proj-selfgen-r50-s0,L21.down,21,down,2048,1191,0.58154296875,0.8076391816139221
init-init,proj-wikitext2-r50-s0,proj-selfgen-r50-s0,L22.qkv,22,qkv,2048,1477,0.72119140625,0.8829485177993774
final-final,proj-wikitext2-r50-s0,proj-selfgen-r50-s0,L22.qkv,22,qkv,2048,1477,0.72119140625,0.881117045879364
init-init,proj-wikitext2-r50-s0,proj-selfgen-r50-s0,L22.o,22,o,2048,1477,0.72119140625,0.8815659284591675
final-final,proj-wikitext2-r50-s0,proj-selfgen-r50-s0,L22.o,22,o,2048,1477,0.72119140625,0.8780218958854675
init-init,proj-wikitext2-r50-s0,proj-selfgen-r50-s0,L22.gateup,22,gateup,2048,1191,0.58154296875,0.7595405578613281
final-final,proj-wikitext2-r50-s0,proj-selfgen-r50-s0,L22.gateup,22,gateup,2048,1191,0.58154296875,0.7556518316268921
init-init,proj-wikitext2-r50-s0,proj-selfgen-r50-s0,L22.down,22,down,2048,1191,0.58154296875,0.8016923069953918
final-final,proj-wikitext2-r50-s0,proj-selfgen-r50-s0,L22.down,22,down,2048,1191,0.58154296875,0.79695063829422
init-init,proj-wikitext2-r50-s0,proj-selfgen-r50-s0,L23.qkv,23,qkv,2048,1477,0.72119140625,0.8836546540260315
final-final,proj-wikitext2-r50-s0,proj-selfgen-r50-s0,L23.qkv,23,qkv,2048,1477,0.72119140625,0.8818425536155701
init-init,proj-wikitext2-r50-s0,proj-selfgen-r50-s0,L23.o,23,o,2048,1477,0.72119140625,0.8721359372138977
final-final,proj-wikitext2-r50-s0,proj-selfgen-r50-s0,L23.o,23,o,2048,1477,0.72119140625,0.8687141537666321
init-init,proj-wikitext2-r50-s0,proj-selfgen-r50-s0,L23.gateup,23,gateup,2048,1191,0.58154296875,0.7471433877944946
final-final,proj-wikitext2-r50-s0,proj-selfgen-r50-s0,L23.gateup,23,gateup,2048,1191,0.58154296875,0.7434616684913635
init-init,proj-wikitext2-r50-s0,proj-selfgen-r50-s0,L23.down,23,down,2048,1191,0.58154296875,0.8037887215614319
final-final,proj-wikitext2-r50-s0,proj-selfgen-r50-s0,L23.down,23,down,2048,1191,0.58154296875,0.7990283370018005
init-init,proj-wikitext2-r50-s0,proj-selfgen-r50-s0,L24.qkv,24,qkv,2048,1477,0.72119140625,0.884431779384613
final-final,proj-wikitext2-r50-s0,proj-selfgen-r50-s0,L24.qkv,24,qkv,2048,1477,0.72119140625,0.8824896812438965
init-init,proj-wikitext2-r50-s0,proj-selfgen-r50-s0,L24.o,24,o,2048,1477,0.72119140625,0.8600204586982727
final-final,proj-wikitext2-r50-s0,proj-selfgen-r50-s0,L24.o,24,o,2048,1477,0.72119140625,0.8566323518753052
init-init,proj-wikitext2-r50-s0,proj-selfgen-r50-s0,L24.gateup,24,gateup,2048,1191,0.58154296875,0.7414138913154602
final-final,proj-wikitext2-r50-s0,proj-selfgen-r50-s0,L24.gateup,24,gateup,2048,1191,0.58154296875,0.7376908659934998
init-init,proj-wikitext2-r50-s0,proj-selfgen-r50-s0,L24.down,24,down,2048,1191,0.58154296875,0.8047862648963928
final-final,proj-wikitext2-r50-s0,proj-selfgen-r50-s0,L24.down,24,down,2048,1191,0.58154296875,0.8006002306938171
init-init,proj-wikitext2-r50-s0,proj-selfgen-r50-s0,L25.qkv,25,qkv,2048,1477,0.72119140625,0.8870599269866943
final-final,proj-wikitext2-r50-s0,proj-selfgen-r50-s0,L25.qkv,25,qkv,2048,1477,0.72119140625,0.8851001858711243
init-init,proj-wikitext2-r50-s0,proj-selfgen-r50-s0,L25.o,25,o,2048,1477,0.72119140625,0.8664209246635437
final-final,proj-wikitext2-r50-s0,proj-selfgen-r50-s0,L25.o,25,o,2048,1477,0.72119140625,0.8626338243484497
init-init,proj-wikitext2-r50-s0,proj-selfgen-r50-s0,L25.gateup,25,gateup,2048,1191,0.58154296875,0.7392407059669495
final-final,proj-wikitext2-r50-s0,proj-selfgen-r50-s0,L25.gateup,25,gateup,2048,1191,0.58154296875,0.7360014319419861
init-init,proj-wikitext2-r50-s0,proj-selfgen-r50-s0,L25.down,25,down,2048,1191,0.58154296875,0.809499204158783
final-final,proj-wikitext2-r50-s0,proj-selfgen-r50-s0,L25.down,25,down,2048,1191,0.58154296875,0.8045940399169922
init-init,proj-wikitext2-r50-s0,proj-selfgen-r50-s0,L26.qkv,26,qkv,2048,1477,0.72119140625,0.8864423632621765
final-final,proj-wikitext2-r50-s0,proj-selfgen-r50-s0,L26.qkv,26,qkv,2048,1477,0.72119140625,0.8846908211708069
init-init,proj-wikitext2-r50-s0,proj-selfgen-r50-s0,L26.o,26,o,2048,1477,0.72119140625,0.866680383682251
final-final,proj-wikitext2-r50-s0,proj-selfgen-r50-s0,L26.o,26,o,2048,1477,0.72119140625,0.8636906743049622
init-init,proj-wikitext2-r50-s0,proj-selfgen-r50-s0,L26.gateup,26,gateup,2048,1191,0.58154296875,0.7410176992416382
final-final,proj-wikitext2-r50-s0,proj-selfgen-r50-s0,L26.gateup,26,gateup,2048,1191,0.58154296875,0.7385864853858948
init-init,proj-wikitext2-r50-s0,proj-selfgen-r50-s0,L26.down,26,down,2048,1191,0.58154296875,0.8127357363700867
final-final,proj-wikitext2-r50-s0,proj-selfgen-r50-s0,L26.down,26,down,2048,1191,0.58154296875,0.809005856513977
init-init,proj-wikitext2-r50-s0,proj-selfgen-r50-s0,L27.qkv,27,qkv,2048,1477,0.72119140625,0.8389285802841187
final-final,proj-wikitext2-r50-s0,proj-selfgen-r50-s0,L27.qkv,27,qkv,2048,1477,0.72119140625,0.8373299837112427
init-init,proj-wikitext2-r50-s0,proj-selfgen-r50-s0,L27.o,27,o,2048,1477,0.72119140625,0.8792810440063477
final-final,proj-wikitext2-r50-s0,proj-selfgen-r50-s0,L27.o,27,o,2048,1477,0.72119140625,0.876926064491272
init-init,proj-wikitext2-r50-s0,proj-selfgen-r50-s0,L27.gateup,27,gateup,2048,1191,0.58154296875,0.7327713370323181
final-final,proj-wikitext2-r50-s0,proj-selfgen-r50-s0,L27.gateup,27,gateup,2048,1191,0.58154296875,0.7311801910400391
init-init,proj-wikitext2-r50-s0,proj-selfgen-r50-s0,L27.down,27,down,2048,1191,0.58154296875,0.8206520080566406
final-final,proj-wikitext2-r50-s0,proj-selfgen-r50-s0,L27.down,27,down,2048,1191,0.58154296875,0.8192915916442871
init-init,proj-wikitext2-r50-s0,proj-selfdoc-r50-s0,L0.qkv,0,qkv,2048,1477,0.72119140625,0.8678994178771973
final-final,proj-wikitext2-r50-s0,proj-selfdoc-r50-s0,L0.qkv,0,qkv,2048,1477,0.72119140625,0.8662962317466736
init-init,proj-wikitext2-r50-s0,proj-selfdoc-r50-s0,L0.o,0,o,2048,1477,0.72119140625,0.9161080121994019
final-final,proj-wikitext2-r50-s0,proj-selfdoc-r50-s0,L0.o,0,o,2048,1477,0.72119140625,0.9138451814651489
init-init,proj-wikitext2-r50-s0,proj-selfdoc-r50-s0,L0.gateup,0,gateup,2048,1191,0.58154296875,0.929979681968689
final-final,proj-wikitext2-r50-s0,proj-selfdoc-r50-s0,L0.gateup,0,gateup,2048,1191,0.58154296875,0.9261336922645569
init-init,proj-wikitext2-r50-s0,proj-selfdoc-r50-s0,L0.down,0,down,2048,1191,0.58154296875,0.8208209872245789
final-final,proj-wikitext2-r50-s0,proj-selfdoc-r50-s0,L0.down,0,down,2048,1191,0.58154296875,0.8182315230369568
init-init,proj-wikitext2-r50-s0,proj-selfdoc-r50-s0,L1.qkv,1,qkv,2048,1477,0.72119140625,0.8840591907501221
final-final,proj-wikitext2-r50-s0,proj-selfdoc-r50-s0,L1.qkv,1,qkv,2048,1477,0.72119140625,0.8817014694213867
init-init,proj-wikitext2-r50-s0,proj-selfdoc-r50-s0,L1.o,1,o,2048,1477,0.72119140625,0.9051287770271301
final-final,proj-wikitext2-r50-s0,proj-selfdoc-r50-s0,L1.o,1,o,2048,1477,0.72119140625,0.9032726883888245
init-init,proj-wikitext2-r50-s0,proj-selfdoc-r50-s0,L1.gateup,1,gateup,2048,1191,0.58154296875,0.8230435848236084
final-final,proj-wikitext2-r50-s0,proj-selfdoc-r50-s0,L1.gateup,1,gateup,2048,1191,0.58154296875,0.8205462694168091
init-init,proj-wikitext2-r50-s0,proj-selfdoc-r50-s0,L1.down,1,down,2048,1191,0.58154296875,0.810485303401947
final-final,proj-wikitext2-r50-s0,proj-selfdoc-r50-s0,L1.down,1,down,2048,1191,0.58154296875,0.8071818947792053
init-init,proj-wikitext2-r50-s0,proj-selfdoc-r50-s0,L2.qkv,2,qkv,2048,1477,0.72119140625,0.8869695663452148
final-final,proj-wikitext2-r50-s0,proj-selfdoc-r50-s0,L2.qkv,2,qkv,2048,1477,0.72119140625,0.8845361471176147
init-init,proj-wikitext2-r50-s0,proj-selfdoc-r50-s0,L2.o,2,o,2048,1477,0.72119140625,0.9180126190185547
final-final,proj-wikitext2-r50-s0,proj-selfdoc-r50-s0,L2.o,2,o,2048,1477,0.72119140625,0.915359377861023
init-init,proj-wikitext2-r50-s0,proj-selfdoc-r50-s0,L2.gateup,2,gateup,2048,1191,0.58154296875,0.8055083155632019
final-final,proj-wikitext2-r50-s0,proj-selfdoc-r50-s0,L2.gateup,2,gateup,2048,1191,0.58154296875,0.8024409413337708
init-init,proj-wikitext2-r50-s0,proj-selfdoc-r50-s0,L2.down,2,down,2048,1191,0.58154296875,0.8527249693870544
final-final,proj-wikitext2-r50-s0,proj-selfdoc-r50-s0,L2.down,2,down,2048,1191,0.58154296875,0.8482641577720642
init-init,proj-wikitext2-r50-s0,proj-selfdoc-r50-s0,L3.qkv,3,qkv,2048,1477,0.72119140625,0.8880018591880798
final-final,proj-wikitext2-r50-s0,proj-selfdoc-r50-s0,L3.qkv,3,qkv,2048,1477,0.72119140625,0.8858056664466858
init-init,proj-wikitext2-r50-s0,proj-selfdoc-r50-s0,L3.o,3,o,2048,1477,0.72119140625,0.8833310008049011
final-final,proj-wikitext2-r50-s0,proj-selfdoc-r50-s0,L3.o,3,o,2048,1477,0.72119140625,0.8801292181015015
init-init,proj-wikitext2-r50-s0,proj-selfdoc-r50-s0,L3.gateup,3,gateup,2048,1191,0.58154296875,0.8103569149971008
final-final,proj-wikitext2-r50-s0,proj-selfdoc-r50-s0,L3.gateup,3,gateup,2048,1191,0.58154296875,0.80633145570755
init-init,proj-wikitext2-r50-s0,proj-selfdoc-r50-s0,L3.down,3,down,2048,1191,0.58154296875,0.8472226858139038
final-final,proj-wikitext2-r50-s0,proj-selfdoc-r50-s0,L3.down,3,down,2048,1191,0.58154296875,0.8427155017852783
init-init,proj-wikitext2-r50-s0,proj-selfdoc-r50-s0,L4.qkv,4,qkv,2048,1477,0.72119140625,0.8873795866966248
final-final,proj-wikitext2-r50-s0,proj-selfdoc-r50-s0,L4.qkv,4,qkv,2048,1477,0.72119140625,0.8852350115776062
init-init,proj-wikitext2-r50-s0,proj-selfdoc-r50-s0,L4.o,4,o,2048,1477,0.72119140625,0.8913961052894592
final-final,proj-wikitext2-r50-s0,proj-selfdoc-r50-s0,L4.o,4,o,2048,1477,0.72119140625,0.88864666223526
init-init,proj-wikitext2-r50-s0,proj-selfdoc-r50-s0,L4.gateup,4,gateup,2048,1191,0.58154296875,0.8053481578826904
final-final,proj-wikitext2-r50-s0,proj-selfdoc-r50-s0,L4.gateup,4,gateup,2048,1191,0.58154296875,0.8015331029891968
init-init,proj-wikitext2-r50-s0,proj-selfdoc-r50-s0,L4.down,4,down,2048,1191,0.58154296875,0.8345335125923157
final-final,proj-wikitext2-r50-s0,proj-selfdoc-r50-s0,L4.down,4,down,2048,1191,0.58154296875,0.8304123878479004
init-init,proj-wikitext2-r50-s0,proj-selfdoc-r50-s0,L5.qkv,5,qkv,2048,1477,0.72119140625,0.8888493776321411
final-final,proj-wikitext2-r50-s0,proj-selfdoc-r50-s0,L5.qkv,5,qkv,2048,1477,0.72119140625,0.8870825171470642
init-init,proj-wikitext2-r50-s0,proj-selfdoc-r50-s0,L5.o,5,o,2048,1477,0.72119140625,0.9130812883377075
final-final,proj-wikitext2-r50-s0,proj-selfdoc-r50-s0,L5.o,5,o,2048,1477,0.72119140625,0.9101133942604065
init-init,proj-wikitext2-r50-s0,proj-selfdoc-r50-s0,L5.gateup,5,gateup,2048,1191,0.58154296875,0.7938075065612793
final-final,proj-wikitext2-r50-s0,proj-selfdoc-r50-s0,L5.gateup,5,gateup,2048,1191,0.58154296875,0.7902686595916748
init-init,proj-wikitext2-r50-s0,proj-selfdoc-r50-s0,L5.down,5,down,2048,1191,0.58154296875,0.8575509786605835
final-final,proj-wikitext2-r50-s0,proj-selfdoc-r50-s0,L5.down,5,down,2048,1191,0.58154296875,0.8528203964233398
init-init,proj-wikitext2-r50-s0,proj-selfdoc-r50-s0,L6.qkv,6,qkv,2048,1477,0.72119140625,0.8947765231132507
final-final,proj-wikitext2-r50-s0,proj-selfdoc-r50-s0,L6.qkv,6,qkv,2048,1477,0.72119140625,0.892785906791687
init-init,proj-wikitext2-r50-s0,proj-selfdoc-r50-s0,L6.o,6,o,2048,1477,0.72119140625,0.912787914276123
final-final,proj-wikitext2-r50-s0,proj-selfdoc-r50-s0,L6.o,6,o,2048,1477,0.72119140625,0.9097241759300232
init-init,proj-wikitext2-r50-s0,proj-selfdoc-r50-s0,L6.gateup,6,gateup,2048,1191,0.58154296875,0.7942330837249756
final-final,proj-wikitext2-r50-s0,proj-selfdoc-r50-s0,L6.gateup,6,gateup,2048,1191,0.58154296875,0.7907258868217468
init-init,proj-wikitext2-r50-s0,proj-selfdoc-r50-s0,L6.down,6,down,2048,1191,0.58154296875,0.8487314581871033
final-final,proj-wikitext2-r50-s0,proj-selfdoc-r50-s0,L6.down,6,down,2048,1191,0.58154296875,0.844295859336853
init-init,proj-wikitext2-r50-s0,proj-selfdoc-r50-s0,L7.qkv,7,qkv,2048,1477,0.72119140625,0.8825206756591797
final-final,proj-wikitext2-r50-s0,proj-selfdoc-r50-s0,L7.qkv,7,qkv,2048,1477,0.72119140625,0.8806326389312744
init-init,proj-wikitext2-r50-s0,proj-selfdoc-r50-s0,L7.o,7,o,2048,1477,0.72119140625,0.9030587077140808
final-final,proj-wikitext2-r50-s0,proj-selfdoc-r50-s0,L7.o,7,o,2048,1477,0.72119140625,0.9003605246543884
init-init,proj-wikitext2-r50-s0,proj-selfdoc-r50-s0,L7.gateup,7,gateup,2048,1191,0.58154296875,0.785140335559845
final-final,proj-wikitext2-r50-s0,proj-selfdoc-r50-s0,L7.gateup,7,gateup,2048,1191,0.58154296875,0.7820727825164795
init-init,proj-wikitext2-r50-s0,proj-selfdoc-r50-s0,L7.down,7,down,2048,1191,0.58154296875,0.8533796072006226
final-final,proj-wikitext2-r50-s0,proj-selfdoc-r50-s0,L7.down,7,down,2048,1191,0.58154296875,0.849146842956543
init-init,proj-wikitext2-r50-s0,proj-selfdoc-r50-s0,L8.qkv,8,qkv,2048,1477,0.72119140625,0.8912572264671326
final-final,proj-wikitext2-r50-s0,proj-selfdoc-r50-s0,L8.qkv,8,qkv,2048,1477,0.72119140625,0.8893334269523621
init-init,proj-wikitext2-r50-s0,proj-selfdoc-r50-s0,L8.o,8,o,2048,1477,0.72119140625,0.8887303471565247
final-final,proj-wikitext2-r50-s0,proj-selfdoc-r50-s0,L8.o,8,o,2048,1477,0.72119140625,0.885932445526123
init-init,proj-wikitext2-r50-s0,proj-selfdoc-r50-s0,L8.gateup,8,gateup,2048,1191,0.58154296875,0.7788772583007812
final-final,proj-wikitext2-r50-s0,proj-selfdoc-r50-s0,L8.gateup,8,gateup,2048,1191,0.58154296875,0.7759236097335815
init-init,proj-wikitext2-r50-s0,proj-selfdoc-r50-s0,L8.down,8,down,2048,1191,0.58154296875,0.8530078530311584
final-final,proj-wikitext2-r50-s0,proj-selfdoc-r50-s0,L8.down,8,down,2048,1191,0.58154296875,0.8487210869789124
init-init,proj-wikitext2-r50-s0,proj-selfdoc-r50-s0,L9.qkv,9,qkv,2048,1477,0.72119140625,0.8937466740608215
final-final,proj-wikitext2-r50-s0,proj-selfdoc-r50-s0,L9.qkv,9,qkv,2048,1477,0.72119140625,0.8919382691383362
init-init,proj-wikitext2-r50-s0,proj-selfdoc-r50-s0,L9.o,9,o,2048,1477,0.72119140625,0.9051365256309509
final-final,proj-wikitext2-r50-s0,proj-selfdoc-r50-s0,L9.o,9,o,2048,1477,0.72119140625,0.9024883508682251
init-init,proj-wikitext2-r50-s0,proj-selfdoc-r50-s0,L9.gateup,9,gateup,2048,1191,0.58154296875,0.7838375568389893
final-final,proj-wikitext2-r50-s0,proj-selfdoc-r50-s0,L9.gateup,9,gateup,2048,1191,0.58154296875,0.7806698083877563
init-init,proj-wikitext2-r50-s0,proj-selfdoc-r50-s0,L9.down,9,down,2048,1191,0.58154296875,0.8410919904708862
final-final,proj-wikitext2-r50-s0,proj-selfdoc-r50-s0,L9.down,9,down,2048,1191,0.58154296875,0.8374363780021667
init-init,proj-wikitext2-r50-s0,proj-selfdoc-r50-s0,L10.qkv,10,qkv,2048,1477,0.72119140625,0.8864185810089111
final-final,proj-wikitext2-r50-s0,proj-selfdoc-r50-s0,L10.qkv,10,qkv,2048,1477,0.72119140625,0.8845163583755493
init-init,proj-wikitext2-r50-s0,proj-selfdoc-r50-s0,L10.o,10,o,2048,1477,0.72119140625,0.9051383137702942
final-final,proj-wikitext2-r50-s0,proj-selfdoc-r50-s0,L10.o,10,o,2048,1477,0.72119140625,0.902251660823822
init-init,proj-wikitext2-r50-s0,proj-selfdoc-r50-s0,L10.gateup,10,gateup,2048,1191,0.58154296875,0.7812535762786865
final-final,proj-wikitext2-r50-s0,proj-selfdoc-r50-s0,L10.gateup,10,gateup,2048,1191,0.58154296875,0.7784955501556396
init-init,proj-wikitext2-r50-s0,proj-selfdoc-r50-s0,L10.down,10,down,2048,1191,0.58154296875,0.8401749730110168
final-final,proj-wikitext2-r50-s0,proj-selfdoc-r50-s0,L10.down,10,down,2048,1191,0.58154296875,0.8364651203155518
init-init,proj-wikitext2-r50-s0,proj-selfdoc-r50-s0,L11.qkv,11,qkv,2048,1477,0.72119140625,0.9034748673439026
final-final,proj-wikitext2-r50-s0,proj-selfdoc-r50-s0,L11.qkv,11,qkv,2048,1477,0.72119140625,0.9013992547988892
init-init,proj-wikitext2-r50-s0,proj-selfdoc-r50-s0,L11.o,11,o,2048,1477,0.72119140625,0.9303988218307495
final-final,proj-wikitext2-r50-s0,proj-selfdoc-r50-s0,L11.o,11,o,2048,1477,0.72119140625,0.927688717842102
init-init,proj-wikitext2-r50-s0,proj-selfdoc-r50-s0,L11.gateup,11,gateup,2048,1191,0.58154296875,0.7827098369598389
final-final,proj-wikitext2-r50-s0,proj-selfdoc-r50-s0,L11.gateup,11,gateup,2048,1191,0.58154296875,0.7795301079750061
init-init,proj-wikitext2-r50-s0,proj-selfdoc-r50-s0,L11.down,11,down,2048,1191,0.58154296875,0.8534249067306519
final-final,proj-wikitext2-r50-s0,proj-selfdoc-r50-s0,L11.down,11,down,2048,1191,0.58154296875,0.8492552638053894
init-init,proj-wikitext2-r50-s0,proj-selfdoc-r50-s0,L12.qkv,12,qkv,2048,1477,0.72119140625,0.8942294120788574
final-final,proj-wikitext2-r50-s0,proj-selfdoc-r50-s0,L12.qkv,12,qkv,2048,1477,0.72119140625,0.892289400100708
init-init,proj-wikitext2-r50-s0,proj-selfdoc-r50-s0,L12.o,12,o,2048,1477,0.72119140625,0.9134646058082581
final-final,proj-wikitext2-r50-s0,proj-selfdoc-r50-s0,L12.o,12,o,2048,1477,0.72119140625,0.9105883240699768
init-init,proj-wikitext2-r50-s0,proj-selfdoc-r50-s0,L12.gateup,12,gateup,2048,1191,0.58154296875,0.7824755907058716
final-final,proj-wikitext2-r50-s0,proj-selfdoc-r50-s0,L12.gateup,12,gateup,2048,1191,0.58154296875,0.7792056202888489
init-init,proj-wikitext2-r50-s0,proj-selfdoc-r50-s0,L12.down,12,down,2048,1191,0.58154296875,0.8648264408111572
final-final,proj-wikitext2-r50-s0,proj-selfdoc-r50-s0,L12.down,12,down,2048,1191,0.58154296875,0.8605810403823853
init-init,proj-wikitext2-r50-s0,proj-selfdoc-r50-s0,L13.qkv,13,qkv,2048,1477,0.72119140625,0.8984972238540649
final-final,proj-wikitext2-r50-s0,proj-selfdoc-r50-s0,L13.qkv,13,qkv,2048,1477,0.72119140625,0.8962039351463318
init-init,proj-wikitext2-r50-s0,proj-selfdoc-r50-s0,L13.o,13,o,2048,1477,0.72119140625,0.9208747744560242
final-final,proj-wikitext2-r50-s0,proj-selfdoc-r50-s0,L13.o,13,o,2048,1477,0.72119140625,0.9179772138595581
init-init,proj-wikitext2-r50-s0,proj-selfdoc-r50-s0,L13.gateup,13,gateup,2048,1191,0.58154296875,0.7869142293930054
final-final,proj-wikitext2-r50-s0,proj-selfdoc-r50-s0,L13.gateup,13,gateup,2048,1191,0.58154296875,0.7834650874137878
init-init,proj-wikitext2-r50-s0,proj-selfdoc-r50-s0,L13.down,13,down,2048,1191,0.58154296875,0.8672383427619934
final-final,proj-wikitext2-r50-s0,proj-selfdoc-r50-s0,L13.down,13,down,2048,1191,0.58154296875,0.8628908395767212
init-init,proj-wikitext2-r50-s0,proj-selfdoc-r50-s0,L14.qkv,14,qkv,2048,1477,0.72119140625,0.8994259238243103
final-final,proj-wikitext2-r50-s0,proj-selfdoc-r50-s0,L14.qkv,14,qkv,2048,1477,0.72119140625,0.8975093364715576
init-init,proj-wikitext2-r50-s0,proj-selfdoc-r50-s0,L14.o,14,o,2048,1477,0.72119140625,0.9178664684295654
final-final,proj-wikitext2-r50-s0,proj-selfdoc-r50-s0,L14.o,14,o,2048,1477,0.72119140625,0.9150609970092773
init-init,proj-wikitext2-r50-s0,proj-selfdoc-r50-s0,L14.gateup,14,gateup,2048,1191,0.58154296875,0.7875684499740601
final-final,proj-wikitext2-r50-s0,proj-selfdoc-r50-s0,L14.gateup,14,gateup,2048,1191,0.58154296875,0.7845608592033386
init-init,proj-wikitext2-r50-s0,proj-selfdoc-r50-s0,L14.down,14,down,2048,1191,0.58154296875,0.8752666711807251
final-final,proj-wikitext2-r50-s0,proj-selfdoc-r50-s0,L14.down,14,down,2048,1191,0.58154296875,0.8706592917442322
init-init,proj-wikitext2-r50-s0,proj-selfdoc-r50-s0,L15.qkv,15,qkv,2048,1477,0.72119140625,0.8973075151443481
final-final,proj-wikitext2-r50-s0,proj-selfdoc-r50-s0,L15.qkv,15,qkv,2048,1477,0.72119140625,0.8955920934677124
init-init,proj-wikitext2-r50-s0,proj-selfdoc-r50-s0,L15.o,15,o,2048,1477,0.72119140625,0.920529305934906
final-final,proj-wikitext2-r50-s0,proj-selfdoc-r50-s0,L15.o,15,o,2048,1477,0.72119140625,0.917477548122406
init-init,proj-wikitext2-r50-s0,proj-selfdoc-r50-s0,L15.gateup,15,gateup,2048,1191,0.58154296875,0.7938069105148315
final-final,proj-wikitext2-r50-s0,proj-selfdoc-r50-s0,L15.gateup,15,gateup,2048,1191,0.58154296875,0.7906867265701294
init-init,proj-wikitext2-r50-s0,proj-selfdoc-r50-s0,L15.down,15,down,2048,1191,0.58154296875,0.8625524044036865
final-final,proj-wikitext2-r50-s0,proj-selfdoc-r50-s0,L15.down,15,down,2048,1191,0.58154296875,0.8585152626037598
init-init,proj-wikitext2-r50-s0,proj-selfdoc-r50-s0,L16.qkv,16,qkv,2048,1477,0.72119140625,0.9002540707588196
final-final,proj-wikitext2-r50-s0,proj-selfdoc-r50-s0,L16.qkv,16,qkv,2048,1477,0.72119140625,0.8985158205032349
init-init,proj-wikitext2-r50-s0,proj-selfdoc-r50-s0,L16.o,16,o,2048,1477,0.72119140625,0.920454740524292
final-final,proj-wikitext2-r50-s0,proj-selfdoc-r50-s0,L16.o,16,o,2048,1477,0.72119140625,0.9173640608787537
init-init,proj-wikitext2-r50-s0,proj-selfdoc-r50-s0,L16.gateup,16,gateup,2048,1191,0.58154296875,0.8002161979675293
final-final,proj-wikitext2-r50-s0,proj-selfdoc-r50-s0,L16.gateup,16,gateup,2048,1191,0.58154296875,0.7978651523590088
init-init,proj-wikitext2-r50-s0,proj-selfdoc-r50-s0,L16.down,16,down,2048,1191,0.58154296875,0.8613865375518799
final-final,proj-wikitext2-r50-s0,proj-selfdoc-r50-s0,L16.down,16,down,2048,1191,0.58154296875,0.8571609258651733
init-init,proj-wikitext2-r50-s0,proj-selfdoc-r50-s0,L17.qkv,17,qkv,2048,1477,0.72119140625,0.8863744735717773
final-final,proj-wikitext2-r50-s0,proj-selfdoc-r50-s0,L17.qkv,17,qkv,2048,1477,0.72119140625,0.8845278024673462
init-init,proj-wikitext2-r50-s0,proj-selfdoc-r50-s0,L17.o,17,o,2048,1477,0.72119140625,0.9172545075416565
final-final,proj-wikitext2-r50-s0,proj-selfdoc-r50-s0,L17.o,17,o,2048,1477,0.72119140625,0.9140339493751526
init-init,proj-wikitext2-r50-s0,proj-selfdoc-r50-s0,L17.gateup,17,gateup,2048,1191,0.58154296875,0.7994962930679321
final-final,proj-wikitext2-r50-s0,proj-selfdoc-r50-s0,L17.gateup,17,gateup,2048,1191,0.58154296875,0.796318531036377
init-init,proj-wikitext2-r50-s0,proj-selfdoc-r50-s0,L17.down,17,down,2048,1191,0.58154296875,0.8349508047103882
final-final,proj-wikitext2-r50-s0,proj-selfdoc-r50-s0,L17.down,17,down,2048,1191,0.58154296875,0.8307461142539978
init-init,proj-wikitext2-r50-s0,proj-selfdoc-r50-s0,L18.qkv,18,qkv,2048,1477,0.72119140625,0.8895384669303894
final-final,proj-wikitext2-r50-s0,proj-selfdoc-r50-s0,L18.qkv,18,qkv,2048,1477,0.72119140625,0.8878161311149597
init-init,proj-wikitext2-r50-s0,proj-selfdoc-r50-s0,L18.o,18,o,2048,1477,0.72119140625,0.9013621807098389
final-final,proj-wikitext2-r50-s0,proj-selfdoc-r50-s0,L18.o,18,o,2048,1477,0.72119140625,0.8985987901687622
init-init,proj-wikitext2-r50-s0,proj-selfdoc-r50-s0,L18.gateup,18,gateup,2048,1191,0.58154296875,0.7850075364112854
final-final,proj-wikitext2-r50-s0,proj-selfdoc-r50-s0,L18.gateup,18,gateup,2048,1191,0.58154296875,0.7818713188171387
init-init,proj-wikitext2-r50-s0,proj-selfdoc-r50-s0,L18.down,18,down,2048,1191,0.58154296875,0.826952338218689
final-final,proj-wikitext2-r50-s0,proj-selfdoc-r50-s0,L18.down,18,down,2048,1191,0.58154296875,0.8226974010467529
init-init,proj-wikitext2-r50-s0,proj-selfdoc-r50-s0,L19.qkv,19,qkv,2048,1477,0.72119140625,0.887764573097229
final-final,proj-wikitext2-r50-s0,proj-selfdoc-r50-s0,L19.qkv,19,qkv,2048,1477,0.72119140625,0.8861737251281738
init-init,proj-wikitext2-r50-s0,proj-selfdoc-r50-s0,L19.o,19,o,2048,1477,0.72119140625,0.9122994542121887
final-final,proj-wikitext2-r50-s0,proj-selfdoc-r50-s0,L19.o,19,o,2048,1477,0.72119140625,0.9093819260597229
init-init,proj-wikitext2-r50-s0,proj-selfdoc-r50-s0,L19.gateup,19,gateup,2048,1191,0.58154296875,0.7827839851379395
final-final,proj-wikitext2-r50-s0,proj-selfdoc-r50-s0,L19.gateup,19,gateup,2048,1191,0.58154296875,0.7796920537948608
init-init,proj-wikitext2-r50-s0,proj-selfdoc-r50-s0,L19.down,19,down,2048,1191,0.58154296875,0.83500736951828
final-final,proj-wikitext2-r50-s0,proj-selfdoc-r50-s0,L19.down,19,down,2048,1191,0.58154296875,0.8303943276405334
init-init,proj-wikitext2-r50-s0,proj-selfdoc-r50-s0,L20.qkv,20,qkv,2048,1477,0.72119140625,0.8934898972511292
final-final,proj-wikitext2-r50-s0,proj-selfdoc-r50-s0,L20.qkv,20,qkv,2048,1477,0.72119140625,0.8919242024421692
init-init,proj-wikitext2-r50-s0,proj-selfdoc-r50-s0,L20.o,20,o,2048,1477,0.72119140625,0.9018624424934387
final-final,proj-wikitext2-r50-s0,proj-selfdoc-r50-s0,L20.o,20,o,2048,1477,0.72119140625,0.8987210988998413
init-init,proj-wikitext2-r50-s0,proj-selfdoc-r50-s0,L20.gateup,20,gateup,2048,1191,0.58154296875,0.7825753688812256
final-final,proj-wikitext2-r50-s0,proj-selfdoc-r50-s0,L20.gateup,20,gateup,2048,1191,0.58154296875,0.7795923352241516
init-init,proj-wikitext2-r50-s0,proj-selfdoc-r50-s0,L20.down,20,down,2048,1191,0.58154296875,0.8318424224853516
final-final,proj-wikitext2-r50-s0,proj-selfdoc-r50-s0,L20.down,20,down,2048,1191,0.58154296875,0.8264734148979187
init-init,proj-wikitext2-r50-s0,proj-selfdoc-r50-s0,L21.qkv,21,qkv,2048,1477,0.72119140625,0.8895166516304016
final-final,proj-wikitext2-r50-s0,proj-selfdoc-r50-s0,L21.qkv,21,qkv,2048,1477,0.72119140625,0.8880991339683533
init-init,proj-wikitext2-r50-s0,proj-selfdoc-r50-s0,L21.o,21,o,2048,1477,0.72119140625,0.9034714698791504
final-final,proj-wikitext2-r50-s0,proj-selfdoc-r50-s0,L21.o,21,o,2048,1477,0.72119140625,0.9003154039382935
init-init,proj-wikitext2-r50-s0,proj-selfdoc-r50-s0,L21.gateup,21,gateup,2048,1191,0.58154296875,0.7753861546516418
final-final,proj-wikitext2-r50-s0,proj-selfdoc-r50-s0,L21.gateup,21,gateup,2048,1191,0.58154296875,0.7719695568084717
init-init,proj-wikitext2-r50-s0,proj-selfdoc-r50-s0,L21.down,21,down,2048,1191,0.58154296875,0.8169764280319214
final-final,proj-wikitext2-r50-s0,proj-selfdoc-r50-s0,L21.down,21,down,2048,1191,0.58154296875,0.8117963671684265
init-init,proj-wikitext2-r50-s0,proj-selfdoc-r50-s0,L22.qkv,22,qkv,2048,1477,0.72119140625,0.8869739174842834
final-final,proj-wikitext2-r50-s0,proj-selfdoc-r50-s0,L22.qkv,22,qkv,2048,1477,0.72119140625,0.8856416940689087
init-init,proj-wikitext2-r50-s0,proj-selfdoc-r50-s0,L22.o,22,o,2048,1477,0.72119140625,0.8911301493644714
final-final,proj-wikitext2-r50-s0,proj-selfdoc-r50-s0,L22.o,22,o,2048,1477,0.72119140625,0.8883141279220581
init-init,proj-wikitext2-r50-s0,proj-selfdoc-r50-s0,L22.gateup,22,gateup,2048,1191,0.58154296875,0.7683599591255188
final-final,proj-wikitext2-r50-s0,proj-selfdoc-r50-s0,L22.gateup,22,gateup,2048,1191,0.58154296875,0.7646302580833435
init-init,proj-wikitext2-r50-s0,proj-selfdoc-r50-s0,L22.down,22,down,2048,1191,0.58154296875,0.8075407147407532
final-final,proj-wikitext2-r50-s0,proj-selfdoc-r50-s0,L22.down,22,down,2048,1191,0.58154296875,0.8026043772697449
init-init,proj-wikitext2-r50-s0,proj-selfdoc-r50-s0,L23.qkv,23,qkv,2048,1477,0.72119140625,0.8878619074821472
final-final,proj-wikitext2-r50-s0,proj-selfdoc-r50-s0,L23.qkv,23,qkv,2048,1477,0.72119140625,0.8864667415618896
init-init,proj-wikitext2-r50-s0,proj-selfdoc-r50-s0,L23.o,23,o,2048,1477,0.72119140625,0.8858378529548645
final-final,proj-wikitext2-r50-s0,proj-selfdoc-r50-s0,L23.o,23,o,2048,1477,0.72119140625,0.8830567002296448
init-init,proj-wikitext2-r50-s0,proj-selfdoc-r50-s0,L23.gateup,23,gateup,2048,1191,0.58154296875,0.7566375732421875
final-final,proj-wikitext2-r50-s0,proj-selfdoc-r50-s0,L23.gateup,23,gateup,2048,1191,0.58154296875,0.7528344392776489
init-init,proj-wikitext2-r50-s0,proj-selfdoc-r50-s0,L23.down,23,down,2048,1191,0.58154296875,0.8115417957305908
final-final,proj-wikitext2-r50-s0,proj-selfdoc-r50-s0,L23.down,23,down,2048,1191,0.58154296875,0.8065425157546997
init-init,proj-wikitext2-r50-s0,proj-selfdoc-r50-s0,L24.qkv,24,qkv,2048,1477,0.72119140625,0.8884409070014954
final-final,proj-wikitext2-r50-s0,proj-selfdoc-r50-s0,L24.qkv,24,qkv,2048,1477,0.72119140625,0.886911153793335
init-init,proj-wikitext2-r50-s0,proj-selfdoc-r50-s0,L24.o,24,o,2048,1477,0.72119140625,0.8739035725593567
final-final,proj-wikitext2-r50-s0,proj-selfdoc-r50-s0,L24.o,24,o,2048,1477,0.72119140625,0.871242105960846
init-init,proj-wikitext2-r50-s0,proj-selfdoc-r50-s0,L24.gateup,24,gateup,2048,1191,0.58154296875,0.7517638802528381
final-final,proj-wikitext2-r50-s0,proj-selfdoc-r50-s0,L24.gateup,24,gateup,2048,1191,0.58154296875,0.7481839060783386
init-init,proj-wikitext2-r50-s0,proj-selfdoc-r50-s0,L24.down,24,down,2048,1191,0.58154296875,0.8129591345787048
final-final,proj-wikitext2-r50-s0,proj-selfdoc-r50-s0,L24.down,24,down,2048,1191,0.58154296875,0.8087184429168701
init-init,proj-wikitext2-r50-s0,proj-selfdoc-r50-s0,L25.qkv,25,qkv,2048,1477,0.72119140625,0.8914201855659485
final-final,proj-wikitext2-r50-s0,proj-selfdoc-r50-s0,L25.qkv,25,qkv,2048,1477,0.72119140625,0.8900282382965088
init-init,proj-wikitext2-r50-s0,proj-selfdoc-r50-s0,L25.o,25,o,2048,1477,0.72119140625,0.8783951997756958
final-final,proj-wikitext2-r50-s0,proj-selfdoc-r50-s0,L25.o,25,o,2048,1477,0.72119140625,0.875322699546814
init-init,proj-wikitext2-r50-s0,proj-selfdoc-r50-s0,L25.gateup,25,gateup,2048,1191,0.58154296875,0.7494924664497375
final-final,proj-wikitext2-r50-s0,proj-selfdoc-r50-s0,L25.gateup,25,gateup,2048,1191,0.58154296875,0.7460950016975403
init-init,proj-wikitext2-r50-s0,proj-selfdoc-r50-s0,L25.down,25,down,2048,1191,0.58154296875,0.8186532855033875
final-final,proj-wikitext2-r50-s0,proj-selfdoc-r50-s0,L25.down,25,down,2048,1191,0.58154296875,0.8137447834014893
init-init,proj-wikitext2-r50-s0,proj-selfdoc-r50-s0,L26.qkv,26,qkv,2048,1477,0.72119140625,0.8908066153526306
final-final,proj-wikitext2-r50-s0,proj-selfdoc-r50-s0,L26.qkv,26,qkv,2048,1477,0.72119140625,0.88956218957901
init-init,proj-wikitext2-r50-s0,proj-selfdoc-r50-s0,L26.o,26,o,2048,1477,0.72119140625,0.8766924142837524
final-final,proj-wikitext2-r50-s0,proj-selfdoc-r50-s0,L26.o,26,o,2048,1477,0.72119140625,0.8742220997810364
init-init,proj-wikitext2-r50-s0,proj-selfdoc-r50-s0,L26.gateup,26,gateup,2048,1191,0.58154296875,0.7514916062355042
final-final,proj-wikitext2-r50-s0,proj-selfdoc-r50-s0,L26.gateup,26,gateup,2048,1191,0.58154296875,0.7490298748016357
init-init,proj-wikitext2-r50-s0,proj-selfdoc-r50-s0,L26.down,26,down,2048,1191,0.58154296875,0.8229655623435974
final-final,proj-wikitext2-r50-s0,proj-selfdoc-r50-s0,L26.down,26,down,2048,1191,0.58154296875,0.8190886974334717
init-init,proj-wikitext2-r50-s0,proj-selfdoc-r50-s0,L27.qkv,27,qkv,2048,1477,0.72119140625,0.8459123969078064
final-final,proj-wikitext2-r50-s0,proj-selfdoc-r50-s0,L27.qkv,27,qkv,2048,1477,0.72119140625,0.8444997668266296
init-init,proj-wikitext2-r50-s0,proj-selfdoc-r50-s0,L27.o,27,o,2048,1477,0.72119140625,0.8892099857330322
final-final,proj-wikitext2-r50-s0,proj-selfdoc-r50-s0,L27.o,27,o,2048,1477,0.72119140625,0.8870744705200195
init-init,proj-wikitext2-r50-s0,proj-selfdoc-r50-s0,L27.gateup,27,gateup,2048,1191,0.58154296875,0.7427617907524109
final-final,proj-wikitext2-r50-s0,proj-selfdoc-r50-s0,L27.gateup,27,gateup,2048,1191,0.58154296875,0.7409530282020569
init-init,proj-wikitext2-r50-s0,proj-selfdoc-r50-s0,L27.down,27,down,2048,1191,0.58154296875,0.8292074799537659
final-final,proj-wikitext2-r50-s0,proj-selfdoc-r50-s0,L27.down,27,down,2048,1191,0.58154296875,0.8278641700744629
init-init,proj-c4-r50-s0,proj-slimpajama-r50-s0,L0.qkv,0,qkv,2048,1477,0.72119140625,0.9449159502983093
final-final,proj-c4-r50-s0,proj-slimpajama-r50-s0,L0.qkv,0,qkv,2048,1477,0.72119140625,0.9401516318321228
init-init,proj-c4-r50-s0,proj-slimpajama-r50-s0,L0.o,0,o,2048,1477,0.72119140625,0.9646539688110352
final-final,proj-c4-r50-s0,proj-slimpajama-r50-s0,L0.o,0,o,2048,1477,0.72119140625,0.9601417183876038
init-init,proj-c4-r50-s0,proj-slimpajama-r50-s0,L0.gateup,0,gateup,2048,1191,0.58154296875,0.9689961671829224
final-final,proj-c4-r50-s0,proj-slimpajama-r50-s0,L0.gateup,0,gateup,2048,1191,0.58154296875,0.962289571762085
init-init,proj-c4-r50-s0,proj-slimpajama-r50-s0,L0.down,0,down,2048,1191,0.58154296875,0.9344948530197144
final-final,proj-c4-r50-s0,proj-slimpajama-r50-s0,L0.down,0,down,2048,1191,0.58154296875,0.9290962815284729
init-init,proj-c4-r50-s0,proj-slimpajama-r50-s0,L1.qkv,1,qkv,2048,1477,0.72119140625,0.9568919539451599
final-final,proj-c4-r50-s0,proj-slimpajama-r50-s0,L1.qkv,1,qkv,2048,1477,0.72119140625,0.9519501328468323
init-init,proj-c4-r50-s0,proj-slimpajama-r50-s0,L1.o,1,o,2048,1477,0.72119140625,0.961265504360199
final-final,proj-c4-r50-s0,proj-slimpajama-r50-s0,L1.o,1,o,2048,1477,0.72119140625,0.9574248790740967
init-init,proj-c4-r50-s0,proj-slimpajama-r50-s0,L1.gateup,1,gateup,2048,1191,0.58154296875,0.9335692524909973
final-final,proj-c4-r50-s0,proj-slimpajama-r50-s0,L1.gateup,1,gateup,2048,1191,0.58154296875,0.928107738494873
init-init,proj-c4-r50-s0,proj-slimpajama-r50-s0,L1.down,1,down,2048,1191,0.58154296875,0.9098456501960754
final-final,proj-c4-r50-s0,proj-slimpajama-r50-s0,L1.down,1,down,2048,1191,0.58154296875,0.9046350717544556
init-init,proj-c4-r50-s0,proj-slimpajama-r50-s0,L2.qkv,2,qkv,2048,1477,0.72119140625,0.9548548460006714
final-final,proj-c4-r50-s0,proj-slimpajama-r50-s0,L2.qkv,2,qkv,2048,1477,0.72119140625,0.9506834149360657
init-init,proj-c4-r50-s0,proj-slimpajama-r50-s0,L2.o,2,o,2048,1477,0.72119140625,0.9656669497489929
final-final,proj-c4-r50-s0,proj-slimpajama-r50-s0,L2.o,2,o,2048,1477,0.72119140625,0.9614644646644592
init-init,proj-c4-r50-s0,proj-slimpajama-r50-s0,L2.gateup,2,gateup,2048,1191,0.58154296875,0.9218169450759888
final-final,proj-c4-r50-s0,proj-slimpajama-r50-s0,L2.gateup,2,gateup,2048,1191,0.58154296875,0.9163364171981812
init-init,proj-c4-r50-s0,proj-slimpajama-r50-s0,L2.down,2,down,2048,1191,0.58154296875,0.9240712523460388
final-final,proj-c4-r50-s0,proj-slimpajama-r50-s0,L2.down,2,down,2048,1191,0.58154296875,0.9179224371910095
init-init,proj-c4-r50-s0,proj-slimpajama-r50-s0,L3.qkv,3,qkv,2048,1477,0.72119140625,0.9555321931838989
final-final,proj-c4-r50-s0,proj-slimpajama-r50-s0,L3.qkv,3,qkv,2048,1477,0.72119140625,0.9523020386695862
init-init,proj-c4-r50-s0,proj-slimpajama-r50-s0,L3.o,3,o,2048,1477,0.72119140625,0.9466040730476379
final-final,proj-c4-r50-s0,proj-slimpajama-r50-s0,L3.o,3,o,2048,1477,0.72119140625,0.9419373869895935
init-init,proj-c4-r50-s0,proj-slimpajama-r50-s0,L3.gateup,3,gateup,2048,1191,0.58154296875,0.9189954400062561
final-final,proj-c4-r50-s0,proj-slimpajama-r50-s0,L3.gateup,3,gateup,2048,1191,0.58154296875,0.9118971228599548
init-init,proj-c4-r50-s0,proj-slimpajama-r50-s0,L3.down,3,down,2048,1191,0.58154296875,0.9247456192970276
final-final,proj-c4-r50-s0,proj-slimpajama-r50-s0,L3.down,3,down,2048,1191,0.58154296875,0.9185160398483276
init-init,proj-c4-r50-s0,proj-slimpajama-r50-s0,L4.qkv,4,qkv,2048,1477,0.72119140625,0.9525642991065979
final-final,proj-c4-r50-s0,proj-slimpajama-r50-s0,L4.qkv,4,qkv,2048,1477,0.72119140625,0.9491897821426392
init-init,proj-c4-r50-s0,proj-slimpajama-r50-s0,L4.o,4,o,2048,1477,0.72119140625,0.9519297480583191
final-final,proj-c4-r50-s0,proj-slimpajama-r50-s0,L4.o,4,o,2048,1477,0.72119140625,0.9477155208587646
init-init,proj-c4-r50-s0,proj-slimpajama-r50-s0,L4.gateup,4,gateup,2048,1191,0.58154296875,0.9138474464416504
final-final,proj-c4-r50-s0,proj-slimpajama-r50-s0,L4.gateup,4,gateup,2048,1191,0.58154296875,0.907067596912384
init-init,proj-c4-r50-s0,proj-slimpajama-r50-s0,L4.down,4,down,2048,1191,0.58154296875,0.928557813167572
final-final,proj-c4-r50-s0,proj-slimpajama-r50-s0,L4.down,4,down,2048,1191,0.58154296875,0.9223368167877197
init-init,proj-c4-r50-s0,proj-slimpajama-r50-s0,L5.qkv,5,qkv,2048,1477,0.72119140625,0.9546731114387512
final-final,proj-c4-r50-s0,proj-slimpajama-r50-s0,L5.qkv,5,qkv,2048,1477,0.72119140625,0.9516057372093201
init-init,proj-c4-r50-s0,proj-slimpajama-r50-s0,L5.o,5,o,2048,1477,0.72119140625,0.9675960540771484
final-final,proj-c4-r50-s0,proj-slimpajama-r50-s0,L5.o,5,o,2048,1477,0.72119140625,0.963127613067627
init-init,proj-c4-r50-s0,proj-slimpajama-r50-s0,L5.gateup,5,gateup,2048,1191,0.58154296875,0.9118693470954895
final-final,proj-c4-r50-s0,proj-slimpajama-r50-s0,L5.gateup,5,gateup,2048,1191,0.58154296875,0.9054781198501587
init-init,proj-c4-r50-s0,proj-slimpajama-r50-s0,L5.down,5,down,2048,1191,0.58154296875,0.9434720873832703
final-final,proj-c4-r50-s0,proj-slimpajama-r50-s0,L5.down,5,down,2048,1191,0.58154296875,0.9370574951171875
init-init,proj-c4-r50-s0,proj-slimpajama-r50-s0,L6.qkv,6,qkv,2048,1477,0.72119140625,0.9612851738929749
final-final,proj-c4-r50-s0,proj-slimpajama-r50-s0,L6.qkv,6,qkv,2048,1477,0.72119140625,0.9578717350959778
init-init,proj-c4-r50-s0,proj-slimpajama-r50-s0,L6.o,6,o,2048,1477,0.72119140625,0.9625471830368042
final-final,proj-c4-r50-s0,proj-slimpajama-r50-s0,L6.o,6,o,2048,1477,0.72119140625,0.9580820798873901
init-init,proj-c4-r50-s0,proj-slimpajama-r50-s0,L6.gateup,6,gateup,2048,1191,0.58154296875,0.9180105328559875
final-final,proj-c4-r50-s0,proj-slimpajama-r50-s0,L6.gateup,6,gateup,2048,1191,0.58154296875,0.9117245078086853
init-init,proj-c4-r50-s0,proj-slimpajama-r50-s0,L6.down,6,down,2048,1191,0.58154296875,0.9378531575202942
final-final,proj-c4-r50-s0,proj-slimpajama-r50-s0,L6.down,6,down,2048,1191,0.58154296875,0.9314864873886108
init-init,proj-c4-r50-s0,proj-slimpajama-r50-s0,L7.qkv,7,qkv,2048,1477,0.72119140625,0.9556480646133423
final-final,proj-c4-r50-s0,proj-slimpajama-r50-s0,L7.qkv,7,qkv,2048,1477,0.72119140625,0.9523762464523315
init-init,proj-c4-r50-s0,proj-slimpajama-r50-s0,L7.o,7,o,2048,1477,0.72119140625,0.9618067741394043
final-final,proj-c4-r50-s0,proj-slimpajama-r50-s0,L7.o,7,o,2048,1477,0.72119140625,0.957551896572113
init-init,proj-c4-r50-s0,proj-slimpajama-r50-s0,L7.gateup,7,gateup,2048,1191,0.58154296875,0.9154701232910156
final-final,proj-c4-r50-s0,proj-slimpajama-r50-s0,L7.gateup,7,gateup,2048,1191,0.58154296875,0.9094705581665039
init-init,proj-c4-r50-s0,proj-slimpajama-r50-s0,L7.down,7,down,2048,1191,0.58154296875,0.9382163286209106
final-final,proj-c4-r50-s0,proj-slimpajama-r50-s0,L7.down,7,down,2048,1191,0.58154296875,0.9321514368057251
init-init,proj-c4-r50-s0,proj-slimpajama-r50-s0,L8.qkv,8,qkv,2048,1477,0.72119140625,0.9593934416770935
final-final,proj-c4-r50-s0,proj-slimpajama-r50-s0,L8.qkv,8,qkv,2048,1477,0.72119140625,0.9561566710472107
init-init,proj-c4-r50-s0,proj-slimpajama-r50-s0,L8.o,8,o,2048,1477,0.72119140625,0.9453908801078796
final-final,proj-c4-r50-s0,proj-slimpajama-r50-s0,L8.o,8,o,2048,1477,0.72119140625,0.9412002563476562
init-init,proj-c4-r50-s0,proj-slimpajama-r50-s0,L8.gateup,8,gateup,2048,1191,0.58154296875,0.9090630412101746
final-final,proj-c4-r50-s0,proj-slimpajama-r50-s0,L8.gateup,8,gateup,2048,1191,0.58154296875,0.9032588005065918
init-init,proj-c4-r50-s0,proj-slimpajama-r50-s0,L8.down,8,down,2048,1191,0.58154296875,0.9368938207626343
final-final,proj-c4-r50-s0,proj-slimpajama-r50-s0,L8.down,8,down,2048,1191,0.58154296875,0.9309222102165222
init-init,proj-c4-r50-s0,proj-slimpajama-r50-s0,L9.qkv,9,qkv,2048,1477,0.72119140625,0.9587259888648987
final-final,proj-c4-r50-s0,proj-slimpajama-r50-s0,L9.qkv,9,qkv,2048,1477,0.72119140625,0.955777108669281
init-init,proj-c4-r50-s0,proj-slimpajama-r50-s0,L9.o,9,o,2048,1477,0.72119140625,0.9569479823112488
final-final,proj-c4-r50-s0,proj-slimpajama-r50-s0,L9.o,9,o,2048,1477,0.72119140625,0.9528229832649231
init-init,proj-c4-r50-s0,proj-slimpajama-r50-s0,L9.gateup,9,gateup,2048,1191,0.58154296875,0.9088985323905945
final-final,proj-c4-r50-s0,proj-slimpajama-r50-s0,L9.gateup,9,gateup,2048,1191,0.58154296875,0.9029933214187622
init-init,proj-c4-r50-s0,proj-slimpajama-r50-s0,L9.down,9,down,2048,1191,0.58154296875,0.9317816495895386
final-final,proj-c4-r50-s0,proj-slimpajama-r50-s0,L9.down,9,down,2048,1191,0.58154296875,0.9261934757232666
init-init,proj-c4-r50-s0,proj-slimpajama-r50-s0,L10.qkv,10,qkv,2048,1477,0.72119140625,0.9549704194068909
final-final,proj-c4-r50-s0,proj-slimpajama-r50-s0,L10.qkv,10,qkv,2048,1477,0.72119140625,0.9516429305076599
init-init,proj-c4-r50-s0,proj-slimpajama-r50-s0,L10.o,10,o,2048,1477,0.72119140625,0.9598179459571838
final-final,proj-c4-r50-s0,proj-slimpajama-r50-s0,L10.o,10,o,2048,1477,0.72119140625,0.9554497599601746
init-init,proj-c4-r50-s0,proj-slimpajama-r50-s0,L10.gateup,10,gateup,2048,1191,0.58154296875,0.9069810509681702
final-final,proj-c4-r50-s0,proj-slimpajama-r50-s0,L10.gateup,10,gateup,2048,1191,0.58154296875,0.9015735983848572
init-init,proj-c4-r50-s0,proj-slimpajama-r50-s0,L10.down,10,down,2048,1191,0.58154296875,0.9351460337638855
final-final,proj-c4-r50-s0,proj-slimpajama-r50-s0,L10.down,10,down,2048,1191,0.58154296875,0.9296181797981262
init-init,proj-c4-r50-s0,proj-slimpajama-r50-s0,L11.qkv,11,qkv,2048,1477,0.72119140625,0.9621800184249878
final-final,proj-c4-r50-s0,proj-slimpajama-r50-s0,L11.qkv,11,qkv,2048,1477,0.72119140625,0.9585987329483032
init-init,proj-c4-r50-s0,proj-slimpajama-r50-s0,L11.o,11,o,2048,1477,0.72119140625,0.9713576436042786
final-final,proj-c4-r50-s0,proj-slimpajama-r50-s0,L11.o,11,o,2048,1477,0.72119140625,0.9674099087715149
init-init,proj-c4-r50-s0,proj-slimpajama-r50-s0,L11.gateup,11,gateup,2048,1191,0.58154296875,0.9093037843704224
final-final,proj-c4-r50-s0,proj-slimpajama-r50-s0,L11.gateup,11,gateup,2048,1191,0.58154296875,0.9035082459449768
init-init,proj-c4-r50-s0,proj-slimpajama-r50-s0,L11.down,11,down,2048,1191,0.58154296875,0.9421675801277161
final-final,proj-c4-r50-s0,proj-slimpajama-r50-s0,L11.down,11,down,2048,1191,0.58154296875,0.9359599351882935
init-init,proj-c4-r50-s0,proj-slimpajama-r50-s0,L12.qkv,12,qkv,2048,1477,0.72119140625,0.9597223997116089
final-final,proj-c4-r50-s0,proj-slimpajama-r50-s0,L12.qkv,12,qkv,2048,1477,0.72119140625,0.9562700390815735
init-init,proj-c4-r50-s0,proj-slimpajama-r50-s0,L12.o,12,o,2048,1477,0.72119140625,0.9630987048149109
final-final,proj-c4-r50-s0,proj-slimpajama-r50-s0,L12.o,12,o,2048,1477,0.72119140625,0.9587274193763733
init-init,proj-c4-r50-s0,proj-slimpajama-r50-s0,L12.gateup,12,gateup,2048,1191,0.58154296875,0.9104434251785278
final-final,proj-c4-r50-s0,proj-slimpajama-r50-s0,L12.gateup,12,gateup,2048,1191,0.58154296875,0.9042589664459229
init-init,proj-c4-r50-s0,proj-slimpajama-r50-s0,L12.down,12,down,2048,1191,0.58154296875,0.949749231338501
final-final,proj-c4-r50-s0,proj-slimpajama-r50-s0,L12.down,12,down,2048,1191,0.58154296875,0.9436576962471008
init-init,proj-c4-r50-s0,proj-slimpajama-r50-s0,L13.qkv,13,qkv,2048,1477,0.72119140625,0.9628018140792847
final-final,proj-c4-r50-s0,proj-slimpajama-r50-s0,L13.qkv,13,qkv,2048,1477,0.72119140625,0.9588575959205627
init-init,proj-c4-r50-s0,proj-slimpajama-r50-s0,L13.o,13,o,2048,1477,0.72119140625,0.9679198861122131
final-final,proj-c4-r50-s0,proj-slimpajama-r50-s0,L13.o,13,o,2048,1477,0.72119140625,0.9637725353240967
init-init,proj-c4-r50-s0,proj-slimpajama-r50-s0,L13.gateup,13,gateup,2048,1191,0.58154296875,0.9133739471435547
final-final,proj-c4-r50-s0,proj-slimpajama-r50-s0,L13.gateup,13,gateup,2048,1191,0.58154296875,0.9071449637413025
init-init,proj-c4-r50-s0,proj-slimpajama-r50-s0,L13.down,13,down,2048,1191,0.58154296875,0.9522534012794495
final-final,proj-c4-r50-s0,proj-slimpajama-r50-s0,L13.down,13,down,2048,1191,0.58154296875,0.9460734128952026
init-init,proj-c4-r50-s0,proj-slimpajama-r50-s0,L14.qkv,14,qkv,2048,1477,0.72119140625,0.9639633893966675
final-final,proj-c4-r50-s0,proj-slimpajama-r50-s0,L14.qkv,14,qkv,2048,1477,0.72119140625,0.9606273770332336
init-init,proj-c4-r50-s0,proj-slimpajama-r50-s0,L14.o,14,o,2048,1477,0.72119140625,0.9667193293571472
final-final,proj-c4-r50-s0,proj-slimpajama-r50-s0,L14.o,14,o,2048,1477,0.72119140625,0.9625157117843628
init-init,proj-c4-r50-s0,proj-slimpajama-r50-s0,L14.gateup,14,gateup,2048,1191,0.58154296875,0.915440022945404
final-final,proj-c4-r50-s0,proj-slimpajama-r50-s0,L14.gateup,14,gateup,2048,1191,0.58154296875,0.9099061489105225
init-init,proj-c4-r50-s0,proj-slimpajama-r50-s0,L14.down,14,down,2048,1191,0.58154296875,0.9553669095039368
final-final,proj-c4-r50-s0,proj-slimpajama-r50-s0,L14.down,14,down,2048,1191,0.58154296875,0.9492318630218506
init-init,proj-c4-r50-s0,proj-slimpajama-r50-s0,L15.qkv,15,qkv,2048,1477,0.72119140625,0.9644861221313477
final-final,proj-c4-r50-s0,proj-slimpajama-r50-s0,L15.qkv,15,qkv,2048,1477,0.72119140625,0.9614547491073608
init-init,proj-c4-r50-s0,proj-slimpajama-r50-s0,L15.o,15,o,2048,1477,0.72119140625,0.9683946967124939
final-final,proj-c4-r50-s0,proj-slimpajama-r50-s0,L15.o,15,o,2048,1477,0.72119140625,0.9642127156257629
init-init,proj-c4-r50-s0,proj-slimpajama-r50-s0,L15.gateup,15,gateup,2048,1191,0.58154296875,0.9193193912506104
final-final,proj-c4-r50-s0,proj-slimpajama-r50-s0,L15.gateup,15,gateup,2048,1191,0.58154296875,0.9136212468147278
init-init,proj-c4-r50-s0,proj-slimpajama-r50-s0,L15.down,15,down,2048,1191,0.58154296875,0.9528188109397888
final-final,proj-c4-r50-s0,proj-slimpajama-r50-s0,L15.down,15,down,2048,1191,0.58154296875,0.9471140503883362
init-init,proj-c4-r50-s0,proj-slimpajama-r50-s0,L16.qkv,16,qkv,2048,1477,0.72119140625,0.9655318260192871
final-final,proj-c4-r50-s0,proj-slimpajama-r50-s0,L16.qkv,16,qkv,2048,1477,0.72119140625,0.9627392888069153
init-init,proj-c4-r50-s0,proj-slimpajama-r50-s0,L16.o,16,o,2048,1477,0.72119140625,0.9667856693267822
final-final,proj-c4-r50-s0,proj-slimpajama-r50-s0,L16.o,16,o,2048,1477,0.72119140625,0.9627609848976135
init-init,proj-c4-r50-s0,proj-slimpajama-r50-s0,L16.gateup,16,gateup,2048,1191,0.58154296875,0.9211499691009521
final-final,proj-c4-r50-s0,proj-slimpajama-r50-s0,L16.gateup,16,gateup,2048,1191,0.58154296875,0.9163733124732971
init-init,proj-c4-r50-s0,proj-slimpajama-r50-s0,L16.down,16,down,2048,1191,0.58154296875,0.9511140584945679
final-final,proj-c4-r50-s0,proj-slimpajama-r50-s0,L16.down,16,down,2048,1191,0.58154296875,0.9454295039176941
init-init,proj-c4-r50-s0,proj-slimpajama-r50-s0,L17.qkv,17,qkv,2048,1477,0.72119140625,0.9592037796974182
final-final,proj-c4-r50-s0,proj-slimpajama-r50-s0,L17.qkv,17,qkv,2048,1477,0.72119140625,0.9560900330543518
init-init,proj-c4-r50-s0,proj-slimpajama-r50-s0,L17.o,17,o,2048,1477,0.72119140625,0.9668933153152466
final-final,proj-c4-r50-s0,proj-slimpajama-r50-s0,L17.o,17,o,2048,1477,0.72119140625,0.9627077579498291
init-init,proj-c4-r50-s0,proj-slimpajama-r50-s0,L17.gateup,17,gateup,2048,1191,0.58154296875,0.9212921261787415
final-final,proj-c4-r50-s0,proj-slimpajama-r50-s0,L17.gateup,17,gateup,2048,1191,0.58154296875,0.9154252409934998
init-init,proj-c4-r50-s0,proj-slimpajama-r50-s0,L17.down,17,down,2048,1191,0.58154296875,0.9422529339790344
final-final,proj-c4-r50-s0,proj-slimpajama-r50-s0,L17.down,17,down,2048,1191,0.58154296875,0.936381995677948
init-init,proj-c4-r50-s0,proj-slimpajama-r50-s0,L18.qkv,18,qkv,2048,1477,0.72119140625,0.9587231874465942
final-final,proj-c4-r50-s0,proj-slimpajama-r50-s0,L18.qkv,18,qkv,2048,1477,0.72119140625,0.9559075236320496
init-init,proj-c4-r50-s0,proj-slimpajama-r50-s0,L18.o,18,o,2048,1477,0.72119140625,0.9585312604904175
final-final,proj-c4-r50-s0,proj-slimpajama-r50-s0,L18.o,18,o,2048,1477,0.72119140625,0.9545181393623352
init-init,proj-c4-r50-s0,proj-slimpajama-r50-s0,L18.gateup,18,gateup,2048,1191,0.58154296875,0.9142695069313049
final-final,proj-c4-r50-s0,proj-slimpajama-r50-s0,L18.gateup,18,gateup,2048,1191,0.58154296875,0.9084885716438293
init-init,proj-c4-r50-s0,proj-slimpajama-r50-s0,L18.down,18,down,2048,1191,0.58154296875,0.9354851841926575
final-final,proj-c4-r50-s0,proj-slimpajama-r50-s0,L18.down,18,down,2048,1191,0.58154296875,0.929448664188385
init-init,proj-c4-r50-s0,proj-slimpajama-r50-s0,L19.qkv,19,qkv,2048,1477,0.72119140625,0.957613468170166
final-final,proj-c4-r50-s0,proj-slimpajama-r50-s0,L19.qkv,19,qkv,2048,1477,0.72119140625,0.9549337029457092
init-init,proj-c4-r50-s0,proj-slimpajama-r50-s0,L19.o,19,o,2048,1477,0.72119140625,0.9645336270332336
final-final,proj-c4-r50-s0,proj-slimpajama-r50-s0,L19.o,19,o,2048,1477,0.72119140625,0.960692822933197
init-init,proj-c4-r50-s0,proj-slimpajama-r50-s0,L19.gateup,19,gateup,2048,1191,0.58154296875,0.9126408696174622
final-final,proj-c4-r50-s0,proj-slimpajama-r50-s0,L19.gateup,19,gateup,2048,1191,0.58154296875,0.9070984125137329
init-init,proj-c4-r50-s0,proj-slimpajama-r50-s0,L19.down,19,down,2048,1191,0.58154296875,0.9388027787208557
final-final,proj-c4-r50-s0,proj-slimpajama-r50-s0,L19.down,19,down,2048,1191,0.58154296875,0.9324886202812195
init-init,proj-c4-r50-s0,proj-slimpajama-r50-s0,L20.qkv,20,qkv,2048,1477,0.72119140625,0.9582398533821106
final-final,proj-c4-r50-s0,proj-slimpajama-r50-s0,L20.qkv,20,qkv,2048,1477,0.72119140625,0.9555776119232178
init-init,proj-c4-r50-s0,proj-slimpajama-r50-s0,L20.o,20,o,2048,1477,0.72119140625,0.9561415910720825
final-final,proj-c4-r50-s0,proj-slimpajama-r50-s0,L20.o,20,o,2048,1477,0.72119140625,0.9516140222549438
init-init,proj-c4-r50-s0,proj-slimpajama-r50-s0,L20.gateup,20,gateup,2048,1191,0.58154296875,0.9106978178024292
final-final,proj-c4-r50-s0,proj-slimpajama-r50-s0,L20.gateup,20,gateup,2048,1191,0.58154296875,0.904627799987793
init-init,proj-c4-r50-s0,proj-slimpajama-r50-s0,L20.down,20,down,2048,1191,0.58154296875,0.9323675036430359
final-final,proj-c4-r50-s0,proj-slimpajama-r50-s0,L20.down,20,down,2048,1191,0.58154296875,0.9253646731376648
init-init,proj-c4-r50-s0,proj-slimpajama-r50-s0,L21.qkv,21,qkv,2048,1477,0.72119140625,0.9545193314552307
final-final,proj-c4-r50-s0,proj-slimpajama-r50-s0,L21.qkv,21,qkv,2048,1477,0.72119140625,0.9518797397613525
init-init,proj-c4-r50-s0,proj-slimpajama-r50-s0,L21.o,21,o,2048,1477,0.72119140625,0.9496903419494629
final-final,proj-c4-r50-s0,proj-slimpajama-r50-s0,L21.o,21,o,2048,1477,0.72119140625,0.945585310459137
init-init,proj-c4-r50-s0,proj-slimpajama-r50-s0,L21.gateup,21,gateup,2048,1191,0.58154296875,0.9034052491188049
final-final,proj-c4-r50-s0,proj-slimpajama-r50-s0,L21.gateup,21,gateup,2048,1191,0.58154296875,0.896939218044281
init-init,proj-c4-r50-s0,proj-slimpajama-r50-s0,L21.down,21,down,2048,1191,0.58154296875,0.9169155359268188
final-final,proj-c4-r50-s0,proj-slimpajama-r50-s0,L21.down,21,down,2048,1191,0.58154296875,0.909828782081604
init-init,proj-c4-r50-s0,proj-slimpajama-r50-s0,L22.qkv,22,qkv,2048,1477,0.72119140625,0.9509365558624268
final-final,proj-c4-r50-s0,proj-slimpajama-r50-s0,L22.qkv,22,qkv,2048,1477,0.72119140625,0.9484778046607971
init-init,proj-c4-r50-s0,proj-slimpajama-r50-s0,L22.o,22,o,2048,1477,0.72119140625,0.9494785666465759
final-final,proj-c4-r50-s0,proj-slimpajama-r50-s0,L22.o,22,o,2048,1477,0.72119140625,0.9454895257949829
init-init,proj-c4-r50-s0,proj-slimpajama-r50-s0,L22.gateup,22,gateup,2048,1191,0.58154296875,0.8955042362213135
final-final,proj-c4-r50-s0,proj-slimpajama-r50-s0,L22.gateup,22,gateup,2048,1191,0.58154296875,0.8886671662330627
init-init,proj-c4-r50-s0,proj-slimpajama-r50-s0,L22.down,22,down,2048,1191,0.58154296875,0.9088898301124573
final-final,proj-c4-r50-s0,proj-slimpajama-r50-s0,L22.down,22,down,2048,1191,0.58154296875,0.9022009372711182
init-init,proj-c4-r50-s0,proj-slimpajama-r50-s0,L23.qkv,23,qkv,2048,1477,0.72119140625,0.9483672380447388
final-final,proj-c4-r50-s0,proj-slimpajama-r50-s0,L23.qkv,23,qkv,2048,1477,0.72119140625,0.9459720253944397
init-init,proj-c4-r50-s0,proj-slimpajama-r50-s0,L23.o,23,o,2048,1477,0.72119140625,0.940525233745575
final-final,proj-c4-r50-s0,proj-slimpajama-r50-s0,L23.o,23,o,2048,1477,0.72119140625,0.9364815950393677
init-init,proj-c4-r50-s0,proj-slimpajama-r50-s0,L23.gateup,23,gateup,2048,1191,0.58154296875,0.8861492872238159
final-final,proj-c4-r50-s0,proj-slimpajama-r50-s0,L23.gateup,23,gateup,2048,1191,0.58154296875,0.8786664009094238
init-init,proj-c4-r50-s0,proj-slimpajama-r50-s0,L23.down,23,down,2048,1191,0.58154296875,0.9053663015365601
final-final,proj-c4-r50-s0,proj-slimpajama-r50-s0,L23.down,23,down,2048,1191,0.58154296875,0.8989503383636475
init-init,proj-c4-r50-s0,proj-slimpajama-r50-s0,L24.qkv,24,qkv,2048,1477,0.72119140625,0.9474373459815979
final-final,proj-c4-r50-s0,proj-slimpajama-r50-s0,L24.qkv,24,qkv,2048,1477,0.72119140625,0.9448432326316833
init-init,proj-c4-r50-s0,proj-slimpajama-r50-s0,L24.o,24,o,2048,1477,0.72119140625,0.9330277442932129
final-final,proj-c4-r50-s0,proj-slimpajama-r50-s0,L24.o,24,o,2048,1477,0.72119140625,0.9287276268005371
init-init,proj-c4-r50-s0,proj-slimpajama-r50-s0,L24.gateup,24,gateup,2048,1191,0.58154296875,0.8796843886375427
final-final,proj-c4-r50-s0,proj-slimpajama-r50-s0,L24.gateup,24,gateup,2048,1191,0.58154296875,0.8723364472389221
init-init,proj-c4-r50-s0,proj-slimpajama-r50-s0,L24.down,24,down,2048,1191,0.58154296875,0.9042124152183533
final-final,proj-c4-r50-s0,proj-slimpajama-r50-s0,L24.down,24,down,2048,1191,0.58154296875,0.8980936408042908
init-init,proj-c4-r50-s0,proj-slimpajama-r50-s0,L25.qkv,25,qkv,2048,1477,0.72119140625,0.947291910648346
final-final,proj-c4-r50-s0,proj-slimpajama-r50-s0,L25.qkv,25,qkv,2048,1477,0.72119140625,0.9447874426841736
init-init,proj-c4-r50-s0,proj-slimpajama-r50-s0,L25.o,25,o,2048,1477,0.72119140625,0.9175384640693665
final-final,proj-c4-r50-s0,proj-slimpajama-r50-s0,L25.o,25,o,2048,1477,0.72119140625,0.9130692481994629
init-init,proj-c4-r50-s0,proj-slimpajama-r50-s0,L25.gateup,25,gateup,2048,1191,0.58154296875,0.8746152520179749
final-final,proj-c4-r50-s0,proj-slimpajama-r50-s0,L25.gateup,25,gateup,2048,1191,0.58154296875,0.8680592179298401
init-init,proj-c4-r50-s0,proj-slimpajama-r50-s0,L25.down,25,down,2048,1191,0.58154296875,0.8930248022079468
final-final,proj-c4-r50-s0,proj-slimpajama-r50-s0,L25.down,25,down,2048,1191,0.58154296875,0.8866474032402039
init-init,proj-c4-r50-s0,proj-slimpajama-r50-s0,L26.qkv,26,qkv,2048,1477,0.72119140625,0.9448124766349792
final-final,proj-c4-r50-s0,proj-slimpajama-r50-s0,L26.qkv,26,qkv,2048,1477,0.72119140625,0.942592203617096
init-init,proj-c4-r50-s0,proj-slimpajama-r50-s0,L26.o,26,o,2048,1477,0.72119140625,0.918397843837738
final-final,proj-c4-r50-s0,proj-slimpajama-r50-s0,L26.o,26,o,2048,1477,0.72119140625,0.9147512912750244
init-init,proj-c4-r50-s0,proj-slimpajama-r50-s0,L26.gateup,26,gateup,2048,1191,0.58154296875,0.8692924976348877
final-final,proj-c4-r50-s0,proj-slimpajama-r50-s0,L26.gateup,26,gateup,2048,1191,0.58154296875,0.8641427755355835
init-init,proj-c4-r50-s0,proj-slimpajama-r50-s0,L26.down,26,down,2048,1191,0.58154296875,0.8853793740272522
final-final,proj-c4-r50-s0,proj-slimpajama-r50-s0,L26.down,26,down,2048,1191,0.58154296875,0.8810412883758545
init-init,proj-c4-r50-s0,proj-slimpajama-r50-s0,L27.qkv,27,qkv,2048,1477,0.72119140625,0.9164866209030151
final-final,proj-c4-r50-s0,proj-slimpajama-r50-s0,L27.qkv,27,qkv,2048,1477,0.72119140625,0.9142783284187317
init-init,proj-c4-r50-s0,proj-slimpajama-r50-s0,L27.o,27,o,2048,1477,0.72119140625,0.9436774849891663
final-final,proj-c4-r50-s0,proj-slimpajama-r50-s0,L27.o,27,o,2048,1477,0.72119140625,0.9408326745033264
init-init,proj-c4-r50-s0,proj-slimpajama-r50-s0,L27.gateup,27,gateup,2048,1191,0.58154296875,0.8575286865234375
final-final,proj-c4-r50-s0,proj-slimpajama-r50-s0,L27.gateup,27,gateup,2048,1191,0.58154296875,0.855013906955719
init-init,proj-c4-r50-s0,proj-slimpajama-r50-s0,L27.down,27,down,2048,1191,0.58154296875,0.8825302124023438
final-final,proj-c4-r50-s0,proj-slimpajama-r50-s0,L27.down,27,down,2048,1191,0.58154296875,0.8814938068389893
init-init,proj-c4-r50-s0,proj-alpaca-r50-s0,L0.qkv,0,qkv,2048,1477,0.72119140625,0.9164388179779053
final-final,proj-c4-r50-s0,proj-alpaca-r50-s0,L0.qkv,0,qkv,2048,1477,0.72119140625,0.9121703505516052
init-init,proj-c4-r50-s0,proj-alpaca-r50-s0,L0.o,0,o,2048,1477,0.72119140625,0.9465996026992798
final-final,proj-c4-r50-s0,proj-alpaca-r50-s0,L0.o,0,o,2048,1477,0.72119140625,0.9421178102493286
init-init,proj-c4-r50-s0,proj-alpaca-r50-s0,L0.gateup,0,gateup,2048,1191,0.58154296875,0.956746518611908
final-final,proj-c4-r50-s0,proj-alpaca-r50-s0,L0.gateup,0,gateup,2048,1191,0.58154296875,0.9497532248497009
init-init,proj-c4-r50-s0,proj-alpaca-r50-s0,L0.down,0,down,2048,1191,0.58154296875,0.904856264591217
final-final,proj-c4-r50-s0,proj-alpaca-r50-s0,L0.down,0,down,2048,1191,0.58154296875,0.8995158076286316
init-init,proj-c4-r50-s0,proj-alpaca-r50-s0,L1.qkv,1,qkv,2048,1477,0.72119140625,0.9350939393043518
final-final,proj-c4-r50-s0,proj-alpaca-r50-s0,L1.qkv,1,qkv,2048,1477,0.72119140625,0.9303542971611023
init-init,proj-c4-r50-s0,proj-alpaca-r50-s0,L1.o,1,o,2048,1477,0.72119140625,0.9361394643783569
final-final,proj-c4-r50-s0,proj-alpaca-r50-s0,L1.o,1,o,2048,1477,0.72119140625,0.9324094653129578
init-init,proj-c4-r50-s0,proj-alpaca-r50-s0,L1.gateup,1,gateup,2048,1191,0.58154296875,0.9021052122116089
final-final,proj-c4-r50-s0,proj-alpaca-r50-s0,L1.gateup,1,gateup,2048,1191,0.58154296875,0.8968188762664795
init-init,proj-c4-r50-s0,proj-alpaca-r50-s0,L1.down,1,down,2048,1191,0.58154296875,0.8882339000701904
final-final,proj-c4-r50-s0,proj-alpaca-r50-s0,L1.down,1,down,2048,1191,0.58154296875,0.8825103044509888
init-init,proj-c4-r50-s0,proj-alpaca-r50-s0,L2.qkv,2,qkv,2048,1477,0.72119140625,0.93129962682724
final-final,proj-c4-r50-s0,proj-alpaca-r50-s0,L2.qkv,2,qkv,2048,1477,0.72119140625,0.9268649220466614
init-init,proj-c4-r50-s0,proj-alpaca-r50-s0,L2.o,2,o,2048,1477,0.72119140625,0.9410445690155029
final-final,proj-c4-r50-s0,proj-alpaca-r50-s0,L2.o,2,o,2048,1477,0.72119140625,0.9365437626838684
init-init,proj-c4-r50-s0,proj-alpaca-r50-s0,L2.gateup,2,gateup,2048,1191,0.58154296875,0.8867444396018982
final-final,proj-c4-r50-s0,proj-alpaca-r50-s0,L2.gateup,2,gateup,2048,1191,0.58154296875,0.880963921546936
init-init,proj-c4-r50-s0,proj-alpaca-r50-s0,L2.down,2,down,2048,1191,0.58154296875,0.8887571096420288
final-final,proj-c4-r50-s0,proj-alpaca-r50-s0,L2.down,2,down,2048,1191,0.58154296875,0.883256196975708
init-init,proj-c4-r50-s0,proj-alpaca-r50-s0,L3.qkv,3,qkv,2048,1477,0.72119140625,0.9254742860794067
final-final,proj-c4-r50-s0,proj-alpaca-r50-s0,L3.qkv,3,qkv,2048,1477,0.72119140625,0.9224542379379272
init-init,proj-c4-r50-s0,proj-alpaca-r50-s0,L3.o,3,o,2048,1477,0.72119140625,0.9187694787979126
final-final,proj-c4-r50-s0,proj-alpaca-r50-s0,L3.o,3,o,2048,1477,0.72119140625,0.9144588708877563
init-init,proj-c4-r50-s0,proj-alpaca-r50-s0,L3.gateup,3,gateup,2048,1191,0.58154296875,0.8760215640068054
final-final,proj-c4-r50-s0,proj-alpaca-r50-s0,L3.gateup,3,gateup,2048,1191,0.58154296875,0.8699467182159424
init-init,proj-c4-r50-s0,proj-alpaca-r50-s0,L3.down,3,down,2048,1191,0.58154296875,0.8791471719741821
final-final,proj-c4-r50-s0,proj-alpaca-r50-s0,L3.down,3,down,2048,1191,0.58154296875,0.8732622265815735
init-init,proj-c4-r50-s0,proj-alpaca-r50-s0,L4.qkv,4,qkv,2048,1477,0.72119140625,0.9176844358444214
final-final,proj-c4-r50-s0,proj-alpaca-r50-s0,L4.qkv,4,qkv,2048,1477,0.72119140625,0.914803683757782
init-init,proj-c4-r50-s0,proj-alpaca-r50-s0,L4.o,4,o,2048,1477,0.72119140625,0.9171358346939087
final-final,proj-c4-r50-s0,proj-alpaca-r50-s0,L4.o,4,o,2048,1477,0.72119140625,0.9133569002151489
init-init,proj-c4-r50-s0,proj-alpaca-r50-s0,L4.gateup,4,gateup,2048,1191,0.58154296875,0.8611606359481812
final-final,proj-c4-r50-s0,proj-alpaca-r50-s0,L4.gateup,4,gateup,2048,1191,0.58154296875,0.8557316064834595
init-init,proj-c4-r50-s0,proj-alpaca-r50-s0,L4.down,4,down,2048,1191,0.58154296875,0.8773311376571655
final-final,proj-c4-r50-s0,proj-alpaca-r50-s0,L4.down,4,down,2048,1191,0.58154296875,0.8714888691902161
init-init,proj-c4-r50-s0,proj-alpaca-r50-s0,L5.qkv,5,qkv,2048,1477,0.72119140625,0.918311357498169
final-final,proj-c4-r50-s0,proj-alpaca-r50-s0,L5.qkv,5,qkv,2048,1477,0.72119140625,0.9157861471176147
init-init,proj-c4-r50-s0,proj-alpaca-r50-s0,L5.o,5,o,2048,1477,0.72119140625,0.9276303052902222
final-final,proj-c4-r50-s0,proj-alpaca-r50-s0,L5.o,5,o,2048,1477,0.72119140625,0.9237223267555237
init-init,proj-c4-r50-s0,proj-alpaca-r50-s0,L5.gateup,5,gateup,2048,1191,0.58154296875,0.8549191355705261
final-final,proj-c4-r50-s0,proj-alpaca-r50-s0,L5.gateup,5,gateup,2048,1191,0.58154296875,0.8497186303138733
init-init,proj-c4-r50-s0,proj-alpaca-r50-s0,L5.down,5,down,2048,1191,0.58154296875,0.8847865462303162
final-final,proj-c4-r50-s0,proj-alpaca-r50-s0,L5.down,5,down,2048,1191,0.58154296875,0.879056990146637
init-init,proj-c4-r50-s0,proj-alpaca-r50-s0,L6.qkv,6,qkv,2048,1477,0.72119140625,0.9209040403366089
final-final,proj-c4-r50-s0,proj-alpaca-r50-s0,L6.qkv,6,qkv,2048,1477,0.72119140625,0.9179639220237732
init-init,proj-c4-r50-s0,proj-alpaca-r50-s0,L6.o,6,o,2048,1477,0.72119140625,0.9261727929115295
final-final,proj-c4-r50-s0,proj-alpaca-r50-s0,L6.o,6,o,2048,1477,0.72119140625,0.9222666621208191
init-init,proj-c4-r50-s0,proj-alpaca-r50-s0,L6.gateup,6,gateup,2048,1191,0.58154296875,0.8525291681289673
final-final,proj-c4-r50-s0,proj-alpaca-r50-s0,L6.gateup,6,gateup,2048,1191,0.58154296875,0.8473007678985596
init-init,proj-c4-r50-s0,proj-alpaca-r50-s0,L6.down,6,down,2048,1191,0.58154296875,0.8772556781768799
final-final,proj-c4-r50-s0,proj-alpaca-r50-s0,L6.down,6,down,2048,1191,0.58154296875,0.8715465664863586
init-init,proj-c4-r50-s0,proj-alpaca-r50-s0,L7.qkv,7,qkv,2048,1477,0.72119140625,0.9078810214996338
final-final,proj-c4-r50-s0,proj-alpaca-r50-s0,L7.qkv,7,qkv,2048,1477,0.72119140625,0.9052993059158325
init-init,proj-c4-r50-s0,proj-alpaca-r50-s0,L7.o,7,o,2048,1477,0.72119140625,0.9094682931900024
final-final,proj-c4-r50-s0,proj-alpaca-r50-s0,L7.o,7,o,2048,1477,0.72119140625,0.9059627056121826
init-init,proj-c4-r50-s0,proj-alpaca-r50-s0,L7.gateup,7,gateup,2048,1191,0.58154296875,0.84018474817276
final-final,proj-c4-r50-s0,proj-alpaca-r50-s0,L7.gateup,7,gateup,2048,1191,0.58154296875,0.8354232311248779
init-init,proj-c4-r50-s0,proj-alpaca-r50-s0,L7.down,7,down,2048,1191,0.58154296875,0.8777093291282654
final-final,proj-c4-r50-s0,proj-alpaca-r50-s0,L7.down,7,down,2048,1191,0.58154296875,0.8721482753753662
init-init,proj-c4-r50-s0,proj-alpaca-r50-s0,L8.qkv,8,qkv,2048,1477,0.72119140625,0.9103565812110901
final-final,proj-c4-r50-s0,proj-alpaca-r50-s0,L8.qkv,8,qkv,2048,1477,0.72119140625,0.9076847434043884
init-init,proj-c4-r50-s0,proj-alpaca-r50-s0,L8.o,8,o,2048,1477,0.72119140625,0.8965179324150085
final-final,proj-c4-r50-s0,proj-alpaca-r50-s0,L8.o,8,o,2048,1477,0.72119140625,0.8930974006652832
init-init,proj-c4-r50-s0,proj-alpaca-r50-s0,L8.gateup,8,gateup,2048,1191,0.58154296875,0.8289783596992493
final-final,proj-c4-r50-s0,proj-alpaca-r50-s0,L8.gateup,8,gateup,2048,1191,0.58154296875,0.824542760848999
init-init,proj-c4-r50-s0,proj-alpaca-r50-s0,L8.down,8,down,2048,1191,0.58154296875,0.8762268424034119
final-final,proj-c4-r50-s0,proj-alpaca-r50-s0,L8.down,8,down,2048,1191,0.58154296875,0.8706832528114319
init-init,proj-c4-r50-s0,proj-alpaca-r50-s0,L9.qkv,9,qkv,2048,1477,0.72119140625,0.910888671875
final-final,proj-c4-r50-s0,proj-alpaca-r50-s0,L9.qkv,9,qkv,2048,1477,0.72119140625,0.9086083769798279
init-init,proj-c4-r50-s0,proj-alpaca-r50-s0,L9.o,9,o,2048,1477,0.72119140625,0.9185458421707153
final-final,proj-c4-r50-s0,proj-alpaca-r50-s0,L9.o,9,o,2048,1477,0.72119140625,0.9150989055633545
init-init,proj-c4-r50-s0,proj-alpaca-r50-s0,L9.gateup,9,gateup,2048,1191,0.58154296875,0.8299202919006348
final-final,proj-c4-r50-s0,proj-alpaca-r50-s0,L9.gateup,9,gateup,2048,1191,0.58154296875,0.8253589868545532
init-init,proj-c4-r50-s0,proj-alpaca-r50-s0,L9.down,9,down,2048,1191,0.58154296875,0.8677569627761841
final-final,proj-c4-r50-s0,proj-alpaca-r50-s0,L9.down,9,down,2048,1191,0.58154296875,0.8626373410224915
init-init,proj-c4-r50-s0,proj-alpaca-r50-s0,L10.qkv,10,qkv,2048,1477,0.72119140625,0.9051236510276794
final-final,proj-c4-r50-s0,proj-alpaca-r50-s0,L10.qkv,10,qkv,2048,1477,0.72119140625,0.9025644659996033
init-init,proj-c4-r50-s0,proj-alpaca-r50-s0,L10.o,10,o,2048,1477,0.72119140625,0.9041297435760498
final-final,proj-c4-r50-s0,proj-alpaca-r50-s0,L10.o,10,o,2048,1477,0.72119140625,0.9008010029792786
init-init,proj-c4-r50-s0,proj-alpaca-r50-s0,L10.gateup,10,gateup,2048,1191,0.58154296875,0.8249676823616028
final-final,proj-c4-r50-s0,proj-alpaca-r50-s0,L10.gateup,10,gateup,2048,1191,0.58154296875,0.8207977414131165
init-init,proj-c4-r50-s0,proj-alpaca-r50-s0,L10.down,10,down,2048,1191,0.58154296875,0.865439236164093
final-final,proj-c4-r50-s0,proj-alpaca-r50-s0,L10.down,10,down,2048,1191,0.58154296875,0.8604908585548401
init-init,proj-c4-r50-s0,proj-alpaca-r50-s0,L11.qkv,11,qkv,2048,1477,0.72119140625,0.9154072403907776
final-final,proj-c4-r50-s0,proj-alpaca-r50-s0,L11.qkv,11,qkv,2048,1477,0.72119140625,0.9125248193740845
init-init,proj-c4-r50-s0,proj-alpaca-r50-s0,L11.o,11,o,2048,1477,0.72119140625,0.9310002326965332
final-final,proj-c4-r50-s0,proj-alpaca-r50-s0,L11.o,11,o,2048,1477,0.72119140625,0.9274490475654602
init-init,proj-c4-r50-s0,proj-alpaca-r50-s0,L11.gateup,11,gateup,2048,1191,0.58154296875,0.8273058533668518
final-final,proj-c4-r50-s0,proj-alpaca-r50-s0,L11.gateup,11,gateup,2048,1191,0.58154296875,0.822772741317749
init-init,proj-c4-r50-s0,proj-alpaca-r50-s0,L11.down,11,down,2048,1191,0.58154296875,0.8740420937538147
final-final,proj-c4-r50-s0,proj-alpaca-r50-s0,L11.down,11,down,2048,1191,0.58154296875,0.8686652183532715
init-init,proj-c4-r50-s0,proj-alpaca-r50-s0,L12.qkv,12,qkv,2048,1477,0.72119140625,0.9069961309432983
final-final,proj-c4-r50-s0,proj-alpaca-r50-s0,L12.qkv,12,qkv,2048,1477,0.72119140625,0.904420018196106
init-init,proj-c4-r50-s0,proj-alpaca-r50-s0,L12.o,12,o,2048,1477,0.72119140625,0.9146106839179993
final-final,proj-c4-r50-s0,proj-alpaca-r50-s0,L12.o,12,o,2048,1477,0.72119140625,0.9109897017478943
init-init,proj-c4-r50-s0,proj-alpaca-r50-s0,L12.gateup,12,gateup,2048,1191,0.58154296875,0.8239911794662476
final-final,proj-c4-r50-s0,proj-alpaca-r50-s0,L12.gateup,12,gateup,2048,1191,0.58154296875,0.8194107413291931
init-init,proj-c4-r50-s0,proj-alpaca-r50-s0,L12.down,12,down,2048,1191,0.58154296875,0.8794595003128052
final-final,proj-c4-r50-s0,proj-alpaca-r50-s0,L12.down,12,down,2048,1191,0.58154296875,0.8740800023078918
init-init,proj-c4-r50-s0,proj-alpaca-r50-s0,L13.qkv,13,qkv,2048,1477,0.72119140625,0.908004105091095
final-final,proj-c4-r50-s0,proj-alpaca-r50-s0,L13.qkv,13,qkv,2048,1477,0.72119140625,0.9050552248954773
init-init,proj-c4-r50-s0,proj-alpaca-r50-s0,L13.o,13,o,2048,1477,0.72119140625,0.921569287776947
final-final,proj-c4-r50-s0,proj-alpaca-r50-s0,L13.o,13,o,2048,1477,0.72119140625,0.9180690050125122
init-init,proj-c4-r50-s0,proj-alpaca-r50-s0,L13.gateup,13,gateup,2048,1191,0.58154296875,0.8227811455726624
final-final,proj-c4-r50-s0,proj-alpaca-r50-s0,L13.gateup,13,gateup,2048,1191,0.58154296875,0.8181028366088867
init-init,proj-c4-r50-s0,proj-alpaca-r50-s0,L13.down,13,down,2048,1191,0.58154296875,0.8817043304443359
final-final,proj-c4-r50-s0,proj-alpaca-r50-s0,L13.down,13,down,2048,1191,0.58154296875,0.8761917948722839
init-init,proj-c4-r50-s0,proj-alpaca-r50-s0,L14.qkv,14,qkv,2048,1477,0.72119140625,0.9062232971191406
final-final,proj-c4-r50-s0,proj-alpaca-r50-s0,L14.qkv,14,qkv,2048,1477,0.72119140625,0.9037482142448425
init-init,proj-c4-r50-s0,proj-alpaca-r50-s0,L14.o,14,o,2048,1477,0.72119140625,0.9153730869293213
final-final,proj-c4-r50-s0,proj-alpaca-r50-s0,L14.o,14,o,2048,1477,0.72119140625,0.9121695160865784
init-init,proj-c4-r50-s0,proj-alpaca-r50-s0,L14.gateup,14,gateup,2048,1191,0.58154296875,0.8211765289306641
final-final,proj-c4-r50-s0,proj-alpaca-r50-s0,L14.gateup,14,gateup,2048,1191,0.58154296875,0.8170427680015564
init-init,proj-c4-r50-s0,proj-alpaca-r50-s0,L14.down,14,down,2048,1191,0.58154296875,0.8876000046730042
final-final,proj-c4-r50-s0,proj-alpaca-r50-s0,L14.down,14,down,2048,1191,0.58154296875,0.8819554448127747
init-init,proj-c4-r50-s0,proj-alpaca-r50-s0,L15.qkv,15,qkv,2048,1477,0.72119140625,0.9037584662437439
final-final,proj-c4-r50-s0,proj-alpaca-r50-s0,L15.qkv,15,qkv,2048,1477,0.72119140625,0.9016311168670654
init-init,proj-c4-r50-s0,proj-alpaca-r50-s0,L15.o,15,o,2048,1477,0.72119140625,0.923732578754425
final-final,proj-c4-r50-s0,proj-alpaca-r50-s0,L15.o,15,o,2048,1477,0.72119140625,0.9201600551605225
init-init,proj-c4-r50-s0,proj-alpaca-r50-s0,L15.gateup,15,gateup,2048,1191,0.58154296875,0.8264076113700867
final-final,proj-c4-r50-s0,proj-alpaca-r50-s0,L15.gateup,15,gateup,2048,1191,0.58154296875,0.822033703327179
init-init,proj-c4-r50-s0,proj-alpaca-r50-s0,L15.down,15,down,2048,1191,0.58154296875,0.8807860016822815
final-final,proj-c4-r50-s0,proj-alpaca-r50-s0,L15.down,15,down,2048,1191,0.58154296875,0.8755786418914795
init-init,proj-c4-r50-s0,proj-alpaca-r50-s0,L16.qkv,16,qkv,2048,1477,0.72119140625,0.9070808291435242
final-final,proj-c4-r50-s0,proj-alpaca-r50-s0,L16.qkv,16,qkv,2048,1477,0.72119140625,0.9048858284950256
init-init,proj-c4-r50-s0,proj-alpaca-r50-s0,L16.o,16,o,2048,1477,0.72119140625,0.9240872859954834
final-final,proj-c4-r50-s0,proj-alpaca-r50-s0,L16.o,16,o,2048,1477,0.72119140625,0.9206013083457947
init-init,proj-c4-r50-s0,proj-alpaca-r50-s0,L16.gateup,16,gateup,2048,1191,0.58154296875,0.8311623930931091
final-final,proj-c4-r50-s0,proj-alpaca-r50-s0,L16.gateup,16,gateup,2048,1191,0.58154296875,0.8275443315505981
init-init,proj-c4-r50-s0,proj-alpaca-r50-s0,L16.down,16,down,2048,1191,0.58154296875,0.8862062692642212
final-final,proj-c4-r50-s0,proj-alpaca-r50-s0,L16.down,16,down,2048,1191,0.58154296875,0.8809254765510559
init-init,proj-c4-r50-s0,proj-alpaca-r50-s0,L17.qkv,17,qkv,2048,1477,0.72119140625,0.9020547866821289
final-final,proj-c4-r50-s0,proj-alpaca-r50-s0,L17.qkv,17,qkv,2048,1477,0.72119140625,0.8998821377754211
init-init,proj-c4-r50-s0,proj-alpaca-r50-s0,L17.o,17,o,2048,1477,0.72119140625,0.9284281134605408
final-final,proj-c4-r50-s0,proj-alpaca-r50-s0,L17.o,17,o,2048,1477,0.72119140625,0.9245750904083252
init-init,proj-c4-r50-s0,proj-alpaca-r50-s0,L17.gateup,17,gateup,2048,1191,0.58154296875,0.840860903263092
final-final,proj-c4-r50-s0,proj-alpaca-r50-s0,L17.gateup,17,gateup,2048,1191,0.58154296875,0.8362044095993042
init-init,proj-c4-r50-s0,proj-alpaca-r50-s0,L17.down,17,down,2048,1191,0.58154296875,0.8766456246376038
final-final,proj-c4-r50-s0,proj-alpaca-r50-s0,L17.down,17,down,2048,1191,0.58154296875,0.8712953329086304
init-init,proj-c4-r50-s0,proj-alpaca-r50-s0,L18.qkv,18,qkv,2048,1477,0.72119140625,0.90679931640625
final-final,proj-c4-r50-s0,proj-alpaca-r50-s0,L18.qkv,18,qkv,2048,1477,0.72119140625,0.9047499299049377
init-init,proj-c4-r50-s0,proj-alpaca-r50-s0,L18.o,18,o,2048,1477,0.72119140625,0.9157969951629639
final-final,proj-c4-r50-s0,proj-alpaca-r50-s0,L18.o,18,o,2048,1477,0.72119140625,0.9122616052627563
init-init,proj-c4-r50-s0,proj-alpaca-r50-s0,L18.gateup,18,gateup,2048,1191,0.58154296875,0.8357493877410889
final-final,proj-c4-r50-s0,proj-alpaca-r50-s0,L18.gateup,18,gateup,2048,1191,0.58154296875,0.8309270739555359
init-init,proj-c4-r50-s0,proj-alpaca-r50-s0,L18.down,18,down,2048,1191,0.58154296875,0.8704553246498108
final-final,proj-c4-r50-s0,proj-alpaca-r50-s0,L18.down,18,down,2048,1191,0.58154296875,0.8650038242340088
init-init,proj-c4-r50-s0,proj-alpaca-r50-s0,L19.qkv,19,qkv,2048,1477,0.72119140625,0.9081809520721436
final-final,proj-c4-r50-s0,proj-alpaca-r50-s0,L19.qkv,19,qkv,2048,1477,0.72119140625,0.906147301197052
init-init,proj-c4-r50-s0,proj-alpaca-r50-s0,L19.o,19,o,2048,1477,0.72119140625,0.929818868637085
final-final,proj-c4-r50-s0,proj-alpaca-r50-s0,L19.o,19,o,2048,1477,0.72119140625,0.9260173439979553
init-init,proj-c4-r50-s0,proj-alpaca-r50-s0,L19.gateup,19,gateup,2048,1191,0.58154296875,0.8372126817703247
final-final,proj-c4-r50-s0,proj-alpaca-r50-s0,L19.gateup,19,gateup,2048,1191,0.58154296875,0.832557201385498
init-init,proj-c4-r50-s0,proj-alpaca-r50-s0,L19.down,19,down,2048,1191,0.58154296875,0.8796527981758118
final-final,proj-c4-r50-s0,proj-alpaca-r50-s0,L19.down,19,down,2048,1191,0.58154296875,0.8739368915557861
init-init,proj-c4-r50-s0,proj-alpaca-r50-s0,L20.qkv,20,qkv,2048,1477,0.72119140625,0.9140394926071167
final-final,proj-c4-r50-s0,proj-alpaca-r50-s0,L20.qkv,20,qkv,2048,1477,0.72119140625,0.9118859767913818
init-init,proj-c4-r50-s0,proj-alpaca-r50-s0,L20.o,20,o,2048,1477,0.72119140625,0.9218937158584595
final-final,proj-c4-r50-s0,proj-alpaca-r50-s0,L20.o,20,o,2048,1477,0.72119140625,0.9174200892448425
init-init,proj-c4-r50-s0,proj-alpaca-r50-s0,L20.gateup,20,gateup,2048,1191,0.58154296875,0.8410720229148865
final-final,proj-c4-r50-s0,proj-alpaca-r50-s0,L20.gateup,20,gateup,2048,1191,0.58154296875,0.836138904094696
init-init,proj-c4-r50-s0,proj-alpaca-r50-s0,L20.down,20,down,2048,1191,0.58154296875,0.8737079501152039
final-final,proj-c4-r50-s0,proj-alpaca-r50-s0,L20.down,20,down,2048,1191,0.58154296875,0.8675796389579773
init-init,proj-c4-r50-s0,proj-alpaca-r50-s0,L21.qkv,21,qkv,2048,1477,0.72119140625,0.9095484614372253
final-final,proj-c4-r50-s0,proj-alpaca-r50-s0,L21.qkv,21,qkv,2048,1477,0.72119140625,0.9073868989944458
init-init,proj-c4-r50-s0,proj-alpaca-r50-s0,L21.o,21,o,2048,1477,0.72119140625,0.9239716529846191
final-final,proj-c4-r50-s0,proj-alpaca-r50-s0,L21.o,21,o,2048,1477,0.72119140625,0.9198850989341736
init-init,proj-c4-r50-s0,proj-alpaca-r50-s0,L21.gateup,21,gateup,2048,1191,0.58154296875,0.8364790678024292
final-final,proj-c4-r50-s0,proj-alpaca-r50-s0,L21.gateup,21,gateup,2048,1191,0.58154296875,0.8312513828277588
init-init,proj-c4-r50-s0,proj-alpaca-r50-s0,L21.down,21,down,2048,1191,0.58154296875,0.8637188673019409
final-final,proj-c4-r50-s0,proj-alpaca-r50-s0,L21.down,21,down,2048,1191,0.58154296875,0.8576792478561401
init-init,proj-c4-r50-s0,proj-alpaca-r50-s0,L22.qkv,22,qkv,2048,1477,0.72119140625,0.9119035005569458
final-final,proj-c4-r50-s0,proj-alpaca-r50-s0,L22.qkv,22,qkv,2048,1477,0.72119140625,0.9098350405693054
init-init,proj-c4-r50-s0,proj-alpaca-r50-s0,L22.o,22,o,2048,1477,0.72119140625,0.9088409543037415
final-final,proj-c4-r50-s0,proj-alpaca-r50-s0,L22.o,22,o,2048,1477,0.72119140625,0.9052948951721191
init-init,proj-c4-r50-s0,proj-alpaca-r50-s0,L22.gateup,22,gateup,2048,1191,0.58154296875,0.8320726752281189
final-final,proj-c4-r50-s0,proj-alpaca-r50-s0,L22.gateup,22,gateup,2048,1191,0.58154296875,0.8265238404273987
init-init,proj-c4-r50-s0,proj-alpaca-r50-s0,L22.down,22,down,2048,1191,0.58154296875,0.8600544333457947
final-final,proj-c4-r50-s0,proj-alpaca-r50-s0,L22.down,22,down,2048,1191,0.58154296875,0.8543137311935425
init-init,proj-c4-r50-s0,proj-alpaca-r50-s0,L23.qkv,23,qkv,2048,1477,0.72119140625,0.9122733473777771
final-final,proj-c4-r50-s0,proj-alpaca-r50-s0,L23.qkv,23,qkv,2048,1477,0.72119140625,0.9101061224937439
init-init,proj-c4-r50-s0,proj-alpaca-r50-s0,L23.o,23,o,2048,1477,0.72119140625,0.8988057374954224
final-final,proj-c4-r50-s0,proj-alpaca-r50-s0,L23.o,23,o,2048,1477,0.72119140625,0.8951250314712524
init-init,proj-c4-r50-s0,proj-alpaca-r50-s0,L23.gateup,23,gateup,2048,1191,0.58154296875,0.8253953456878662
final-final,proj-c4-r50-s0,proj-alpaca-r50-s0,L23.gateup,23,gateup,2048,1191,0.58154296875,0.8194857239723206
init-init,proj-c4-r50-s0,proj-alpaca-r50-s0,L23.down,23,down,2048,1191,0.58154296875,0.8656917810440063
final-final,proj-c4-r50-s0,proj-alpaca-r50-s0,L23.down,23,down,2048,1191,0.58154296875,0.8598921895027161
init-init,proj-c4-r50-s0,proj-alpaca-r50-s0,L24.qkv,24,qkv,2048,1477,0.72119140625,0.9128742814064026
final-final,proj-c4-r50-s0,proj-alpaca-r50-s0,L24.qkv,24,qkv,2048,1477,0.72119140625,0.9105561375617981
init-init,proj-c4-r50-s0,proj-alpaca-r50-s0,L24.o,24,o,2048,1477,0.72119140625,0.8863246440887451
final-final,proj-c4-r50-s0,proj-alpaca-r50-s0,L24.o,24,o,2048,1477,0.72119140625,0.8828011751174927
init-init,proj-c4-r50-s0,proj-alpaca-r50-s0,L24.gateup,24,gateup,2048,1191,0.58154296875,0.8211053013801575
final-final,proj-c4-r50-s0,proj-alpaca-r50-s0,L24.gateup,24,gateup,2048,1191,0.58154296875,0.8152263760566711
init-init,proj-c4-r50-s0,proj-alpaca-r50-s0,L24.down,24,down,2048,1191,0.58154296875,0.8675540089607239
final-final,proj-c4-r50-s0,proj-alpaca-r50-s0,L24.down,24,down,2048,1191,0.58154296875,0.8618202805519104
init-init,proj-c4-r50-s0,proj-alpaca-r50-s0,L25.qkv,25,qkv,2048,1477,0.72119140625,0.9147990942001343
final-final,proj-c4-r50-s0,proj-alpaca-r50-s0,L25.qkv,25,qkv,2048,1477,0.72119140625,0.912484884262085
init-init,proj-c4-r50-s0,proj-alpaca-r50-s0,L25.o,25,o,2048,1477,0.72119140625,0.8624225854873657
final-final,proj-c4-r50-s0,proj-alpaca-r50-s0,L25.o,25,o,2048,1477,0.72119140625,0.8594164848327637
init-init,proj-c4-r50-s0,proj-alpaca-r50-s0,L25.gateup,25,gateup,2048,1191,0.58154296875,0.817233681678772
final-final,proj-c4-r50-s0,proj-alpaca-r50-s0,L25.gateup,25,gateup,2048,1191,0.58154296875,0.8120315074920654
init-init,proj-c4-r50-s0,proj-alpaca-r50-s0,L25.down,25,down,2048,1191,0.58154296875,0.8691449165344238
final-final,proj-c4-r50-s0,proj-alpaca-r50-s0,L25.down,25,down,2048,1191,0.58154296875,0.8628878593444824
init-init,proj-c4-r50-s0,proj-alpaca-r50-s0,L26.qkv,26,qkv,2048,1477,0.72119140625,0.9135072231292725
final-final,proj-c4-r50-s0,proj-alpaca-r50-s0,L26.qkv,26,qkv,2048,1477,0.72119140625,0.911535382270813
init-init,proj-c4-r50-s0,proj-alpaca-r50-s0,L26.o,26,o,2048,1477,0.72119140625,0.8696994781494141
final-final,proj-c4-r50-s0,proj-alpaca-r50-s0,L26.o,26,o,2048,1477,0.72119140625,0.8669200539588928
init-init,proj-c4-r50-s0,proj-alpaca-r50-s0,L26.gateup,26,gateup,2048,1191,0.58154296875,0.8146960139274597
final-final,proj-c4-r50-s0,proj-alpaca-r50-s0,L26.gateup,26,gateup,2048,1191,0.58154296875,0.8105282187461853
init-init,proj-c4-r50-s0,proj-alpaca-r50-s0,L26.down,26,down,2048,1191,0.58154296875,0.8731574416160583
final-final,proj-c4-r50-s0,proj-alpaca-r50-s0,L26.down,26,down,2048,1191,0.58154296875,0.8686528205871582
init-init,proj-c4-r50-s0,proj-alpaca-r50-s0,L27.qkv,27,qkv,2048,1477,0.72119140625,0.8761942386627197
final-final,proj-c4-r50-s0,proj-alpaca-r50-s0,L27.qkv,27,qkv,2048,1477,0.72119140625,0.8742299675941467
init-init,proj-c4-r50-s0,proj-alpaca-r50-s0,L27.o,27,o,2048,1477,0.72119140625,0.9187238216400146
final-final,proj-c4-r50-s0,proj-alpaca-r50-s0,L27.o,27,o,2048,1477,0.72119140625,0.9160671830177307
init-init,proj-c4-r50-s0,proj-alpaca-r50-s0,L27.gateup,27,gateup,2048,1191,0.58154296875,0.8019342422485352
final-final,proj-c4-r50-s0,proj-alpaca-r50-s0,L27.gateup,27,gateup,2048,1191,0.58154296875,0.799938440322876
init-init,proj-c4-r50-s0,proj-alpaca-r50-s0,L27.down,27,down,2048,1191,0.58154296875,0.8664753437042236
final-final,proj-c4-r50-s0,proj-alpaca-r50-s0,L27.down,27,down,2048,1191,0.58154296875,0.8654060363769531
init-init,proj-c4-r50-s0,proj-selfgen-r50-s0,L0.qkv,0,qkv,2048,1477,0.72119140625,0.8920460343360901
final-final,proj-c4-r50-s0,proj-selfgen-r50-s0,L0.qkv,0,qkv,2048,1477,0.72119140625,0.8880256414413452
init-init,proj-c4-r50-s0,proj-selfgen-r50-s0,L0.o,0,o,2048,1477,0.72119140625,0.9282220005989075
final-final,proj-c4-r50-s0,proj-selfgen-r50-s0,L0.o,0,o,2048,1477,0.72119140625,0.9234251976013184
init-init,proj-c4-r50-s0,proj-selfgen-r50-s0,L0.gateup,0,gateup,2048,1191,0.58154296875,0.9392112493515015
final-final,proj-c4-r50-s0,proj-selfgen-r50-s0,L0.gateup,0,gateup,2048,1191,0.58154296875,0.9310922622680664
init-init,proj-c4-r50-s0,proj-selfgen-r50-s0,L0.down,0,down,2048,1191,0.58154296875,0.842960000038147
final-final,proj-c4-r50-s0,proj-selfgen-r50-s0,L0.down,0,down,2048,1191,0.58154296875,0.8374664187431335
init-init,proj-c4-r50-s0,proj-selfgen-r50-s0,L1.qkv,1,qkv,2048,1477,0.72119140625,0.9015218615531921
final-final,proj-c4-r50-s0,proj-selfgen-r50-s0,L1.qkv,1,qkv,2048,1477,0.72119140625,0.8965235948562622
init-init,proj-c4-r50-s0,proj-selfgen-r50-s0,L1.o,1,o,2048,1477,0.72119140625,0.9214947819709778
final-final,proj-c4-r50-s0,proj-selfgen-r50-s0,L1.o,1,o,2048,1477,0.72119140625,0.9171448349952698
init-init,proj-c4-r50-s0,proj-selfgen-r50-s0,L1.gateup,1,gateup,2048,1191,0.58154296875,0.8483890891075134
final-final,proj-c4-r50-s0,proj-selfgen-r50-s0,L1.gateup,1,gateup,2048,1191,0.58154296875,0.842796266078949
init-init,proj-c4-r50-s0,proj-selfgen-r50-s0,L1.down,1,down,2048,1191,0.58154296875,0.8252552151679993
final-final,proj-c4-r50-s0,proj-selfgen-r50-s0,L1.down,1,down,2048,1191,0.58154296875,0.819855272769928
init-init,proj-c4-r50-s0,proj-selfgen-r50-s0,L2.qkv,2,qkv,2048,1477,0.72119140625,0.9021868705749512
final-final,proj-c4-r50-s0,proj-selfgen-r50-s0,L2.qkv,2,qkv,2048,1477,0.72119140625,0.8979698419570923
init-init,proj-c4-r50-s0,proj-selfgen-r50-s0,L2.o,2,o,2048,1477,0.72119140625,0.9309546947479248
final-final,proj-c4-r50-s0,proj-selfgen-r50-s0,L2.o,2,o,2048,1477,0.72119140625,0.9257317781448364
init-init,proj-c4-r50-s0,proj-selfgen-r50-s0,L2.gateup,2,gateup,2048,1191,0.58154296875,0.8294814825057983
final-final,proj-c4-r50-s0,proj-selfgen-r50-s0,L2.gateup,2,gateup,2048,1191,0.58154296875,0.8240606188774109
init-init,proj-c4-r50-s0,proj-selfgen-r50-s0,L2.down,2,down,2048,1191,0.58154296875,0.8743879795074463
final-final,proj-c4-r50-s0,proj-selfgen-r50-s0,L2.down,2,down,2048,1191,0.58154296875,0.8684104681015015
init-init,proj-c4-r50-s0,proj-selfgen-r50-s0,L3.qkv,3,qkv,2048,1477,0.72119140625,0.90433269739151
final-final,proj-c4-r50-s0,proj-selfgen-r50-s0,L3.qkv,3,qkv,2048,1477,0.72119140625,0.9009212255477905
init-init,proj-c4-r50-s0,proj-selfgen-r50-s0,L3.o,3,o,2048,1477,0.72119140625,0.8939052820205688
final-final,proj-c4-r50-s0,proj-selfgen-r50-s0,L3.o,3,o,2048,1477,0.72119140625,0.8889635801315308
init-init,proj-c4-r50-s0,proj-selfgen-r50-s0,L3.gateup,3,gateup,2048,1191,0.58154296875,0.8344199061393738
final-final,proj-c4-r50-s0,proj-selfgen-r50-s0,L3.gateup,3,gateup,2048,1191,0.58154296875,0.8286752700805664
init-init,proj-c4-r50-s0,proj-selfgen-r50-s0,L3.down,3,down,2048,1191,0.58154296875,0.8721946477890015
final-final,proj-c4-r50-s0,proj-selfgen-r50-s0,L3.down,3,down,2048,1191,0.58154296875,0.8658091425895691
init-init,proj-c4-r50-s0,proj-selfgen-r50-s0,L4.qkv,4,qkv,2048,1477,0.72119140625,0.9033563137054443
final-final,proj-c4-r50-s0,proj-selfgen-r50-s0,L4.qkv,4,qkv,2048,1477,0.72119140625,0.8998226523399353
init-init,proj-c4-r50-s0,proj-selfgen-r50-s0,L4.o,4,o,2048,1477,0.72119140625,0.9027344584465027
final-final,proj-c4-r50-s0,proj-selfgen-r50-s0,L4.o,4,o,2048,1477,0.72119140625,0.8983214497566223
init-init,proj-c4-r50-s0,proj-selfgen-r50-s0,L4.gateup,4,gateup,2048,1191,0.58154296875,0.831248939037323
final-final,proj-c4-r50-s0,proj-selfgen-r50-s0,L4.gateup,4,gateup,2048,1191,0.58154296875,0.8257806301116943
init-init,proj-c4-r50-s0,proj-selfgen-r50-s0,L4.down,4,down,2048,1191,0.58154296875,0.8634090423583984
final-final,proj-c4-r50-s0,proj-selfgen-r50-s0,L4.down,4,down,2048,1191,0.58154296875,0.857401430606842
init-init,proj-c4-r50-s0,proj-selfgen-r50-s0,L5.qkv,5,qkv,2048,1477,0.72119140625,0.9069092273712158
final-final,proj-c4-r50-s0,proj-selfgen-r50-s0,L5.qkv,5,qkv,2048,1477,0.72119140625,0.9038494825363159
init-init,proj-c4-r50-s0,proj-selfgen-r50-s0,L5.o,5,o,2048,1477,0.72119140625,0.92430579662323
final-final,proj-c4-r50-s0,proj-selfgen-r50-s0,L5.o,5,o,2048,1477,0.72119140625,0.9195315837860107
init-init,proj-c4-r50-s0,proj-selfgen-r50-s0,L5.gateup,5,gateup,2048,1191,0.58154296875,0.8238969445228577
final-final,proj-c4-r50-s0,proj-selfgen-r50-s0,L5.gateup,5,gateup,2048,1191,0.58154296875,0.8185372948646545
init-init,proj-c4-r50-s0,proj-selfgen-r50-s0,L5.down,5,down,2048,1191,0.58154296875,0.8797959089279175
final-final,proj-c4-r50-s0,proj-selfgen-r50-s0,L5.down,5,down,2048,1191,0.58154296875,0.8733475804328918
init-init,proj-c4-r50-s0,proj-selfgen-r50-s0,L6.qkv,6,qkv,2048,1477,0.72119140625,0.9135560393333435
final-final,proj-c4-r50-s0,proj-selfgen-r50-s0,L6.qkv,6,qkv,2048,1477,0.72119140625,0.9099209904670715
init-init,proj-c4-r50-s0,proj-selfgen-r50-s0,L6.o,6,o,2048,1477,0.72119140625,0.9214749932289124
final-final,proj-c4-r50-s0,proj-selfgen-r50-s0,L6.o,6,o,2048,1477,0.72119140625,0.9164522886276245
init-init,proj-c4-r50-s0,proj-selfgen-r50-s0,L6.gateup,6,gateup,2048,1191,0.58154296875,0.8234915733337402
final-final,proj-c4-r50-s0,proj-selfgen-r50-s0,L6.gateup,6,gateup,2048,1191,0.58154296875,0.8181864619255066
init-init,proj-c4-r50-s0,proj-selfgen-r50-s0,L6.down,6,down,2048,1191,0.58154296875,0.8743453621864319
final-final,proj-c4-r50-s0,proj-selfgen-r50-s0,L6.down,6,down,2048,1191,0.58154296875,0.8680492639541626
init-init,proj-c4-r50-s0,proj-selfgen-r50-s0,L7.qkv,7,qkv,2048,1477,0.72119140625,0.9033257365226746
final-final,proj-c4-r50-s0,proj-selfgen-r50-s0,L7.qkv,7,qkv,2048,1477,0.72119140625,0.8998584151268005
init-init,proj-c4-r50-s0,proj-selfgen-r50-s0,L7.o,7,o,2048,1477,0.72119140625,0.9190964698791504
final-final,proj-c4-r50-s0,proj-selfgen-r50-s0,L7.o,7,o,2048,1477,0.72119140625,0.9143742322921753
init-init,proj-c4-r50-s0,proj-selfgen-r50-s0,L7.gateup,7,gateup,2048,1191,0.58154296875,0.8175786733627319
final-final,proj-c4-r50-s0,proj-selfgen-r50-s0,L7.gateup,7,gateup,2048,1191,0.58154296875,0.8123856782913208
init-init,proj-c4-r50-s0,proj-selfgen-r50-s0,L7.down,7,down,2048,1191,0.58154296875,0.8788078427314758
final-final,proj-c4-r50-s0,proj-selfgen-r50-s0,L7.down,7,down,2048,1191,0.58154296875,0.8725499510765076
init-init,proj-c4-r50-s0,proj-selfgen-r50-s0,L8.qkv,8,qkv,2048,1477,0.72119140625,0.910109281539917
final-final,proj-c4-r50-s0,proj-selfgen-r50-s0,L8.qkv,8,qkv,2048,1477,0.72119140625,0.9064750075340271
init-init,proj-c4-r50-s0,proj-selfgen-r50-s0,L8.o,8,o,2048,1477,0.72119140625,0.8924360871315002
final-final,proj-c4-r50-s0,proj-selfgen-r50-s0,L8.o,8,o,2048,1477,0.72119140625,0.8876652121543884
init-init,proj-c4-r50-s0,proj-selfgen-r50-s0,L8.gateup,8,gateup,2048,1191,0.58154296875,0.8085775971412659
final-final,proj-c4-r50-s0,proj-selfgen-r50-s0,L8.gateup,8,gateup,2048,1191,0.58154296875,0.8036186695098877
init-init,proj-c4-r50-s0,proj-selfgen-r50-s0,L8.down,8,down,2048,1191,0.58154296875,0.8737290501594543
final-final,proj-c4-r50-s0,proj-selfgen-r50-s0,L8.down,8,down,2048,1191,0.58154296875,0.8677690625190735
init-init,proj-c4-r50-s0,proj-selfgen-r50-s0,L9.qkv,9,qkv,2048,1477,0.72119140625,0.9099873900413513
final-final,proj-c4-r50-s0,proj-selfgen-r50-s0,L9.qkv,9,qkv,2048,1477,0.72119140625,0.9068463444709778
init-init,proj-c4-r50-s0,proj-selfgen-r50-s0,L9.o,9,o,2048,1477,0.72119140625,0.9182717204093933
final-final,proj-c4-r50-s0,proj-selfgen-r50-s0,L9.o,9,o,2048,1477,0.72119140625,0.9135890603065491
init-init,proj-c4-r50-s0,proj-selfgen-r50-s0,L9.gateup,9,gateup,2048,1191,0.58154296875,0.8112916946411133
final-final,proj-c4-r50-s0,proj-selfgen-r50-s0,L9.gateup,9,gateup,2048,1191,0.58154296875,0.8060899376869202
init-init,proj-c4-r50-s0,proj-selfgen-r50-s0,L9.down,9,down,2048,1191,0.58154296875,0.8625518679618835
final-final,proj-c4-r50-s0,proj-selfgen-r50-s0,L9.down,9,down,2048,1191,0.58154296875,0.8569818139076233
init-init,proj-c4-r50-s0,proj-selfgen-r50-s0,L10.qkv,10,qkv,2048,1477,0.72119140625,0.9040039777755737
final-final,proj-c4-r50-s0,proj-selfgen-r50-s0,L10.qkv,10,qkv,2048,1477,0.72119140625,0.9004342555999756
init-init,proj-c4-r50-s0,proj-selfgen-r50-s0,L10.o,10,o,2048,1477,0.72119140625,0.9221420288085938
final-final,proj-c4-r50-s0,proj-selfgen-r50-s0,L10.o,10,o,2048,1477,0.72119140625,0.9171867370605469
init-init,proj-c4-r50-s0,proj-selfgen-r50-s0,L10.gateup,10,gateup,2048,1191,0.58154296875,0.8096832633018494
final-final,proj-c4-r50-s0,proj-selfgen-r50-s0,L10.gateup,10,gateup,2048,1191,0.58154296875,0.8052064776420593
init-init,proj-c4-r50-s0,proj-selfgen-r50-s0,L10.down,10,down,2048,1191,0.58154296875,0.861612856388092
final-final,proj-c4-r50-s0,proj-selfgen-r50-s0,L10.down,10,down,2048,1191,0.58154296875,0.8561979532241821
init-init,proj-c4-r50-s0,proj-selfgen-r50-s0,L11.qkv,11,qkv,2048,1477,0.72119140625,0.9174338579177856
final-final,proj-c4-r50-s0,proj-selfgen-r50-s0,L11.qkv,11,qkv,2048,1477,0.72119140625,0.9135310649871826
init-init,proj-c4-r50-s0,proj-selfgen-r50-s0,L11.o,11,o,2048,1477,0.72119140625,0.9385392069816589
final-final,proj-c4-r50-s0,proj-selfgen-r50-s0,L11.o,11,o,2048,1477,0.72119140625,0.9338511824607849
init-init,proj-c4-r50-s0,proj-selfgen-r50-s0,L11.gateup,11,gateup,2048,1191,0.58154296875,0.8086007833480835
final-final,proj-c4-r50-s0,proj-selfgen-r50-s0,L11.gateup,11,gateup,2048,1191,0.58154296875,0.8034032583236694
init-init,proj-c4-r50-s0,proj-selfgen-r50-s0,L11.down,11,down,2048,1191,0.58154296875,0.8722267150878906
final-final,proj-c4-r50-s0,proj-selfgen-r50-s0,L11.down,11,down,2048,1191,0.58154296875,0.8661360740661621
init-init,proj-c4-r50-s0,proj-selfgen-r50-s0,L12.qkv,12,qkv,2048,1477,0.72119140625,0.9083004593849182
final-final,proj-c4-r50-s0,proj-selfgen-r50-s0,L12.qkv,12,qkv,2048,1477,0.72119140625,0.9047454595565796
init-init,proj-c4-r50-s0,proj-selfgen-r50-s0,L12.o,12,o,2048,1477,0.72119140625,0.9227996468544006
final-final,proj-c4-r50-s0,proj-selfgen-r50-s0,L12.o,12,o,2048,1477,0.72119140625,0.9177706837654114
init-init,proj-c4-r50-s0,proj-selfgen-r50-s0,L12.gateup,12,gateup,2048,1191,0.58154296875,0.8074542284011841
final-final,proj-c4-r50-s0,proj-selfgen-r50-s0,L12.gateup,12,gateup,2048,1191,0.58154296875,0.8021907806396484
init-init,proj-c4-r50-s0,proj-selfgen-r50-s0,L12.down,12,down,2048,1191,0.58154296875,0.8816602230072021
final-final,proj-c4-r50-s0,proj-selfgen-r50-s0,L12.down,12,down,2048,1191,0.58154296875,0.8755176663398743
init-init,proj-c4-r50-s0,proj-selfgen-r50-s0,L13.qkv,13,qkv,2048,1477,0.72119140625,0.9123086929321289
final-final,proj-c4-r50-s0,proj-selfgen-r50-s0,L13.qkv,13,qkv,2048,1477,0.72119140625,0.9082692861557007
init-init,proj-c4-r50-s0,proj-selfgen-r50-s0,L13.o,13,o,2048,1477,0.72119140625,0.9298633337020874
final-final,proj-c4-r50-s0,proj-selfgen-r50-s0,L13.o,13,o,2048,1477,0.72119140625,0.9249377250671387
init-init,proj-c4-r50-s0,proj-selfgen-r50-s0,L13.gateup,13,gateup,2048,1191,0.58154296875,0.8107081651687622
final-final,proj-c4-r50-s0,proj-selfgen-r50-s0,L13.gateup,13,gateup,2048,1191,0.58154296875,0.8054377436637878
init-init,proj-c4-r50-s0,proj-selfgen-r50-s0,L13.down,13,down,2048,1191,0.58154296875,0.883285403251648
final-final,proj-c4-r50-s0,proj-selfgen-r50-s0,L13.down,13,down,2048,1191,0.58154296875,0.8770956993103027
init-init,proj-c4-r50-s0,proj-selfgen-r50-s0,L14.qkv,14,qkv,2048,1477,0.72119140625,0.9118544459342957
final-final,proj-c4-r50-s0,proj-selfgen-r50-s0,L14.qkv,14,qkv,2048,1477,0.72119140625,0.9084123373031616
init-init,proj-c4-r50-s0,proj-selfgen-r50-s0,L14.o,14,o,2048,1477,0.72119140625,0.9253026843070984
final-final,proj-c4-r50-s0,proj-selfgen-r50-s0,L14.o,14,o,2048,1477,0.72119140625,0.9205954074859619
init-init,proj-c4-r50-s0,proj-selfgen-r50-s0,L14.gateup,14,gateup,2048,1191,0.58154296875,0.810312807559967
final-final,proj-c4-r50-s0,proj-selfgen-r50-s0,L14.gateup,14,gateup,2048,1191,0.58154296875,0.8055190443992615
init-init,proj-c4-r50-s0,proj-selfgen-r50-s0,L14.down,14,down,2048,1191,0.58154296875,0.8874559998512268
final-final,proj-c4-r50-s0,proj-selfgen-r50-s0,L14.down,14,down,2048,1191,0.58154296875,0.8812740445137024
init-init,proj-c4-r50-s0,proj-selfgen-r50-s0,L15.qkv,15,qkv,2048,1477,0.72119140625,0.9103482961654663
final-final,proj-c4-r50-s0,proj-selfgen-r50-s0,L15.qkv,15,qkv,2048,1477,0.72119140625,0.9071885943412781
init-init,proj-c4-r50-s0,proj-selfgen-r50-s0,L15.o,15,o,2048,1477,0.72119140625,0.9290652871131897
final-final,proj-c4-r50-s0,proj-selfgen-r50-s0,L15.o,15,o,2048,1477,0.72119140625,0.9241736531257629
init-init,proj-c4-r50-s0,proj-selfgen-r50-s0,L15.gateup,15,gateup,2048,1191,0.58154296875,0.8168776631355286
final-final,proj-c4-r50-s0,proj-selfgen-r50-s0,L15.gateup,15,gateup,2048,1191,0.58154296875,0.8118440508842468
init-init,proj-c4-r50-s0,proj-selfgen-r50-s0,L15.down,15,down,2048,1191,0.58154296875,0.8762587904930115
final-final,proj-c4-r50-s0,proj-selfgen-r50-s0,L15.down,15,down,2048,1191,0.58154296875,0.8705237507820129
init-init,proj-c4-r50-s0,proj-selfgen-r50-s0,L16.qkv,16,qkv,2048,1477,0.72119140625,0.9124070405960083
final-final,proj-c4-r50-s0,proj-selfgen-r50-s0,L16.qkv,16,qkv,2048,1477,0.72119140625,0.9092538952827454
init-init,proj-c4-r50-s0,proj-selfgen-r50-s0,L16.o,16,o,2048,1477,0.72119140625,0.9225555062294006
final-final,proj-c4-r50-s0,proj-selfgen-r50-s0,L16.o,16,o,2048,1477,0.72119140625,0.9177923798561096
init-init,proj-c4-r50-s0,proj-selfgen-r50-s0,L16.gateup,16,gateup,2048,1191,0.58154296875,0.8200443983078003
final-final,proj-c4-r50-s0,proj-selfgen-r50-s0,L16.gateup,16,gateup,2048,1191,0.58154296875,0.8164921402931213
init-init,proj-c4-r50-s0,proj-selfgen-r50-s0,L16.down,16,down,2048,1191,0.58154296875,0.8749570250511169
final-final,proj-c4-r50-s0,proj-selfgen-r50-s0,L16.down,16,down,2048,1191,0.58154296875,0.8694534301757812
init-init,proj-c4-r50-s0,proj-selfgen-r50-s0,L17.qkv,17,qkv,2048,1477,0.72119140625,0.8987398743629456
final-final,proj-c4-r50-s0,proj-selfgen-r50-s0,L17.qkv,17,qkv,2048,1477,0.72119140625,0.8957651257514954
init-init,proj-c4-r50-s0,proj-selfgen-r50-s0,L17.o,17,o,2048,1477,0.72119140625,0.9306504726409912
final-final,proj-c4-r50-s0,proj-selfgen-r50-s0,L17.o,17,o,2048,1477,0.72119140625,0.9256802201271057
init-init,proj-c4-r50-s0,proj-selfgen-r50-s0,L17.gateup,17,gateup,2048,1191,0.58154296875,0.8204607367515564
final-final,proj-c4-r50-s0,proj-selfgen-r50-s0,L17.gateup,17,gateup,2048,1191,0.58154296875,0.8156949281692505
init-init,proj-c4-r50-s0,proj-selfgen-r50-s0,L17.down,17,down,2048,1191,0.58154296875,0.8485194444656372
final-final,proj-c4-r50-s0,proj-selfgen-r50-s0,L17.down,17,down,2048,1191,0.58154296875,0.8432837128639221
init-init,proj-c4-r50-s0,proj-selfgen-r50-s0,L18.qkv,18,qkv,2048,1477,0.72119140625,0.9017961025238037
final-final,proj-c4-r50-s0,proj-selfgen-r50-s0,L18.qkv,18,qkv,2048,1477,0.72119140625,0.8989572525024414
init-init,proj-c4-r50-s0,proj-selfgen-r50-s0,L18.o,18,o,2048,1477,0.72119140625,0.9091887474060059
final-final,proj-c4-r50-s0,proj-selfgen-r50-s0,L18.o,18,o,2048,1477,0.72119140625,0.9047908186912537
init-init,proj-c4-r50-s0,proj-selfgen-r50-s0,L18.gateup,18,gateup,2048,1191,0.58154296875,0.8069944381713867
final-final,proj-c4-r50-s0,proj-selfgen-r50-s0,L18.gateup,18,gateup,2048,1191,0.58154296875,0.8024954199790955
init-init,proj-c4-r50-s0,proj-selfgen-r50-s0,L18.down,18,down,2048,1191,0.58154296875,0.8428636789321899
final-final,proj-c4-r50-s0,proj-selfgen-r50-s0,L18.down,18,down,2048,1191,0.58154296875,0.8378825783729553
init-init,proj-c4-r50-s0,proj-selfgen-r50-s0,L19.qkv,19,qkv,2048,1477,0.72119140625,0.899966299533844
final-final,proj-c4-r50-s0,proj-selfgen-r50-s0,L19.qkv,19,qkv,2048,1477,0.72119140625,0.8973331451416016
init-init,proj-c4-r50-s0,proj-selfgen-r50-s0,L19.o,19,o,2048,1477,0.72119140625,0.9189101457595825
final-final,proj-c4-r50-s0,proj-selfgen-r50-s0,L19.o,19,o,2048,1477,0.72119140625,0.914516806602478
init-init,proj-c4-r50-s0,proj-selfgen-r50-s0,L19.gateup,19,gateup,2048,1191,0.58154296875,0.8057140707969666
final-final,proj-c4-r50-s0,proj-selfgen-r50-s0,L19.gateup,19,gateup,2048,1191,0.58154296875,0.8015024065971375
init-init,proj-c4-r50-s0,proj-selfgen-r50-s0,L19.down,19,down,2048,1191,0.58154296875,0.8513079881668091
final-final,proj-c4-r50-s0,proj-selfgen-r50-s0,L19.down,19,down,2048,1191,0.58154296875,0.8460229635238647
init-init,proj-c4-r50-s0,proj-selfgen-r50-s0,L20.qkv,20,qkv,2048,1477,0.72119140625,0.9054305553436279
final-final,proj-c4-r50-s0,proj-selfgen-r50-s0,L20.qkv,20,qkv,2048,1477,0.72119140625,0.9029312133789062
init-init,proj-c4-r50-s0,proj-selfgen-r50-s0,L20.o,20,o,2048,1477,0.72119140625,0.9106450080871582
final-final,proj-c4-r50-s0,proj-selfgen-r50-s0,L20.o,20,o,2048,1477,0.72119140625,0.905925989151001
init-init,proj-c4-r50-s0,proj-selfgen-r50-s0,L20.gateup,20,gateup,2048,1191,0.58154296875,0.803199291229248
final-final,proj-c4-r50-s0,proj-selfgen-r50-s0,L20.gateup,20,gateup,2048,1191,0.58154296875,0.7988929152488708
init-init,proj-c4-r50-s0,proj-selfgen-r50-s0,L20.down,20,down,2048,1191,0.58154296875,0.8464311361312866
final-final,proj-c4-r50-s0,proj-selfgen-r50-s0,L20.down,20,down,2048,1191,0.58154296875,0.8408818244934082
init-init,proj-c4-r50-s0,proj-selfgen-r50-s0,L21.qkv,21,qkv,2048,1477,0.72119140625,0.9013172388076782
final-final,proj-c4-r50-s0,proj-selfgen-r50-s0,L21.qkv,21,qkv,2048,1477,0.72119140625,0.8988549113273621
init-init,proj-c4-r50-s0,proj-selfgen-r50-s0,L21.o,21,o,2048,1477,0.72119140625,0.9039944410324097
final-final,proj-c4-r50-s0,proj-selfgen-r50-s0,L21.o,21,o,2048,1477,0.72119140625,0.8998541235923767
init-init,proj-c4-r50-s0,proj-selfgen-r50-s0,L21.gateup,21,gateup,2048,1191,0.58154296875,0.7929157614707947
final-final,proj-c4-r50-s0,proj-selfgen-r50-s0,L21.gateup,21,gateup,2048,1191,0.58154296875,0.7887628674507141
init-init,proj-c4-r50-s0,proj-selfgen-r50-s0,L21.down,21,down,2048,1191,0.58154296875,0.8318979144096375
final-final,proj-c4-r50-s0,proj-selfgen-r50-s0,L21.down,21,down,2048,1191,0.58154296875,0.8264825344085693
init-init,proj-c4-r50-s0,proj-selfgen-r50-s0,L22.qkv,22,qkv,2048,1477,0.72119140625,0.8993641138076782
final-final,proj-c4-r50-s0,proj-selfgen-r50-s0,L22.qkv,22,qkv,2048,1477,0.72119140625,0.8970324993133545
init-init,proj-c4-r50-s0,proj-selfgen-r50-s0,L22.o,22,o,2048,1477,0.72119140625,0.8933954834938049
final-final,proj-c4-r50-s0,proj-selfgen-r50-s0,L22.o,22,o,2048,1477,0.72119140625,0.8894768357276917
init-init,proj-c4-r50-s0,proj-selfgen-r50-s0,L22.gateup,22,gateup,2048,1191,0.58154296875,0.7876937985420227
final-final,proj-c4-r50-s0,proj-selfgen-r50-s0,L22.gateup,22,gateup,2048,1191,0.58154296875,0.7831290364265442
init-init,proj-c4-r50-s0,proj-selfgen-r50-s0,L22.down,22,down,2048,1191,0.58154296875,0.8210060000419617
final-final,proj-c4-r50-s0,proj-selfgen-r50-s0,L22.down,22,down,2048,1191,0.58154296875,0.8160916566848755
init-init,proj-c4-r50-s0,proj-selfgen-r50-s0,L23.qkv,23,qkv,2048,1477,0.72119140625,0.8991154432296753
final-final,proj-c4-r50-s0,proj-selfgen-r50-s0,L23.qkv,23,qkv,2048,1477,0.72119140625,0.8969066739082336
init-init,proj-c4-r50-s0,proj-selfgen-r50-s0,L23.o,23,o,2048,1477,0.72119140625,0.8862837553024292
final-final,proj-c4-r50-s0,proj-selfgen-r50-s0,L23.o,23,o,2048,1477,0.72119140625,0.8823106288909912
init-init,proj-c4-r50-s0,proj-selfgen-r50-s0,L23.gateup,23,gateup,2048,1191,0.58154296875,0.7760944962501526
final-final,proj-c4-r50-s0,proj-selfgen-r50-s0,L23.gateup,23,gateup,2048,1191,0.58154296875,0.7715964913368225
init-init,proj-c4-r50-s0,proj-selfgen-r50-s0,L23.down,23,down,2048,1191,0.58154296875,0.8262562155723572
final-final,proj-c4-r50-s0,proj-selfgen-r50-s0,L23.down,23,down,2048,1191,0.58154296875,0.8213008642196655
init-init,proj-c4-r50-s0,proj-selfgen-r50-s0,L24.qkv,24,qkv,2048,1477,0.72119140625,0.9011372327804565
final-final,proj-c4-r50-s0,proj-selfgen-r50-s0,L24.qkv,24,qkv,2048,1477,0.72119140625,0.8986262679100037
init-init,proj-c4-r50-s0,proj-selfgen-r50-s0,L24.o,24,o,2048,1477,0.72119140625,0.8797342777252197
final-final,proj-c4-r50-s0,proj-selfgen-r50-s0,L24.o,24,o,2048,1477,0.72119140625,0.8758629560470581
init-init,proj-c4-r50-s0,proj-selfgen-r50-s0,L24.gateup,24,gateup,2048,1191,0.58154296875,0.7721792459487915
final-final,proj-c4-r50-s0,proj-selfgen-r50-s0,L24.gateup,24,gateup,2048,1191,0.58154296875,0.7676084637641907
init-init,proj-c4-r50-s0,proj-selfgen-r50-s0,L24.down,24,down,2048,1191,0.58154296875,0.8315507173538208
final-final,proj-c4-r50-s0,proj-selfgen-r50-s0,L24.down,24,down,2048,1191,0.58154296875,0.8266026377677917
init-init,proj-c4-r50-s0,proj-selfgen-r50-s0,L25.qkv,25,qkv,2048,1477,0.72119140625,0.9049401879310608
final-final,proj-c4-r50-s0,proj-selfgen-r50-s0,L25.qkv,25,qkv,2048,1477,0.72119140625,0.9024045467376709
init-init,proj-c4-r50-s0,proj-selfgen-r50-s0,L25.o,25,o,2048,1477,0.72119140625,0.8800619840621948
final-final,proj-c4-r50-s0,proj-selfgen-r50-s0,L25.o,25,o,2048,1477,0.72119140625,0.8758053183555603
init-init,proj-c4-r50-s0,proj-selfgen-r50-s0,L25.gateup,25,gateup,2048,1191,0.58154296875,0.7724880576133728
final-final,proj-c4-r50-s0,proj-selfgen-r50-s0,L25.gateup,25,gateup,2048,1191,0.58154296875,0.7685805559158325
init-init,proj-c4-r50-s0,proj-selfgen-r50-s0,L25.down,25,down,2048,1191,0.58154296875,0.8348668217658997
final-final,proj-c4-r50-s0,proj-selfgen-r50-s0,L25.down,25,down,2048,1191,0.58154296875,0.8294489979743958
init-init,proj-c4-r50-s0,proj-selfgen-r50-s0,L26.qkv,26,qkv,2048,1477,0.72119140625,0.9042009711265564
final-final,proj-c4-r50-s0,proj-selfgen-r50-s0,L26.qkv,26,qkv,2048,1477,0.72119140625,0.901929497718811
init-init,proj-c4-r50-s0,proj-selfgen-r50-s0,L26.o,26,o,2048,1477,0.72119140625,0.8903183341026306
final-final,proj-c4-r50-s0,proj-selfgen-r50-s0,L26.o,26,o,2048,1477,0.72119140625,0.8867171406745911
init-init,proj-c4-r50-s0,proj-selfgen-r50-s0,L26.gateup,26,gateup,2048,1191,0.58154296875,0.7760186195373535
final-final,proj-c4-r50-s0,proj-selfgen-r50-s0,L26.gateup,26,gateup,2048,1191,0.58154296875,0.772743821144104
init-init,proj-c4-r50-s0,proj-selfgen-r50-s0,L26.down,26,down,2048,1191,0.58154296875,0.8402958512306213
final-final,proj-c4-r50-s0,proj-selfgen-r50-s0,L26.down,26,down,2048,1191,0.58154296875,0.8363532423973083
init-init,proj-c4-r50-s0,proj-selfgen-r50-s0,L27.qkv,27,qkv,2048,1477,0.72119140625,0.8618980646133423
final-final,proj-c4-r50-s0,proj-selfgen-r50-s0,L27.qkv,27,qkv,2048,1477,0.72119140625,0.8599268794059753
init-init,proj-c4-r50-s0,proj-selfgen-r50-s0,L27.o,27,o,2048,1477,0.72119140625,0.8992069363594055
final-final,proj-c4-r50-s0,proj-selfgen-r50-s0,L27.o,27,o,2048,1477,0.72119140625,0.8964456915855408
init-init,proj-c4-r50-s0,proj-selfgen-r50-s0,L27.gateup,27,gateup,2048,1191,0.58154296875,0.7677521705627441
final-final,proj-c4-r50-s0,proj-selfgen-r50-s0,L27.gateup,27,gateup,2048,1191,0.58154296875,0.7657221555709839
init-init,proj-c4-r50-s0,proj-selfgen-r50-s0,L27.down,27,down,2048,1191,0.58154296875,0.8520999550819397
final-final,proj-c4-r50-s0,proj-selfgen-r50-s0,L27.down,27,down,2048,1191,0.58154296875,0.8506894707679749
init-init,proj-c4-r50-s0,proj-selfdoc-r50-s0,L0.qkv,0,qkv,2048,1477,0.72119140625,0.8943586349487305
final-final,proj-c4-r50-s0,proj-selfdoc-r50-s0,L0.qkv,0,qkv,2048,1477,0.72119140625,0.8911175727844238
init-init,proj-c4-r50-s0,proj-selfdoc-r50-s0,L0.o,0,o,2048,1477,0.72119140625,0.9304919838905334
final-final,proj-c4-r50-s0,proj-selfdoc-r50-s0,L0.o,0,o,2048,1477,0.72119140625,0.9269160032272339
init-init,proj-c4-r50-s0,proj-selfdoc-r50-s0,L0.gateup,0,gateup,2048,1191,0.58154296875,0.9415704011917114
final-final,proj-c4-r50-s0,proj-selfdoc-r50-s0,L0.gateup,0,gateup,2048,1191,0.58154296875,0.9356077313423157
init-init,proj-c4-r50-s0,proj-selfdoc-r50-s0,L0.down,0,down,2048,1191,0.58154296875,0.8468644618988037
final-final,proj-c4-r50-s0,proj-selfdoc-r50-s0,L0.down,0,down,2048,1191,0.58154296875,0.842907190322876
init-init,proj-c4-r50-s0,proj-selfdoc-r50-s0,L1.qkv,1,qkv,2048,1477,0.72119140625,0.9042243957519531
final-final,proj-c4-r50-s0,proj-selfdoc-r50-s0,L1.qkv,1,qkv,2048,1477,0.72119140625,0.9003987312316895
init-init,proj-c4-r50-s0,proj-selfdoc-r50-s0,L1.o,1,o,2048,1477,0.72119140625,0.9247437715530396
final-final,proj-c4-r50-s0,proj-selfdoc-r50-s0,L1.o,1,o,2048,1477,0.72119140625,0.9214944839477539
init-init,proj-c4-r50-s0,proj-selfdoc-r50-s0,L1.gateup,1,gateup,2048,1191,0.58154296875,0.8525705337524414
final-final,proj-c4-r50-s0,proj-selfdoc-r50-s0,L1.gateup,1,gateup,2048,1191,0.58154296875,0.8484371304512024
init-init,proj-c4-r50-s0,proj-selfdoc-r50-s0,L1.down,1,down,2048,1191,0.58154296875,0.8299824595451355
final-final,proj-c4-r50-s0,proj-selfdoc-r50-s0,L1.down,1,down,2048,1191,0.58154296875,0.8257730603218079
init-init,proj-c4-r50-s0,proj-selfdoc-r50-s0,L2.qkv,2,qkv,2048,1477,0.72119140625,0.9051510095596313
final-final,proj-c4-r50-s0,proj-selfdoc-r50-s0,L2.qkv,2,qkv,2048,1477,0.72119140625,0.9017941951751709
init-init,proj-c4-r50-s0,proj-selfdoc-r50-s0,L2.o,2,o,2048,1477,0.72119140625,0.9343444108963013
final-final,proj-c4-r50-s0,proj-selfdoc-r50-s0,L2.o,2,o,2048,1477,0.72119140625,0.9305409789085388
init-init,proj-c4-r50-s0,proj-selfdoc-r50-s0,L2.gateup,2,gateup,2048,1191,0.58154296875,0.8343138694763184
final-final,proj-c4-r50-s0,proj-selfdoc-r50-s0,L2.gateup,2,gateup,2048,1191,0.58154296875,0.8301752805709839
init-init,proj-c4-r50-s0,proj-selfdoc-r50-s0,L2.down,2,down,2048,1191,0.58154296875,0.8771542310714722
final-final,proj-c4-r50-s0,proj-selfdoc-r50-s0,L2.down,2,down,2048,1191,0.58154296875,0.8724040389060974
init-init,proj-c4-r50-s0,proj-selfdoc-r50-s0,L3.qkv,3,qkv,2048,1477,0.72119140625,0.9075992703437805
final-final,proj-c4-r50-s0,proj-selfdoc-r50-s0,L3.qkv,3,qkv,2048,1477,0.72119140625,0.9049105644226074
init-init,proj-c4-r50-s0,proj-selfdoc-r50-s0,L3.o,3,o,2048,1477,0.72119140625,0.9020171165466309
final-final,proj-c4-r50-s0,proj-selfdoc-r50-s0,L3.o,3,o,2048,1477,0.72119140625,0.898067057132721
init-init,proj-c4-r50-s0,proj-selfdoc-r50-s0,L3.gateup,3,gateup,2048,1191,0.58154296875,0.840927004814148
final-final,proj-c4-r50-s0,proj-selfdoc-r50-s0,L3.gateup,3,gateup,2048,1191,0.58154296875,0.8362994194030762
init-init,proj-c4-r50-s0,proj-selfdoc-r50-s0,L3.down,3,down,2048,1191,0.58154296875,0.8734448552131653
final-final,proj-c4-r50-s0,proj-selfdoc-r50-s0,L3.down,3,down,2048,1191,0.58154296875,0.8685522079467773
init-init,proj-c4-r50-s0,proj-selfdoc-r50-s0,L4.qkv,4,qkv,2048,1477,0.72119140625,0.907042384147644
final-final,proj-c4-r50-s0,proj-selfdoc-r50-s0,L4.qkv,4,qkv,2048,1477,0.72119140625,0.9044709205627441
init-init,proj-c4-r50-s0,proj-selfdoc-r50-s0,L4.o,4,o,2048,1477,0.72119140625,0.9093509316444397
final-final,proj-c4-r50-s0,proj-selfdoc-r50-s0,L4.o,4,o,2048,1477,0.72119140625,0.9059849381446838
init-init,proj-c4-r50-s0,proj-selfdoc-r50-s0,L4.gateup,4,gateup,2048,1191,0.58154296875,0.8370288610458374
final-final,proj-c4-r50-s0,proj-selfdoc-r50-s0,L4.gateup,4,gateup,2048,1191,0.58154296875,0.8324057459831238
init-init,proj-c4-r50-s0,proj-selfdoc-r50-s0,L4.down,4,down,2048,1191,0.58154296875,0.8656497597694397
final-final,proj-c4-r50-s0,proj-selfdoc-r50-s0,L4.down,4,down,2048,1191,0.58154296875,0.8608284592628479
init-init,proj-c4-r50-s0,proj-selfdoc-r50-s0,L5.qkv,5,qkv,2048,1477,0.72119140625,0.9102597236633301
final-final,proj-c4-r50-s0,proj-selfdoc-r50-s0,L5.qkv,5,qkv,2048,1477,0.72119140625,0.9079827666282654
init-init,proj-c4-r50-s0,proj-selfdoc-r50-s0,L5.o,5,o,2048,1477,0.72119140625,0.9288225173950195
final-final,proj-c4-r50-s0,proj-selfdoc-r50-s0,L5.o,5,o,2048,1477,0.72119140625,0.9252652525901794
init-init,proj-c4-r50-s0,proj-selfdoc-r50-s0,L5.gateup,5,gateup,2048,1191,0.58154296875,0.8302401304244995
final-final,proj-c4-r50-s0,proj-selfdoc-r50-s0,L5.gateup,5,gateup,2048,1191,0.58154296875,0.8258942365646362
init-init,proj-c4-r50-s0,proj-selfdoc-r50-s0,L5.down,5,down,2048,1191,0.58154296875,0.8852848410606384
final-final,proj-c4-r50-s0,proj-selfdoc-r50-s0,L5.down,5,down,2048,1191,0.58154296875,0.880068302154541
init-init,proj-c4-r50-s0,proj-selfdoc-r50-s0,L6.qkv,6,qkv,2048,1477,0.72119140625,0.916897177696228
final-final,proj-c4-r50-s0,proj-selfdoc-r50-s0,L6.qkv,6,qkv,2048,1477,0.72119140625,0.9143296480178833
init-init,proj-c4-r50-s0,proj-selfdoc-r50-s0,L6.o,6,o,2048,1477,0.72119140625,0.9299417734146118
final-final,proj-c4-r50-s0,proj-selfdoc-r50-s0,L6.o,6,o,2048,1477,0.72119140625,0.9262495040893555
init-init,proj-c4-r50-s0,proj-selfdoc-r50-s0,L6.gateup,6,gateup,2048,1191,0.58154296875,0.8315127491950989
final-final,proj-c4-r50-s0,proj-selfdoc-r50-s0,L6.gateup,6,gateup,2048,1191,0.58154296875,0.8272497057914734
init-init,proj-c4-r50-s0,proj-selfdoc-r50-s0,L6.down,6,down,2048,1191,0.58154296875,0.8799086213111877
final-final,proj-c4-r50-s0,proj-selfdoc-r50-s0,L6.down,6,down,2048,1191,0.58154296875,0.8747772574424744
init-init,proj-c4-r50-s0,proj-selfdoc-r50-s0,L7.qkv,7,qkv,2048,1477,0.72119140625,0.9075750708580017
final-final,proj-c4-r50-s0,proj-selfdoc-r50-s0,L7.qkv,7,qkv,2048,1477,0.72119140625,0.9050947427749634
init-init,proj-c4-r50-s0,proj-selfdoc-r50-s0,L7.o,7,o,2048,1477,0.72119140625,0.9266994595527649
final-final,proj-c4-r50-s0,proj-selfdoc-r50-s0,L7.o,7,o,2048,1477,0.72119140625,0.9232691526412964
init-init,proj-c4-r50-s0,proj-selfdoc-r50-s0,L7.gateup,7,gateup,2048,1191,0.58154296875,0.8262803554534912
final-final,proj-c4-r50-s0,proj-selfdoc-r50-s0,L7.gateup,7,gateup,2048,1191,0.58154296875,0.8222823143005371
init-init,proj-c4-r50-s0,proj-selfdoc-r50-s0,L7.down,7,down,2048,1191,0.58154296875,0.883961021900177
final-final,proj-c4-r50-s0,proj-selfdoc-r50-s0,L7.down,7,down,2048,1191,0.58154296875,0.8790253400802612
init-init,proj-c4-r50-s0,proj-selfdoc-r50-s0,L8.qkv,8,qkv,2048,1477,0.72119140625,0.9147390127182007
final-final,proj-c4-r50-s0,proj-selfdoc-r50-s0,L8.qkv,8,qkv,2048,1477,0.72119140625,0.9122704863548279
init-init,proj-c4-r50-s0,proj-selfdoc-r50-s0,L8.o,8,o,2048,1477,0.72119140625,0.9064832329750061
final-final,proj-c4-r50-s0,proj-selfdoc-r50-s0,L8.o,8,o,2048,1477,0.72119140625,0.9030869007110596
init-init,proj-c4-r50-s0,proj-selfdoc-r50-s0,L8.gateup,8,gateup,2048,1191,0.58154296875,0.8194605708122253
final-final,proj-c4-r50-s0,proj-selfdoc-r50-s0,L8.gateup,8,gateup,2048,1191,0.58154296875,0.8155989646911621
init-init,proj-c4-r50-s0,proj-selfdoc-r50-s0,L8.down,8,down,2048,1191,0.58154296875,0.8809316158294678
final-final,proj-c4-r50-s0,proj-selfdoc-r50-s0,L8.down,8,down,2048,1191,0.58154296875,0.8761591911315918
init-init,proj-c4-r50-s0,proj-selfdoc-r50-s0,L9.qkv,9,qkv,2048,1477,0.72119140625,0.9152820110321045
final-final,proj-c4-r50-s0,proj-selfdoc-r50-s0,L9.qkv,9,qkv,2048,1477,0.72119140625,0.9130932688713074
init-init,proj-c4-r50-s0,proj-selfdoc-r50-s0,L9.o,9,o,2048,1477,0.72119140625,0.9275333285331726
final-final,proj-c4-r50-s0,proj-selfdoc-r50-s0,L9.o,9,o,2048,1477,0.72119140625,0.9241110682487488
init-init,proj-c4-r50-s0,proj-selfdoc-r50-s0,L9.gateup,9,gateup,2048,1191,0.58154296875,0.82278972864151
final-final,proj-c4-r50-s0,proj-selfdoc-r50-s0,L9.gateup,9,gateup,2048,1191,0.58154296875,0.8187879920005798
init-init,proj-c4-r50-s0,proj-selfdoc-r50-s0,L9.down,9,down,2048,1191,0.58154296875,0.8695773482322693
final-final,proj-c4-r50-s0,proj-selfdoc-r50-s0,L9.down,9,down,2048,1191,0.58154296875,0.8654349446296692
init-init,proj-c4-r50-s0,proj-selfdoc-r50-s0,L10.qkv,10,qkv,2048,1477,0.72119140625,0.9095609188079834
final-final,proj-c4-r50-s0,proj-selfdoc-r50-s0,L10.qkv,10,qkv,2048,1477,0.72119140625,0.9071113467216492
init-init,proj-c4-r50-s0,proj-selfdoc-r50-s0,L10.o,10,o,2048,1477,0.72119140625,0.9284620881080627
final-final,proj-c4-r50-s0,proj-selfdoc-r50-s0,L10.o,10,o,2048,1477,0.72119140625,0.9248858094215393
init-init,proj-c4-r50-s0,proj-selfdoc-r50-s0,L10.gateup,10,gateup,2048,1191,0.58154296875,0.8213968873023987
final-final,proj-c4-r50-s0,proj-selfdoc-r50-s0,L10.gateup,10,gateup,2048,1191,0.58154296875,0.8178276419639587
init-init,proj-c4-r50-s0,proj-selfdoc-r50-s0,L10.down,10,down,2048,1191,0.58154296875,0.8700690269470215
final-final,proj-c4-r50-s0,proj-selfdoc-r50-s0,L10.down,10,down,2048,1191,0.58154296875,0.8658469915390015
init-init,proj-c4-r50-s0,proj-selfdoc-r50-s0,L11.qkv,11,qkv,2048,1477,0.72119140625,0.9229173064231873
final-final,proj-c4-r50-s0,proj-selfdoc-r50-s0,L11.qkv,11,qkv,2048,1477,0.72119140625,0.9202556014060974
init-init,proj-c4-r50-s0,proj-selfdoc-r50-s0,L11.o,11,o,2048,1477,0.72119140625,0.9468939900398254
final-final,proj-c4-r50-s0,proj-selfdoc-r50-s0,L11.o,11,o,2048,1477,0.72119140625,0.9436284303665161
init-init,proj-c4-r50-s0,proj-selfdoc-r50-s0,L11.gateup,11,gateup,2048,1191,0.58154296875,0.8213433623313904
final-final,proj-c4-r50-s0,proj-selfdoc-r50-s0,L11.gateup,11,gateup,2048,1191,0.58154296875,0.8173357844352722
init-init,proj-c4-r50-s0,proj-selfdoc-r50-s0,L11.down,11,down,2048,1191,0.58154296875,0.8809256553649902
final-final,proj-c4-r50-s0,proj-selfdoc-r50-s0,L11.down,11,down,2048,1191,0.58154296875,0.8761516213417053
init-init,proj-c4-r50-s0,proj-selfdoc-r50-s0,L12.qkv,12,qkv,2048,1477,0.72119140625,0.9149497747421265
final-final,proj-c4-r50-s0,proj-selfdoc-r50-s0,L12.qkv,12,qkv,2048,1477,0.72119140625,0.9124528169631958
init-init,proj-c4-r50-s0,proj-selfdoc-r50-s0,L12.o,12,o,2048,1477,0.72119140625,0.9332687854766846
final-final,proj-c4-r50-s0,proj-selfdoc-r50-s0,L12.o,12,o,2048,1477,0.72119140625,0.929696261882782
init-init,proj-c4-r50-s0,proj-selfdoc-r50-s0,L12.gateup,12,gateup,2048,1191,0.58154296875,0.8208650350570679
final-final,proj-c4-r50-s0,proj-selfdoc-r50-s0,L12.gateup,12,gateup,2048,1191,0.58154296875,0.816750705242157
init-init,proj-c4-r50-s0,proj-selfdoc-r50-s0,L12.down,12,down,2048,1191,0.58154296875,0.8905801177024841
final-final,proj-c4-r50-s0,proj-selfdoc-r50-s0,L12.down,12,down,2048,1191,0.58154296875,0.8857200145721436
init-init,proj-c4-r50-s0,proj-selfdoc-r50-s0,L13.qkv,13,qkv,2048,1477,0.72119140625,0.9192070960998535
final-final,proj-c4-r50-s0,proj-selfdoc-r50-s0,L13.qkv,13,qkv,2048,1477,0.72119140625,0.9163931608200073
init-init,proj-c4-r50-s0,proj-selfdoc-r50-s0,L13.o,13,o,2048,1477,0.72119140625,0.9410497546195984
final-final,proj-c4-r50-s0,proj-selfdoc-r50-s0,L13.o,13,o,2048,1477,0.72119140625,0.9374934434890747
init-init,proj-c4-r50-s0,proj-selfdoc-r50-s0,L13.gateup,13,gateup,2048,1191,0.58154296875,0.8247408270835876
final-final,proj-c4-r50-s0,proj-selfdoc-r50-s0,L13.gateup,13,gateup,2048,1191,0.58154296875,0.8206099271774292
init-init,proj-c4-r50-s0,proj-selfdoc-r50-s0,L13.down,13,down,2048,1191,0.58154296875,0.8928927779197693
final-final,proj-c4-r50-s0,proj-selfdoc-r50-s0,L13.down,13,down,2048,1191,0.58154296875,0.8879206776618958
init-init,proj-c4-r50-s0,proj-selfdoc-r50-s0,L14.qkv,14,qkv,2048,1477,0.72119140625,0.919360339641571
final-final,proj-c4-r50-s0,proj-selfdoc-r50-s0,L14.qkv,14,qkv,2048,1477,0.72119140625,0.9170162081718445
init-init,proj-c4-r50-s0,proj-selfdoc-r50-s0,L14.o,14,o,2048,1477,0.72119140625,0.9376114010810852
final-final,proj-c4-r50-s0,proj-selfdoc-r50-s0,L14.o,14,o,2048,1477,0.72119140625,0.9342853426933289
init-init,proj-c4-r50-s0,proj-selfdoc-r50-s0,L14.gateup,14,gateup,2048,1191,0.58154296875,0.8249882459640503
final-final,proj-c4-r50-s0,proj-selfdoc-r50-s0,L14.gateup,14,gateup,2048,1191,0.58154296875,0.8213123083114624
init-init,proj-c4-r50-s0,proj-selfdoc-r50-s0,L14.down,14,down,2048,1191,0.58154296875,0.8975880146026611
final-final,proj-c4-r50-s0,proj-selfdoc-r50-s0,L14.down,14,down,2048,1191,0.58154296875,0.8925811648368835
init-init,proj-c4-r50-s0,proj-selfdoc-r50-s0,L15.qkv,15,qkv,2048,1477,0.72119140625,0.918319046497345
final-final,proj-c4-r50-s0,proj-selfdoc-r50-s0,L15.qkv,15,qkv,2048,1477,0.72119140625,0.9161469340324402
init-init,proj-c4-r50-s0,proj-selfdoc-r50-s0,L15.o,15,o,2048,1477,0.72119140625,0.9411640763282776
final-final,proj-c4-r50-s0,proj-selfdoc-r50-s0,L15.o,15,o,2048,1477,0.72119140625,0.9376786351203918
init-init,proj-c4-r50-s0,proj-selfdoc-r50-s0,L15.gateup,15,gateup,2048,1191,0.58154296875,0.8314862251281738
final-final,proj-c4-r50-s0,proj-selfdoc-r50-s0,L15.gateup,15,gateup,2048,1191,0.58154296875,0.8276872634887695
init-init,proj-c4-r50-s0,proj-selfdoc-r50-s0,L15.down,15,down,2048,1191,0.58154296875,0.8851856589317322
final-final,proj-c4-r50-s0,proj-selfdoc-r50-s0,L15.down,15,down,2048,1191,0.58154296875,0.8807191252708435
init-init,proj-c4-r50-s0,proj-selfdoc-r50-s0,L16.qkv,16,qkv,2048,1477,0.72119140625,0.9201194643974304
final-final,proj-c4-r50-s0,proj-selfdoc-r50-s0,L16.qkv,16,qkv,2048,1477,0.72119140625,0.9179326891899109
init-init,proj-c4-r50-s0,proj-selfdoc-r50-s0,L16.o,16,o,2048,1477,0.72119140625,0.9356339573860168
final-final,proj-c4-r50-s0,proj-selfdoc-r50-s0,L16.o,16,o,2048,1477,0.72119140625,0.9321314692497253
init-init,proj-c4-r50-s0,proj-selfdoc-r50-s0,L16.gateup,16,gateup,2048,1191,0.58154296875,0.8345421552658081
final-final,proj-c4-r50-s0,proj-selfdoc-r50-s0,L16.gateup,16,gateup,2048,1191,0.58154296875,0.8314948081970215
init-init,proj-c4-r50-s0,proj-selfdoc-r50-s0,L16.down,16,down,2048,1191,0.58154296875,0.8842445611953735
final-final,proj-c4-r50-s0,proj-selfdoc-r50-s0,L16.down,16,down,2048,1191,0.58154296875,0.8795314431190491
init-init,proj-c4-r50-s0,proj-selfdoc-r50-s0,L17.qkv,17,qkv,2048,1477,0.72119140625,0.9071077108383179
final-final,proj-c4-r50-s0,proj-selfdoc-r50-s0,L17.qkv,17,qkv,2048,1477,0.72119140625,0.9048298597335815
init-init,proj-c4-r50-s0,proj-selfdoc-r50-s0,L17.o,17,o,2048,1477,0.72119140625,0.9382317662239075
final-final,proj-c4-r50-s0,proj-selfdoc-r50-s0,L17.o,17,o,2048,1477,0.72119140625,0.9344329833984375
init-init,proj-c4-r50-s0,proj-selfdoc-r50-s0,L17.gateup,17,gateup,2048,1191,0.58154296875,0.8346439003944397
final-final,proj-c4-r50-s0,proj-selfdoc-r50-s0,L17.gateup,17,gateup,2048,1191,0.58154296875,0.8306434750556946
init-init,proj-c4-r50-s0,proj-selfdoc-r50-s0,L17.down,17,down,2048,1191,0.58154296875,0.858124315738678
final-final,proj-c4-r50-s0,proj-selfdoc-r50-s0,L17.down,17,down,2048,1191,0.58154296875,0.8533448576927185
init-init,proj-c4-r50-s0,proj-selfdoc-r50-s0,L18.qkv,18,qkv,2048,1477,0.72119140625,0.9088797569274902
final-final,proj-c4-r50-s0,proj-selfdoc-r50-s0,L18.qkv,18,qkv,2048,1477,0.72119140625,0.9067808389663696
init-init,proj-c4-r50-s0,proj-selfdoc-r50-s0,L18.o,18,o,2048,1477,0.72119140625,0.923689067363739
final-final,proj-c4-r50-s0,proj-selfdoc-r50-s0,L18.o,18,o,2048,1477,0.72119140625,0.9203279614448547
init-init,proj-c4-r50-s0,proj-selfdoc-r50-s0,L18.gateup,18,gateup,2048,1191,0.58154296875,0.8208523988723755
final-final,proj-c4-r50-s0,proj-selfdoc-r50-s0,L18.gateup,18,gateup,2048,1191,0.58154296875,0.8169350624084473
init-init,proj-c4-r50-s0,proj-selfdoc-r50-s0,L18.down,18,down,2048,1191,0.58154296875,0.851374626159668
final-final,proj-c4-r50-s0,proj-selfdoc-r50-s0,L18.down,18,down,2048,1191,0.58154296875,0.8465200662612915
init-init,proj-c4-r50-s0,proj-selfdoc-r50-s0,L19.qkv,19,qkv,2048,1477,0.72119140625,0.9066357612609863
final-final,proj-c4-r50-s0,proj-selfdoc-r50-s0,L19.qkv,19,qkv,2048,1477,0.72119140625,0.9047186970710754
init-init,proj-c4-r50-s0,proj-selfdoc-r50-s0,L19.o,19,o,2048,1477,0.72119140625,0.9292489290237427
final-final,proj-c4-r50-s0,proj-selfdoc-r50-s0,L19.o,19,o,2048,1477,0.72119140625,0.9259155988693237
init-init,proj-c4-r50-s0,proj-selfdoc-r50-s0,L19.gateup,19,gateup,2048,1191,0.58154296875,0.8179057240486145
final-final,proj-c4-r50-s0,proj-selfdoc-r50-s0,L19.gateup,19,gateup,2048,1191,0.58154296875,0.8139181733131409
init-init,proj-c4-r50-s0,proj-selfdoc-r50-s0,L19.down,19,down,2048,1191,0.58154296875,0.8591862916946411
final-final,proj-c4-r50-s0,proj-selfdoc-r50-s0,L19.down,19,down,2048,1191,0.58154296875,0.8541051745414734
init-init,proj-c4-r50-s0,proj-selfdoc-r50-s0,L20.qkv,20,qkv,2048,1477,0.72119140625,0.9110886454582214
final-final,proj-c4-r50-s0,proj-selfdoc-r50-s0,L20.qkv,20,qkv,2048,1477,0.72119140625,0.909174382686615
init-init,proj-c4-r50-s0,proj-selfdoc-r50-s0,L20.o,20,o,2048,1477,0.72119140625,0.9213443994522095
final-final,proj-c4-r50-s0,proj-selfdoc-r50-s0,L20.o,20,o,2048,1477,0.72119140625,0.917679488658905
init-init,proj-c4-r50-s0,proj-selfdoc-r50-s0,L20.gateup,20,gateup,2048,1191,0.58154296875,0.8160101175308228
final-final,proj-c4-r50-s0,proj-selfdoc-r50-s0,L20.gateup,20,gateup,2048,1191,0.58154296875,0.8120714426040649
init-init,proj-c4-r50-s0,proj-selfdoc-r50-s0,L20.down,20,down,2048,1191,0.58154296875,0.8550716638565063
final-final,proj-c4-r50-s0,proj-selfdoc-r50-s0,L20.down,20,down,2048,1191,0.58154296875,0.8493680953979492
init-init,proj-c4-r50-s0,proj-selfdoc-r50-s0,L21.qkv,21,qkv,2048,1477,0.72119140625,0.9070309996604919
final-final,proj-c4-r50-s0,proj-selfdoc-r50-s0,L21.qkv,21,qkv,2048,1477,0.72119140625,0.9051463603973389
init-init,proj-c4-r50-s0,proj-selfdoc-r50-s0,L21.o,21,o,2048,1477,0.72119140625,0.9168639779090881
final-final,proj-c4-r50-s0,proj-selfdoc-r50-s0,L21.o,21,o,2048,1477,0.72119140625,0.9134952425956726
init-init,proj-c4-r50-s0,proj-selfdoc-r50-s0,L21.gateup,21,gateup,2048,1191,0.58154296875,0.8072511553764343
final-final,proj-c4-r50-s0,proj-selfdoc-r50-s0,L21.gateup,21,gateup,2048,1191,0.58154296875,0.8029209971427917
init-init,proj-c4-r50-s0,proj-selfdoc-r50-s0,L21.down,21,down,2048,1191,0.58154296875,0.8399122953414917
final-final,proj-c4-r50-s0,proj-selfdoc-r50-s0,L21.down,21,down,2048,1191,0.58154296875,0.8342479467391968
init-init,proj-c4-r50-s0,proj-selfdoc-r50-s0,L22.qkv,22,qkv,2048,1477,0.72119140625,0.9055125713348389
final-final,proj-c4-r50-s0,proj-selfdoc-r50-s0,L22.qkv,22,qkv,2048,1477,0.72119140625,0.9037373065948486
init-init,proj-c4-r50-s0,proj-selfdoc-r50-s0,L22.o,22,o,2048,1477,0.72119140625,0.9070050716400146
final-final,proj-c4-r50-s0,proj-selfdoc-r50-s0,L22.o,22,o,2048,1477,0.72119140625,0.9038639664649963
init-init,proj-c4-r50-s0,proj-selfdoc-r50-s0,L22.gateup,22,gateup,2048,1191,0.58154296875,0.8011899590492249
final-final,proj-c4-r50-s0,proj-selfdoc-r50-s0,L22.gateup,22,gateup,2048,1191,0.58154296875,0.796570360660553
init-init,proj-c4-r50-s0,proj-selfdoc-r50-s0,L22.down,22,down,2048,1191,0.58154296875,0.8291651010513306
final-final,proj-c4-r50-s0,proj-selfdoc-r50-s0,L22.down,22,down,2048,1191,0.58154296875,0.8240227699279785
init-init,proj-c4-r50-s0,proj-selfdoc-r50-s0,L23.qkv,23,qkv,2048,1477,0.72119140625,0.9053091406822205
final-final,proj-c4-r50-s0,proj-selfdoc-r50-s0,L23.qkv,23,qkv,2048,1477,0.72119140625,0.9035003185272217
init-init,proj-c4-r50-s0,proj-selfdoc-r50-s0,L23.o,23,o,2048,1477,0.72119140625,0.9046604037284851
final-final,proj-c4-r50-s0,proj-selfdoc-r50-s0,L23.o,23,o,2048,1477,0.72119140625,0.9014992117881775
init-init,proj-c4-r50-s0,proj-selfdoc-r50-s0,L23.gateup,23,gateup,2048,1191,0.58154296875,0.7904810905456543
final-final,proj-c4-r50-s0,proj-selfdoc-r50-s0,L23.gateup,23,gateup,2048,1191,0.58154296875,0.7857446670532227
init-init,proj-c4-r50-s0,proj-selfdoc-r50-s0,L23.down,23,down,2048,1191,0.58154296875,0.8343262672424316
final-final,proj-c4-r50-s0,proj-selfdoc-r50-s0,L23.down,23,down,2048,1191,0.58154296875,0.8291927576065063
init-init,proj-c4-r50-s0,proj-selfdoc-r50-s0,L24.qkv,24,qkv,2048,1477,0.72119140625,0.906823456287384
final-final,proj-c4-r50-s0,proj-selfdoc-r50-s0,L24.qkv,24,qkv,2048,1477,0.72119140625,0.9048264026641846
init-init,proj-c4-r50-s0,proj-selfdoc-r50-s0,L24.o,24,o,2048,1477,0.72119140625,0.896832287311554
final-final,proj-c4-r50-s0,proj-selfdoc-r50-s0,L24.o,24,o,2048,1477,0.72119140625,0.8936508893966675
init-init,proj-c4-r50-s0,proj-selfdoc-r50-s0,L24.gateup,24,gateup,2048,1191,0.58154296875,0.7872640490531921
final-final,proj-c4-r50-s0,proj-selfdoc-r50-s0,L24.gateup,24,gateup,2048,1191,0.58154296875,0.7826879620552063
init-init,proj-c4-r50-s0,proj-selfdoc-r50-s0,L24.down,24,down,2048,1191,0.58154296875,0.8400989174842834
final-final,proj-c4-r50-s0,proj-selfdoc-r50-s0,L24.down,24,down,2048,1191,0.58154296875,0.8352298736572266
init-init,proj-c4-r50-s0,proj-selfdoc-r50-s0,L25.qkv,25,qkv,2048,1477,0.72119140625,0.9108785390853882
final-final,proj-c4-r50-s0,proj-selfdoc-r50-s0,L25.qkv,25,qkv,2048,1477,0.72119140625,0.9089968204498291
init-init,proj-c4-r50-s0,proj-selfdoc-r50-s0,L25.o,25,o,2048,1477,0.72119140625,0.8927290439605713
final-final,proj-c4-r50-s0,proj-selfdoc-r50-s0,L25.o,25,o,2048,1477,0.72119140625,0.8892573118209839
init-init,proj-c4-r50-s0,proj-selfdoc-r50-s0,L25.gateup,25,gateup,2048,1191,0.58154296875,0.7872589826583862
final-final,proj-c4-r50-s0,proj-selfdoc-r50-s0,L25.gateup,25,gateup,2048,1191,0.58154296875,0.7831119298934937
init-init,proj-c4-r50-s0,proj-selfdoc-r50-s0,L25.down,25,down,2048,1191,0.58154296875,0.8434897065162659
final-final,proj-c4-r50-s0,proj-selfdoc-r50-s0,L25.down,25,down,2048,1191,0.58154296875,0.8381454944610596
init-init,proj-c4-r50-s0,proj-selfdoc-r50-s0,L26.qkv,26,qkv,2048,1477,0.72119140625,0.9104899764060974
final-final,proj-c4-r50-s0,proj-selfdoc-r50-s0,L26.qkv,26,qkv,2048,1477,0.72119140625,0.9087952971458435
init-init,proj-c4-r50-s0,proj-selfdoc-r50-s0,L26.o,26,o,2048,1477,0.72119140625,0.9025799632072449
final-final,proj-c4-r50-s0,proj-selfdoc-r50-s0,L26.o,26,o,2048,1477,0.72119140625,0.8996347188949585
init-init,proj-c4-r50-s0,proj-selfdoc-r50-s0,L26.gateup,26,gateup,2048,1191,0.58154296875,0.7907140254974365
final-final,proj-c4-r50-s0,proj-selfdoc-r50-s0,L26.gateup,26,gateup,2048,1191,0.58154296875,0.7873748540878296
init-init,proj-c4-r50-s0,proj-selfdoc-r50-s0,L26.down,26,down,2048,1191,0.58154296875,0.8493884801864624
final-final,proj-c4-r50-s0,proj-selfdoc-r50-s0,L26.down,26,down,2048,1191,0.58154296875,0.8453254103660583
init-init,proj-c4-r50-s0,proj-selfdoc-r50-s0,L27.qkv,27,qkv,2048,1477,0.72119140625,0.8714320659637451
final-final,proj-c4-r50-s0,proj-selfdoc-r50-s0,L27.qkv,27,qkv,2048,1477,0.72119140625,0.8696355223655701
init-init,proj-c4-r50-s0,proj-selfdoc-r50-s0,L27.o,27,o,2048,1477,0.72119140625,0.9107717275619507
final-final,proj-c4-r50-s0,proj-selfdoc-r50-s0,L27.o,27,o,2048,1477,0.72119140625,0.9083395004272461
init-init,proj-c4-r50-s0,proj-selfdoc-r50-s0,L27.gateup,27,gateup,2048,1191,0.58154296875,0.7818902730941772
final-final,proj-c4-r50-s0,proj-selfdoc-r50-s0,L27.gateup,27,gateup,2048,1191,0.58154296875,0.7797828316688538
init-init,proj-c4-r50-s0,proj-selfdoc-r50-s0,L27.down,27,down,2048,1191,0.58154296875,0.8597033023834229
final-final,proj-c4-r50-s0,proj-selfdoc-r50-s0,L27.down,27,down,2048,1191,0.58154296875,0.8583347797393799
init-init,proj-slimpajama-r50-s0,proj-alpaca-r50-s0,L0.qkv,0,qkv,2048,1477,0.72119140625,0.9013328552246094
final-final,proj-slimpajama-r50-s0,proj-alpaca-r50-s0,L0.qkv,0,qkv,2048,1477,0.72119140625,0.8989241123199463
init-init,proj-slimpajama-r50-s0,proj-alpaca-r50-s0,L0.o,0,o,2048,1477,0.72119140625,0.9369603991508484
final-final,proj-slimpajama-r50-s0,proj-alpaca-r50-s0,L0.o,0,o,2048,1477,0.72119140625,0.9340241551399231
init-init,proj-slimpajama-r50-s0,proj-alpaca-r50-s0,L0.gateup,0,gateup,2048,1191,0.58154296875,0.9492484331130981
final-final,proj-slimpajama-r50-s0,proj-alpaca-r50-s0,L0.gateup,0,gateup,2048,1191,0.58154296875,0.9445937871932983
init-init,proj-slimpajama-r50-s0,proj-alpaca-r50-s0,L0.down,0,down,2048,1191,0.58154296875,0.8853808045387268
final-final,proj-slimpajama-r50-s0,proj-alpaca-r50-s0,L0.down,0,down,2048,1191,0.58154296875,0.8819182515144348
init-init,proj-slimpajama-r50-s0,proj-alpaca-r50-s0,L1.qkv,1,qkv,2048,1477,0.72119140625,0.9241957068443298
final-final,proj-slimpajama-r50-s0,proj-alpaca-r50-s0,L1.qkv,1,qkv,2048,1477,0.72119140625,0.9210741519927979
init-init,proj-slimpajama-r50-s0,proj-alpaca-r50-s0,L1.o,1,o,2048,1477,0.72119140625,0.928907036781311
final-final,proj-slimpajama-r50-s0,proj-alpaca-r50-s0,L1.o,1,o,2048,1477,0.72119140625,0.9263484477996826
init-init,proj-slimpajama-r50-s0,proj-alpaca-r50-s0,L1.gateup,1,gateup,2048,1191,0.58154296875,0.8833070993423462
final-final,proj-slimpajama-r50-s0,proj-alpaca-r50-s0,L1.gateup,1,gateup,2048,1191,0.58154296875,0.8797467947006226
init-init,proj-slimpajama-r50-s0,proj-alpaca-r50-s0,L1.down,1,down,2048,1191,0.58154296875,0.8651258945465088
final-final,proj-slimpajama-r50-s0,proj-alpaca-r50-s0,L1.down,1,down,2048,1191,0.58154296875,0.8607897162437439
init-init,proj-slimpajama-r50-s0,proj-alpaca-r50-s0,L2.qkv,2,qkv,2048,1477,0.72119140625,0.9204253554344177
final-final,proj-slimpajama-r50-s0,proj-alpaca-r50-s0,L2.qkv,2,qkv,2048,1477,0.72119140625,0.9170350432395935
init-init,proj-slimpajama-r50-s0,proj-alpaca-r50-s0,L2.o,2,o,2048,1477,0.72119140625,0.9345768094062805
final-final,proj-slimpajama-r50-s0,proj-alpaca-r50-s0,L2.o,2,o,2048,1477,0.72119140625,0.9309070110321045
init-init,proj-slimpajama-r50-s0,proj-alpaca-r50-s0,L2.gateup,2,gateup,2048,1191,0.58154296875,0.865300178527832
final-final,proj-slimpajama-r50-s0,proj-alpaca-r50-s0,L2.gateup,2,gateup,2048,1191,0.58154296875,0.8612543940544128
init-init,proj-slimpajama-r50-s0,proj-alpaca-r50-s0,L2.down,2,down,2048,1191,0.58154296875,0.8691510558128357
final-final,proj-slimpajama-r50-s0,proj-alpaca-r50-s0,L2.down,2,down,2048,1191,0.58154296875,0.8639253377914429
init-init,proj-slimpajama-r50-s0,proj-alpaca-r50-s0,L3.qkv,3,qkv,2048,1477,0.72119140625,0.916424036026001
final-final,proj-slimpajama-r50-s0,proj-alpaca-r50-s0,L3.qkv,3,qkv,2048,1477,0.72119140625,0.9136304259300232
init-init,proj-slimpajama-r50-s0,proj-alpaca-r50-s0,L3.o,3,o,2048,1477,0.72119140625,0.9098447561264038
final-final,proj-slimpajama-r50-s0,proj-alpaca-r50-s0,L3.o,3,o,2048,1477,0.72119140625,0.9060845971107483
init-init,proj-slimpajama-r50-s0,proj-alpaca-r50-s0,L3.gateup,3,gateup,2048,1191,0.58154296875,0.8565915822982788
final-final,proj-slimpajama-r50-s0,proj-alpaca-r50-s0,L3.gateup,3,gateup,2048,1191,0.58154296875,0.8510859608650208
init-init,proj-slimpajama-r50-s0,proj-alpaca-r50-s0,L3.down,3,down,2048,1191,0.58154296875,0.8662838935852051
final-final,proj-slimpajama-r50-s0,proj-alpaca-r50-s0,L3.down,3,down,2048,1191,0.58154296875,0.8611567616462708
init-init,proj-slimpajama-r50-s0,proj-alpaca-r50-s0,L4.qkv,4,qkv,2048,1477,0.72119140625,0.9092373251914978
final-final,proj-slimpajama-r50-s0,proj-alpaca-r50-s0,L4.qkv,4,qkv,2048,1477,0.72119140625,0.9065084457397461
init-init,proj-slimpajama-r50-s0,proj-alpaca-r50-s0,L4.o,4,o,2048,1477,0.72119140625,0.9090785980224609
final-final,proj-slimpajama-r50-s0,proj-alpaca-r50-s0,L4.o,4,o,2048,1477,0.72119140625,0.9057479500770569
init-init,proj-slimpajama-r50-s0,proj-alpaca-r50-s0,L4.gateup,4,gateup,2048,1191,0.58154296875,0.8434029221534729
final-final,proj-slimpajama-r50-s0,proj-alpaca-r50-s0,L4.gateup,4,gateup,2048,1191,0.58154296875,0.8384536504745483
init-init,proj-slimpajama-r50-s0,proj-alpaca-r50-s0,L4.down,4,down,2048,1191,0.58154296875,0.8637546300888062
final-final,proj-slimpajama-r50-s0,proj-alpaca-r50-s0,L4.down,4,down,2048,1191,0.58154296875,0.8584800362586975
init-init,proj-slimpajama-r50-s0,proj-alpaca-r50-s0,L5.qkv,5,qkv,2048,1477,0.72119140625,0.9104394316673279
final-final,proj-slimpajama-r50-s0,proj-alpaca-r50-s0,L5.qkv,5,qkv,2048,1477,0.72119140625,0.9081622958183289
init-init,proj-slimpajama-r50-s0,proj-alpaca-r50-s0,L5.o,5,o,2048,1477,0.72119140625,0.923974871635437
final-final,proj-slimpajama-r50-s0,proj-alpaca-r50-s0,L5.o,5,o,2048,1477,0.72119140625,0.9203973412513733
init-init,proj-slimpajama-r50-s0,proj-alpaca-r50-s0,L5.gateup,5,gateup,2048,1191,0.58154296875,0.8379093408584595
final-final,proj-slimpajama-r50-s0,proj-alpaca-r50-s0,L5.gateup,5,gateup,2048,1191,0.58154296875,0.8333547711372375
init-init,proj-slimpajama-r50-s0,proj-alpaca-r50-s0,L5.down,5,down,2048,1191,0.58154296875,0.8762262463569641
final-final,proj-slimpajama-r50-s0,proj-alpaca-r50-s0,L5.down,5,down,2048,1191,0.58154296875,0.8709376454353333
init-init,proj-slimpajama-r50-s0,proj-alpaca-r50-s0,L6.qkv,6,qkv,2048,1477,0.72119140625,0.9150620698928833
final-final,proj-slimpajama-r50-s0,proj-alpaca-r50-s0,L6.qkv,6,qkv,2048,1477,0.72119140625,0.9124085307121277
init-init,proj-slimpajama-r50-s0,proj-alpaca-r50-s0,L6.o,6,o,2048,1477,0.72119140625,0.9211870431900024
final-final,proj-slimpajama-r50-s0,proj-alpaca-r50-s0,L6.o,6,o,2048,1477,0.72119140625,0.917653501033783
init-init,proj-slimpajama-r50-s0,proj-alpaca-r50-s0,L6.gateup,6,gateup,2048,1191,0.58154296875,0.8384895920753479
final-final,proj-slimpajama-r50-s0,proj-alpaca-r50-s0,L6.gateup,6,gateup,2048,1191,0.58154296875,0.8339700102806091
init-init,proj-slimpajama-r50-s0,proj-alpaca-r50-s0,L6.down,6,down,2048,1191,0.58154296875,0.8701843023300171
final-final,proj-slimpajama-r50-s0,proj-alpaca-r50-s0,L6.down,6,down,2048,1191,0.58154296875,0.8648733496665955
init-init,proj-slimpajama-r50-s0,proj-alpaca-r50-s0,L7.qkv,7,qkv,2048,1477,0.72119140625,0.9026420712471008
final-final,proj-slimpajama-r50-s0,proj-alpaca-r50-s0,L7.qkv,7,qkv,2048,1477,0.72119140625,0.9002959132194519
init-init,proj-slimpajama-r50-s0,proj-alpaca-r50-s0,L7.o,7,o,2048,1477,0.72119140625,0.9061106443405151
final-final,proj-slimpajama-r50-s0,proj-alpaca-r50-s0,L7.o,7,o,2048,1477,0.72119140625,0.9029179811477661
init-init,proj-slimpajama-r50-s0,proj-alpaca-r50-s0,L7.gateup,7,gateup,2048,1191,0.58154296875,0.8280829787254333
final-final,proj-slimpajama-r50-s0,proj-alpaca-r50-s0,L7.gateup,7,gateup,2048,1191,0.58154296875,0.8239696621894836
init-init,proj-slimpajama-r50-s0,proj-alpaca-r50-s0,L7.down,7,down,2048,1191,0.58154296875,0.8703904151916504
final-final,proj-slimpajama-r50-s0,proj-alpaca-r50-s0,L7.down,7,down,2048,1191,0.58154296875,0.8652509450912476
init-init,proj-slimpajama-r50-s0,proj-alpaca-r50-s0,L8.qkv,8,qkv,2048,1477,0.72119140625,0.9060856103897095
final-final,proj-slimpajama-r50-s0,proj-alpaca-r50-s0,L8.qkv,8,qkv,2048,1477,0.72119140625,0.9035964012145996
init-init,proj-slimpajama-r50-s0,proj-alpaca-r50-s0,L8.o,8,o,2048,1477,0.72119140625,0.8893163204193115
final-final,proj-slimpajama-r50-s0,proj-alpaca-r50-s0,L8.o,8,o,2048,1477,0.72119140625,0.8863053321838379
init-init,proj-slimpajama-r50-s0,proj-alpaca-r50-s0,L8.gateup,8,gateup,2048,1191,0.58154296875,0.8174393773078918
final-final,proj-slimpajama-r50-s0,proj-alpaca-r50-s0,L8.gateup,8,gateup,2048,1191,0.58154296875,0.8136175274848938
init-init,proj-slimpajama-r50-s0,proj-alpaca-r50-s0,L8.down,8,down,2048,1191,0.58154296875,0.8688917756080627
final-final,proj-slimpajama-r50-s0,proj-alpaca-r50-s0,L8.down,8,down,2048,1191,0.58154296875,0.863784670829773
init-init,proj-slimpajama-r50-s0,proj-alpaca-r50-s0,L9.qkv,9,qkv,2048,1477,0.72119140625,0.9070425629615784
final-final,proj-slimpajama-r50-s0,proj-alpaca-r50-s0,L9.qkv,9,qkv,2048,1477,0.72119140625,0.9047905802726746
init-init,proj-slimpajama-r50-s0,proj-alpaca-r50-s0,L9.o,9,o,2048,1477,0.72119140625,0.9150097966194153
final-final,proj-slimpajama-r50-s0,proj-alpaca-r50-s0,L9.o,9,o,2048,1477,0.72119140625,0.9119540452957153
init-init,proj-slimpajama-r50-s0,proj-alpaca-r50-s0,L9.gateup,9,gateup,2048,1191,0.58154296875,0.819878339767456
final-final,proj-slimpajama-r50-s0,proj-alpaca-r50-s0,L9.gateup,9,gateup,2048,1191,0.58154296875,0.8159221410751343
init-init,proj-slimpajama-r50-s0,proj-alpaca-r50-s0,L9.down,9,down,2048,1191,0.58154296875,0.8613271713256836
final-final,proj-slimpajama-r50-s0,proj-alpaca-r50-s0,L9.down,9,down,2048,1191,0.58154296875,0.8567213416099548
init-init,proj-slimpajama-r50-s0,proj-alpaca-r50-s0,L10.qkv,10,qkv,2048,1477,0.72119140625,0.9013585448265076
final-final,proj-slimpajama-r50-s0,proj-alpaca-r50-s0,L10.qkv,10,qkv,2048,1477,0.72119140625,0.899007260799408
init-init,proj-slimpajama-r50-s0,proj-alpaca-r50-s0,L10.o,10,o,2048,1477,0.72119140625,0.9029090404510498
final-final,proj-slimpajama-r50-s0,proj-alpaca-r50-s0,L10.o,10,o,2048,1477,0.72119140625,0.8998733162879944
init-init,proj-slimpajama-r50-s0,proj-alpaca-r50-s0,L10.gateup,10,gateup,2048,1191,0.58154296875,0.8156142830848694
final-final,proj-slimpajama-r50-s0,proj-alpaca-r50-s0,L10.gateup,10,gateup,2048,1191,0.58154296875,0.8119996190071106
init-init,proj-slimpajama-r50-s0,proj-alpaca-r50-s0,L10.down,10,down,2048,1191,0.58154296875,0.8589242696762085
final-final,proj-slimpajama-r50-s0,proj-alpaca-r50-s0,L10.down,10,down,2048,1191,0.58154296875,0.8543738722801208
init-init,proj-slimpajama-r50-s0,proj-alpaca-r50-s0,L11.qkv,11,qkv,2048,1477,0.72119140625,0.9126967191696167
final-final,proj-slimpajama-r50-s0,proj-alpaca-r50-s0,L11.qkv,11,qkv,2048,1477,0.72119140625,0.9100241661071777
init-init,proj-slimpajama-r50-s0,proj-alpaca-r50-s0,L11.o,11,o,2048,1477,0.72119140625,0.9294188618659973
final-final,proj-slimpajama-r50-s0,proj-alpaca-r50-s0,L11.o,11,o,2048,1477,0.72119140625,0.926241397857666
init-init,proj-slimpajama-r50-s0,proj-alpaca-r50-s0,L11.gateup,11,gateup,2048,1191,0.58154296875,0.8182839155197144
final-final,proj-slimpajama-r50-s0,proj-alpaca-r50-s0,L11.gateup,11,gateup,2048,1191,0.58154296875,0.8142793774604797
init-init,proj-slimpajama-r50-s0,proj-alpaca-r50-s0,L11.down,11,down,2048,1191,0.58154296875,0.8690603375434875
final-final,proj-slimpajama-r50-s0,proj-alpaca-r50-s0,L11.down,11,down,2048,1191,0.58154296875,0.8640106916427612
init-init,proj-slimpajama-r50-s0,proj-alpaca-r50-s0,L12.qkv,12,qkv,2048,1477,0.72119140625,0.9044013023376465
final-final,proj-slimpajama-r50-s0,proj-alpaca-r50-s0,L12.qkv,12,qkv,2048,1477,0.72119140625,0.901930570602417
init-init,proj-slimpajama-r50-s0,proj-alpaca-r50-s0,L12.o,12,o,2048,1477,0.72119140625,0.9133138656616211
final-final,proj-slimpajama-r50-s0,proj-alpaca-r50-s0,L12.o,12,o,2048,1477,0.72119140625,0.910068690776825
init-init,proj-slimpajama-r50-s0,proj-alpaca-r50-s0,L12.gateup,12,gateup,2048,1191,0.58154296875,0.8154823780059814
final-final,proj-slimpajama-r50-s0,proj-alpaca-r50-s0,L12.gateup,12,gateup,2048,1191,0.58154296875,0.811408519744873
init-init,proj-slimpajama-r50-s0,proj-alpaca-r50-s0,L12.down,12,down,2048,1191,0.58154296875,0.8766765594482422
final-final,proj-slimpajama-r50-s0,proj-alpaca-r50-s0,L12.down,12,down,2048,1191,0.58154296875,0.8715960383415222
init-init,proj-slimpajama-r50-s0,proj-alpaca-r50-s0,L13.qkv,13,qkv,2048,1477,0.72119140625,0.9060473442077637
final-final,proj-slimpajama-r50-s0,proj-alpaca-r50-s0,L13.qkv,13,qkv,2048,1477,0.72119140625,0.9032865762710571
init-init,proj-slimpajama-r50-s0,proj-alpaca-r50-s0,L13.o,13,o,2048,1477,0.72119140625,0.9208292365074158
final-final,proj-slimpajama-r50-s0,proj-alpaca-r50-s0,L13.o,13,o,2048,1477,0.72119140625,0.9175373315811157
init-init,proj-slimpajama-r50-s0,proj-alpaca-r50-s0,L13.gateup,13,gateup,2048,1191,0.58154296875,0.8152319192886353
final-final,proj-slimpajama-r50-s0,proj-alpaca-r50-s0,L13.gateup,13,gateup,2048,1191,0.58154296875,0.8109757900238037
init-init,proj-slimpajama-r50-s0,proj-alpaca-r50-s0,L13.down,13,down,2048,1191,0.58154296875,0.879948079586029
final-final,proj-slimpajama-r50-s0,proj-alpaca-r50-s0,L13.down,13,down,2048,1191,0.58154296875,0.8748041391372681
init-init,proj-slimpajama-r50-s0,proj-alpaca-r50-s0,L14.qkv,14,qkv,2048,1477,0.72119140625,0.9044491052627563
final-final,proj-slimpajama-r50-s0,proj-alpaca-r50-s0,L14.qkv,14,qkv,2048,1477,0.72119140625,0.9021052718162537
init-init,proj-slimpajama-r50-s0,proj-alpaca-r50-s0,L14.o,14,o,2048,1477,0.72119140625,0.9127888679504395
final-final,proj-slimpajama-r50-s0,proj-alpaca-r50-s0,L14.o,14,o,2048,1477,0.72119140625,0.9097757339477539
init-init,proj-slimpajama-r50-s0,proj-alpaca-r50-s0,L14.gateup,14,gateup,2048,1191,0.58154296875,0.8149006962776184
final-final,proj-slimpajama-r50-s0,proj-alpaca-r50-s0,L14.gateup,14,gateup,2048,1191,0.58154296875,0.8111752271652222
init-init,proj-slimpajama-r50-s0,proj-alpaca-r50-s0,L14.down,14,down,2048,1191,0.58154296875,0.8854730129241943
final-final,proj-slimpajama-r50-s0,proj-alpaca-r50-s0,L14.down,14,down,2048,1191,0.58154296875,0.88003009557724
init-init,proj-slimpajama-r50-s0,proj-alpaca-r50-s0,L15.qkv,15,qkv,2048,1477,0.72119140625,0.9021687507629395
final-final,proj-slimpajama-r50-s0,proj-alpaca-r50-s0,L15.qkv,15,qkv,2048,1477,0.72119140625,0.9001178741455078
init-init,proj-slimpajama-r50-s0,proj-alpaca-r50-s0,L15.o,15,o,2048,1477,0.72119140625,0.9216201901435852
final-final,proj-slimpajama-r50-s0,proj-alpaca-r50-s0,L15.o,15,o,2048,1477,0.72119140625,0.9183048605918884
init-init,proj-slimpajama-r50-s0,proj-alpaca-r50-s0,L15.gateup,15,gateup,2048,1191,0.58154296875,0.8207797408103943
final-final,proj-slimpajama-r50-s0,proj-alpaca-r50-s0,L15.gateup,15,gateup,2048,1191,0.58154296875,0.8168260455131531
init-init,proj-slimpajama-r50-s0,proj-alpaca-r50-s0,L15.down,15,down,2048,1191,0.58154296875,0.8788208365440369
final-final,proj-slimpajama-r50-s0,proj-alpaca-r50-s0,L15.down,15,down,2048,1191,0.58154296875,0.8737893104553223
init-init,proj-slimpajama-r50-s0,proj-alpaca-r50-s0,L16.qkv,16,qkv,2048,1477,0.72119140625,0.9058530926704407
final-final,proj-slimpajama-r50-s0,proj-alpaca-r50-s0,L16.qkv,16,qkv,2048,1477,0.72119140625,0.9037517309188843
init-init,proj-slimpajama-r50-s0,proj-alpaca-r50-s0,L16.o,16,o,2048,1477,0.72119140625,0.9221156239509583
final-final,proj-slimpajama-r50-s0,proj-alpaca-r50-s0,L16.o,16,o,2048,1477,0.72119140625,0.918825626373291
init-init,proj-slimpajama-r50-s0,proj-alpaca-r50-s0,L16.gateup,16,gateup,2048,1191,0.58154296875,0.8261014819145203
final-final,proj-slimpajama-r50-s0,proj-alpaca-r50-s0,L16.gateup,16,gateup,2048,1191,0.58154296875,0.8228658437728882
init-init,proj-slimpajama-r50-s0,proj-alpaca-r50-s0,L16.down,16,down,2048,1191,0.58154296875,0.8823994398117065
final-final,proj-slimpajama-r50-s0,proj-alpaca-r50-s0,L16.down,16,down,2048,1191,0.58154296875,0.8773161172866821
init-init,proj-slimpajama-r50-s0,proj-alpaca-r50-s0,L17.qkv,17,qkv,2048,1477,0.72119140625,0.899642288684845
final-final,proj-slimpajama-r50-s0,proj-alpaca-r50-s0,L17.qkv,17,qkv,2048,1477,0.72119140625,0.8974806666374207
init-init,proj-slimpajama-r50-s0,proj-alpaca-r50-s0,L17.o,17,o,2048,1477,0.72119140625,0.9267074465751648
final-final,proj-slimpajama-r50-s0,proj-alpaca-r50-s0,L17.o,17,o,2048,1477,0.72119140625,0.9229369163513184
init-init,proj-slimpajama-r50-s0,proj-alpaca-r50-s0,L17.gateup,17,gateup,2048,1191,0.58154296875,0.8341437578201294
final-final,proj-slimpajama-r50-s0,proj-alpaca-r50-s0,L17.gateup,17,gateup,2048,1191,0.58154296875,0.8299351334571838
init-init,proj-slimpajama-r50-s0,proj-alpaca-r50-s0,L17.down,17,down,2048,1191,0.58154296875,0.869766116142273
final-final,proj-slimpajama-r50-s0,proj-alpaca-r50-s0,L17.down,17,down,2048,1191,0.58154296875,0.8645424246788025
init-init,proj-slimpajama-r50-s0,proj-alpaca-r50-s0,L18.qkv,18,qkv,2048,1477,0.72119140625,0.9040327072143555
final-final,proj-slimpajama-r50-s0,proj-alpaca-r50-s0,L18.qkv,18,qkv,2048,1477,0.72119140625,0.902060329914093
init-init,proj-slimpajama-r50-s0,proj-alpaca-r50-s0,L18.o,18,o,2048,1477,0.72119140625,0.9134966731071472
final-final,proj-slimpajama-r50-s0,proj-alpaca-r50-s0,L18.o,18,o,2048,1477,0.72119140625,0.9101985692977905
init-init,proj-slimpajama-r50-s0,proj-alpaca-r50-s0,L18.gateup,18,gateup,2048,1191,0.58154296875,0.8264849781990051
final-final,proj-slimpajama-r50-s0,proj-alpaca-r50-s0,L18.gateup,18,gateup,2048,1191,0.58154296875,0.822223961353302
init-init,proj-slimpajama-r50-s0,proj-alpaca-r50-s0,L18.down,18,down,2048,1191,0.58154296875,0.8610241413116455
final-final,proj-slimpajama-r50-s0,proj-alpaca-r50-s0,L18.down,18,down,2048,1191,0.58154296875,0.8557114601135254
init-init,proj-slimpajama-r50-s0,proj-alpaca-r50-s0,L19.qkv,19,qkv,2048,1477,0.72119140625,0.9040213227272034
final-final,proj-slimpajama-r50-s0,proj-alpaca-r50-s0,L19.qkv,19,qkv,2048,1477,0.72119140625,0.9020686745643616
init-init,proj-slimpajama-r50-s0,proj-alpaca-r50-s0,L19.o,19,o,2048,1477,0.72119140625,0.927456796169281
final-final,proj-slimpajama-r50-s0,proj-alpaca-r50-s0,L19.o,19,o,2048,1477,0.72119140625,0.9239419102668762
init-init,proj-slimpajama-r50-s0,proj-alpaca-r50-s0,L19.gateup,19,gateup,2048,1191,0.58154296875,0.8258603811264038
final-final,proj-slimpajama-r50-s0,proj-alpaca-r50-s0,L19.gateup,19,gateup,2048,1191,0.58154296875,0.8216648697853088
init-init,proj-slimpajama-r50-s0,proj-alpaca-r50-s0,L19.down,19,down,2048,1191,0.58154296875,0.8691611289978027
final-final,proj-slimpajama-r50-s0,proj-alpaca-r50-s0,L19.down,19,down,2048,1191,0.58154296875,0.8634335398674011
init-init,proj-slimpajama-r50-s0,proj-alpaca-r50-s0,L20.qkv,20,qkv,2048,1477,0.72119140625,0.9085635542869568
final-final,proj-slimpajama-r50-s0,proj-alpaca-r50-s0,L20.qkv,20,qkv,2048,1477,0.72119140625,0.9064838886260986
init-init,proj-slimpajama-r50-s0,proj-alpaca-r50-s0,L20.o,20,o,2048,1477,0.72119140625,0.9147137403488159
final-final,proj-slimpajama-r50-s0,proj-alpaca-r50-s0,L20.o,20,o,2048,1477,0.72119140625,0.9104013442993164
init-init,proj-slimpajama-r50-s0,proj-alpaca-r50-s0,L20.gateup,20,gateup,2048,1191,0.58154296875,0.8274048566818237
final-final,proj-slimpajama-r50-s0,proj-alpaca-r50-s0,L20.gateup,20,gateup,2048,1191,0.58154296875,0.8226394057273865
init-init,proj-slimpajama-r50-s0,proj-alpaca-r50-s0,L20.down,20,down,2048,1191,0.58154296875,0.8597800135612488
final-final,proj-slimpajama-r50-s0,proj-alpaca-r50-s0,L20.down,20,down,2048,1191,0.58154296875,0.8535128831863403
init-init,proj-slimpajama-r50-s0,proj-alpaca-r50-s0,L21.qkv,21,qkv,2048,1477,0.72119140625,0.9025665521621704
final-final,proj-slimpajama-r50-s0,proj-alpaca-r50-s0,L21.qkv,21,qkv,2048,1477,0.72119140625,0.9005320072174072
init-init,proj-slimpajama-r50-s0,proj-alpaca-r50-s0,L21.o,21,o,2048,1477,0.72119140625,0.9129247665405273
final-final,proj-slimpajama-r50-s0,proj-alpaca-r50-s0,L21.o,21,o,2048,1477,0.72119140625,0.9091155529022217
init-init,proj-slimpajama-r50-s0,proj-alpaca-r50-s0,L21.gateup,21,gateup,2048,1191,0.58154296875,0.8191653490066528
final-final,proj-slimpajama-r50-s0,proj-alpaca-r50-s0,L21.gateup,21,gateup,2048,1191,0.58154296875,0.8143191337585449
init-init,proj-slimpajama-r50-s0,proj-alpaca-r50-s0,L21.down,21,down,2048,1191,0.58154296875,0.8439643979072571
final-final,proj-slimpajama-r50-s0,proj-alpaca-r50-s0,L21.down,21,down,2048,1191,0.58154296875,0.8379994034767151
init-init,proj-slimpajama-r50-s0,proj-alpaca-r50-s0,L22.qkv,22,qkv,2048,1477,0.72119140625,0.9036344289779663
final-final,proj-slimpajama-r50-s0,proj-alpaca-r50-s0,L22.qkv,22,qkv,2048,1477,0.72119140625,0.90163654088974
init-init,proj-slimpajama-r50-s0,proj-alpaca-r50-s0,L22.o,22,o,2048,1477,0.72119140625,0.8999611735343933
final-final,proj-slimpajama-r50-s0,proj-alpaca-r50-s0,L22.o,22,o,2048,1477,0.72119140625,0.896617591381073
init-init,proj-slimpajama-r50-s0,proj-alpaca-r50-s0,L22.gateup,22,gateup,2048,1191,0.58154296875,0.8119054436683655
final-final,proj-slimpajama-r50-s0,proj-alpaca-r50-s0,L22.gateup,22,gateup,2048,1191,0.58154296875,0.8068007826805115
init-init,proj-slimpajama-r50-s0,proj-alpaca-r50-s0,L22.down,22,down,2048,1191,0.58154296875,0.8396314382553101
final-final,proj-slimpajama-r50-s0,proj-alpaca-r50-s0,L22.down,22,down,2048,1191,0.58154296875,0.8336187601089478
init-init,proj-slimpajama-r50-s0,proj-alpaca-r50-s0,L23.qkv,23,qkv,2048,1477,0.72119140625,0.9036166667938232
final-final,proj-slimpajama-r50-s0,proj-alpaca-r50-s0,L23.qkv,23,qkv,2048,1477,0.72119140625,0.9015710353851318
init-init,proj-slimpajama-r50-s0,proj-alpaca-r50-s0,L23.o,23,o,2048,1477,0.72119140625,0.887851357460022
final-final,proj-slimpajama-r50-s0,proj-alpaca-r50-s0,L23.o,23,o,2048,1477,0.72119140625,0.8844573497772217
init-init,proj-slimpajama-r50-s0,proj-alpaca-r50-s0,L23.gateup,23,gateup,2048,1191,0.58154296875,0.80201655626297
final-final,proj-slimpajama-r50-s0,proj-alpaca-r50-s0,L23.gateup,23,gateup,2048,1191,0.58154296875,0.7968529462814331
init-init,proj-slimpajama-r50-s0,proj-alpaca-r50-s0,L23.down,23,down,2048,1191,0.58154296875,0.8428728580474854
final-final,proj-slimpajama-r50-s0,proj-alpaca-r50-s0,L23.down,23,down,2048,1191,0.58154296875,0.8368951082229614
init-init,proj-slimpajama-r50-s0,proj-alpaca-r50-s0,L24.qkv,24,qkv,2048,1477,0.72119140625,0.9041227698326111
final-final,proj-slimpajama-r50-s0,proj-alpaca-r50-s0,L24.qkv,24,qkv,2048,1477,0.72119140625,0.9019119739532471
init-init,proj-slimpajama-r50-s0,proj-alpaca-r50-s0,L24.o,24,o,2048,1477,0.72119140625,0.8812749981880188
final-final,proj-slimpajama-r50-s0,proj-alpaca-r50-s0,L24.o,24,o,2048,1477,0.72119140625,0.8777951002120972
init-init,proj-slimpajama-r50-s0,proj-alpaca-r50-s0,L24.gateup,24,gateup,2048,1191,0.58154296875,0.7966479063034058
final-final,proj-slimpajama-r50-s0,proj-alpaca-r50-s0,L24.gateup,24,gateup,2048,1191,0.58154296875,0.791416347026825
init-init,proj-slimpajama-r50-s0,proj-alpaca-r50-s0,L24.down,24,down,2048,1191,0.58154296875,0.8429818153381348
final-final,proj-slimpajama-r50-s0,proj-alpaca-r50-s0,L24.down,24,down,2048,1191,0.58154296875,0.8375444412231445
init-init,proj-slimpajama-r50-s0,proj-alpaca-r50-s0,L25.qkv,25,qkv,2048,1477,0.72119140625,0.9051527380943298
final-final,proj-slimpajama-r50-s0,proj-alpaca-r50-s0,L25.qkv,25,qkv,2048,1477,0.72119140625,0.9029309153556824
init-init,proj-slimpajama-r50-s0,proj-alpaca-r50-s0,L25.o,25,o,2048,1477,0.72119140625,0.8519291877746582
final-final,proj-slimpajama-r50-s0,proj-alpaca-r50-s0,L25.o,25,o,2048,1477,0.72119140625,0.8490650653839111
init-init,proj-slimpajama-r50-s0,proj-alpaca-r50-s0,L25.gateup,25,gateup,2048,1191,0.58154296875,0.7934162020683289
final-final,proj-slimpajama-r50-s0,proj-alpaca-r50-s0,L25.gateup,25,gateup,2048,1191,0.58154296875,0.7884103059768677
init-init,proj-slimpajama-r50-s0,proj-alpaca-r50-s0,L25.down,25,down,2048,1191,0.58154296875,0.8390896916389465
final-final,proj-slimpajama-r50-s0,proj-alpaca-r50-s0,L25.down,25,down,2048,1191,0.58154296875,0.8332688212394714
init-init,proj-slimpajama-r50-s0,proj-alpaca-r50-s0,L26.qkv,26,qkv,2048,1477,0.72119140625,0.9034282565116882
final-final,proj-slimpajama-r50-s0,proj-alpaca-r50-s0,L26.qkv,26,qkv,2048,1477,0.72119140625,0.9015951156616211
init-init,proj-slimpajama-r50-s0,proj-alpaca-r50-s0,L26.o,26,o,2048,1477,0.72119140625,0.8652575016021729
final-final,proj-slimpajama-r50-s0,proj-alpaca-r50-s0,L26.o,26,o,2048,1477,0.72119140625,0.862483024597168
init-init,proj-slimpajama-r50-s0,proj-alpaca-r50-s0,L26.gateup,26,gateup,2048,1191,0.58154296875,0.789871871471405
final-final,proj-slimpajama-r50-s0,proj-alpaca-r50-s0,L26.gateup,26,gateup,2048,1191,0.58154296875,0.7858529686927795
init-init,proj-slimpajama-r50-s0,proj-alpaca-r50-s0,L26.down,26,down,2048,1191,0.58154296875,0.8378555774688721
final-final,proj-slimpajama-r50-s0,proj-alpaca-r50-s0,L26.down,26,down,2048,1191,0.58154296875,0.8334978818893433
init-init,proj-slimpajama-r50-s0,proj-alpaca-r50-s0,L27.qkv,27,qkv,2048,1477,0.72119140625,0.8597573637962341
final-final,proj-slimpajama-r50-s0,proj-alpaca-r50-s0,L27.qkv,27,qkv,2048,1477,0.72119140625,0.8579707741737366
init-init,proj-slimpajama-r50-s0,proj-alpaca-r50-s0,L27.o,27,o,2048,1477,0.72119140625,0.9006251692771912
final-final,proj-slimpajama-r50-s0,proj-alpaca-r50-s0,L27.o,27,o,2048,1477,0.72119140625,0.8981199264526367
init-init,proj-slimpajama-r50-s0,proj-alpaca-r50-s0,L27.gateup,27,gateup,2048,1191,0.58154296875,0.7757852673530579
final-final,proj-slimpajama-r50-s0,proj-alpaca-r50-s0,L27.gateup,27,gateup,2048,1191,0.58154296875,0.7738661170005798
init-init,proj-slimpajama-r50-s0,proj-alpaca-r50-s0,L27.down,27,down,2048,1191,0.58154296875,0.8345053195953369
final-final,proj-slimpajama-r50-s0,proj-alpaca-r50-s0,L27.down,27,down,2048,1191,0.58154296875,0.8333879709243774
init-init,proj-slimpajama-r50-s0,proj-selfgen-r50-s0,L0.qkv,0,qkv,2048,1477,0.72119140625,0.918087899684906
final-final,proj-slimpajama-r50-s0,proj-selfgen-r50-s0,L0.qkv,0,qkv,2048,1477,0.72119140625,0.9140446186065674
init-init,proj-slimpajama-r50-s0,proj-selfgen-r50-s0,L0.o,0,o,2048,1477,0.72119140625,0.9433029890060425
final-final,proj-slimpajama-r50-s0,proj-selfgen-r50-s0,L0.o,0,o,2048,1477,0.72119140625,0.9391980767250061
init-init,proj-slimpajama-r50-s0,proj-selfgen-r50-s0,L0.gateup,0,gateup,2048,1191,0.58154296875,0.9557616710662842
final-final,proj-slimpajama-r50-s0,proj-selfgen-r50-s0,L0.gateup,0,gateup,2048,1191,0.58154296875,0.949347972869873
init-init,proj-slimpajama-r50-s0,proj-selfgen-r50-s0,L0.down,0,down,2048,1191,0.58154296875,0.8677371740341187
final-final,proj-slimpajama-r50-s0,proj-selfgen-r50-s0,L0.down,0,down,2048,1191,0.58154296875,0.8628767728805542
init-init,proj-slimpajama-r50-s0,proj-selfgen-r50-s0,L1.qkv,1,qkv,2048,1477,0.72119140625,0.927488386631012
final-final,proj-slimpajama-r50-s0,proj-selfgen-r50-s0,L1.qkv,1,qkv,2048,1477,0.72119140625,0.923115611076355
init-init,proj-slimpajama-r50-s0,proj-selfgen-r50-s0,L1.o,1,o,2048,1477,0.72119140625,0.943527102470398
final-final,proj-slimpajama-r50-s0,proj-selfgen-r50-s0,L1.o,1,o,2048,1477,0.72119140625,0.9397678375244141
init-init,proj-slimpajama-r50-s0,proj-selfgen-r50-s0,L1.gateup,1,gateup,2048,1191,0.58154296875,0.8808572888374329
final-final,proj-slimpajama-r50-s0,proj-selfgen-r50-s0,L1.gateup,1,gateup,2048,1191,0.58154296875,0.8757497072219849
init-init,proj-slimpajama-r50-s0,proj-selfgen-r50-s0,L1.down,1,down,2048,1191,0.58154296875,0.853659451007843
final-final,proj-slimpajama-r50-s0,proj-selfgen-r50-s0,L1.down,1,down,2048,1191,0.58154296875,0.8487523198127747
init-init,proj-slimpajama-r50-s0,proj-selfgen-r50-s0,L2.qkv,2,qkv,2048,1477,0.72119140625,0.9258992671966553
final-final,proj-slimpajama-r50-s0,proj-selfgen-r50-s0,L2.qkv,2,qkv,2048,1477,0.72119140625,0.9218450784683228
init-init,proj-slimpajama-r50-s0,proj-selfgen-r50-s0,L2.o,2,o,2048,1477,0.72119140625,0.9490868449211121
final-final,proj-slimpajama-r50-s0,proj-selfgen-r50-s0,L2.o,2,o,2048,1477,0.72119140625,0.9441744089126587
init-init,proj-slimpajama-r50-s0,proj-selfgen-r50-s0,L2.gateup,2,gateup,2048,1191,0.58154296875,0.8618496060371399
final-final,proj-slimpajama-r50-s0,proj-selfgen-r50-s0,L2.gateup,2,gateup,2048,1191,0.58154296875,0.8567839860916138
init-init,proj-slimpajama-r50-s0,proj-selfgen-r50-s0,L2.down,2,down,2048,1191,0.58154296875,0.890248715877533
final-final,proj-slimpajama-r50-s0,proj-selfgen-r50-s0,L2.down,2,down,2048,1191,0.58154296875,0.8840749263763428
init-init,proj-slimpajama-r50-s0,proj-selfgen-r50-s0,L3.qkv,3,qkv,2048,1477,0.72119140625,0.9267247319221497
final-final,proj-slimpajama-r50-s0,proj-selfgen-r50-s0,L3.qkv,3,qkv,2048,1477,0.72119140625,0.9231017827987671
init-init,proj-slimpajama-r50-s0,proj-selfgen-r50-s0,L3.o,3,o,2048,1477,0.72119140625,0.9230613112449646
final-final,proj-slimpajama-r50-s0,proj-selfgen-r50-s0,L3.o,3,o,2048,1477,0.72119140625,0.9180289506912231
init-init,proj-slimpajama-r50-s0,proj-selfgen-r50-s0,L3.gateup,3,gateup,2048,1191,0.58154296875,0.864323079586029
final-final,proj-slimpajama-r50-s0,proj-selfgen-r50-s0,L3.gateup,3,gateup,2048,1191,0.58154296875,0.8579029440879822
init-init,proj-slimpajama-r50-s0,proj-selfgen-r50-s0,L3.down,3,down,2048,1191,0.58154296875,0.8883082270622253
final-final,proj-slimpajama-r50-s0,proj-selfgen-r50-s0,L3.down,3,down,2048,1191,0.58154296875,0.882157564163208
init-init,proj-slimpajama-r50-s0,proj-selfgen-r50-s0,L4.qkv,4,qkv,2048,1477,0.72119140625,0.9244291186332703
final-final,proj-slimpajama-r50-s0,proj-selfgen-r50-s0,L4.qkv,4,qkv,2048,1477,0.72119140625,0.9207115769386292
init-init,proj-slimpajama-r50-s0,proj-selfgen-r50-s0,L4.o,4,o,2048,1477,0.72119140625,0.9241007566452026
final-final,proj-slimpajama-r50-s0,proj-selfgen-r50-s0,L4.o,4,o,2048,1477,0.72119140625,0.919632077217102
init-init,proj-slimpajama-r50-s0,proj-selfgen-r50-s0,L4.gateup,4,gateup,2048,1191,0.58154296875,0.8603605628013611
final-final,proj-slimpajama-r50-s0,proj-selfgen-r50-s0,L4.gateup,4,gateup,2048,1191,0.58154296875,0.8544068932533264
init-init,proj-slimpajama-r50-s0,proj-selfgen-r50-s0,L4.down,4,down,2048,1191,0.58154296875,0.8823059797286987
final-final,proj-slimpajama-r50-s0,proj-selfgen-r50-s0,L4.down,4,down,2048,1191,0.58154296875,0.8763500452041626
init-init,proj-slimpajama-r50-s0,proj-selfgen-r50-s0,L5.qkv,5,qkv,2048,1477,0.72119140625,0.9268943071365356
final-final,proj-slimpajama-r50-s0,proj-selfgen-r50-s0,L5.qkv,5,qkv,2048,1477,0.72119140625,0.9236889481544495
init-init,proj-slimpajama-r50-s0,proj-selfgen-r50-s0,L5.o,5,o,2048,1477,0.72119140625,0.9425606727600098
final-final,proj-slimpajama-r50-s0,proj-selfgen-r50-s0,L5.o,5,o,2048,1477,0.72119140625,0.9376999735832214
init-init,proj-slimpajama-r50-s0,proj-selfgen-r50-s0,L5.gateup,5,gateup,2048,1191,0.58154296875,0.8536568284034729
final-final,proj-slimpajama-r50-s0,proj-selfgen-r50-s0,L5.gateup,5,gateup,2048,1191,0.58154296875,0.8481197953224182
init-init,proj-slimpajama-r50-s0,proj-selfgen-r50-s0,L5.down,5,down,2048,1191,0.58154296875,0.9011691808700562
final-final,proj-slimpajama-r50-s0,proj-selfgen-r50-s0,L5.down,5,down,2048,1191,0.58154296875,0.8948230147361755
init-init,proj-slimpajama-r50-s0,proj-selfgen-r50-s0,L6.qkv,6,qkv,2048,1477,0.72119140625,0.933612048625946
final-final,proj-slimpajama-r50-s0,proj-selfgen-r50-s0,L6.qkv,6,qkv,2048,1477,0.72119140625,0.9298372268676758
init-init,proj-slimpajama-r50-s0,proj-selfgen-r50-s0,L6.o,6,o,2048,1477,0.72119140625,0.9416062235832214
final-final,proj-slimpajama-r50-s0,proj-selfgen-r50-s0,L6.o,6,o,2048,1477,0.72119140625,0.9364808797836304
init-init,proj-slimpajama-r50-s0,proj-selfgen-r50-s0,L6.gateup,6,gateup,2048,1191,0.58154296875,0.8544080257415771
final-final,proj-slimpajama-r50-s0,proj-selfgen-r50-s0,L6.gateup,6,gateup,2048,1191,0.58154296875,0.8488491773605347
init-init,proj-slimpajama-r50-s0,proj-selfgen-r50-s0,L6.down,6,down,2048,1191,0.58154296875,0.8969400525093079
final-final,proj-slimpajama-r50-s0,proj-selfgen-r50-s0,L6.down,6,down,2048,1191,0.58154296875,0.8907186388969421
init-init,proj-slimpajama-r50-s0,proj-selfgen-r50-s0,L7.qkv,7,qkv,2048,1477,0.72119140625,0.9261295795440674
final-final,proj-slimpajama-r50-s0,proj-selfgen-r50-s0,L7.qkv,7,qkv,2048,1477,0.72119140625,0.9225093722343445
init-init,proj-slimpajama-r50-s0,proj-selfgen-r50-s0,L7.o,7,o,2048,1477,0.72119140625,0.9330289959907532
final-final,proj-slimpajama-r50-s0,proj-selfgen-r50-s0,L7.o,7,o,2048,1477,0.72119140625,0.928291916847229
init-init,proj-slimpajama-r50-s0,proj-selfgen-r50-s0,L7.gateup,7,gateup,2048,1191,0.58154296875,0.8488614559173584
final-final,proj-slimpajama-r50-s0,proj-selfgen-r50-s0,L7.gateup,7,gateup,2048,1191,0.58154296875,0.8434872031211853
init-init,proj-slimpajama-r50-s0,proj-selfgen-r50-s0,L7.down,7,down,2048,1191,0.58154296875,0.8984063267707825
final-final,proj-slimpajama-r50-s0,proj-selfgen-r50-s0,L7.down,7,down,2048,1191,0.58154296875,0.8923664689064026
init-init,proj-slimpajama-r50-s0,proj-selfgen-r50-s0,L8.qkv,8,qkv,2048,1477,0.72119140625,0.930802047252655
final-final,proj-slimpajama-r50-s0,proj-selfgen-r50-s0,L8.qkv,8,qkv,2048,1477,0.72119140625,0.9269800186157227
init-init,proj-slimpajama-r50-s0,proj-selfgen-r50-s0,L8.o,8,o,2048,1477,0.72119140625,0.9190674424171448
final-final,proj-slimpajama-r50-s0,proj-selfgen-r50-s0,L8.o,8,o,2048,1477,0.72119140625,0.9142522215843201
init-init,proj-slimpajama-r50-s0,proj-selfgen-r50-s0,L8.gateup,8,gateup,2048,1191,0.58154296875,0.8416854739189148
final-final,proj-slimpajama-r50-s0,proj-selfgen-r50-s0,L8.gateup,8,gateup,2048,1191,0.58154296875,0.836482048034668
init-init,proj-slimpajama-r50-s0,proj-selfgen-r50-s0,L8.down,8,down,2048,1191,0.58154296875,0.8945136070251465
final-final,proj-slimpajama-r50-s0,proj-selfgen-r50-s0,L8.down,8,down,2048,1191,0.58154296875,0.8887180089950562
init-init,proj-slimpajama-r50-s0,proj-selfgen-r50-s0,L9.qkv,9,qkv,2048,1477,0.72119140625,0.9302825331687927
final-final,proj-slimpajama-r50-s0,proj-selfgen-r50-s0,L9.qkv,9,qkv,2048,1477,0.72119140625,0.9268758893013
init-init,proj-slimpajama-r50-s0,proj-selfgen-r50-s0,L9.o,9,o,2048,1477,0.72119140625,0.9292322397232056
final-final,proj-slimpajama-r50-s0,proj-selfgen-r50-s0,L9.o,9,o,2048,1477,0.72119140625,0.9247378706932068
init-init,proj-slimpajama-r50-s0,proj-selfgen-r50-s0,L9.gateup,9,gateup,2048,1191,0.58154296875,0.8425951600074768
final-final,proj-slimpajama-r50-s0,proj-selfgen-r50-s0,L9.gateup,9,gateup,2048,1191,0.58154296875,0.8372514843940735
init-init,proj-slimpajama-r50-s0,proj-selfgen-r50-s0,L9.down,9,down,2048,1191,0.58154296875,0.8812289834022522
final-final,proj-slimpajama-r50-s0,proj-selfgen-r50-s0,L9.down,9,down,2048,1191,0.58154296875,0.8758074045181274
init-init,proj-slimpajama-r50-s0,proj-selfgen-r50-s0,L10.qkv,10,qkv,2048,1477,0.72119140625,0.9231460690498352
final-final,proj-slimpajama-r50-s0,proj-selfgen-r50-s0,L10.qkv,10,qkv,2048,1477,0.72119140625,0.9194722771644592
init-init,proj-slimpajama-r50-s0,proj-selfgen-r50-s0,L10.o,10,o,2048,1477,0.72119140625,0.9331442713737488
final-final,proj-slimpajama-r50-s0,proj-selfgen-r50-s0,L10.o,10,o,2048,1477,0.72119140625,0.9283758401870728
init-init,proj-slimpajama-r50-s0,proj-selfgen-r50-s0,L10.gateup,10,gateup,2048,1191,0.58154296875,0.8400273323059082
final-final,proj-slimpajama-r50-s0,proj-selfgen-r50-s0,L10.gateup,10,gateup,2048,1191,0.58154296875,0.8354244232177734
init-init,proj-slimpajama-r50-s0,proj-selfgen-r50-s0,L10.down,10,down,2048,1191,0.58154296875,0.8832532167434692
final-final,proj-slimpajama-r50-s0,proj-selfgen-r50-s0,L10.down,10,down,2048,1191,0.58154296875,0.8778918385505676
init-init,proj-slimpajama-r50-s0,proj-selfgen-r50-s0,L11.qkv,11,qkv,2048,1477,0.72119140625,0.934188961982727
final-final,proj-slimpajama-r50-s0,proj-selfgen-r50-s0,L11.qkv,11,qkv,2048,1477,0.72119140625,0.9301987290382385
init-init,proj-slimpajama-r50-s0,proj-selfgen-r50-s0,L11.o,11,o,2048,1477,0.72119140625,0.9510627388954163
final-final,proj-slimpajama-r50-s0,proj-selfgen-r50-s0,L11.o,11,o,2048,1477,0.72119140625,0.9464751482009888
init-init,proj-slimpajama-r50-s0,proj-selfgen-r50-s0,L11.gateup,11,gateup,2048,1191,0.58154296875,0.8400905728340149
final-final,proj-slimpajama-r50-s0,proj-selfgen-r50-s0,L11.gateup,11,gateup,2048,1191,0.58154296875,0.834827721118927
init-init,proj-slimpajama-r50-s0,proj-selfgen-r50-s0,L11.down,11,down,2048,1191,0.58154296875,0.8933508396148682
final-final,proj-slimpajama-r50-s0,proj-selfgen-r50-s0,L11.down,11,down,2048,1191,0.58154296875,0.8872948288917542
init-init,proj-slimpajama-r50-s0,proj-selfgen-r50-s0,L12.qkv,12,qkv,2048,1477,0.72119140625,0.9271569848060608
final-final,proj-slimpajama-r50-s0,proj-selfgen-r50-s0,L12.qkv,12,qkv,2048,1477,0.72119140625,0.923419177532196
init-init,proj-slimpajama-r50-s0,proj-selfgen-r50-s0,L12.o,12,o,2048,1477,0.72119140625,0.9373305439949036
final-final,proj-slimpajama-r50-s0,proj-selfgen-r50-s0,L12.o,12,o,2048,1477,0.72119140625,0.9323697090148926
init-init,proj-slimpajama-r50-s0,proj-selfgen-r50-s0,L12.gateup,12,gateup,2048,1191,0.58154296875,0.8393898010253906
final-final,proj-slimpajama-r50-s0,proj-selfgen-r50-s0,L12.gateup,12,gateup,2048,1191,0.58154296875,0.8339173197746277
init-init,proj-slimpajama-r50-s0,proj-selfgen-r50-s0,L12.down,12,down,2048,1191,0.58154296875,0.902653694152832
final-final,proj-slimpajama-r50-s0,proj-selfgen-r50-s0,L12.down,12,down,2048,1191,0.58154296875,0.896629810333252
init-init,proj-slimpajama-r50-s0,proj-selfgen-r50-s0,L13.qkv,13,qkv,2048,1477,0.72119140625,0.9305989146232605
final-final,proj-slimpajama-r50-s0,proj-selfgen-r50-s0,L13.qkv,13,qkv,2048,1477,0.72119140625,0.9264042973518372
init-init,proj-slimpajama-r50-s0,proj-selfgen-r50-s0,L13.o,13,o,2048,1477,0.72119140625,0.9424881935119629
final-final,proj-slimpajama-r50-s0,proj-selfgen-r50-s0,L13.o,13,o,2048,1477,0.72119140625,0.9376240968704224
init-init,proj-slimpajama-r50-s0,proj-selfgen-r50-s0,L13.gateup,13,gateup,2048,1191,0.58154296875,0.8441838026046753
final-final,proj-slimpajama-r50-s0,proj-selfgen-r50-s0,L13.gateup,13,gateup,2048,1191,0.58154296875,0.8385903835296631
init-init,proj-slimpajama-r50-s0,proj-selfgen-r50-s0,L13.down,13,down,2048,1191,0.58154296875,0.9058647155761719
final-final,proj-slimpajama-r50-s0,proj-selfgen-r50-s0,L13.down,13,down,2048,1191,0.58154296875,0.899677038192749
init-init,proj-slimpajama-r50-s0,proj-selfgen-r50-s0,L14.qkv,14,qkv,2048,1477,0.72119140625,0.9299564361572266
final-final,proj-slimpajama-r50-s0,proj-selfgen-r50-s0,L14.qkv,14,qkv,2048,1477,0.72119140625,0.9263204336166382
init-init,proj-slimpajama-r50-s0,proj-selfgen-r50-s0,L14.o,14,o,2048,1477,0.72119140625,0.940515398979187
final-final,proj-slimpajama-r50-s0,proj-selfgen-r50-s0,L14.o,14,o,2048,1477,0.72119140625,0.9357466697692871
init-init,proj-slimpajama-r50-s0,proj-selfgen-r50-s0,L14.gateup,14,gateup,2048,1191,0.58154296875,0.8447920083999634
final-final,proj-slimpajama-r50-s0,proj-selfgen-r50-s0,L14.gateup,14,gateup,2048,1191,0.58154296875,0.8398073315620422
init-init,proj-slimpajama-r50-s0,proj-selfgen-r50-s0,L14.down,14,down,2048,1191,0.58154296875,0.9107140302658081
final-final,proj-slimpajama-r50-s0,proj-selfgen-r50-s0,L14.down,14,down,2048,1191,0.58154296875,0.9045910239219666
init-init,proj-slimpajama-r50-s0,proj-selfgen-r50-s0,L15.qkv,15,qkv,2048,1477,0.72119140625,0.9291858673095703
final-final,proj-slimpajama-r50-s0,proj-selfgen-r50-s0,L15.qkv,15,qkv,2048,1477,0.72119140625,0.9258546233177185
init-init,proj-slimpajama-r50-s0,proj-selfgen-r50-s0,L15.o,15,o,2048,1477,0.72119140625,0.9405601024627686
final-final,proj-slimpajama-r50-s0,proj-selfgen-r50-s0,L15.o,15,o,2048,1477,0.72119140625,0.9357160925865173
init-init,proj-slimpajama-r50-s0,proj-selfgen-r50-s0,L15.gateup,15,gateup,2048,1191,0.58154296875,0.8510236740112305
final-final,proj-slimpajama-r50-s0,proj-selfgen-r50-s0,L15.gateup,15,gateup,2048,1191,0.58154296875,0.8458255529403687
init-init,proj-slimpajama-r50-s0,proj-selfgen-r50-s0,L15.down,15,down,2048,1191,0.58154296875,0.8999215960502625
final-final,proj-slimpajama-r50-s0,proj-selfgen-r50-s0,L15.down,15,down,2048,1191,0.58154296875,0.8942357301712036
init-init,proj-slimpajama-r50-s0,proj-selfgen-r50-s0,L16.qkv,16,qkv,2048,1477,0.72119140625,0.9310364723205566
final-final,proj-slimpajama-r50-s0,proj-selfgen-r50-s0,L16.qkv,16,qkv,2048,1477,0.72119140625,0.9277468919754028
init-init,proj-slimpajama-r50-s0,proj-selfgen-r50-s0,L16.o,16,o,2048,1477,0.72119140625,0.9398488402366638
final-final,proj-slimpajama-r50-s0,proj-selfgen-r50-s0,L16.o,16,o,2048,1477,0.72119140625,0.9350351095199585
init-init,proj-slimpajama-r50-s0,proj-selfgen-r50-s0,L16.gateup,16,gateup,2048,1191,0.58154296875,0.854441225528717
final-final,proj-slimpajama-r50-s0,proj-selfgen-r50-s0,L16.gateup,16,gateup,2048,1191,0.58154296875,0.8506043553352356
init-init,proj-slimpajama-r50-s0,proj-selfgen-r50-s0,L16.down,16,down,2048,1191,0.58154296875,0.9000435471534729
final-final,proj-slimpajama-r50-s0,proj-selfgen-r50-s0,L16.down,16,down,2048,1191,0.58154296875,0.894486129283905
init-init,proj-slimpajama-r50-s0,proj-selfgen-r50-s0,L17.qkv,17,qkv,2048,1477,0.72119140625,0.9203377366065979
final-final,proj-slimpajama-r50-s0,proj-selfgen-r50-s0,L17.qkv,17,qkv,2048,1477,0.72119140625,0.9170325994491577
init-init,proj-slimpajama-r50-s0,proj-selfgen-r50-s0,L17.o,17,o,2048,1477,0.72119140625,0.9447659254074097
final-final,proj-slimpajama-r50-s0,proj-selfgen-r50-s0,L17.o,17,o,2048,1477,0.72119140625,0.9397995471954346
init-init,proj-slimpajama-r50-s0,proj-selfgen-r50-s0,L17.gateup,17,gateup,2048,1191,0.58154296875,0.8550130724906921
final-final,proj-slimpajama-r50-s0,proj-selfgen-r50-s0,L17.gateup,17,gateup,2048,1191,0.58154296875,0.8501061797142029
init-init,proj-slimpajama-r50-s0,proj-selfgen-r50-s0,L17.down,17,down,2048,1191,0.58154296875,0.8777005076408386
final-final,proj-slimpajama-r50-s0,proj-selfgen-r50-s0,L17.down,17,down,2048,1191,0.58154296875,0.8722238540649414
init-init,proj-slimpajama-r50-s0,proj-selfgen-r50-s0,L18.qkv,18,qkv,2048,1477,0.72119140625,0.9241871237754822
final-final,proj-slimpajama-r50-s0,proj-selfgen-r50-s0,L18.qkv,18,qkv,2048,1477,0.72119140625,0.9211385846138
init-init,proj-slimpajama-r50-s0,proj-selfgen-r50-s0,L18.o,18,o,2048,1477,0.72119140625,0.9294050931930542
final-final,proj-slimpajama-r50-s0,proj-selfgen-r50-s0,L18.o,18,o,2048,1477,0.72119140625,0.9248532652854919
init-init,proj-slimpajama-r50-s0,proj-selfgen-r50-s0,L18.gateup,18,gateup,2048,1191,0.58154296875,0.845689058303833
final-final,proj-slimpajama-r50-s0,proj-selfgen-r50-s0,L18.gateup,18,gateup,2048,1191,0.58154296875,0.8407597541809082
init-init,proj-slimpajama-r50-s0,proj-selfgen-r50-s0,L18.down,18,down,2048,1191,0.58154296875,0.8731460571289062
final-final,proj-slimpajama-r50-s0,proj-selfgen-r50-s0,L18.down,18,down,2048,1191,0.58154296875,0.8677579760551453
init-init,proj-slimpajama-r50-s0,proj-selfgen-r50-s0,L19.qkv,19,qkv,2048,1477,0.72119140625,0.9218834042549133
final-final,proj-slimpajama-r50-s0,proj-selfgen-r50-s0,L19.qkv,19,qkv,2048,1477,0.72119140625,0.9189913868904114
init-init,proj-slimpajama-r50-s0,proj-selfgen-r50-s0,L19.o,19,o,2048,1477,0.72119140625,0.9356341361999512
final-final,proj-slimpajama-r50-s0,proj-selfgen-r50-s0,L19.o,19,o,2048,1477,0.72119140625,0.9312212467193604
init-init,proj-slimpajama-r50-s0,proj-selfgen-r50-s0,L19.gateup,19,gateup,2048,1191,0.58154296875,0.8439269661903381
final-final,proj-slimpajama-r50-s0,proj-selfgen-r50-s0,L19.gateup,19,gateup,2048,1191,0.58154296875,0.8391435146331787
init-init,proj-slimpajama-r50-s0,proj-selfgen-r50-s0,L19.down,19,down,2048,1191,0.58154296875,0.8784589767456055
final-final,proj-slimpajama-r50-s0,proj-selfgen-r50-s0,L19.down,19,down,2048,1191,0.58154296875,0.8725916743278503
init-init,proj-slimpajama-r50-s0,proj-selfgen-r50-s0,L20.qkv,20,qkv,2048,1477,0.72119140625,0.9258415699005127
final-final,proj-slimpajama-r50-s0,proj-selfgen-r50-s0,L20.qkv,20,qkv,2048,1477,0.72119140625,0.9230265617370605
init-init,proj-slimpajama-r50-s0,proj-selfgen-r50-s0,L20.o,20,o,2048,1477,0.72119140625,0.935093104839325
final-final,proj-slimpajama-r50-s0,proj-selfgen-r50-s0,L20.o,20,o,2048,1477,0.72119140625,0.9299180507659912
init-init,proj-slimpajama-r50-s0,proj-selfgen-r50-s0,L20.gateup,20,gateup,2048,1191,0.58154296875,0.8408133387565613
final-final,proj-slimpajama-r50-s0,proj-selfgen-r50-s0,L20.gateup,20,gateup,2048,1191,0.58154296875,0.8357497453689575
init-init,proj-slimpajama-r50-s0,proj-selfgen-r50-s0,L20.down,20,down,2048,1191,0.58154296875,0.86965411901474
final-final,proj-slimpajama-r50-s0,proj-selfgen-r50-s0,L20.down,20,down,2048,1191,0.58154296875,0.8632802367210388
init-init,proj-slimpajama-r50-s0,proj-selfgen-r50-s0,L21.qkv,21,qkv,2048,1477,0.72119140625,0.9223464131355286
final-final,proj-slimpajama-r50-s0,proj-selfgen-r50-s0,L21.qkv,21,qkv,2048,1477,0.72119140625,0.9196370244026184
init-init,proj-slimpajama-r50-s0,proj-selfgen-r50-s0,L21.o,21,o,2048,1477,0.72119140625,0.9265165328979492
final-final,proj-slimpajama-r50-s0,proj-selfgen-r50-s0,L21.o,21,o,2048,1477,0.72119140625,0.9220234155654907
init-init,proj-slimpajama-r50-s0,proj-selfgen-r50-s0,L21.gateup,21,gateup,2048,1191,0.58154296875,0.8304429650306702
final-final,proj-slimpajama-r50-s0,proj-selfgen-r50-s0,L21.gateup,21,gateup,2048,1191,0.58154296875,0.8253665566444397
init-init,proj-slimpajama-r50-s0,proj-selfgen-r50-s0,L21.down,21,down,2048,1191,0.58154296875,0.8580551743507385
final-final,proj-slimpajama-r50-s0,proj-selfgen-r50-s0,L21.down,21,down,2048,1191,0.58154296875,0.8517059087753296
init-init,proj-slimpajama-r50-s0,proj-selfgen-r50-s0,L22.qkv,22,qkv,2048,1477,0.72119140625,0.9197167158126831
final-final,proj-slimpajama-r50-s0,proj-selfgen-r50-s0,L22.qkv,22,qkv,2048,1477,0.72119140625,0.9171079397201538
init-init,proj-slimpajama-r50-s0,proj-selfgen-r50-s0,L22.o,22,o,2048,1477,0.72119140625,0.9090747237205505
final-final,proj-slimpajama-r50-s0,proj-selfgen-r50-s0,L22.o,22,o,2048,1477,0.72119140625,0.9049019813537598
init-init,proj-slimpajama-r50-s0,proj-selfgen-r50-s0,L22.gateup,22,gateup,2048,1191,0.58154296875,0.8227829933166504
final-final,proj-slimpajama-r50-s0,proj-selfgen-r50-s0,L22.gateup,22,gateup,2048,1191,0.58154296875,0.8174063563346863
init-init,proj-slimpajama-r50-s0,proj-selfgen-r50-s0,L22.down,22,down,2048,1191,0.58154296875,0.8500546216964722
final-final,proj-slimpajama-r50-s0,proj-selfgen-r50-s0,L22.down,22,down,2048,1191,0.58154296875,0.8439260721206665
init-init,proj-slimpajama-r50-s0,proj-selfgen-r50-s0,L23.qkv,23,qkv,2048,1477,0.72119140625,0.9201855659484863
final-final,proj-slimpajama-r50-s0,proj-selfgen-r50-s0,L23.qkv,23,qkv,2048,1477,0.72119140625,0.9175483584403992
init-init,proj-slimpajama-r50-s0,proj-selfgen-r50-s0,L23.o,23,o,2048,1477,0.72119140625,0.9045588374137878
final-final,proj-slimpajama-r50-s0,proj-selfgen-r50-s0,L23.o,23,o,2048,1477,0.72119140625,0.9003720879554749
init-init,proj-slimpajama-r50-s0,proj-selfgen-r50-s0,L23.gateup,23,gateup,2048,1191,0.58154296875,0.8111407160758972
final-final,proj-slimpajama-r50-s0,proj-selfgen-r50-s0,L23.gateup,23,gateup,2048,1191,0.58154296875,0.8057740330696106
init-init,proj-slimpajama-r50-s0,proj-selfgen-r50-s0,L23.down,23,down,2048,1191,0.58154296875,0.8532686233520508
final-final,proj-slimpajama-r50-s0,proj-selfgen-r50-s0,L23.down,23,down,2048,1191,0.58154296875,0.8469442129135132
init-init,proj-slimpajama-r50-s0,proj-selfgen-r50-s0,L24.qkv,24,qkv,2048,1477,0.72119140625,0.9210547804832458
final-final,proj-slimpajama-r50-s0,proj-selfgen-r50-s0,L24.qkv,24,qkv,2048,1477,0.72119140625,0.9182376861572266
init-init,proj-slimpajama-r50-s0,proj-selfgen-r50-s0,L24.o,24,o,2048,1477,0.72119140625,0.8949179649353027
final-final,proj-slimpajama-r50-s0,proj-selfgen-r50-s0,L24.o,24,o,2048,1477,0.72119140625,0.8907317519187927
init-init,proj-slimpajama-r50-s0,proj-selfgen-r50-s0,L24.gateup,24,gateup,2048,1191,0.58154296875,0.8051227331161499
final-final,proj-slimpajama-r50-s0,proj-selfgen-r50-s0,L24.gateup,24,gateup,2048,1191,0.58154296875,0.7997038960456848
init-init,proj-slimpajama-r50-s0,proj-selfgen-r50-s0,L24.down,24,down,2048,1191,0.58154296875,0.8551351428031921
final-final,proj-slimpajama-r50-s0,proj-selfgen-r50-s0,L24.down,24,down,2048,1191,0.58154296875,0.8495867848396301
init-init,proj-slimpajama-r50-s0,proj-selfgen-r50-s0,L25.qkv,25,qkv,2048,1477,0.72119140625,0.922016441822052
final-final,proj-slimpajama-r50-s0,proj-selfgen-r50-s0,L25.qkv,25,qkv,2048,1477,0.72119140625,0.9191241264343262
init-init,proj-slimpajama-r50-s0,proj-selfgen-r50-s0,L25.o,25,o,2048,1477,0.72119140625,0.8933743238449097
final-final,proj-slimpajama-r50-s0,proj-selfgen-r50-s0,L25.o,25,o,2048,1477,0.72119140625,0.8888310194015503
init-init,proj-slimpajama-r50-s0,proj-selfgen-r50-s0,L25.gateup,25,gateup,2048,1191,0.58154296875,0.8037559986114502
final-final,proj-slimpajama-r50-s0,proj-selfgen-r50-s0,L25.gateup,25,gateup,2048,1191,0.58154296875,0.7989842891693115
init-init,proj-slimpajama-r50-s0,proj-selfgen-r50-s0,L25.down,25,down,2048,1191,0.58154296875,0.8516458868980408
final-final,proj-slimpajama-r50-s0,proj-selfgen-r50-s0,L25.down,25,down,2048,1191,0.58154296875,0.8457024693489075
init-init,proj-slimpajama-r50-s0,proj-selfgen-r50-s0,L26.qkv,26,qkv,2048,1477,0.72119140625,0.9191208481788635
final-final,proj-slimpajama-r50-s0,proj-selfgen-r50-s0,L26.qkv,26,qkv,2048,1477,0.72119140625,0.9165210723876953
init-init,proj-slimpajama-r50-s0,proj-selfgen-r50-s0,L26.o,26,o,2048,1477,0.72119140625,0.8926309943199158
final-final,proj-slimpajama-r50-s0,proj-selfgen-r50-s0,L26.o,26,o,2048,1477,0.72119140625,0.8888168334960938
init-init,proj-slimpajama-r50-s0,proj-selfgen-r50-s0,L26.gateup,26,gateup,2048,1191,0.58154296875,0.8029150366783142
final-final,proj-slimpajama-r50-s0,proj-selfgen-r50-s0,L26.gateup,26,gateup,2048,1191,0.58154296875,0.7989173531532288
init-init,proj-slimpajama-r50-s0,proj-selfgen-r50-s0,L26.down,26,down,2048,1191,0.58154296875,0.8486245274543762
final-final,proj-slimpajama-r50-s0,proj-selfgen-r50-s0,L26.down,26,down,2048,1191,0.58154296875,0.8443216681480408
init-init,proj-slimpajama-r50-s0,proj-selfgen-r50-s0,L27.qkv,27,qkv,2048,1477,0.72119140625,0.8772985935211182
final-final,proj-slimpajama-r50-s0,proj-selfgen-r50-s0,L27.qkv,27,qkv,2048,1477,0.72119140625,0.8751223683357239
init-init,proj-slimpajama-r50-s0,proj-selfgen-r50-s0,L27.o,27,o,2048,1477,0.72119140625,0.9083940982818604
final-final,proj-slimpajama-r50-s0,proj-selfgen-r50-s0,L27.o,27,o,2048,1477,0.72119140625,0.9054955840110779
init-init,proj-slimpajama-r50-s0,proj-selfgen-r50-s0,L27.gateup,27,gateup,2048,1191,0.58154296875,0.790441632270813
final-final,proj-slimpajama-r50-s0,proj-selfgen-r50-s0,L27.gateup,27,gateup,2048,1191,0.58154296875,0.788318395614624
init-init,proj-slimpajama-r50-s0,proj-selfgen-r50-s0,L27.down,27,down,2048,1191,0.58154296875,0.8522573113441467
final-final,proj-slimpajama-r50-s0,proj-selfgen-r50-s0,L27.down,27,down,2048,1191,0.58154296875,0.8508062958717346
init-init,proj-slimpajama-r50-s0,proj-selfdoc-r50-s0,L0.qkv,0,qkv,2048,1477,0.72119140625,0.9192671775817871
final-final,proj-slimpajama-r50-s0,proj-selfdoc-r50-s0,L0.qkv,0,qkv,2048,1477,0.72119140625,0.9166315197944641
init-init,proj-slimpajama-r50-s0,proj-selfdoc-r50-s0,L0.o,0,o,2048,1477,0.72119140625,0.9450874924659729
final-final,proj-slimpajama-r50-s0,proj-selfdoc-r50-s0,L0.o,0,o,2048,1477,0.72119140625,0.9424586892127991
init-init,proj-slimpajama-r50-s0,proj-selfdoc-r50-s0,L0.gateup,0,gateup,2048,1191,0.58154296875,0.9578524231910706
final-final,proj-slimpajama-r50-s0,proj-selfdoc-r50-s0,L0.gateup,0,gateup,2048,1191,0.58154296875,0.953827977180481
init-init,proj-slimpajama-r50-s0,proj-selfdoc-r50-s0,L0.down,0,down,2048,1191,0.58154296875,0.8705724477767944
final-final,proj-slimpajama-r50-s0,proj-selfdoc-r50-s0,L0.down,0,down,2048,1191,0.58154296875,0.8676173686981201
init-init,proj-slimpajama-r50-s0,proj-selfdoc-r50-s0,L1.qkv,1,qkv,2048,1477,0.72119140625,0.9290294647216797
final-final,proj-slimpajama-r50-s0,proj-selfdoc-r50-s0,L1.qkv,1,qkv,2048,1477,0.72119140625,0.9260983467102051
init-init,proj-slimpajama-r50-s0,proj-selfdoc-r50-s0,L1.o,1,o,2048,1477,0.72119140625,0.9461554884910583
final-final,proj-slimpajama-r50-s0,proj-selfdoc-r50-s0,L1.o,1,o,2048,1477,0.72119140625,0.9438377022743225
init-init,proj-slimpajama-r50-s0,proj-selfdoc-r50-s0,L1.gateup,1,gateup,2048,1191,0.58154296875,0.8838380575180054
final-final,proj-slimpajama-r50-s0,proj-selfdoc-r50-s0,L1.gateup,1,gateup,2048,1191,0.58154296875,0.8805740475654602
init-init,proj-slimpajama-r50-s0,proj-selfdoc-r50-s0,L1.down,1,down,2048,1191,0.58154296875,0.8595091104507446
final-final,proj-slimpajama-r50-s0,proj-selfdoc-r50-s0,L1.down,1,down,2048,1191,0.58154296875,0.8559696078300476
init-init,proj-slimpajama-r50-s0,proj-selfdoc-r50-s0,L2.qkv,2,qkv,2048,1477,0.72119140625,0.9286395311355591
final-final,proj-slimpajama-r50-s0,proj-selfdoc-r50-s0,L2.qkv,2,qkv,2048,1477,0.72119140625,0.9256787300109863
init-init,proj-slimpajama-r50-s0,proj-selfdoc-r50-s0,L2.o,2,o,2048,1477,0.72119140625,0.9515227675437927
final-final,proj-slimpajama-r50-s0,proj-selfdoc-r50-s0,L2.o,2,o,2048,1477,0.72119140625,0.9483899474143982
init-init,proj-slimpajama-r50-s0,proj-selfdoc-r50-s0,L2.gateup,2,gateup,2048,1191,0.58154296875,0.8664774298667908
final-final,proj-slimpajama-r50-s0,proj-selfdoc-r50-s0,L2.gateup,2,gateup,2048,1191,0.58154296875,0.8629792928695679
init-init,proj-slimpajama-r50-s0,proj-selfdoc-r50-s0,L2.down,2,down,2048,1191,0.58154296875,0.8931483626365662
final-final,proj-slimpajama-r50-s0,proj-selfdoc-r50-s0,L2.down,2,down,2048,1191,0.58154296875,0.8882166743278503
init-init,proj-slimpajama-r50-s0,proj-selfdoc-r50-s0,L3.qkv,3,qkv,2048,1477,0.72119140625,0.9300602078437805
final-final,proj-slimpajama-r50-s0,proj-selfdoc-r50-s0,L3.qkv,3,qkv,2048,1477,0.72119140625,0.9273484945297241
init-init,proj-slimpajama-r50-s0,proj-selfdoc-r50-s0,L3.o,3,o,2048,1477,0.72119140625,0.9296600222587585
final-final,proj-slimpajama-r50-s0,proj-selfdoc-r50-s0,L3.o,3,o,2048,1477,0.72119140625,0.9259301424026489
init-init,proj-slimpajama-r50-s0,proj-selfdoc-r50-s0,L3.gateup,3,gateup,2048,1191,0.58154296875,0.8705013394355774
final-final,proj-slimpajama-r50-s0,proj-selfdoc-r50-s0,L3.gateup,3,gateup,2048,1191,0.58154296875,0.8654971718788147
init-init,proj-slimpajama-r50-s0,proj-selfdoc-r50-s0,L3.down,3,down,2048,1191,0.58154296875,0.8918777704238892
final-final,proj-slimpajama-r50-s0,proj-selfdoc-r50-s0,L3.down,3,down,2048,1191,0.58154296875,0.8873274326324463
init-init,proj-slimpajama-r50-s0,proj-selfdoc-r50-s0,L4.qkv,4,qkv,2048,1477,0.72119140625,0.9285127520561218
final-final,proj-slimpajama-r50-s0,proj-selfdoc-r50-s0,L4.qkv,4,qkv,2048,1477,0.72119140625,0.9258337616920471
init-init,proj-slimpajama-r50-s0,proj-selfdoc-r50-s0,L4.o,4,o,2048,1477,0.72119140625,0.9299660921096802
final-final,proj-slimpajama-r50-s0,proj-selfdoc-r50-s0,L4.o,4,o,2048,1477,0.72119140625,0.9267946481704712
init-init,proj-slimpajama-r50-s0,proj-selfdoc-r50-s0,L4.gateup,4,gateup,2048,1191,0.58154296875,0.8671143054962158
final-final,proj-slimpajama-r50-s0,proj-selfdoc-r50-s0,L4.gateup,4,gateup,2048,1191,0.58154296875,0.8621769547462463
init-init,proj-slimpajama-r50-s0,proj-selfdoc-r50-s0,L4.down,4,down,2048,1191,0.58154296875,0.8866758942604065
final-final,proj-slimpajama-r50-s0,proj-selfdoc-r50-s0,L4.down,4,down,2048,1191,0.58154296875,0.8819483518600464
init-init,proj-slimpajama-r50-s0,proj-selfdoc-r50-s0,L5.qkv,5,qkv,2048,1477,0.72119140625,0.930589497089386
final-final,proj-slimpajama-r50-s0,proj-selfdoc-r50-s0,L5.qkv,5,qkv,2048,1477,0.72119140625,0.9282943606376648
init-init,proj-slimpajama-r50-s0,proj-selfdoc-r50-s0,L5.o,5,o,2048,1477,0.72119140625,0.9466797113418579
final-final,proj-slimpajama-r50-s0,proj-selfdoc-r50-s0,L5.o,5,o,2048,1477,0.72119140625,0.9432380199432373
init-init,proj-slimpajama-r50-s0,proj-selfdoc-r50-s0,L5.gateup,5,gateup,2048,1191,0.58154296875,0.8615517616271973
final-final,proj-slimpajama-r50-s0,proj-selfdoc-r50-s0,L5.gateup,5,gateup,2048,1191,0.58154296875,0.8570793271064758
init-init,proj-slimpajama-r50-s0,proj-selfdoc-r50-s0,L5.down,5,down,2048,1191,0.58154296875,0.9074868559837341
final-final,proj-slimpajama-r50-s0,proj-selfdoc-r50-s0,L5.down,5,down,2048,1191,0.58154296875,0.9024487733840942
init-init,proj-slimpajama-r50-s0,proj-selfdoc-r50-s0,L6.qkv,6,qkv,2048,1477,0.72119140625,0.9373072385787964
final-final,proj-slimpajama-r50-s0,proj-selfdoc-r50-s0,L6.qkv,6,qkv,2048,1477,0.72119140625,0.9347904920578003
init-init,proj-slimpajama-r50-s0,proj-selfdoc-r50-s0,L6.o,6,o,2048,1477,0.72119140625,0.9480801820755005
final-final,proj-slimpajama-r50-s0,proj-selfdoc-r50-s0,L6.o,6,o,2048,1477,0.72119140625,0.9445763230323792
init-init,proj-slimpajama-r50-s0,proj-selfdoc-r50-s0,L6.gateup,6,gateup,2048,1191,0.58154296875,0.8632236123085022
final-final,proj-slimpajama-r50-s0,proj-selfdoc-r50-s0,L6.gateup,6,gateup,2048,1191,0.58154296875,0.8589094877243042
init-init,proj-slimpajama-r50-s0,proj-selfdoc-r50-s0,L6.down,6,down,2048,1191,0.58154296875,0.9029938578605652
final-final,proj-slimpajama-r50-s0,proj-selfdoc-r50-s0,L6.down,6,down,2048,1191,0.58154296875,0.8980466723442078
init-init,proj-slimpajama-r50-s0,proj-selfdoc-r50-s0,L7.qkv,7,qkv,2048,1477,0.72119140625,0.9304619431495667
final-final,proj-slimpajama-r50-s0,proj-selfdoc-r50-s0,L7.qkv,7,qkv,2048,1477,0.72119140625,0.9280381798744202
init-init,proj-slimpajama-r50-s0,proj-selfdoc-r50-s0,L7.o,7,o,2048,1477,0.72119140625,0.940197765827179
final-final,proj-slimpajama-r50-s0,proj-selfdoc-r50-s0,L7.o,7,o,2048,1477,0.72119140625,0.9370124936103821
init-init,proj-slimpajama-r50-s0,proj-selfdoc-r50-s0,L7.gateup,7,gateup,2048,1191,0.58154296875,0.8588136434555054
final-final,proj-slimpajama-r50-s0,proj-selfdoc-r50-s0,L7.gateup,7,gateup,2048,1191,0.58154296875,0.8548407554626465
init-init,proj-slimpajama-r50-s0,proj-selfdoc-r50-s0,L7.down,7,down,2048,1191,0.58154296875,0.90385901927948
final-final,proj-slimpajama-r50-s0,proj-selfdoc-r50-s0,L7.down,7,down,2048,1191,0.58154296875,0.899253249168396
init-init,proj-slimpajama-r50-s0,proj-selfdoc-r50-s0,L8.qkv,8,qkv,2048,1477,0.72119140625,0.9354678392410278
final-final,proj-slimpajama-r50-s0,proj-selfdoc-r50-s0,L8.qkv,8,qkv,2048,1477,0.72119140625,0.9329657554626465
init-init,proj-slimpajama-r50-s0,proj-selfdoc-r50-s0,L8.o,8,o,2048,1477,0.72119140625,0.9302699565887451
final-final,proj-slimpajama-r50-s0,proj-selfdoc-r50-s0,L8.o,8,o,2048,1477,0.72119140625,0.9271199703216553
init-init,proj-slimpajama-r50-s0,proj-selfdoc-r50-s0,L8.gateup,8,gateup,2048,1191,0.58154296875,0.8532606959342957
final-final,proj-slimpajama-r50-s0,proj-selfdoc-r50-s0,L8.gateup,8,gateup,2048,1191,0.58154296875,0.8493965268135071
init-init,proj-slimpajama-r50-s0,proj-selfdoc-r50-s0,L8.down,8,down,2048,1191,0.58154296875,0.9020785093307495
final-final,proj-slimpajama-r50-s0,proj-selfdoc-r50-s0,L8.down,8,down,2048,1191,0.58154296875,0.8975099921226501
init-init,proj-slimpajama-r50-s0,proj-selfdoc-r50-s0,L9.qkv,9,qkv,2048,1477,0.72119140625,0.9355999827384949
final-final,proj-slimpajama-r50-s0,proj-selfdoc-r50-s0,L9.qkv,9,qkv,2048,1477,0.72119140625,0.9332498908042908
init-init,proj-slimpajama-r50-s0,proj-selfdoc-r50-s0,L9.o,9,o,2048,1477,0.72119140625,0.9372462630271912
final-final,proj-slimpajama-r50-s0,proj-selfdoc-r50-s0,L9.o,9,o,2048,1477,0.72119140625,0.9341380596160889
init-init,proj-slimpajama-r50-s0,proj-selfdoc-r50-s0,L9.gateup,9,gateup,2048,1191,0.58154296875,0.8548815250396729
final-final,proj-slimpajama-r50-s0,proj-selfdoc-r50-s0,L9.gateup,9,gateup,2048,1191,0.58154296875,0.8510732650756836
init-init,proj-slimpajama-r50-s0,proj-selfdoc-r50-s0,L9.down,9,down,2048,1191,0.58154296875,0.8894811272621155
final-final,proj-slimpajama-r50-s0,proj-selfdoc-r50-s0,L9.down,9,down,2048,1191,0.58154296875,0.8856112957000732
init-init,proj-slimpajama-r50-s0,proj-selfdoc-r50-s0,L10.qkv,10,qkv,2048,1477,0.72119140625,0.9289376735687256
final-final,proj-slimpajama-r50-s0,proj-selfdoc-r50-s0,L10.qkv,10,qkv,2048,1477,0.72119140625,0.9265040755271912
init-init,proj-slimpajama-r50-s0,proj-selfdoc-r50-s0,L10.o,10,o,2048,1477,0.72119140625,0.9396153688430786
final-final,proj-slimpajama-r50-s0,proj-selfdoc-r50-s0,L10.o,10,o,2048,1477,0.72119140625,0.9363872408866882
init-init,proj-slimpajama-r50-s0,proj-selfdoc-r50-s0,L10.gateup,10,gateup,2048,1191,0.58154296875,0.8526959419250488
final-final,proj-slimpajama-r50-s0,proj-selfdoc-r50-s0,L10.gateup,10,gateup,2048,1191,0.58154296875,0.8492019772529602
init-init,proj-slimpajama-r50-s0,proj-selfdoc-r50-s0,L10.down,10,down,2048,1191,0.58154296875,0.8923050761222839
final-final,proj-slimpajama-r50-s0,proj-selfdoc-r50-s0,L10.down,10,down,2048,1191,0.58154296875,0.8883106708526611
init-init,proj-slimpajama-r50-s0,proj-selfdoc-r50-s0,L11.qkv,11,qkv,2048,1477,0.72119140625,0.9398606419563293
final-final,proj-slimpajama-r50-s0,proj-selfdoc-r50-s0,L11.qkv,11,qkv,2048,1477,0.72119140625,0.9372259378433228
init-init,proj-slimpajama-r50-s0,proj-selfdoc-r50-s0,L11.o,11,o,2048,1477,0.72119140625,0.9576215147972107
final-final,proj-slimpajama-r50-s0,proj-selfdoc-r50-s0,L11.o,11,o,2048,1477,0.72119140625,0.9546833634376526
init-init,proj-slimpajama-r50-s0,proj-selfdoc-r50-s0,L11.gateup,11,gateup,2048,1191,0.58154296875,0.853459894657135
final-final,proj-slimpajama-r50-s0,proj-selfdoc-r50-s0,L11.gateup,11,gateup,2048,1191,0.58154296875,0.849632978439331
init-init,proj-slimpajama-r50-s0,proj-selfdoc-r50-s0,L11.down,11,down,2048,1191,0.58154296875,0.9022113084793091
final-final,proj-slimpajama-r50-s0,proj-selfdoc-r50-s0,L11.down,11,down,2048,1191,0.58154296875,0.8975914120674133
init-init,proj-slimpajama-r50-s0,proj-selfdoc-r50-s0,L12.qkv,12,qkv,2048,1477,0.72119140625,0.9338805079460144
final-final,proj-slimpajama-r50-s0,proj-selfdoc-r50-s0,L12.qkv,12,qkv,2048,1477,0.72119140625,0.9313234090805054
init-init,proj-slimpajama-r50-s0,proj-selfdoc-r50-s0,L12.o,12,o,2048,1477,0.72119140625,0.9458023905754089
final-final,proj-slimpajama-r50-s0,proj-selfdoc-r50-s0,L12.o,12,o,2048,1477,0.72119140625,0.9425281882286072
init-init,proj-slimpajama-r50-s0,proj-selfdoc-r50-s0,L12.gateup,12,gateup,2048,1191,0.58154296875,0.8532690405845642
final-final,proj-slimpajama-r50-s0,proj-selfdoc-r50-s0,L12.gateup,12,gateup,2048,1191,0.58154296875,0.8492355942726135
init-init,proj-slimpajama-r50-s0,proj-selfdoc-r50-s0,L12.down,12,down,2048,1191,0.58154296875,0.9113011956214905
final-final,proj-slimpajama-r50-s0,proj-selfdoc-r50-s0,L12.down,12,down,2048,1191,0.58154296875,0.9066267609596252
init-init,proj-slimpajama-r50-s0,proj-selfdoc-r50-s0,L13.qkv,13,qkv,2048,1477,0.72119140625,0.9375393390655518
final-final,proj-slimpajama-r50-s0,proj-selfdoc-r50-s0,L13.qkv,13,qkv,2048,1477,0.72119140625,0.9347238540649414
init-init,proj-slimpajama-r50-s0,proj-selfdoc-r50-s0,L13.o,13,o,2048,1477,0.72119140625,0.9522355794906616
final-final,proj-slimpajama-r50-s0,proj-selfdoc-r50-s0,L13.o,13,o,2048,1477,0.72119140625,0.9489302635192871
init-init,proj-slimpajama-r50-s0,proj-selfdoc-r50-s0,L13.gateup,13,gateup,2048,1191,0.58154296875,0.8585507273674011
final-final,proj-slimpajama-r50-s0,proj-selfdoc-r50-s0,L13.gateup,13,gateup,2048,1191,0.58154296875,0.85434490442276
init-init,proj-slimpajama-r50-s0,proj-selfdoc-r50-s0,L13.down,13,down,2048,1191,0.58154296875,0.915429949760437
final-final,proj-slimpajama-r50-s0,proj-selfdoc-r50-s0,L13.down,13,down,2048,1191,0.58154296875,0.9106164574623108
init-init,proj-slimpajama-r50-s0,proj-selfdoc-r50-s0,L14.qkv,14,qkv,2048,1477,0.72119140625,0.9374204874038696
final-final,proj-slimpajama-r50-s0,proj-selfdoc-r50-s0,L14.qkv,14,qkv,2048,1477,0.72119140625,0.9350287914276123
init-init,proj-slimpajama-r50-s0,proj-selfdoc-r50-s0,L14.o,14,o,2048,1477,0.72119140625,0.9501275420188904
final-final,proj-slimpajama-r50-s0,proj-selfdoc-r50-s0,L14.o,14,o,2048,1477,0.72119140625,0.9469380974769592
init-init,proj-slimpajama-r50-s0,proj-selfdoc-r50-s0,L14.gateup,14,gateup,2048,1191,0.58154296875,0.8598429560661316
final-final,proj-slimpajama-r50-s0,proj-selfdoc-r50-s0,L14.gateup,14,gateup,2048,1191,0.58154296875,0.8561648726463318
init-init,proj-slimpajama-r50-s0,proj-selfdoc-r50-s0,L14.down,14,down,2048,1191,0.58154296875,0.9204260110855103
final-final,proj-slimpajama-r50-s0,proj-selfdoc-r50-s0,L14.down,14,down,2048,1191,0.58154296875,0.9155073165893555
init-init,proj-slimpajama-r50-s0,proj-selfdoc-r50-s0,L15.qkv,15,qkv,2048,1477,0.72119140625,0.9367778301239014
final-final,proj-slimpajama-r50-s0,proj-selfdoc-r50-s0,L15.qkv,15,qkv,2048,1477,0.72119140625,0.9344934225082397
init-init,proj-slimpajama-r50-s0,proj-selfdoc-r50-s0,L15.o,15,o,2048,1477,0.72119140625,0.9508731365203857
final-final,proj-slimpajama-r50-s0,proj-selfdoc-r50-s0,L15.o,15,o,2048,1477,0.72119140625,0.9475404024124146
init-init,proj-slimpajama-r50-s0,proj-selfdoc-r50-s0,L15.gateup,15,gateup,2048,1191,0.58154296875,0.8656997084617615
final-final,proj-slimpajama-r50-s0,proj-selfdoc-r50-s0,L15.gateup,15,gateup,2048,1191,0.58154296875,0.8618479371070862
init-init,proj-slimpajama-r50-s0,proj-selfdoc-r50-s0,L15.down,15,down,2048,1191,0.58154296875,0.9088500738143921
final-final,proj-slimpajama-r50-s0,proj-selfdoc-r50-s0,L15.down,15,down,2048,1191,0.58154296875,0.90444016456604
init-init,proj-slimpajama-r50-s0,proj-selfdoc-r50-s0,L16.qkv,16,qkv,2048,1477,0.72119140625,0.9385175108909607
final-final,proj-slimpajama-r50-s0,proj-selfdoc-r50-s0,L16.qkv,16,qkv,2048,1477,0.72119140625,0.9362567663192749
init-init,proj-slimpajama-r50-s0,proj-selfdoc-r50-s0,L16.o,16,o,2048,1477,0.72119140625,0.9510376453399658
final-final,proj-slimpajama-r50-s0,proj-selfdoc-r50-s0,L16.o,16,o,2048,1477,0.72119140625,0.9476504921913147
init-init,proj-slimpajama-r50-s0,proj-selfdoc-r50-s0,L16.gateup,16,gateup,2048,1191,0.58154296875,0.8686516284942627
final-final,proj-slimpajama-r50-s0,proj-selfdoc-r50-s0,L16.gateup,16,gateup,2048,1191,0.58154296875,0.8655085563659668
init-init,proj-slimpajama-r50-s0,proj-selfdoc-r50-s0,L16.down,16,down,2048,1191,0.58154296875,0.9089474081993103
final-final,proj-slimpajama-r50-s0,proj-selfdoc-r50-s0,L16.down,16,down,2048,1191,0.58154296875,0.904304027557373
init-init,proj-slimpajama-r50-s0,proj-selfdoc-r50-s0,L17.qkv,17,qkv,2048,1477,0.72119140625,0.9282757043838501
final-final,proj-slimpajama-r50-s0,proj-selfdoc-r50-s0,L17.qkv,17,qkv,2048,1477,0.72119140625,0.9257709980010986
init-init,proj-slimpajama-r50-s0,proj-selfdoc-r50-s0,L17.o,17,o,2048,1477,0.72119140625,0.9514647722244263
final-final,proj-slimpajama-r50-s0,proj-selfdoc-r50-s0,L17.o,17,o,2048,1477,0.72119140625,0.9478104710578918
init-init,proj-slimpajama-r50-s0,proj-selfdoc-r50-s0,L17.gateup,17,gateup,2048,1191,0.58154296875,0.8692291378974915
final-final,proj-slimpajama-r50-s0,proj-selfdoc-r50-s0,L17.gateup,17,gateup,2048,1191,0.58154296875,0.8653540015220642
init-init,proj-slimpajama-r50-s0,proj-selfdoc-r50-s0,L17.down,17,down,2048,1191,0.58154296875,0.8872944712638855
final-final,proj-slimpajama-r50-s0,proj-selfdoc-r50-s0,L17.down,17,down,2048,1191,0.58154296875,0.8823415040969849
init-init,proj-slimpajama-r50-s0,proj-selfdoc-r50-s0,L18.qkv,18,qkv,2048,1477,0.72119140625,0.9311902523040771
final-final,proj-slimpajama-r50-s0,proj-selfdoc-r50-s0,L18.qkv,18,qkv,2048,1477,0.72119140625,0.928941011428833
init-init,proj-slimpajama-r50-s0,proj-selfdoc-r50-s0,L18.o,18,o,2048,1477,0.72119140625,0.9419419765472412
final-final,proj-slimpajama-r50-s0,proj-selfdoc-r50-s0,L18.o,18,o,2048,1477,0.72119140625,0.9386245012283325
init-init,proj-slimpajama-r50-s0,proj-selfdoc-r50-s0,L18.gateup,18,gateup,2048,1191,0.58154296875,0.859545111656189
final-final,proj-slimpajama-r50-s0,proj-selfdoc-r50-s0,L18.gateup,18,gateup,2048,1191,0.58154296875,0.8553518056869507
init-init,proj-slimpajama-r50-s0,proj-selfdoc-r50-s0,L18.down,18,down,2048,1191,0.58154296875,0.8817805647850037
final-final,proj-slimpajama-r50-s0,proj-selfdoc-r50-s0,L18.down,18,down,2048,1191,0.58154296875,0.8766423463821411
init-init,proj-slimpajama-r50-s0,proj-selfdoc-r50-s0,L19.qkv,19,qkv,2048,1477,0.72119140625,0.9285551309585571
final-final,proj-slimpajama-r50-s0,proj-selfdoc-r50-s0,L19.qkv,19,qkv,2048,1477,0.72119140625,0.926454484462738
init-init,proj-slimpajama-r50-s0,proj-selfdoc-r50-s0,L19.o,19,o,2048,1477,0.72119140625,0.9451406598091125
final-final,proj-slimpajama-r50-s0,proj-selfdoc-r50-s0,L19.o,19,o,2048,1477,0.72119140625,0.941866397857666
init-init,proj-slimpajama-r50-s0,proj-selfdoc-r50-s0,L19.gateup,19,gateup,2048,1191,0.58154296875,0.8561959862709045
final-final,proj-slimpajama-r50-s0,proj-selfdoc-r50-s0,L19.gateup,19,gateup,2048,1191,0.58154296875,0.8519555926322937
init-init,proj-slimpajama-r50-s0,proj-selfdoc-r50-s0,L19.down,19,down,2048,1191,0.58154296875,0.8871022462844849
final-final,proj-slimpajama-r50-s0,proj-selfdoc-r50-s0,L19.down,19,down,2048,1191,0.58154296875,0.8815025091171265
init-init,proj-slimpajama-r50-s0,proj-selfdoc-r50-s0,L20.qkv,20,qkv,2048,1477,0.72119140625,0.931331992149353
final-final,proj-slimpajama-r50-s0,proj-selfdoc-r50-s0,L20.qkv,20,qkv,2048,1477,0.72119140625,0.9292364120483398
init-init,proj-slimpajama-r50-s0,proj-selfdoc-r50-s0,L20.o,20,o,2048,1477,0.72119140625,0.9440287947654724
final-final,proj-slimpajama-r50-s0,proj-selfdoc-r50-s0,L20.o,20,o,2048,1477,0.72119140625,0.9400866627693176
init-init,proj-slimpajama-r50-s0,proj-selfdoc-r50-s0,L20.gateup,20,gateup,2048,1191,0.58154296875,0.8540409207344055
final-final,proj-slimpajama-r50-s0,proj-selfdoc-r50-s0,L20.gateup,20,gateup,2048,1191,0.58154296875,0.8496094346046448
init-init,proj-slimpajama-r50-s0,proj-selfdoc-r50-s0,L20.down,20,down,2048,1191,0.58154296875,0.8786168098449707
final-final,proj-slimpajama-r50-s0,proj-selfdoc-r50-s0,L20.down,20,down,2048,1191,0.58154296875,0.8721088171005249
init-init,proj-slimpajama-r50-s0,proj-selfdoc-r50-s0,L21.qkv,21,qkv,2048,1477,0.72119140625,0.9280054569244385
final-final,proj-slimpajama-r50-s0,proj-selfdoc-r50-s0,L21.qkv,21,qkv,2048,1477,0.72119140625,0.9259117245674133
init-init,proj-slimpajama-r50-s0,proj-selfdoc-r50-s0,L21.o,21,o,2048,1477,0.72119140625,0.9372814297676086
final-final,proj-slimpajama-r50-s0,proj-selfdoc-r50-s0,L21.o,21,o,2048,1477,0.72119140625,0.9337201118469238
init-init,proj-slimpajama-r50-s0,proj-selfdoc-r50-s0,L21.gateup,21,gateup,2048,1191,0.58154296875,0.8449376821517944
final-final,proj-slimpajama-r50-s0,proj-selfdoc-r50-s0,L21.gateup,21,gateup,2048,1191,0.58154296875,0.8397367596626282
init-init,proj-slimpajama-r50-s0,proj-selfdoc-r50-s0,L21.down,21,down,2048,1191,0.58154296875,0.8663378953933716
final-final,proj-slimpajama-r50-s0,proj-selfdoc-r50-s0,L21.down,21,down,2048,1191,0.58154296875,0.8597760200500488
init-init,proj-slimpajama-r50-s0,proj-selfdoc-r50-s0,L22.qkv,22,qkv,2048,1477,0.72119140625,0.9254227876663208
final-final,proj-slimpajama-r50-s0,proj-selfdoc-r50-s0,L22.qkv,22,qkv,2048,1477,0.72119140625,0.9234636425971985
init-init,proj-slimpajama-r50-s0,proj-selfdoc-r50-s0,L22.o,22,o,2048,1477,0.72119140625,0.9224227070808411
final-final,proj-slimpajama-r50-s0,proj-selfdoc-r50-s0,L22.o,22,o,2048,1477,0.72119140625,0.9191563725471497
init-init,proj-slimpajama-r50-s0,proj-selfdoc-r50-s0,L22.gateup,22,gateup,2048,1191,0.58154296875,0.8368471264839172
final-final,proj-slimpajama-r50-s0,proj-selfdoc-r50-s0,L22.gateup,22,gateup,2048,1191,0.58154296875,0.8315514922142029
init-init,proj-slimpajama-r50-s0,proj-selfdoc-r50-s0,L22.down,22,down,2048,1191,0.58154296875,0.8589788675308228
final-final,proj-slimpajama-r50-s0,proj-selfdoc-r50-s0,L22.down,22,down,2048,1191,0.58154296875,0.8525933027267456
init-init,proj-slimpajama-r50-s0,proj-selfdoc-r50-s0,L23.qkv,23,qkv,2048,1477,0.72119140625,0.9259051084518433
final-final,proj-slimpajama-r50-s0,proj-selfdoc-r50-s0,L23.qkv,23,qkv,2048,1477,0.72119140625,0.9237773418426514
init-init,proj-slimpajama-r50-s0,proj-selfdoc-r50-s0,L23.o,23,o,2048,1477,0.72119140625,0.9206337928771973
final-final,proj-slimpajama-r50-s0,proj-selfdoc-r50-s0,L23.o,23,o,2048,1477,0.72119140625,0.9173391461372375
init-init,proj-slimpajama-r50-s0,proj-selfdoc-r50-s0,L23.gateup,23,gateup,2048,1191,0.58154296875,0.8264825344085693
final-final,proj-slimpajama-r50-s0,proj-selfdoc-r50-s0,L23.gateup,23,gateup,2048,1191,0.58154296875,0.8209887742996216
init-init,proj-slimpajama-r50-s0,proj-selfdoc-r50-s0,L23.down,23,down,2048,1191,0.58154296875,0.8629989624023438
final-final,proj-slimpajama-r50-s0,proj-selfdoc-r50-s0,L23.down,23,down,2048,1191,0.58154296875,0.8564790487289429
init-init,proj-slimpajama-r50-s0,proj-selfdoc-r50-s0,L24.qkv,24,qkv,2048,1477,0.72119140625,0.926516056060791
final-final,proj-slimpajama-r50-s0,proj-selfdoc-r50-s0,L24.qkv,24,qkv,2048,1477,0.72119140625,0.9242730140686035
init-init,proj-slimpajama-r50-s0,proj-selfdoc-r50-s0,L24.o,24,o,2048,1477,0.72119140625,0.9120174646377563
final-final,proj-slimpajama-r50-s0,proj-selfdoc-r50-s0,L24.o,24,o,2048,1477,0.72119140625,0.9085907340049744
init-init,proj-slimpajama-r50-s0,proj-selfdoc-r50-s0,L24.gateup,24,gateup,2048,1191,0.58154296875,0.8217482566833496
final-final,proj-slimpajama-r50-s0,proj-selfdoc-r50-s0,L24.gateup,24,gateup,2048,1191,0.58154296875,0.8165109157562256
init-init,proj-slimpajama-r50-s0,proj-selfdoc-r50-s0,L24.down,24,down,2048,1191,0.58154296875,0.865449070930481
final-final,proj-slimpajama-r50-s0,proj-selfdoc-r50-s0,L24.down,24,down,2048,1191,0.58154296875,0.8599438071250916
init-init,proj-slimpajama-r50-s0,proj-selfdoc-r50-s0,L25.qkv,25,qkv,2048,1477,0.72119140625,0.92760169506073
final-final,proj-slimpajama-r50-s0,proj-selfdoc-r50-s0,L25.qkv,25,qkv,2048,1477,0.72119140625,0.9254648685455322
init-init,proj-slimpajama-r50-s0,proj-selfdoc-r50-s0,L25.o,25,o,2048,1477,0.72119140625,0.9068688154220581
final-final,proj-slimpajama-r50-s0,proj-selfdoc-r50-s0,L25.o,25,o,2048,1477,0.72119140625,0.9032150506973267
init-init,proj-slimpajama-r50-s0,proj-selfdoc-r50-s0,L25.gateup,25,gateup,2048,1191,0.58154296875,0.8202379941940308
final-final,proj-slimpajama-r50-s0,proj-selfdoc-r50-s0,L25.gateup,25,gateup,2048,1191,0.58154296875,0.8152745962142944
init-init,proj-slimpajama-r50-s0,proj-selfdoc-r50-s0,L25.down,25,down,2048,1191,0.58154296875,0.8635091781616211
final-final,proj-slimpajama-r50-s0,proj-selfdoc-r50-s0,L25.down,25,down,2048,1191,0.58154296875,0.8575990200042725
init-init,proj-slimpajama-r50-s0,proj-selfdoc-r50-s0,L26.qkv,26,qkv,2048,1477,0.72119140625,0.9254183769226074
final-final,proj-slimpajama-r50-s0,proj-selfdoc-r50-s0,L26.qkv,26,qkv,2048,1477,0.72119140625,0.9234861135482788
init-init,proj-slimpajama-r50-s0,proj-selfdoc-r50-s0,L26.o,26,o,2048,1477,0.72119140625,0.9048869013786316
final-final,proj-slimpajama-r50-s0,proj-selfdoc-r50-s0,L26.o,26,o,2048,1477,0.72119140625,0.9017120003700256
init-init,proj-slimpajama-r50-s0,proj-selfdoc-r50-s0,L26.gateup,26,gateup,2048,1191,0.58154296875,0.8189353942871094
final-final,proj-slimpajama-r50-s0,proj-selfdoc-r50-s0,L26.gateup,26,gateup,2048,1191,0.58154296875,0.8150283098220825
init-init,proj-slimpajama-r50-s0,proj-selfdoc-r50-s0,L26.down,26,down,2048,1191,0.58154296875,0.8610957860946655
final-final,proj-slimpajama-r50-s0,proj-selfdoc-r50-s0,L26.down,26,down,2048,1191,0.58154296875,0.8566487431526184
init-init,proj-slimpajama-r50-s0,proj-selfdoc-r50-s0,L27.qkv,27,qkv,2048,1477,0.72119140625,0.8870458602905273
final-final,proj-slimpajama-r50-s0,proj-selfdoc-r50-s0,L27.qkv,27,qkv,2048,1477,0.72119140625,0.8850679397583008
init-init,proj-slimpajama-r50-s0,proj-selfdoc-r50-s0,L27.o,27,o,2048,1477,0.72119140625,0.9177064299583435
final-final,proj-slimpajama-r50-s0,proj-selfdoc-r50-s0,L27.o,27,o,2048,1477,0.72119140625,0.915221095085144
init-init,proj-slimpajama-r50-s0,proj-selfdoc-r50-s0,L27.gateup,27,gateup,2048,1191,0.58154296875,0.8055331707000732
final-final,proj-slimpajama-r50-s0,proj-selfdoc-r50-s0,L27.gateup,27,gateup,2048,1191,0.58154296875,0.8032581806182861
init-init,proj-slimpajama-r50-s0,proj-selfdoc-r50-s0,L27.down,27,down,2048,1191,0.58154296875,0.8630111813545227
final-final,proj-slimpajama-r50-s0,proj-selfdoc-r50-s0,L27.down,27,down,2048,1191,0.58154296875,0.8615412712097168
init-init,proj-alpaca-r50-s0,proj-selfgen-r50-s0,L0.qkv,0,qkv,2048,1477,0.72119140625,0.8803405165672302
final-final,proj-alpaca-r50-s0,proj-selfgen-r50-s0,L0.qkv,0,qkv,2048,1477,0.72119140625,0.8773581385612488
init-init,proj-alpaca-r50-s0,proj-selfgen-r50-s0,L0.o,0,o,2048,1477,0.72119140625,0.9201344847679138
final-final,proj-alpaca-r50-s0,proj-selfgen-r50-s0,L0.o,0,o,2048,1477,0.72119140625,0.9163012504577637
init-init,proj-alpaca-r50-s0,proj-selfgen-r50-s0,L0.gateup,0,gateup,2048,1191,0.58154296875,0.9323042631149292
final-final,proj-alpaca-r50-s0,proj-selfgen-r50-s0,L0.gateup,0,gateup,2048,1191,0.58154296875,0.9258967638015747
init-init,proj-alpaca-r50-s0,proj-selfgen-r50-s0,L0.down,0,down,2048,1191,0.58154296875,0.8396168947219849
final-final,proj-alpaca-r50-s0,proj-selfgen-r50-s0,L0.down,0,down,2048,1191,0.58154296875,0.8351122140884399
init-init,proj-alpaca-r50-s0,proj-selfgen-r50-s0,L1.qkv,1,qkv,2048,1477,0.72119140625,0.8977987766265869
final-final,proj-alpaca-r50-s0,proj-selfgen-r50-s0,L1.qkv,1,qkv,2048,1477,0.72119140625,0.8939566612243652
init-init,proj-alpaca-r50-s0,proj-selfgen-r50-s0,L1.o,1,o,2048,1477,0.72119140625,0.9141054749488831
final-final,proj-alpaca-r50-s0,proj-selfgen-r50-s0,L1.o,1,o,2048,1477,0.72119140625,0.910573422908783
init-init,proj-alpaca-r50-s0,proj-selfgen-r50-s0,L1.gateup,1,gateup,2048,1191,0.58154296875,0.8421664834022522
final-final,proj-alpaca-r50-s0,proj-selfgen-r50-s0,L1.gateup,1,gateup,2048,1191,0.58154296875,0.8376339673995972
init-init,proj-alpaca-r50-s0,proj-selfgen-r50-s0,L1.down,1,down,2048,1191,0.58154296875,0.8242368698120117
final-final,proj-alpaca-r50-s0,proj-selfgen-r50-s0,L1.down,1,down,2048,1191,0.58154296875,0.8191083669662476
init-init,proj-alpaca-r50-s0,proj-selfgen-r50-s0,L2.qkv,2,qkv,2048,1477,0.72119140625,0.8977862000465393
final-final,proj-alpaca-r50-s0,proj-selfgen-r50-s0,L2.qkv,2,qkv,2048,1477,0.72119140625,0.8938266038894653
init-init,proj-alpaca-r50-s0,proj-selfgen-r50-s0,L2.o,2,o,2048,1477,0.72119140625,0.9222960472106934
final-final,proj-alpaca-r50-s0,proj-selfgen-r50-s0,L2.o,2,o,2048,1477,0.72119140625,0.917414665222168
init-init,proj-alpaca-r50-s0,proj-selfgen-r50-s0,L2.gateup,2,gateup,2048,1191,0.58154296875,0.824305534362793
final-final,proj-alpaca-r50-s0,proj-selfgen-r50-s0,L2.gateup,2,gateup,2048,1191,0.58154296875,0.8193879723548889
init-init,proj-alpaca-r50-s0,proj-selfgen-r50-s0,L2.down,2,down,2048,1191,0.58154296875,0.8536542057991028
final-final,proj-alpaca-r50-s0,proj-selfgen-r50-s0,L2.down,2,down,2048,1191,0.58154296875,0.8481687903404236
init-init,proj-alpaca-r50-s0,proj-selfgen-r50-s0,L3.qkv,3,qkv,2048,1477,0.72119140625,0.8961727619171143
final-final,proj-alpaca-r50-s0,proj-selfgen-r50-s0,L3.qkv,3,qkv,2048,1477,0.72119140625,0.8929541707038879
init-init,proj-alpaca-r50-s0,proj-selfgen-r50-s0,L3.o,3,o,2048,1477,0.72119140625,0.8873890042304993
final-final,proj-alpaca-r50-s0,proj-selfgen-r50-s0,L3.o,3,o,2048,1477,0.72119140625,0.8830039501190186
init-init,proj-alpaca-r50-s0,proj-selfgen-r50-s0,L3.gateup,3,gateup,2048,1191,0.58154296875,0.8225307464599609
final-final,proj-alpaca-r50-s0,proj-selfgen-r50-s0,L3.gateup,3,gateup,2048,1191,0.58154296875,0.817328155040741
init-init,proj-alpaca-r50-s0,proj-selfgen-r50-s0,L3.down,3,down,2048,1191,0.58154296875,0.8551050424575806
final-final,proj-alpaca-r50-s0,proj-selfgen-r50-s0,L3.down,3,down,2048,1191,0.58154296875,0.8491556644439697
init-init,proj-alpaca-r50-s0,proj-selfgen-r50-s0,L4.qkv,4,qkv,2048,1477,0.72119140625,0.892586886882782
final-final,proj-alpaca-r50-s0,proj-selfgen-r50-s0,L4.qkv,4,qkv,2048,1477,0.72119140625,0.8893151879310608
init-init,proj-alpaca-r50-s0,proj-selfgen-r50-s0,L4.o,4,o,2048,1477,0.72119140625,0.8891322612762451
final-final,proj-alpaca-r50-s0,proj-selfgen-r50-s0,L4.o,4,o,2048,1477,0.72119140625,0.8851796388626099
init-init,proj-alpaca-r50-s0,proj-selfgen-r50-s0,L4.gateup,4,gateup,2048,1191,0.58154296875,0.815233051776886
final-final,proj-alpaca-r50-s0,proj-selfgen-r50-s0,L4.gateup,4,gateup,2048,1191,0.58154296875,0.810569167137146
init-init,proj-alpaca-r50-s0,proj-selfgen-r50-s0,L4.down,4,down,2048,1191,0.58154296875,0.8514135479927063
final-final,proj-alpaca-r50-s0,proj-selfgen-r50-s0,L4.down,4,down,2048,1191,0.58154296875,0.8456370830535889
init-init,proj-alpaca-r50-s0,proj-selfgen-r50-s0,L5.qkv,5,qkv,2048,1477,0.72119140625,0.8973494172096252
final-final,proj-alpaca-r50-s0,proj-selfgen-r50-s0,L5.qkv,5,qkv,2048,1477,0.72119140625,0.8945717811584473
init-init,proj-alpaca-r50-s0,proj-selfgen-r50-s0,L5.o,5,o,2048,1477,0.72119140625,0.9128561615943909
final-final,proj-alpaca-r50-s0,proj-selfgen-r50-s0,L5.o,5,o,2048,1477,0.72119140625,0.9084914326667786
init-init,proj-alpaca-r50-s0,proj-selfgen-r50-s0,L5.gateup,5,gateup,2048,1191,0.58154296875,0.813069760799408
final-final,proj-alpaca-r50-s0,proj-selfgen-r50-s0,L5.gateup,5,gateup,2048,1191,0.58154296875,0.808393657207489
init-init,proj-alpaca-r50-s0,proj-selfgen-r50-s0,L5.down,5,down,2048,1191,0.58154296875,0.8634679913520813
final-final,proj-alpaca-r50-s0,proj-selfgen-r50-s0,L5.down,5,down,2048,1191,0.58154296875,0.8576109409332275
init-init,proj-alpaca-r50-s0,proj-selfgen-r50-s0,L6.qkv,6,qkv,2048,1477,0.72119140625,0.9034387469291687
final-final,proj-alpaca-r50-s0,proj-selfgen-r50-s0,L6.qkv,6,qkv,2048,1477,0.72119140625,0.9001988768577576
init-init,proj-alpaca-r50-s0,proj-selfgen-r50-s0,L6.o,6,o,2048,1477,0.72119140625,0.9089319109916687
final-final,proj-alpaca-r50-s0,proj-selfgen-r50-s0,L6.o,6,o,2048,1477,0.72119140625,0.9045392870903015
init-init,proj-alpaca-r50-s0,proj-selfgen-r50-s0,L6.gateup,6,gateup,2048,1191,0.58154296875,0.813693642616272
final-final,proj-alpaca-r50-s0,proj-selfgen-r50-s0,L6.gateup,6,gateup,2048,1191,0.58154296875,0.8089625835418701
init-init,proj-alpaca-r50-s0,proj-selfgen-r50-s0,L6.down,6,down,2048,1191,0.58154296875,0.8606939911842346
final-final,proj-alpaca-r50-s0,proj-selfgen-r50-s0,L6.down,6,down,2048,1191,0.58154296875,0.8549022674560547
init-init,proj-alpaca-r50-s0,proj-selfgen-r50-s0,L7.qkv,7,qkv,2048,1477,0.72119140625,0.8912354111671448
final-final,proj-alpaca-r50-s0,proj-selfgen-r50-s0,L7.qkv,7,qkv,2048,1477,0.72119140625,0.8883029222488403
init-init,proj-alpaca-r50-s0,proj-selfgen-r50-s0,L7.o,7,o,2048,1477,0.72119140625,0.8890981674194336
final-final,proj-alpaca-r50-s0,proj-selfgen-r50-s0,L7.o,7,o,2048,1477,0.72119140625,0.88534015417099
init-init,proj-alpaca-r50-s0,proj-selfgen-r50-s0,L7.gateup,7,gateup,2048,1191,0.58154296875,0.8037994503974915
final-final,proj-alpaca-r50-s0,proj-selfgen-r50-s0,L7.gateup,7,gateup,2048,1191,0.58154296875,0.7992683053016663
init-init,proj-alpaca-r50-s0,proj-selfgen-r50-s0,L7.down,7,down,2048,1191,0.58154296875,0.8636165857315063
final-final,proj-alpaca-r50-s0,proj-selfgen-r50-s0,L7.down,7,down,2048,1191,0.58154296875,0.8576581478118896
init-init,proj-alpaca-r50-s0,proj-selfgen-r50-s0,L8.qkv,8,qkv,2048,1477,0.72119140625,0.8953173160552979
final-final,proj-alpaca-r50-s0,proj-selfgen-r50-s0,L8.qkv,8,qkv,2048,1477,0.72119140625,0.8921757936477661
init-init,proj-alpaca-r50-s0,proj-selfgen-r50-s0,L8.o,8,o,2048,1477,0.72119140625,0.8707970380783081
final-final,proj-alpaca-r50-s0,proj-selfgen-r50-s0,L8.o,8,o,2048,1477,0.72119140625,0.8669543266296387
init-init,proj-alpaca-r50-s0,proj-selfgen-r50-s0,L8.gateup,8,gateup,2048,1191,0.58154296875,0.7937347292900085
final-final,proj-alpaca-r50-s0,proj-selfgen-r50-s0,L8.gateup,8,gateup,2048,1191,0.58154296875,0.7895281910896301
init-init,proj-alpaca-r50-s0,proj-selfgen-r50-s0,L8.down,8,down,2048,1191,0.58154296875,0.8589382171630859
final-final,proj-alpaca-r50-s0,proj-selfgen-r50-s0,L8.down,8,down,2048,1191,0.58154296875,0.8532503843307495
init-init,proj-alpaca-r50-s0,proj-selfgen-r50-s0,L9.qkv,9,qkv,2048,1477,0.72119140625,0.8963208198547363
final-final,proj-alpaca-r50-s0,proj-selfgen-r50-s0,L9.qkv,9,qkv,2048,1477,0.72119140625,0.8935805559158325
init-init,proj-alpaca-r50-s0,proj-selfgen-r50-s0,L9.o,9,o,2048,1477,0.72119140625,0.9004330635070801
final-final,proj-alpaca-r50-s0,proj-selfgen-r50-s0,L9.o,9,o,2048,1477,0.72119140625,0.8966661095619202
init-init,proj-alpaca-r50-s0,proj-selfgen-r50-s0,L9.gateup,9,gateup,2048,1191,0.58154296875,0.7969692945480347
final-final,proj-alpaca-r50-s0,proj-selfgen-r50-s0,L9.gateup,9,gateup,2048,1191,0.58154296875,0.7924560904502869
init-init,proj-alpaca-r50-s0,proj-selfgen-r50-s0,L9.down,9,down,2048,1191,0.58154296875,0.8503497242927551
final-final,proj-alpaca-r50-s0,proj-selfgen-r50-s0,L9.down,9,down,2048,1191,0.58154296875,0.8449981808662415
init-init,proj-alpaca-r50-s0,proj-selfgen-r50-s0,L10.qkv,10,qkv,2048,1477,0.72119140625,0.8914846777915955
final-final,proj-alpaca-r50-s0,proj-selfgen-r50-s0,L10.qkv,10,qkv,2048,1477,0.72119140625,0.8884674906730652
init-init,proj-alpaca-r50-s0,proj-selfgen-r50-s0,L10.o,10,o,2048,1477,0.72119140625,0.8953294157981873
final-final,proj-alpaca-r50-s0,proj-selfgen-r50-s0,L10.o,10,o,2048,1477,0.72119140625,0.8914562463760376
init-init,proj-alpaca-r50-s0,proj-selfgen-r50-s0,L10.gateup,10,gateup,2048,1191,0.58154296875,0.7932047843933105
final-final,proj-alpaca-r50-s0,proj-selfgen-r50-s0,L10.gateup,10,gateup,2048,1191,0.58154296875,0.7892914414405823
init-init,proj-alpaca-r50-s0,proj-selfgen-r50-s0,L10.down,10,down,2048,1191,0.58154296875,0.8460197448730469
final-final,proj-alpaca-r50-s0,proj-selfgen-r50-s0,L10.down,10,down,2048,1191,0.58154296875,0.840961754322052
init-init,proj-alpaca-r50-s0,proj-selfgen-r50-s0,L11.qkv,11,qkv,2048,1477,0.72119140625,0.9046061038970947
final-final,proj-alpaca-r50-s0,proj-selfgen-r50-s0,L11.qkv,11,qkv,2048,1477,0.72119140625,0.9011478424072266
init-init,proj-alpaca-r50-s0,proj-selfgen-r50-s0,L11.o,11,o,2048,1477,0.72119140625,0.9203689694404602
final-final,proj-alpaca-r50-s0,proj-selfgen-r50-s0,L11.o,11,o,2048,1477,0.72119140625,0.9161971807479858
init-init,proj-alpaca-r50-s0,proj-selfgen-r50-s0,L11.gateup,11,gateup,2048,1191,0.58154296875,0.7947279214859009
final-final,proj-alpaca-r50-s0,proj-selfgen-r50-s0,L11.gateup,11,gateup,2048,1191,0.58154296875,0.7902407646179199
init-init,proj-alpaca-r50-s0,proj-selfgen-r50-s0,L11.down,11,down,2048,1191,0.58154296875,0.8573088049888611
final-final,proj-alpaca-r50-s0,proj-selfgen-r50-s0,L11.down,11,down,2048,1191,0.58154296875,0.8516095280647278
init-init,proj-alpaca-r50-s0,proj-selfgen-r50-s0,L12.qkv,12,qkv,2048,1477,0.72119140625,0.8947522044181824
final-final,proj-alpaca-r50-s0,proj-selfgen-r50-s0,L12.qkv,12,qkv,2048,1477,0.72119140625,0.8916723132133484
init-init,proj-alpaca-r50-s0,proj-selfgen-r50-s0,L12.o,12,o,2048,1477,0.72119140625,0.9051381945610046
final-final,proj-alpaca-r50-s0,proj-selfgen-r50-s0,L12.o,12,o,2048,1477,0.72119140625,0.9008433222770691
init-init,proj-alpaca-r50-s0,proj-selfgen-r50-s0,L12.gateup,12,gateup,2048,1191,0.58154296875,0.7926115393638611
final-final,proj-alpaca-r50-s0,proj-selfgen-r50-s0,L12.gateup,12,gateup,2048,1191,0.58154296875,0.7881639003753662
init-init,proj-alpaca-r50-s0,proj-selfgen-r50-s0,L12.down,12,down,2048,1191,0.58154296875,0.8663400411605835
final-final,proj-alpaca-r50-s0,proj-selfgen-r50-s0,L12.down,12,down,2048,1191,0.58154296875,0.8606774806976318
init-init,proj-alpaca-r50-s0,proj-selfgen-r50-s0,L13.qkv,13,qkv,2048,1477,0.72119140625,0.8963503241539001
final-final,proj-alpaca-r50-s0,proj-selfgen-r50-s0,L13.qkv,13,qkv,2048,1477,0.72119140625,0.8929774761199951
init-init,proj-alpaca-r50-s0,proj-selfgen-r50-s0,L13.o,13,o,2048,1477,0.72119140625,0.9093281030654907
final-final,proj-alpaca-r50-s0,proj-selfgen-r50-s0,L13.o,13,o,2048,1477,0.72119140625,0.9051507711410522
init-init,proj-alpaca-r50-s0,proj-selfgen-r50-s0,L13.gateup,13,gateup,2048,1191,0.58154296875,0.7924749255180359
final-final,proj-alpaca-r50-s0,proj-selfgen-r50-s0,L13.gateup,13,gateup,2048,1191,0.58154296875,0.7880096435546875
init-init,proj-alpaca-r50-s0,proj-selfgen-r50-s0,L13.down,13,down,2048,1191,0.58154296875,0.8679360747337341
final-final,proj-alpaca-r50-s0,proj-selfgen-r50-s0,L13.down,13,down,2048,1191,0.58154296875,0.8621941804885864
init-init,proj-alpaca-r50-s0,proj-selfgen-r50-s0,L14.qkv,14,qkv,2048,1477,0.72119140625,0.895121157169342
final-final,proj-alpaca-r50-s0,proj-selfgen-r50-s0,L14.qkv,14,qkv,2048,1477,0.72119140625,0.8922141194343567
init-init,proj-alpaca-r50-s0,proj-selfgen-r50-s0,L14.o,14,o,2048,1477,0.72119140625,0.8999139666557312
final-final,proj-alpaca-r50-s0,proj-selfgen-r50-s0,L14.o,14,o,2048,1477,0.72119140625,0.8962235450744629
init-init,proj-alpaca-r50-s0,proj-selfgen-r50-s0,L14.gateup,14,gateup,2048,1191,0.58154296875,0.7919293642044067
final-final,proj-alpaca-r50-s0,proj-selfgen-r50-s0,L14.gateup,14,gateup,2048,1191,0.58154296875,0.787885844707489
init-init,proj-alpaca-r50-s0,proj-selfgen-r50-s0,L14.down,14,down,2048,1191,0.58154296875,0.8686995506286621
final-final,proj-alpaca-r50-s0,proj-selfgen-r50-s0,L14.down,14,down,2048,1191,0.58154296875,0.8627472519874573
init-init,proj-alpaca-r50-s0,proj-selfgen-r50-s0,L15.qkv,15,qkv,2048,1477,0.72119140625,0.8906644582748413
final-final,proj-alpaca-r50-s0,proj-selfgen-r50-s0,L15.qkv,15,qkv,2048,1477,0.72119140625,0.8879464864730835
init-init,proj-alpaca-r50-s0,proj-selfgen-r50-s0,L15.o,15,o,2048,1477,0.72119140625,0.9078001379966736
final-final,proj-alpaca-r50-s0,proj-selfgen-r50-s0,L15.o,15,o,2048,1477,0.72119140625,0.903693675994873
init-init,proj-alpaca-r50-s0,proj-selfgen-r50-s0,L15.gateup,15,gateup,2048,1191,0.58154296875,0.7955447435379028
final-final,proj-alpaca-r50-s0,proj-selfgen-r50-s0,L15.gateup,15,gateup,2048,1191,0.58154296875,0.7912653684616089
init-init,proj-alpaca-r50-s0,proj-selfgen-r50-s0,L15.down,15,down,2048,1191,0.58154296875,0.8601168394088745
final-final,proj-alpaca-r50-s0,proj-selfgen-r50-s0,L15.down,15,down,2048,1191,0.58154296875,0.8544856905937195
init-init,proj-alpaca-r50-s0,proj-selfgen-r50-s0,L16.qkv,16,qkv,2048,1477,0.72119140625,0.8924691677093506
final-final,proj-alpaca-r50-s0,proj-selfgen-r50-s0,L16.qkv,16,qkv,2048,1477,0.72119140625,0.8898164629936218
init-init,proj-alpaca-r50-s0,proj-selfgen-r50-s0,L16.o,16,o,2048,1477,0.72119140625,0.9005843997001648
final-final,proj-alpaca-r50-s0,proj-selfgen-r50-s0,L16.o,16,o,2048,1477,0.72119140625,0.8965417742729187
init-init,proj-alpaca-r50-s0,proj-selfgen-r50-s0,L16.gateup,16,gateup,2048,1191,0.58154296875,0.7983801960945129
final-final,proj-alpaca-r50-s0,proj-selfgen-r50-s0,L16.gateup,16,gateup,2048,1191,0.58154296875,0.7953115701675415
init-init,proj-alpaca-r50-s0,proj-selfgen-r50-s0,L16.down,16,down,2048,1191,0.58154296875,0.8584125638008118
final-final,proj-alpaca-r50-s0,proj-selfgen-r50-s0,L16.down,16,down,2048,1191,0.58154296875,0.8529658913612366
init-init,proj-alpaca-r50-s0,proj-selfgen-r50-s0,L17.qkv,17,qkv,2048,1477,0.72119140625,0.8839336037635803
final-final,proj-alpaca-r50-s0,proj-selfgen-r50-s0,L17.qkv,17,qkv,2048,1477,0.72119140625,0.881446897983551
init-init,proj-alpaca-r50-s0,proj-selfgen-r50-s0,L17.o,17,o,2048,1477,0.72119140625,0.9163122177124023
final-final,proj-alpaca-r50-s0,proj-selfgen-r50-s0,L17.o,17,o,2048,1477,0.72119140625,0.9117096662521362
init-init,proj-alpaca-r50-s0,proj-selfgen-r50-s0,L17.gateup,17,gateup,2048,1191,0.58154296875,0.8024839162826538
final-final,proj-alpaca-r50-s0,proj-selfgen-r50-s0,L17.gateup,17,gateup,2048,1191,0.58154296875,0.7984033823013306
init-init,proj-alpaca-r50-s0,proj-selfgen-r50-s0,L17.down,17,down,2048,1191,0.58154296875,0.8385993242263794
final-final,proj-alpaca-r50-s0,proj-selfgen-r50-s0,L17.down,17,down,2048,1191,0.58154296875,0.8333740830421448
init-init,proj-alpaca-r50-s0,proj-selfgen-r50-s0,L18.qkv,18,qkv,2048,1477,0.72119140625,0.8861140608787537
final-final,proj-alpaca-r50-s0,proj-selfgen-r50-s0,L18.qkv,18,qkv,2048,1477,0.72119140625,0.883646547794342
init-init,proj-alpaca-r50-s0,proj-selfgen-r50-s0,L18.o,18,o,2048,1477,0.72119140625,0.8945810794830322
final-final,proj-alpaca-r50-s0,proj-selfgen-r50-s0,L18.o,18,o,2048,1477,0.72119140625,0.8907021880149841
init-init,proj-alpaca-r50-s0,proj-selfgen-r50-s0,L18.gateup,18,gateup,2048,1191,0.58154296875,0.7899929285049438
final-final,proj-alpaca-r50-s0,proj-selfgen-r50-s0,L18.gateup,18,gateup,2048,1191,0.58154296875,0.7859464883804321
init-init,proj-alpaca-r50-s0,proj-selfgen-r50-s0,L18.down,18,down,2048,1191,0.58154296875,0.8315622806549072
final-final,proj-alpaca-r50-s0,proj-selfgen-r50-s0,L18.down,18,down,2048,1191,0.58154296875,0.8264669179916382
init-init,proj-alpaca-r50-s0,proj-selfgen-r50-s0,L19.qkv,19,qkv,2048,1477,0.72119140625,0.8850398063659668
final-final,proj-alpaca-r50-s0,proj-selfgen-r50-s0,L19.qkv,19,qkv,2048,1477,0.72119140625,0.882748007774353
init-init,proj-alpaca-r50-s0,proj-selfgen-r50-s0,L19.o,19,o,2048,1477,0.72119140625,0.909091591835022
final-final,proj-alpaca-r50-s0,proj-selfgen-r50-s0,L19.o,19,o,2048,1477,0.72119140625,0.9048763513565063
init-init,proj-alpaca-r50-s0,proj-selfgen-r50-s0,L19.gateup,19,gateup,2048,1191,0.58154296875,0.7888909578323364
final-final,proj-alpaca-r50-s0,proj-selfgen-r50-s0,L19.gateup,19,gateup,2048,1191,0.58154296875,0.7849145531654358
init-init,proj-alpaca-r50-s0,proj-selfgen-r50-s0,L19.down,19,down,2048,1191,0.58154296875,0.837371289730072
final-final,proj-alpaca-r50-s0,proj-selfgen-r50-s0,L19.down,19,down,2048,1191,0.58154296875,0.8318870067596436
init-init,proj-alpaca-r50-s0,proj-selfgen-r50-s0,L20.qkv,20,qkv,2048,1477,0.72119140625,0.8917632102966309
final-final,proj-alpaca-r50-s0,proj-selfgen-r50-s0,L20.qkv,20,qkv,2048,1477,0.72119140625,0.8894063234329224
init-init,proj-alpaca-r50-s0,proj-selfgen-r50-s0,L20.o,20,o,2048,1477,0.72119140625,0.8930825591087341
final-final,proj-alpaca-r50-s0,proj-selfgen-r50-s0,L20.o,20,o,2048,1477,0.72119140625,0.8884508609771729
init-init,proj-alpaca-r50-s0,proj-selfgen-r50-s0,L20.gateup,20,gateup,2048,1191,0.58154296875,0.7888312339782715
final-final,proj-alpaca-r50-s0,proj-selfgen-r50-s0,L20.gateup,20,gateup,2048,1191,0.58154296875,0.7847210168838501
init-init,proj-alpaca-r50-s0,proj-selfgen-r50-s0,L20.down,20,down,2048,1191,0.58154296875,0.8259966969490051
final-final,proj-alpaca-r50-s0,proj-selfgen-r50-s0,L20.down,20,down,2048,1191,0.58154296875,0.820347249507904
init-init,proj-alpaca-r50-s0,proj-selfgen-r50-s0,L21.qkv,21,qkv,2048,1477,0.72119140625,0.8857944011688232
final-final,proj-alpaca-r50-s0,proj-selfgen-r50-s0,L21.qkv,21,qkv,2048,1477,0.72119140625,0.8835195899009705
init-init,proj-alpaca-r50-s0,proj-selfgen-r50-s0,L21.o,21,o,2048,1477,0.72119140625,0.892047643661499
final-final,proj-alpaca-r50-s0,proj-selfgen-r50-s0,L21.o,21,o,2048,1477,0.72119140625,0.8879457712173462
init-init,proj-alpaca-r50-s0,proj-selfgen-r50-s0,L21.gateup,21,gateup,2048,1191,0.58154296875,0.7775741219520569
final-final,proj-alpaca-r50-s0,proj-selfgen-r50-s0,L21.gateup,21,gateup,2048,1191,0.58154296875,0.7735770344734192
init-init,proj-alpaca-r50-s0,proj-selfgen-r50-s0,L21.down,21,down,2048,1191,0.58154296875,0.8120411038398743
final-final,proj-alpaca-r50-s0,proj-selfgen-r50-s0,L21.down,21,down,2048,1191,0.58154296875,0.8067452311515808
init-init,proj-alpaca-r50-s0,proj-selfgen-r50-s0,L22.qkv,22,qkv,2048,1477,0.72119140625,0.8868744373321533
final-final,proj-alpaca-r50-s0,proj-selfgen-r50-s0,L22.qkv,22,qkv,2048,1477,0.72119140625,0.884688138961792
init-init,proj-alpaca-r50-s0,proj-selfgen-r50-s0,L22.o,22,o,2048,1477,0.72119140625,0.8649992942810059
final-final,proj-alpaca-r50-s0,proj-selfgen-r50-s0,L22.o,22,o,2048,1477,0.72119140625,0.8617367744445801
init-init,proj-alpaca-r50-s0,proj-selfgen-r50-s0,L22.gateup,22,gateup,2048,1191,0.58154296875,0.7723371982574463
final-final,proj-alpaca-r50-s0,proj-selfgen-r50-s0,L22.gateup,22,gateup,2048,1191,0.58154296875,0.7680091857910156
init-init,proj-alpaca-r50-s0,proj-selfgen-r50-s0,L22.down,22,down,2048,1191,0.58154296875,0.8070825934410095
final-final,proj-alpaca-r50-s0,proj-selfgen-r50-s0,L22.down,22,down,2048,1191,0.58154296875,0.8018465042114258
init-init,proj-alpaca-r50-s0,proj-selfgen-r50-s0,L23.qkv,23,qkv,2048,1477,0.72119140625,0.8872210383415222
final-final,proj-alpaca-r50-s0,proj-selfgen-r50-s0,L23.qkv,23,qkv,2048,1477,0.72119140625,0.8850151300430298
init-init,proj-alpaca-r50-s0,proj-selfgen-r50-s0,L23.o,23,o,2048,1477,0.72119140625,0.8505040407180786
final-final,proj-alpaca-r50-s0,proj-selfgen-r50-s0,L23.o,23,o,2048,1477,0.72119140625,0.847278356552124
init-init,proj-alpaca-r50-s0,proj-selfgen-r50-s0,L23.gateup,23,gateup,2048,1191,0.58154296875,0.7610790729522705
final-final,proj-alpaca-r50-s0,proj-selfgen-r50-s0,L23.gateup,23,gateup,2048,1191,0.58154296875,0.7571097016334534
init-init,proj-alpaca-r50-s0,proj-selfgen-r50-s0,L23.down,23,down,2048,1191,0.58154296875,0.814921498298645
final-final,proj-alpaca-r50-s0,proj-selfgen-r50-s0,L23.down,23,down,2048,1191,0.58154296875,0.8095149397850037
init-init,proj-alpaca-r50-s0,proj-selfgen-r50-s0,L24.qkv,24,qkv,2048,1477,0.72119140625,0.8894331455230713
final-final,proj-alpaca-r50-s0,proj-selfgen-r50-s0,L24.qkv,24,qkv,2048,1477,0.72119140625,0.8870276808738708
init-init,proj-alpaca-r50-s0,proj-selfgen-r50-s0,L24.o,24,o,2048,1477,0.72119140625,0.8395656943321228
final-final,proj-alpaca-r50-s0,proj-selfgen-r50-s0,L24.o,24,o,2048,1477,0.72119140625,0.8363829255104065
init-init,proj-alpaca-r50-s0,proj-selfgen-r50-s0,L24.gateup,24,gateup,2048,1191,0.58154296875,0.7565340995788574
final-final,proj-alpaca-r50-s0,proj-selfgen-r50-s0,L24.gateup,24,gateup,2048,1191,0.58154296875,0.7523235082626343
init-init,proj-alpaca-r50-s0,proj-selfgen-r50-s0,L24.down,24,down,2048,1191,0.58154296875,0.8174344301223755
final-final,proj-alpaca-r50-s0,proj-selfgen-r50-s0,L24.down,24,down,2048,1191,0.58154296875,0.812493085861206
init-init,proj-alpaca-r50-s0,proj-selfgen-r50-s0,L25.qkv,25,qkv,2048,1477,0.72119140625,0.8918522000312805
final-final,proj-alpaca-r50-s0,proj-selfgen-r50-s0,L25.qkv,25,qkv,2048,1477,0.72119140625,0.8893643021583557
init-init,proj-alpaca-r50-s0,proj-selfgen-r50-s0,L25.o,25,o,2048,1477,0.72119140625,0.8136089444160461
final-final,proj-alpaca-r50-s0,proj-selfgen-r50-s0,L25.o,25,o,2048,1477,0.72119140625,0.81126868724823
init-init,proj-alpaca-r50-s0,proj-selfgen-r50-s0,L25.gateup,25,gateup,2048,1191,0.58154296875,0.7550265192985535
final-final,proj-alpaca-r50-s0,proj-selfgen-r50-s0,L25.gateup,25,gateup,2048,1191,0.58154296875,0.7512493133544922
init-init,proj-alpaca-r50-s0,proj-selfgen-r50-s0,L25.down,25,down,2048,1191,0.58154296875,0.819781482219696
final-final,proj-alpaca-r50-s0,proj-selfgen-r50-s0,L25.down,25,down,2048,1191,0.58154296875,0.8143581748008728
init-init,proj-alpaca-r50-s0,proj-selfgen-r50-s0,L26.qkv,26,qkv,2048,1477,0.72119140625,0.8906909227371216
final-final,proj-alpaca-r50-s0,proj-selfgen-r50-s0,L26.qkv,26,qkv,2048,1477,0.72119140625,0.8885465860366821
init-init,proj-alpaca-r50-s0,proj-selfgen-r50-s0,L26.o,26,o,2048,1477,0.72119140625,0.836319625377655
final-final,proj-alpaca-r50-s0,proj-selfgen-r50-s0,L26.o,26,o,2048,1477,0.72119140625,0.8337466716766357
init-init,proj-alpaca-r50-s0,proj-selfgen-r50-s0,L26.gateup,26,gateup,2048,1191,0.58154296875,0.755101203918457
final-final,proj-alpaca-r50-s0,proj-selfgen-r50-s0,L26.gateup,26,gateup,2048,1191,0.58154296875,0.7520824670791626
init-init,proj-alpaca-r50-s0,proj-selfgen-r50-s0,L26.down,26,down,2048,1191,0.58154296875,0.824897825717926
final-final,proj-alpaca-r50-s0,proj-selfgen-r50-s0,L26.down,26,down,2048,1191,0.58154296875,0.8207485675811768
init-init,proj-alpaca-r50-s0,proj-selfgen-r50-s0,L27.qkv,27,qkv,2048,1477,0.72119140625,0.8423163890838623
final-final,proj-alpaca-r50-s0,proj-selfgen-r50-s0,L27.qkv,27,qkv,2048,1477,0.72119140625,0.8404949903488159
init-init,proj-alpaca-r50-s0,proj-selfgen-r50-s0,L27.o,27,o,2048,1477,0.72119140625,0.882431149482727
final-final,proj-alpaca-r50-s0,proj-selfgen-r50-s0,L27.o,27,o,2048,1477,0.72119140625,0.8798937201499939
init-init,proj-alpaca-r50-s0,proj-selfgen-r50-s0,L27.gateup,27,gateup,2048,1191,0.58154296875,0.7464579343795776
final-final,proj-alpaca-r50-s0,proj-selfgen-r50-s0,L27.gateup,27,gateup,2048,1191,0.58154296875,0.7448182106018066
init-init,proj-alpaca-r50-s0,proj-selfgen-r50-s0,L27.down,27,down,2048,1191,0.58154296875,0.8224477767944336
final-final,proj-alpaca-r50-s0,proj-selfgen-r50-s0,L27.down,27,down,2048,1191,0.58154296875,0.8211026787757874
init-init,proj-alpaca-r50-s0,proj-selfdoc-r50-s0,L0.qkv,0,qkv,2048,1477,0.72119140625,0.8843409419059753
final-final,proj-alpaca-r50-s0,proj-selfdoc-r50-s0,L0.qkv,0,qkv,2048,1477,0.72119140625,0.8823373317718506
init-init,proj-alpaca-r50-s0,proj-selfdoc-r50-s0,L0.o,0,o,2048,1477,0.72119140625,0.9235824942588806
final-final,proj-alpaca-r50-s0,proj-selfdoc-r50-s0,L0.o,0,o,2048,1477,0.72119140625,0.9209393858909607
init-init,proj-alpaca-r50-s0,proj-selfdoc-r50-s0,L0.gateup,0,gateup,2048,1191,0.58154296875,0.9353254437446594
final-final,proj-alpaca-r50-s0,proj-selfdoc-r50-s0,L0.gateup,0,gateup,2048,1191,0.58154296875,0.9310916662216187
init-init,proj-alpaca-r50-s0,proj-selfdoc-r50-s0,L0.down,0,down,2048,1191,0.58154296875,0.845377504825592
final-final,proj-alpaca-r50-s0,proj-selfdoc-r50-s0,L0.down,0,down,2048,1191,0.58154296875,0.842464804649353
init-init,proj-alpaca-r50-s0,proj-selfdoc-r50-s0,L1.qkv,1,qkv,2048,1477,0.72119140625,0.9020862579345703
final-final,proj-alpaca-r50-s0,proj-selfdoc-r50-s0,L1.qkv,1,qkv,2048,1477,0.72119140625,0.8992983102798462
init-init,proj-alpaca-r50-s0,proj-selfdoc-r50-s0,L1.o,1,o,2048,1477,0.72119140625,0.9193474650382996
final-final,proj-alpaca-r50-s0,proj-selfdoc-r50-s0,L1.o,1,o,2048,1477,0.72119140625,0.9168738126754761
init-init,proj-alpaca-r50-s0,proj-selfdoc-r50-s0,L1.gateup,1,gateup,2048,1191,0.58154296875,0.8490425944328308
final-final,proj-alpaca-r50-s0,proj-selfdoc-r50-s0,L1.gateup,1,gateup,2048,1191,0.58154296875,0.8460171818733215
init-init,proj-alpaca-r50-s0,proj-selfdoc-r50-s0,L1.down,1,down,2048,1191,0.58154296875,0.8352764248847961
final-final,proj-alpaca-r50-s0,proj-selfdoc-r50-s0,L1.down,1,down,2048,1191,0.58154296875,0.8311986923217773
init-init,proj-alpaca-r50-s0,proj-selfdoc-r50-s0,L2.qkv,2,qkv,2048,1477,0.72119140625,0.902876615524292
final-final,proj-alpaca-r50-s0,proj-selfdoc-r50-s0,L2.qkv,2,qkv,2048,1477,0.72119140625,0.8996856212615967
init-init,proj-alpaca-r50-s0,proj-selfdoc-r50-s0,L2.o,2,o,2048,1477,0.72119140625,0.9287479519844055
final-final,proj-alpaca-r50-s0,proj-selfdoc-r50-s0,L2.o,2,o,2048,1477,0.72119140625,0.9252541065216064
init-init,proj-alpaca-r50-s0,proj-selfdoc-r50-s0,L2.gateup,2,gateup,2048,1191,0.58154296875,0.8329541087150574
final-final,proj-alpaca-r50-s0,proj-selfdoc-r50-s0,L2.gateup,2,gateup,2048,1191,0.58154296875,0.8292826414108276
init-init,proj-alpaca-r50-s0,proj-selfdoc-r50-s0,L2.down,2,down,2048,1191,0.58154296875,0.8609731793403625
final-final,proj-alpaca-r50-s0,proj-selfdoc-r50-s0,L2.down,2,down,2048,1191,0.58154296875,0.8565374612808228
init-init,proj-alpaca-r50-s0,proj-selfdoc-r50-s0,L3.qkv,3,qkv,2048,1477,0.72119140625,0.901678740978241
final-final,proj-alpaca-r50-s0,proj-selfdoc-r50-s0,L3.qkv,3,qkv,2048,1477,0.72119140625,0.8991483449935913
init-init,proj-alpaca-r50-s0,proj-selfdoc-r50-s0,L3.o,3,o,2048,1477,0.72119140625,0.8968403935432434
final-final,proj-alpaca-r50-s0,proj-selfdoc-r50-s0,L3.o,3,o,2048,1477,0.72119140625,0.8933699727058411
init-init,proj-alpaca-r50-s0,proj-selfdoc-r50-s0,L3.gateup,3,gateup,2048,1191,0.58154296875,0.8324829339981079
final-final,proj-alpaca-r50-s0,proj-selfdoc-r50-s0,L3.gateup,3,gateup,2048,1191,0.58154296875,0.8283670544624329
init-init,proj-alpaca-r50-s0,proj-selfdoc-r50-s0,L3.down,3,down,2048,1191,0.58154296875,0.8613574504852295
final-final,proj-alpaca-r50-s0,proj-selfdoc-r50-s0,L3.down,3,down,2048,1191,0.58154296875,0.8568105697631836
init-init,proj-alpaca-r50-s0,proj-selfdoc-r50-s0,L4.qkv,4,qkv,2048,1477,0.72119140625,0.8988776803016663
final-final,proj-alpaca-r50-s0,proj-selfdoc-r50-s0,L4.qkv,4,qkv,2048,1477,0.72119140625,0.8965299725532532
init-init,proj-alpaca-r50-s0,proj-selfdoc-r50-s0,L4.o,4,o,2048,1477,0.72119140625,0.8991742134094238
final-final,proj-alpaca-r50-s0,proj-selfdoc-r50-s0,L4.o,4,o,2048,1477,0.72119140625,0.8962336182594299
init-init,proj-alpaca-r50-s0,proj-selfdoc-r50-s0,L4.gateup,4,gateup,2048,1191,0.58154296875,0.8255192041397095
final-final,proj-alpaca-r50-s0,proj-selfdoc-r50-s0,L4.gateup,4,gateup,2048,1191,0.58154296875,0.821535050868988
init-init,proj-alpaca-r50-s0,proj-selfdoc-r50-s0,L4.down,4,down,2048,1191,0.58154296875,0.8572710752487183
final-final,proj-alpaca-r50-s0,proj-selfdoc-r50-s0,L4.down,4,down,2048,1191,0.58154296875,0.8525987863540649
init-init,proj-alpaca-r50-s0,proj-selfdoc-r50-s0,L5.qkv,5,qkv,2048,1477,0.72119140625,0.9028615951538086
final-final,proj-alpaca-r50-s0,proj-selfdoc-r50-s0,L5.qkv,5,qkv,2048,1477,0.72119140625,0.9008409380912781
init-init,proj-alpaca-r50-s0,proj-selfdoc-r50-s0,L5.o,5,o,2048,1477,0.72119140625,0.919607937335968
final-final,proj-alpaca-r50-s0,proj-selfdoc-r50-s0,L5.o,5,o,2048,1477,0.72119140625,0.9164121747016907
init-init,proj-alpaca-r50-s0,proj-selfdoc-r50-s0,L5.gateup,5,gateup,2048,1191,0.58154296875,0.8228981494903564
final-final,proj-alpaca-r50-s0,proj-selfdoc-r50-s0,L5.gateup,5,gateup,2048,1191,0.58154296875,0.8190650939941406
init-init,proj-alpaca-r50-s0,proj-selfdoc-r50-s0,L5.down,5,down,2048,1191,0.58154296875,0.8706237077713013
final-final,proj-alpaca-r50-s0,proj-selfdoc-r50-s0,L5.down,5,down,2048,1191,0.58154296875,0.8659151196479797
init-init,proj-alpaca-r50-s0,proj-selfdoc-r50-s0,L6.qkv,6,qkv,2048,1477,0.72119140625,0.9085025191307068
final-final,proj-alpaca-r50-s0,proj-selfdoc-r50-s0,L6.qkv,6,qkv,2048,1477,0.72119140625,0.906237006187439
init-init,proj-alpaca-r50-s0,proj-selfdoc-r50-s0,L6.o,6,o,2048,1477,0.72119140625,0.9183142185211182
final-final,proj-alpaca-r50-s0,proj-selfdoc-r50-s0,L6.o,6,o,2048,1477,0.72119140625,0.9151906371116638
init-init,proj-alpaca-r50-s0,proj-selfdoc-r50-s0,L6.gateup,6,gateup,2048,1191,0.58154296875,0.8242900967597961
final-final,proj-alpaca-r50-s0,proj-selfdoc-r50-s0,L6.gateup,6,gateup,2048,1191,0.58154296875,0.8205991983413696
init-init,proj-alpaca-r50-s0,proj-selfdoc-r50-s0,L6.down,6,down,2048,1191,0.58154296875,0.8683640360832214
final-final,proj-alpaca-r50-s0,proj-selfdoc-r50-s0,L6.down,6,down,2048,1191,0.58154296875,0.8636303544044495
init-init,proj-alpaca-r50-s0,proj-selfdoc-r50-s0,L7.qkv,7,qkv,2048,1477,0.72119140625,0.897618293762207
final-final,proj-alpaca-r50-s0,proj-selfdoc-r50-s0,L7.qkv,7,qkv,2048,1477,0.72119140625,0.8955973982810974
init-init,proj-alpaca-r50-s0,proj-selfdoc-r50-s0,L7.o,7,o,2048,1477,0.72119140625,0.8995218873023987
final-final,proj-alpaca-r50-s0,proj-selfdoc-r50-s0,L7.o,7,o,2048,1477,0.72119140625,0.8968728184700012
init-init,proj-alpaca-r50-s0,proj-selfdoc-r50-s0,L7.gateup,7,gateup,2048,1191,0.58154296875,0.8160114288330078
final-final,proj-alpaca-r50-s0,proj-selfdoc-r50-s0,L7.gateup,7,gateup,2048,1191,0.58154296875,0.8125802278518677
init-init,proj-alpaca-r50-s0,proj-selfdoc-r50-s0,L7.down,7,down,2048,1191,0.58154296875,0.8707578778266907
final-final,proj-alpaca-r50-s0,proj-selfdoc-r50-s0,L7.down,7,down,2048,1191,0.58154296875,0.8660699129104614
init-init,proj-alpaca-r50-s0,proj-selfdoc-r50-s0,L8.qkv,8,qkv,2048,1477,0.72119140625,0.9016402363777161
final-final,proj-alpaca-r50-s0,proj-selfdoc-r50-s0,L8.qkv,8,qkv,2048,1477,0.72119140625,0.8995043039321899
init-init,proj-alpaca-r50-s0,proj-selfdoc-r50-s0,L8.o,8,o,2048,1477,0.72119140625,0.8846339583396912
final-final,proj-alpaca-r50-s0,proj-selfdoc-r50-s0,L8.o,8,o,2048,1477,0.72119140625,0.8819648623466492
init-init,proj-alpaca-r50-s0,proj-selfdoc-r50-s0,L8.gateup,8,gateup,2048,1191,0.58154296875,0.8071437478065491
final-final,proj-alpaca-r50-s0,proj-selfdoc-r50-s0,L8.gateup,8,gateup,2048,1191,0.58154296875,0.8039479851722717
init-init,proj-alpaca-r50-s0,proj-selfdoc-r50-s0,L8.down,8,down,2048,1191,0.58154296875,0.8680810332298279
final-final,proj-alpaca-r50-s0,proj-selfdoc-r50-s0,L8.down,8,down,2048,1191,0.58154296875,0.8634651303291321
init-init,proj-alpaca-r50-s0,proj-selfdoc-r50-s0,L9.qkv,9,qkv,2048,1477,0.72119140625,0.9031005501747131
final-final,proj-alpaca-r50-s0,proj-selfdoc-r50-s0,L9.qkv,9,qkv,2048,1477,0.72119140625,0.9012377262115479
init-init,proj-alpaca-r50-s0,proj-selfdoc-r50-s0,L9.o,9,o,2048,1477,0.72119140625,0.9106009602546692
final-final,proj-alpaca-r50-s0,proj-selfdoc-r50-s0,L9.o,9,o,2048,1477,0.72119140625,0.907950222492218
init-init,proj-alpaca-r50-s0,proj-selfdoc-r50-s0,L9.gateup,9,gateup,2048,1191,0.58154296875,0.8104960322380066
final-final,proj-alpaca-r50-s0,proj-selfdoc-r50-s0,L9.gateup,9,gateup,2048,1191,0.58154296875,0.8071667551994324
init-init,proj-alpaca-r50-s0,proj-selfdoc-r50-s0,L9.down,9,down,2048,1191,0.58154296875,0.8592494130134583
final-final,proj-alpaca-r50-s0,proj-selfdoc-r50-s0,L9.down,9,down,2048,1191,0.58154296875,0.8552596569061279
init-init,proj-alpaca-r50-s0,proj-selfdoc-r50-s0,L10.qkv,10,qkv,2048,1477,0.72119140625,0.8985204696655273
final-final,proj-alpaca-r50-s0,proj-selfdoc-r50-s0,L10.qkv,10,qkv,2048,1477,0.72119140625,0.896492063999176
init-init,proj-alpaca-r50-s0,proj-selfdoc-r50-s0,L10.o,10,o,2048,1477,0.72119140625,0.9027589559555054
final-final,proj-alpaca-r50-s0,proj-selfdoc-r50-s0,L10.o,10,o,2048,1477,0.72119140625,0.9000983834266663
init-init,proj-alpaca-r50-s0,proj-selfdoc-r50-s0,L10.gateup,10,gateup,2048,1191,0.58154296875,0.806916356086731
final-final,proj-alpaca-r50-s0,proj-selfdoc-r50-s0,L10.gateup,10,gateup,2048,1191,0.58154296875,0.8038282990455627
init-init,proj-alpaca-r50-s0,proj-selfdoc-r50-s0,L10.down,10,down,2048,1191,0.58154296875,0.8560324311256409
final-final,proj-alpaca-r50-s0,proj-selfdoc-r50-s0,L10.down,10,down,2048,1191,0.58154296875,0.8521047830581665
init-init,proj-alpaca-r50-s0,proj-selfdoc-r50-s0,L11.qkv,11,qkv,2048,1477,0.72119140625,0.9110769033432007
final-final,proj-alpaca-r50-s0,proj-selfdoc-r50-s0,L11.qkv,11,qkv,2048,1477,0.72119140625,0.9087840914726257
init-init,proj-alpaca-r50-s0,proj-selfdoc-r50-s0,L11.o,11,o,2048,1477,0.72119140625,0.9304317831993103
final-final,proj-alpaca-r50-s0,proj-selfdoc-r50-s0,L11.o,11,o,2048,1477,0.72119140625,0.9276469945907593
init-init,proj-alpaca-r50-s0,proj-selfdoc-r50-s0,L11.gateup,11,gateup,2048,1191,0.58154296875,0.8097146153450012
final-final,proj-alpaca-r50-s0,proj-selfdoc-r50-s0,L11.gateup,11,gateup,2048,1191,0.58154296875,0.8063433170318604
init-init,proj-alpaca-r50-s0,proj-selfdoc-r50-s0,L11.down,11,down,2048,1191,0.58154296875,0.8672698736190796
final-final,proj-alpaca-r50-s0,proj-selfdoc-r50-s0,L11.down,11,down,2048,1191,0.58154296875,0.8628631830215454
init-init,proj-alpaca-r50-s0,proj-selfdoc-r50-s0,L12.qkv,12,qkv,2048,1477,0.72119140625,0.9025141596794128
final-final,proj-alpaca-r50-s0,proj-selfdoc-r50-s0,L12.qkv,12,qkv,2048,1477,0.72119140625,0.9004338383674622
init-init,proj-alpaca-r50-s0,proj-selfdoc-r50-s0,L12.o,12,o,2048,1477,0.72119140625,0.9159446358680725
final-final,proj-alpaca-r50-s0,proj-selfdoc-r50-s0,L12.o,12,o,2048,1477,0.72119140625,0.9130565524101257
init-init,proj-alpaca-r50-s0,proj-selfdoc-r50-s0,L12.gateup,12,gateup,2048,1191,0.58154296875,0.8080820441246033
final-final,proj-alpaca-r50-s0,proj-selfdoc-r50-s0,L12.gateup,12,gateup,2048,1191,0.58154296875,0.8047142624855042
init-init,proj-alpaca-r50-s0,proj-selfdoc-r50-s0,L12.down,12,down,2048,1191,0.58154296875,0.8754129409790039
final-final,proj-alpaca-r50-s0,proj-selfdoc-r50-s0,L12.down,12,down,2048,1191,0.58154296875,0.8709455132484436
init-init,proj-alpaca-r50-s0,proj-selfdoc-r50-s0,L13.qkv,13,qkv,2048,1477,0.72119140625,0.9040663242340088
final-final,proj-alpaca-r50-s0,proj-selfdoc-r50-s0,L13.qkv,13,qkv,2048,1477,0.72119140625,0.9017587304115295
init-init,proj-alpaca-r50-s0,proj-selfdoc-r50-s0,L13.o,13,o,2048,1477,0.72119140625,0.9190558791160583
final-final,proj-alpaca-r50-s0,proj-selfdoc-r50-s0,L13.o,13,o,2048,1477,0.72119140625,0.9162164926528931
init-init,proj-alpaca-r50-s0,proj-selfdoc-r50-s0,L13.gateup,13,gateup,2048,1191,0.58154296875,0.8074597120285034
final-final,proj-alpaca-r50-s0,proj-selfdoc-r50-s0,L13.gateup,13,gateup,2048,1191,0.58154296875,0.8040502667427063
init-init,proj-alpaca-r50-s0,proj-selfdoc-r50-s0,L13.down,13,down,2048,1191,0.58154296875,0.8767868876457214
final-final,proj-alpaca-r50-s0,proj-selfdoc-r50-s0,L13.down,13,down,2048,1191,0.58154296875,0.872265636920929
init-init,proj-alpaca-r50-s0,proj-selfdoc-r50-s0,L14.qkv,14,qkv,2048,1477,0.72119140625,0.9027042984962463
final-final,proj-alpaca-r50-s0,proj-selfdoc-r50-s0,L14.qkv,14,qkv,2048,1477,0.72119140625,0.9007627367973328
init-init,proj-alpaca-r50-s0,proj-selfdoc-r50-s0,L14.o,14,o,2048,1477,0.72119140625,0.9134221076965332
final-final,proj-alpaca-r50-s0,proj-selfdoc-r50-s0,L14.o,14,o,2048,1477,0.72119140625,0.9108919501304626
init-init,proj-alpaca-r50-s0,proj-selfdoc-r50-s0,L14.gateup,14,gateup,2048,1191,0.58154296875,0.8071117997169495
final-final,proj-alpaca-r50-s0,proj-selfdoc-r50-s0,L14.gateup,14,gateup,2048,1191,0.58154296875,0.8041782975196838
init-init,proj-alpaca-r50-s0,proj-selfdoc-r50-s0,L14.down,14,down,2048,1191,0.58154296875,0.8779776692390442
final-final,proj-alpaca-r50-s0,proj-selfdoc-r50-s0,L14.down,14,down,2048,1191,0.58154296875,0.8731797933578491
init-init,proj-alpaca-r50-s0,proj-selfdoc-r50-s0,L15.qkv,15,qkv,2048,1477,0.72119140625,0.8986251950263977
final-final,proj-alpaca-r50-s0,proj-selfdoc-r50-s0,L15.qkv,15,qkv,2048,1477,0.72119140625,0.8968662023544312
init-init,proj-alpaca-r50-s0,proj-selfdoc-r50-s0,L15.o,15,o,2048,1477,0.72119140625,0.9190757274627686
final-final,proj-alpaca-r50-s0,proj-selfdoc-r50-s0,L15.o,15,o,2048,1477,0.72119140625,0.9161773324012756
init-init,proj-alpaca-r50-s0,proj-selfdoc-r50-s0,L15.gateup,15,gateup,2048,1191,0.58154296875,0.8101939558982849
final-final,proj-alpaca-r50-s0,proj-selfdoc-r50-s0,L15.gateup,15,gateup,2048,1191,0.58154296875,0.8069806694984436
init-init,proj-alpaca-r50-s0,proj-selfdoc-r50-s0,L15.down,15,down,2048,1191,0.58154296875,0.8683034181594849
final-final,proj-alpaca-r50-s0,proj-selfdoc-r50-s0,L15.down,15,down,2048,1191,0.58154296875,0.8638619780540466
init-init,proj-alpaca-r50-s0,proj-selfdoc-r50-s0,L16.qkv,16,qkv,2048,1477,0.72119140625,0.9002006649971008
final-final,proj-alpaca-r50-s0,proj-selfdoc-r50-s0,L16.qkv,16,qkv,2048,1477,0.72119140625,0.8983665704727173
init-init,proj-alpaca-r50-s0,proj-selfdoc-r50-s0,L16.o,16,o,2048,1477,0.72119140625,0.914048433303833
final-final,proj-alpaca-r50-s0,proj-selfdoc-r50-s0,L16.o,16,o,2048,1477,0.72119140625,0.9111225605010986
init-init,proj-alpaca-r50-s0,proj-selfdoc-r50-s0,L16.gateup,16,gateup,2048,1191,0.58154296875,0.8126437067985535
final-final,proj-alpaca-r50-s0,proj-selfdoc-r50-s0,L16.gateup,16,gateup,2048,1191,0.58154296875,0.8099862933158875
init-init,proj-alpaca-r50-s0,proj-selfdoc-r50-s0,L16.down,16,down,2048,1191,0.58154296875,0.866888701915741
final-final,proj-alpaca-r50-s0,proj-selfdoc-r50-s0,L16.down,16,down,2048,1191,0.58154296875,0.8622601628303528
init-init,proj-alpaca-r50-s0,proj-selfdoc-r50-s0,L17.qkv,17,qkv,2048,1477,0.72119140625,0.8918465971946716
final-final,proj-alpaca-r50-s0,proj-selfdoc-r50-s0,L17.qkv,17,qkv,2048,1477,0.72119140625,0.8899760246276855
init-init,proj-alpaca-r50-s0,proj-selfdoc-r50-s0,L17.o,17,o,2048,1477,0.72119140625,0.9245173931121826
final-final,proj-alpaca-r50-s0,proj-selfdoc-r50-s0,L17.o,17,o,2048,1477,0.72119140625,0.9210712313652039
init-init,proj-alpaca-r50-s0,proj-selfdoc-r50-s0,L17.gateup,17,gateup,2048,1191,0.58154296875,0.8167099952697754
final-final,proj-alpaca-r50-s0,proj-selfdoc-r50-s0,L17.gateup,17,gateup,2048,1191,0.58154296875,0.8132814764976501
init-init,proj-alpaca-r50-s0,proj-selfdoc-r50-s0,L17.down,17,down,2048,1191,0.58154296875,0.848031759262085
final-final,proj-alpaca-r50-s0,proj-selfdoc-r50-s0,L17.down,17,down,2048,1191,0.58154296875,0.8431825637817383
init-init,proj-alpaca-r50-s0,proj-selfdoc-r50-s0,L18.qkv,18,qkv,2048,1477,0.72119140625,0.8935589790344238
final-final,proj-alpaca-r50-s0,proj-selfdoc-r50-s0,L18.qkv,18,qkv,2048,1477,0.72119140625,0.8917645215988159
init-init,proj-alpaca-r50-s0,proj-selfdoc-r50-s0,L18.o,18,o,2048,1477,0.72119140625,0.9060377478599548
final-final,proj-alpaca-r50-s0,proj-selfdoc-r50-s0,L18.o,18,o,2048,1477,0.72119140625,0.9030624032020569
init-init,proj-alpaca-r50-s0,proj-selfdoc-r50-s0,L18.gateup,18,gateup,2048,1191,0.58154296875,0.8035290241241455
final-final,proj-alpaca-r50-s0,proj-selfdoc-r50-s0,L18.gateup,18,gateup,2048,1191,0.58154296875,0.8000664114952087
init-init,proj-alpaca-r50-s0,proj-selfdoc-r50-s0,L18.down,18,down,2048,1191,0.58154296875,0.8400949835777283
final-final,proj-alpaca-r50-s0,proj-selfdoc-r50-s0,L18.down,18,down,2048,1191,0.58154296875,0.8351510167121887
init-init,proj-alpaca-r50-s0,proj-selfdoc-r50-s0,L19.qkv,19,qkv,2048,1477,0.72119140625,0.891994833946228
final-final,proj-alpaca-r50-s0,proj-selfdoc-r50-s0,L19.qkv,19,qkv,2048,1477,0.72119140625,0.890301525592804
init-init,proj-alpaca-r50-s0,proj-selfdoc-r50-s0,L19.o,19,o,2048,1477,0.72119140625,0.9180324673652649
final-final,proj-alpaca-r50-s0,proj-selfdoc-r50-s0,L19.o,19,o,2048,1477,0.72119140625,0.9148197174072266
init-init,proj-alpaca-r50-s0,proj-selfdoc-r50-s0,L19.gateup,19,gateup,2048,1191,0.58154296875,0.8011516332626343
final-final,proj-alpaca-r50-s0,proj-selfdoc-r50-s0,L19.gateup,19,gateup,2048,1191,0.58154296875,0.7974970936775208
init-init,proj-alpaca-r50-s0,proj-selfdoc-r50-s0,L19.down,19,down,2048,1191,0.58154296875,0.8465937376022339
final-final,proj-alpaca-r50-s0,proj-selfdoc-r50-s0,L19.down,19,down,2048,1191,0.58154296875,0.8412503600120544
init-init,proj-alpaca-r50-s0,proj-selfdoc-r50-s0,L20.qkv,20,qkv,2048,1477,0.72119140625,0.8980777859687805
final-final,proj-alpaca-r50-s0,proj-selfdoc-r50-s0,L20.qkv,20,qkv,2048,1477,0.72119140625,0.8962345719337463
init-init,proj-alpaca-r50-s0,proj-selfdoc-r50-s0,L20.o,20,o,2048,1477,0.72119140625,0.9040724039077759
final-final,proj-alpaca-r50-s0,proj-selfdoc-r50-s0,L20.o,20,o,2048,1477,0.72119140625,0.900366485118866
init-init,proj-alpaca-r50-s0,proj-selfdoc-r50-s0,L20.gateup,20,gateup,2048,1191,0.58154296875,0.8021271824836731
final-final,proj-alpaca-r50-s0,proj-selfdoc-r50-s0,L20.gateup,20,gateup,2048,1191,0.58154296875,0.79839688539505
init-init,proj-alpaca-r50-s0,proj-selfdoc-r50-s0,L20.down,20,down,2048,1191,0.58154296875,0.8369906544685364
final-final,proj-alpaca-r50-s0,proj-selfdoc-r50-s0,L20.down,20,down,2048,1191,0.58154296875,0.8311328291893005
init-init,proj-alpaca-r50-s0,proj-selfdoc-r50-s0,L21.qkv,21,qkv,2048,1477,0.72119140625,0.8923326134681702
final-final,proj-alpaca-r50-s0,proj-selfdoc-r50-s0,L21.qkv,21,qkv,2048,1477,0.72119140625,0.8904736638069153
init-init,proj-alpaca-r50-s0,proj-selfdoc-r50-s0,L21.o,21,o,2048,1477,0.72119140625,0.9027279615402222
final-final,proj-alpaca-r50-s0,proj-selfdoc-r50-s0,L21.o,21,o,2048,1477,0.72119140625,0.8993540406227112
init-init,proj-alpaca-r50-s0,proj-selfdoc-r50-s0,L21.gateup,21,gateup,2048,1191,0.58154296875,0.792264997959137
final-final,proj-alpaca-r50-s0,proj-selfdoc-r50-s0,L21.gateup,21,gateup,2048,1191,0.58154296875,0.7881008982658386
init-init,proj-alpaca-r50-s0,proj-selfdoc-r50-s0,L21.down,21,down,2048,1191,0.58154296875,0.8227882385253906
final-final,proj-alpaca-r50-s0,proj-selfdoc-r50-s0,L21.down,21,down,2048,1191,0.58154296875,0.817144513130188
init-init,proj-alpaca-r50-s0,proj-selfdoc-r50-s0,L22.qkv,22,qkv,2048,1477,0.72119140625,0.8936132788658142
final-final,proj-alpaca-r50-s0,proj-selfdoc-r50-s0,L22.qkv,22,qkv,2048,1477,0.72119140625,0.8918417096138
init-init,proj-alpaca-r50-s0,proj-selfdoc-r50-s0,L22.o,22,o,2048,1477,0.72119140625,0.8797984719276428
final-final,proj-alpaca-r50-s0,proj-selfdoc-r50-s0,L22.o,22,o,2048,1477,0.72119140625,0.8770992159843445
init-init,proj-alpaca-r50-s0,proj-selfdoc-r50-s0,L22.gateup,22,gateup,2048,1191,0.58154296875,0.7866740822792053
final-final,proj-alpaca-r50-s0,proj-selfdoc-r50-s0,L22.gateup,22,gateup,2048,1191,0.58154296875,0.7822913527488708
init-init,proj-alpaca-r50-s0,proj-selfdoc-r50-s0,L22.down,22,down,2048,1191,0.58154296875,0.8187370300292969
final-final,proj-alpaca-r50-s0,proj-selfdoc-r50-s0,L22.down,22,down,2048,1191,0.58154296875,0.8131230473518372
init-init,proj-alpaca-r50-s0,proj-selfdoc-r50-s0,L23.qkv,23,qkv,2048,1477,0.72119140625,0.8937731981277466
final-final,proj-alpaca-r50-s0,proj-selfdoc-r50-s0,L23.qkv,23,qkv,2048,1477,0.72119140625,0.8919559121131897
init-init,proj-alpaca-r50-s0,proj-selfdoc-r50-s0,L23.o,23,o,2048,1477,0.72119140625,0.8723053336143494
final-final,proj-alpaca-r50-s0,proj-selfdoc-r50-s0,L23.o,23,o,2048,1477,0.72119140625,0.8694812655448914
init-init,proj-alpaca-r50-s0,proj-selfdoc-r50-s0,L23.gateup,23,gateup,2048,1191,0.58154296875,0.7766842246055603
final-final,proj-alpaca-r50-s0,proj-selfdoc-r50-s0,L23.gateup,23,gateup,2048,1191,0.58154296875,0.7724840044975281
init-init,proj-alpaca-r50-s0,proj-selfdoc-r50-s0,L23.down,23,down,2048,1191,0.58154296875,0.8251062035560608
final-final,proj-alpaca-r50-s0,proj-selfdoc-r50-s0,L23.down,23,down,2048,1191,0.58154296875,0.8194260001182556
init-init,proj-alpaca-r50-s0,proj-selfdoc-r50-s0,L24.qkv,24,qkv,2048,1477,0.72119140625,0.8953362107276917
final-final,proj-alpaca-r50-s0,proj-selfdoc-r50-s0,L24.qkv,24,qkv,2048,1477,0.72119140625,0.893324077129364
init-init,proj-alpaca-r50-s0,proj-selfdoc-r50-s0,L24.o,24,o,2048,1477,0.72119140625,0.8600170016288757
final-final,proj-alpaca-r50-s0,proj-selfdoc-r50-s0,L24.o,24,o,2048,1477,0.72119140625,0.8573464751243591
init-init,proj-alpaca-r50-s0,proj-selfdoc-r50-s0,L24.gateup,24,gateup,2048,1191,0.58154296875,0.7725556492805481
final-final,proj-alpaca-r50-s0,proj-selfdoc-r50-s0,L24.gateup,24,gateup,2048,1191,0.58154296875,0.7683307528495789
init-init,proj-alpaca-r50-s0,proj-selfdoc-r50-s0,L24.down,24,down,2048,1191,0.58154296875,0.8267857432365417
final-final,proj-alpaca-r50-s0,proj-selfdoc-r50-s0,L24.down,24,down,2048,1191,0.58154296875,0.8218395709991455
init-init,proj-alpaca-r50-s0,proj-selfdoc-r50-s0,L25.qkv,25,qkv,2048,1477,0.72119140625,0.8979701995849609
final-final,proj-alpaca-r50-s0,proj-selfdoc-r50-s0,L25.qkv,25,qkv,2048,1477,0.72119140625,0.8959621787071228
init-init,proj-alpaca-r50-s0,proj-selfdoc-r50-s0,L25.o,25,o,2048,1477,0.72119140625,0.8276495933532715
final-final,proj-alpaca-r50-s0,proj-selfdoc-r50-s0,L25.o,25,o,2048,1477,0.72119140625,0.8255094289779663
init-init,proj-alpaca-r50-s0,proj-selfdoc-r50-s0,L25.gateup,25,gateup,2048,1191,0.58154296875,0.7703289985656738
final-final,proj-alpaca-r50-s0,proj-selfdoc-r50-s0,L25.gateup,25,gateup,2048,1191,0.58154296875,0.7663342356681824
init-init,proj-alpaca-r50-s0,proj-selfdoc-r50-s0,L25.down,25,down,2048,1191,0.58154296875,0.8293030261993408
final-final,proj-alpaca-r50-s0,proj-selfdoc-r50-s0,L25.down,25,down,2048,1191,0.58154296875,0.8239242434501648
init-init,proj-alpaca-r50-s0,proj-selfdoc-r50-s0,L26.qkv,26,qkv,2048,1477,0.72119140625,0.8970235586166382
final-final,proj-alpaca-r50-s0,proj-selfdoc-r50-s0,L26.qkv,26,qkv,2048,1477,0.72119140625,0.8954031467437744
init-init,proj-alpaca-r50-s0,proj-selfdoc-r50-s0,L26.o,26,o,2048,1477,0.72119140625,0.8492603898048401
final-final,proj-alpaca-r50-s0,proj-selfdoc-r50-s0,L26.o,26,o,2048,1477,0.72119140625,0.8470506072044373
init-init,proj-alpaca-r50-s0,proj-selfdoc-r50-s0,L26.gateup,26,gateup,2048,1191,0.58154296875,0.7705397605895996
final-final,proj-alpaca-r50-s0,proj-selfdoc-r50-s0,L26.gateup,26,gateup,2048,1191,0.58154296875,0.7675761580467224
init-init,proj-alpaca-r50-s0,proj-selfdoc-r50-s0,L26.down,26,down,2048,1191,0.58154296875,0.8346145749092102
final-final,proj-alpaca-r50-s0,proj-selfdoc-r50-s0,L26.down,26,down,2048,1191,0.58154296875,0.8303824067115784
init-init,proj-alpaca-r50-s0,proj-selfdoc-r50-s0,L27.qkv,27,qkv,2048,1477,0.72119140625,0.8519576787948608
final-final,proj-alpaca-r50-s0,proj-selfdoc-r50-s0,L27.qkv,27,qkv,2048,1477,0.72119140625,0.8501662611961365
init-init,proj-alpaca-r50-s0,proj-selfdoc-r50-s0,L27.o,27,o,2048,1477,0.72119140625,0.8938315510749817
final-final,proj-alpaca-r50-s0,proj-selfdoc-r50-s0,L27.o,27,o,2048,1477,0.72119140625,0.8915975093841553
init-init,proj-alpaca-r50-s0,proj-selfdoc-r50-s0,L27.gateup,27,gateup,2048,1191,0.58154296875,0.7608669996261597
final-final,proj-alpaca-r50-s0,proj-selfdoc-r50-s0,L27.gateup,27,gateup,2048,1191,0.58154296875,0.7591057419776917
init-init,proj-alpaca-r50-s0,proj-selfdoc-r50-s0,L27.down,27,down,2048,1191,0.58154296875,0.8298851251602173
final-final,proj-alpaca-r50-s0,proj-selfdoc-r50-s0,L27.down,27,down,2048,1191,0.58154296875,0.8285976648330688
init-init,proj-selfgen-r50-s0,proj-selfdoc-r50-s0,L0.qkv,0,qkv,2048,1477,0.72119140625,0.9797220826148987
final-final,proj-selfgen-r50-s0,proj-selfdoc-r50-s0,L0.qkv,0,qkv,2048,1477,0.72119140625,0.9740206003189087
init-init,proj-selfgen-r50-s0,proj-selfdoc-r50-s0,L0.o,0,o,2048,1477,0.72119140625,0.982062816619873
final-final,proj-selfgen-r50-s0,proj-selfdoc-r50-s0,L0.o,0,o,2048,1477,0.72119140625,0.9773249626159668
init-init,proj-selfgen-r50-s0,proj-selfdoc-r50-s0,L0.gateup,0,gateup,2048,1191,0.58154296875,0.9883628487586975
final-final,proj-selfgen-r50-s0,proj-selfdoc-r50-s0,L0.gateup,0,gateup,2048,1191,0.58154296875,0.9817567467689514
init-init,proj-selfgen-r50-s0,proj-selfdoc-r50-s0,L0.down,0,down,2048,1191,0.58154296875,0.9650883078575134
final-final,proj-selfgen-r50-s0,proj-selfdoc-r50-s0,L0.down,0,down,2048,1191,0.58154296875,0.9591494798660278
init-init,proj-selfgen-r50-s0,proj-selfdoc-r50-s0,L1.qkv,1,qkv,2048,1477,0.72119140625,0.9851064085960388
final-final,proj-selfgen-r50-s0,proj-selfdoc-r50-s0,L1.qkv,1,qkv,2048,1477,0.72119140625,0.9796775579452515
init-init,proj-selfgen-r50-s0,proj-selfdoc-r50-s0,L1.o,1,o,2048,1477,0.72119140625,0.9811022877693176
final-final,proj-selfgen-r50-s0,proj-selfdoc-r50-s0,L1.o,1,o,2048,1477,0.72119140625,0.9768084287643433
init-init,proj-selfgen-r50-s0,proj-selfdoc-r50-s0,L1.gateup,1,gateup,2048,1191,0.58154296875,0.9715761542320251
final-final,proj-selfgen-r50-s0,proj-selfdoc-r50-s0,L1.gateup,1,gateup,2048,1191,0.58154296875,0.9654960036277771
init-init,proj-selfgen-r50-s0,proj-selfdoc-r50-s0,L1.down,1,down,2048,1191,0.58154296875,0.9483607411384583
final-final,proj-selfgen-r50-s0,proj-selfdoc-r50-s0,L1.down,1,down,2048,1191,0.58154296875,0.9422034621238708
init-init,proj-selfgen-r50-s0,proj-selfdoc-r50-s0,L2.qkv,2,qkv,2048,1477,0.72119140625,0.9843812584877014
final-final,proj-selfgen-r50-s0,proj-selfdoc-r50-s0,L2.qkv,2,qkv,2048,1477,0.72119140625,0.9792145490646362
init-init,proj-selfgen-r50-s0,proj-selfdoc-r50-s0,L2.o,2,o,2048,1477,0.72119140625,0.9812779426574707
final-final,proj-selfgen-r50-s0,proj-selfdoc-r50-s0,L2.o,2,o,2048,1477,0.72119140625,0.9760646820068359
init-init,proj-selfgen-r50-s0,proj-selfdoc-r50-s0,L2.gateup,2,gateup,2048,1191,0.58154296875,0.9660609364509583
final-final,proj-selfgen-r50-s0,proj-selfdoc-r50-s0,L2.gateup,2,gateup,2048,1191,0.58154296875,0.9592762589454651
init-init,proj-selfgen-r50-s0,proj-selfdoc-r50-s0,L2.down,2,down,2048,1191,0.58154296875,0.9568533301353455
final-final,proj-selfgen-r50-s0,proj-selfdoc-r50-s0,L2.down,2,down,2048,1191,0.58154296875,0.9506456851959229
init-init,proj-selfgen-r50-s0,proj-selfdoc-r50-s0,L3.qkv,3,qkv,2048,1477,0.72119140625,0.9836506247520447
final-final,proj-selfgen-r50-s0,proj-selfdoc-r50-s0,L3.qkv,3,qkv,2048,1477,0.72119140625,0.9792253971099854
init-init,proj-selfgen-r50-s0,proj-selfdoc-r50-s0,L3.o,3,o,2048,1477,0.72119140625,0.9709259271621704
final-final,proj-selfgen-r50-s0,proj-selfdoc-r50-s0,L3.o,3,o,2048,1477,0.72119140625,0.9651807546615601
init-init,proj-selfgen-r50-s0,proj-selfdoc-r50-s0,L3.gateup,3,gateup,2048,1191,0.58154296875,0.9618238806724548
final-final,proj-selfgen-r50-s0,proj-selfdoc-r50-s0,L3.gateup,3,gateup,2048,1191,0.58154296875,0.954513669013977
init-init,proj-selfgen-r50-s0,proj-selfdoc-r50-s0,L3.down,3,down,2048,1191,0.58154296875,0.9625808000564575
final-final,proj-selfgen-r50-s0,proj-selfdoc-r50-s0,L3.down,3,down,2048,1191,0.58154296875,0.9559290409088135
init-init,proj-selfgen-r50-s0,proj-selfdoc-r50-s0,L4.qkv,4,qkv,2048,1477,0.72119140625,0.981506884098053
final-final,proj-selfgen-r50-s0,proj-selfdoc-r50-s0,L4.qkv,4,qkv,2048,1477,0.72119140625,0.97718346118927
init-init,proj-selfgen-r50-s0,proj-selfdoc-r50-s0,L4.o,4,o,2048,1477,0.72119140625,0.9721513986587524
final-final,proj-selfgen-r50-s0,proj-selfdoc-r50-s0,L4.o,4,o,2048,1477,0.72119140625,0.9671143889427185
init-init,proj-selfgen-r50-s0,proj-selfdoc-r50-s0,L4.gateup,4,gateup,2048,1191,0.58154296875,0.9591160416603088
final-final,proj-selfgen-r50-s0,proj-selfdoc-r50-s0,L4.gateup,4,gateup,2048,1191,0.58154296875,0.9518558979034424
init-init,proj-selfgen-r50-s0,proj-selfdoc-r50-s0,L4.down,4,down,2048,1191,0.58154296875,0.9638975858688354
final-final,proj-selfgen-r50-s0,proj-selfdoc-r50-s0,L4.down,4,down,2048,1191,0.58154296875,0.9574354887008667
init-init,proj-selfgen-r50-s0,proj-selfdoc-r50-s0,L5.qkv,5,qkv,2048,1477,0.72119140625,0.9819269776344299
final-final,proj-selfgen-r50-s0,proj-selfdoc-r50-s0,L5.qkv,5,qkv,2048,1477,0.72119140625,0.9779869914054871
init-init,proj-selfgen-r50-s0,proj-selfdoc-r50-s0,L5.o,5,o,2048,1477,0.72119140625,0.9821486473083496
final-final,proj-selfgen-r50-s0,proj-selfdoc-r50-s0,L5.o,5,o,2048,1477,0.72119140625,0.9768037796020508
init-init,proj-selfgen-r50-s0,proj-selfdoc-r50-s0,L5.gateup,5,gateup,2048,1191,0.58154296875,0.9565837383270264
final-final,proj-selfgen-r50-s0,proj-selfdoc-r50-s0,L5.gateup,5,gateup,2048,1191,0.58154296875,0.9496986269950867
init-init,proj-selfgen-r50-s0,proj-selfdoc-r50-s0,L5.down,5,down,2048,1191,0.58154296875,0.9695828557014465
final-final,proj-selfgen-r50-s0,proj-selfdoc-r50-s0,L5.down,5,down,2048,1191,0.58154296875,0.9629889130592346
init-init,proj-selfgen-r50-s0,proj-selfdoc-r50-s0,L6.qkv,6,qkv,2048,1477,0.72119140625,0.9844967722892761
final-final,proj-selfgen-r50-s0,proj-selfdoc-r50-s0,L6.qkv,6,qkv,2048,1477,0.72119140625,0.9801605939865112
init-init,proj-selfgen-r50-s0,proj-selfdoc-r50-s0,L6.o,6,o,2048,1477,0.72119140625,0.9775590300559998
final-final,proj-selfgen-r50-s0,proj-selfdoc-r50-s0,L6.o,6,o,2048,1477,0.72119140625,0.972159743309021
init-init,proj-selfgen-r50-s0,proj-selfdoc-r50-s0,L6.gateup,6,gateup,2048,1191,0.58154296875,0.9572796821594238
final-final,proj-selfgen-r50-s0,proj-selfdoc-r50-s0,L6.gateup,6,gateup,2048,1191,0.58154296875,0.9505901336669922
init-init,proj-selfgen-r50-s0,proj-selfdoc-r50-s0,L6.down,6,down,2048,1191,0.58154296875,0.9684460163116455
final-final,proj-selfgen-r50-s0,proj-selfdoc-r50-s0,L6.down,6,down,2048,1191,0.58154296875,0.9620112180709839
init-init,proj-selfgen-r50-s0,proj-selfdoc-r50-s0,L7.qkv,7,qkv,2048,1477,0.72119140625,0.9812811613082886
final-final,proj-selfgen-r50-s0,proj-selfdoc-r50-s0,L7.qkv,7,qkv,2048,1477,0.72119140625,0.9771553874015808
init-init,proj-selfgen-r50-s0,proj-selfdoc-r50-s0,L7.o,7,o,2048,1477,0.72119140625,0.974749743938446
final-final,proj-selfgen-r50-s0,proj-selfdoc-r50-s0,L7.o,7,o,2048,1477,0.72119140625,0.9696035385131836
init-init,proj-selfgen-r50-s0,proj-selfdoc-r50-s0,L7.gateup,7,gateup,2048,1191,0.58154296875,0.9545082449913025
final-final,proj-selfgen-r50-s0,proj-selfdoc-r50-s0,L7.gateup,7,gateup,2048,1191,0.58154296875,0.9478265643119812
init-init,proj-selfgen-r50-s0,proj-selfdoc-r50-s0,L7.down,7,down,2048,1191,0.58154296875,0.966461718082428
final-final,proj-selfgen-r50-s0,proj-selfdoc-r50-s0,L7.down,7,down,2048,1191,0.58154296875,0.9601784348487854
init-init,proj-selfgen-r50-s0,proj-selfdoc-r50-s0,L8.qkv,8,qkv,2048,1477,0.72119140625,0.9836375713348389
final-final,proj-selfgen-r50-s0,proj-selfdoc-r50-s0,L8.qkv,8,qkv,2048,1477,0.72119140625,0.9794251918792725
init-init,proj-selfgen-r50-s0,proj-selfdoc-r50-s0,L8.o,8,o,2048,1477,0.72119140625,0.9659450650215149
final-final,proj-selfgen-r50-s0,proj-selfdoc-r50-s0,L8.o,8,o,2048,1477,0.72119140625,0.9607740640640259
init-init,proj-selfgen-r50-s0,proj-selfdoc-r50-s0,L8.gateup,8,gateup,2048,1191,0.58154296875,0.9484291076660156
final-final,proj-selfgen-r50-s0,proj-selfdoc-r50-s0,L8.gateup,8,gateup,2048,1191,0.58154296875,0.9419244527816772
init-init,proj-selfgen-r50-s0,proj-selfdoc-r50-s0,L8.down,8,down,2048,1191,0.58154296875,0.9658090472221375
final-final,proj-selfgen-r50-s0,proj-selfdoc-r50-s0,L8.down,8,down,2048,1191,0.58154296875,0.9596834778785706
init-init,proj-selfgen-r50-s0,proj-selfdoc-r50-s0,L9.qkv,9,qkv,2048,1477,0.72119140625,0.982620894908905
final-final,proj-selfgen-r50-s0,proj-selfdoc-r50-s0,L9.qkv,9,qkv,2048,1477,0.72119140625,0.9789487719535828
init-init,proj-selfgen-r50-s0,proj-selfdoc-r50-s0,L9.o,9,o,2048,1477,0.72119140625,0.9681676626205444
final-final,proj-selfgen-r50-s0,proj-selfdoc-r50-s0,L9.o,9,o,2048,1477,0.72119140625,0.963318407535553
init-init,proj-selfgen-r50-s0,proj-selfdoc-r50-s0,L9.gateup,9,gateup,2048,1191,0.58154296875,0.9462997913360596
final-final,proj-selfgen-r50-s0,proj-selfdoc-r50-s0,L9.gateup,9,gateup,2048,1191,0.58154296875,0.9397854208946228
init-init,proj-selfgen-r50-s0,proj-selfdoc-r50-s0,L9.down,9,down,2048,1191,0.58154296875,0.9604260325431824
final-final,proj-selfgen-r50-s0,proj-selfdoc-r50-s0,L9.down,9,down,2048,1191,0.58154296875,0.9545939564704895
init-init,proj-selfgen-r50-s0,proj-selfdoc-r50-s0,L10.qkv,10,qkv,2048,1477,0.72119140625,0.9801962971687317
final-final,proj-selfgen-r50-s0,proj-selfdoc-r50-s0,L10.qkv,10,qkv,2048,1477,0.72119140625,0.9759799242019653
init-init,proj-selfgen-r50-s0,proj-selfdoc-r50-s0,L10.o,10,o,2048,1477,0.72119140625,0.9739446043968201
final-final,proj-selfgen-r50-s0,proj-selfdoc-r50-s0,L10.o,10,o,2048,1477,0.72119140625,0.9689851999282837
init-init,proj-selfgen-r50-s0,proj-selfdoc-r50-s0,L10.gateup,10,gateup,2048,1191,0.58154296875,0.9443095922470093
final-final,proj-selfgen-r50-s0,proj-selfdoc-r50-s0,L10.gateup,10,gateup,2048,1191,0.58154296875,0.9383323192596436
init-init,proj-selfgen-r50-s0,proj-selfdoc-r50-s0,L10.down,10,down,2048,1191,0.58154296875,0.9636073708534241
final-final,proj-selfgen-r50-s0,proj-selfdoc-r50-s0,L10.down,10,down,2048,1191,0.58154296875,0.9577257633209229
init-init,proj-selfgen-r50-s0,proj-selfdoc-r50-s0,L11.qkv,11,qkv,2048,1477,0.72119140625,0.9833341240882874
final-final,proj-selfgen-r50-s0,proj-selfdoc-r50-s0,L11.qkv,11,qkv,2048,1477,0.72119140625,0.9788718819618225
init-init,proj-selfgen-r50-s0,proj-selfdoc-r50-s0,L11.o,11,o,2048,1477,0.72119140625,0.9788727760314941
final-final,proj-selfgen-r50-s0,proj-selfdoc-r50-s0,L11.o,11,o,2048,1477,0.72119140625,0.9742880463600159
init-init,proj-selfgen-r50-s0,proj-selfdoc-r50-s0,L11.gateup,11,gateup,2048,1191,0.58154296875,0.9439517855644226
final-final,proj-selfgen-r50-s0,proj-selfdoc-r50-s0,L11.gateup,11,gateup,2048,1191,0.58154296875,0.9375643730163574
init-init,proj-selfgen-r50-s0,proj-selfdoc-r50-s0,L11.down,11,down,2048,1191,0.58154296875,0.9664811491966248
final-final,proj-selfgen-r50-s0,proj-selfdoc-r50-s0,L11.down,11,down,2048,1191,0.58154296875,0.9602643251419067
init-init,proj-selfgen-r50-s0,proj-selfdoc-r50-s0,L12.qkv,12,qkv,2048,1477,0.72119140625,0.9805728793144226
final-final,proj-selfgen-r50-s0,proj-selfdoc-r50-s0,L12.qkv,12,qkv,2048,1477,0.72119140625,0.9764697551727295
init-init,proj-selfgen-r50-s0,proj-selfdoc-r50-s0,L12.o,12,o,2048,1477,0.72119140625,0.972443163394928
final-final,proj-selfgen-r50-s0,proj-selfdoc-r50-s0,L12.o,12,o,2048,1477,0.72119140625,0.9673413038253784
init-init,proj-selfgen-r50-s0,proj-selfdoc-r50-s0,L12.gateup,12,gateup,2048,1191,0.58154296875,0.9445840716362
final-final,proj-selfgen-r50-s0,proj-selfdoc-r50-s0,L12.gateup,12,gateup,2048,1191,0.58154296875,0.9380649328231812
init-init,proj-selfgen-r50-s0,proj-selfdoc-r50-s0,L12.down,12,down,2048,1191,0.58154296875,0.9704118371009827
final-final,proj-selfgen-r50-s0,proj-selfdoc-r50-s0,L12.down,12,down,2048,1191,0.58154296875,0.9641395211219788
init-init,proj-selfgen-r50-s0,proj-selfdoc-r50-s0,L13.qkv,13,qkv,2048,1477,0.72119140625,0.9819625020027161
final-final,proj-selfgen-r50-s0,proj-selfdoc-r50-s0,L13.qkv,13,qkv,2048,1477,0.72119140625,0.9773578643798828
init-init,proj-selfgen-r50-s0,proj-selfdoc-r50-s0,L13.o,13,o,2048,1477,0.72119140625,0.9758429527282715
final-final,proj-selfgen-r50-s0,proj-selfdoc-r50-s0,L13.o,13,o,2048,1477,0.72119140625,0.9709902405738831
init-init,proj-selfgen-r50-s0,proj-selfdoc-r50-s0,L13.gateup,13,gateup,2048,1191,0.58154296875,0.9471144080162048
final-final,proj-selfgen-r50-s0,proj-selfdoc-r50-s0,L13.gateup,13,gateup,2048,1191,0.58154296875,0.9406090378761292
init-init,proj-selfgen-r50-s0,proj-selfdoc-r50-s0,L13.down,13,down,2048,1191,0.58154296875,0.9733278751373291
final-final,proj-selfgen-r50-s0,proj-selfdoc-r50-s0,L13.down,13,down,2048,1191,0.58154296875,0.9670290946960449
init-init,proj-selfgen-r50-s0,proj-selfdoc-r50-s0,L14.qkv,14,qkv,2048,1477,0.72119140625,0.9814411401748657
final-final,proj-selfgen-r50-s0,proj-selfdoc-r50-s0,L14.qkv,14,qkv,2048,1477,0.72119140625,0.9774135947227478
init-init,proj-selfgen-r50-s0,proj-selfdoc-r50-s0,L14.o,14,o,2048,1477,0.72119140625,0.9728966355323792
final-final,proj-selfgen-r50-s0,proj-selfdoc-r50-s0,L14.o,14,o,2048,1477,0.72119140625,0.9682055115699768
init-init,proj-selfgen-r50-s0,proj-selfdoc-r50-s0,L14.gateup,14,gateup,2048,1191,0.58154296875,0.9491570591926575
final-final,proj-selfgen-r50-s0,proj-selfdoc-r50-s0,L14.gateup,14,gateup,2048,1191,0.58154296875,0.9430590271949768
init-init,proj-selfgen-r50-s0,proj-selfdoc-r50-s0,L14.down,14,down,2048,1191,0.58154296875,0.97563636302948
final-final,proj-selfgen-r50-s0,proj-selfdoc-r50-s0,L14.down,14,down,2048,1191,0.58154296875,0.9693784713745117
init-init,proj-selfgen-r50-s0,proj-selfdoc-r50-s0,L15.qkv,15,qkv,2048,1477,0.72119140625,0.982014000415802
final-final,proj-selfgen-r50-s0,proj-selfdoc-r50-s0,L15.qkv,15,qkv,2048,1477,0.72119140625,0.978045642375946
init-init,proj-selfgen-r50-s0,proj-selfdoc-r50-s0,L15.o,15,o,2048,1477,0.72119140625,0.9736469984054565
final-final,proj-selfgen-r50-s0,proj-selfdoc-r50-s0,L15.o,15,o,2048,1477,0.72119140625,0.9687666893005371
init-init,proj-selfgen-r50-s0,proj-selfdoc-r50-s0,L15.gateup,15,gateup,2048,1191,0.58154296875,0.9514795541763306
final-final,proj-selfgen-r50-s0,proj-selfdoc-r50-s0,L15.gateup,15,gateup,2048,1191,0.58154296875,0.9454978108406067
init-init,proj-selfgen-r50-s0,proj-selfdoc-r50-s0,L15.down,15,down,2048,1191,0.58154296875,0.9748173952102661
final-final,proj-selfgen-r50-s0,proj-selfdoc-r50-s0,L15.down,15,down,2048,1191,0.58154296875,0.9688081741333008
init-init,proj-selfgen-r50-s0,proj-selfdoc-r50-s0,L16.qkv,16,qkv,2048,1477,0.72119140625,0.9822359085083008
final-final,proj-selfgen-r50-s0,proj-selfdoc-r50-s0,L16.qkv,16,qkv,2048,1477,0.72119140625,0.9784117937088013
init-init,proj-selfgen-r50-s0,proj-selfdoc-r50-s0,L16.o,16,o,2048,1477,0.72119140625,0.9746732115745544
final-final,proj-selfgen-r50-s0,proj-selfdoc-r50-s0,L16.o,16,o,2048,1477,0.72119140625,0.9697822332382202
init-init,proj-selfgen-r50-s0,proj-selfdoc-r50-s0,L16.gateup,16,gateup,2048,1191,0.58154296875,0.952498733997345
final-final,proj-selfgen-r50-s0,proj-selfdoc-r50-s0,L16.gateup,16,gateup,2048,1191,0.58154296875,0.9470769166946411
init-init,proj-selfgen-r50-s0,proj-selfdoc-r50-s0,L16.down,16,down,2048,1191,0.58154296875,0.9763209819793701
final-final,proj-selfgen-r50-s0,proj-selfdoc-r50-s0,L16.down,16,down,2048,1191,0.58154296875,0.9701901078224182
init-init,proj-selfgen-r50-s0,proj-selfdoc-r50-s0,L17.qkv,17,qkv,2048,1477,0.72119140625,0.9790564179420471
final-final,proj-selfgen-r50-s0,proj-selfdoc-r50-s0,L17.qkv,17,qkv,2048,1477,0.72119140625,0.9750553369522095
init-init,proj-selfgen-r50-s0,proj-selfdoc-r50-s0,L17.o,17,o,2048,1477,0.72119140625,0.9765872955322266
final-final,proj-selfgen-r50-s0,proj-selfdoc-r50-s0,L17.o,17,o,2048,1477,0.72119140625,0.9717779159545898
init-init,proj-selfgen-r50-s0,proj-selfdoc-r50-s0,L17.gateup,17,gateup,2048,1191,0.58154296875,0.9535855650901794
final-final,proj-selfgen-r50-s0,proj-selfdoc-r50-s0,L17.gateup,17,gateup,2048,1191,0.58154296875,0.9476944208145142
init-init,proj-selfgen-r50-s0,proj-selfdoc-r50-s0,L17.down,17,down,2048,1191,0.58154296875,0.972777783870697
final-final,proj-selfgen-r50-s0,proj-selfdoc-r50-s0,L17.down,17,down,2048,1191,0.58154296875,0.9661480784416199
init-init,proj-selfgen-r50-s0,proj-selfdoc-r50-s0,L18.qkv,18,qkv,2048,1477,0.72119140625,0.9817712306976318
final-final,proj-selfgen-r50-s0,proj-selfdoc-r50-s0,L18.qkv,18,qkv,2048,1477,0.72119140625,0.9777883291244507
init-init,proj-selfgen-r50-s0,proj-selfdoc-r50-s0,L18.o,18,o,2048,1477,0.72119140625,0.9732006192207336
final-final,proj-selfgen-r50-s0,proj-selfdoc-r50-s0,L18.o,18,o,2048,1477,0.72119140625,0.9682803750038147
init-init,proj-selfgen-r50-s0,proj-selfdoc-r50-s0,L18.gateup,18,gateup,2048,1191,0.58154296875,0.9533863663673401
final-final,proj-selfgen-r50-s0,proj-selfdoc-r50-s0,L18.gateup,18,gateup,2048,1191,0.58154296875,0.9469541311264038
init-init,proj-selfgen-r50-s0,proj-selfdoc-r50-s0,L18.down,18,down,2048,1191,0.58154296875,0.9714999198913574
final-final,proj-selfgen-r50-s0,proj-selfdoc-r50-s0,L18.down,18,down,2048,1191,0.58154296875,0.9649064540863037
init-init,proj-selfgen-r50-s0,proj-selfdoc-r50-s0,L19.qkv,19,qkv,2048,1477,0.72119140625,0.9820040464401245
final-final,proj-selfgen-r50-s0,proj-selfdoc-r50-s0,L19.qkv,19,qkv,2048,1477,0.72119140625,0.978269636631012
init-init,proj-selfgen-r50-s0,proj-selfdoc-r50-s0,L19.o,19,o,2048,1477,0.72119140625,0.9768856167793274
final-final,proj-selfgen-r50-s0,proj-selfdoc-r50-s0,L19.o,19,o,2048,1477,0.72119140625,0.9720094203948975
init-init,proj-selfgen-r50-s0,proj-selfdoc-r50-s0,L19.gateup,19,gateup,2048,1191,0.58154296875,0.9543665051460266
final-final,proj-selfgen-r50-s0,proj-selfdoc-r50-s0,L19.gateup,19,gateup,2048,1191,0.58154296875,0.9475865960121155
init-init,proj-selfgen-r50-s0,proj-selfdoc-r50-s0,L19.down,19,down,2048,1191,0.58154296875,0.9730488061904907
final-final,proj-selfgen-r50-s0,proj-selfdoc-r50-s0,L19.down,19,down,2048,1191,0.58154296875,0.9658324718475342
init-init,proj-selfgen-r50-s0,proj-selfdoc-r50-s0,L20.qkv,20,qkv,2048,1477,0.72119140625,0.9826832413673401
final-final,proj-selfgen-r50-s0,proj-selfdoc-r50-s0,L20.qkv,20,qkv,2048,1477,0.72119140625,0.9791494011878967
init-init,proj-selfgen-r50-s0,proj-selfdoc-r50-s0,L20.o,20,o,2048,1477,0.72119140625,0.9754498600959778
final-final,proj-selfgen-r50-s0,proj-selfdoc-r50-s0,L20.o,20,o,2048,1477,0.72119140625,0.9700667858123779
init-init,proj-selfgen-r50-s0,proj-selfdoc-r50-s0,L20.gateup,20,gateup,2048,1191,0.58154296875,0.953606903553009
final-final,proj-selfgen-r50-s0,proj-selfdoc-r50-s0,L20.gateup,20,gateup,2048,1191,0.58154296875,0.9469045996665955
init-init,proj-selfgen-r50-s0,proj-selfdoc-r50-s0,L20.down,20,down,2048,1191,0.58154296875,0.9667900800704956
final-final,proj-selfgen-r50-s0,proj-selfdoc-r50-s0,L20.down,20,down,2048,1191,0.58154296875,0.958763599395752
init-init,proj-selfgen-r50-s0,proj-selfdoc-r50-s0,L21.qkv,21,qkv,2048,1477,0.72119140625,0.9820362329483032
final-final,proj-selfgen-r50-s0,proj-selfdoc-r50-s0,L21.qkv,21,qkv,2048,1477,0.72119140625,0.9784237146377563
init-init,proj-selfgen-r50-s0,proj-selfdoc-r50-s0,L21.o,21,o,2048,1477,0.72119140625,0.9698044061660767
final-final,proj-selfgen-r50-s0,proj-selfdoc-r50-s0,L21.o,21,o,2048,1477,0.72119140625,0.9648006558418274
init-init,proj-selfgen-r50-s0,proj-selfdoc-r50-s0,L21.gateup,21,gateup,2048,1191,0.58154296875,0.9470595717430115
final-final,proj-selfgen-r50-s0,proj-selfdoc-r50-s0,L21.gateup,21,gateup,2048,1191,0.58154296875,0.9398462772369385
init-init,proj-selfgen-r50-s0,proj-selfdoc-r50-s0,L21.down,21,down,2048,1191,0.58154296875,0.956720769405365
final-final,proj-selfgen-r50-s0,proj-selfdoc-r50-s0,L21.down,21,down,2048,1191,0.58154296875,0.9485766887664795
init-init,proj-selfgen-r50-s0,proj-selfdoc-r50-s0,L22.qkv,22,qkv,2048,1477,0.72119140625,0.9789620637893677
final-final,proj-selfgen-r50-s0,proj-selfdoc-r50-s0,L22.qkv,22,qkv,2048,1477,0.72119140625,0.9754514694213867
init-init,proj-selfgen-r50-s0,proj-selfdoc-r50-s0,L22.o,22,o,2048,1477,0.72119140625,0.9656735062599182
final-final,proj-selfgen-r50-s0,proj-selfdoc-r50-s0,L22.o,22,o,2048,1477,0.72119140625,0.9607590436935425
init-init,proj-selfgen-r50-s0,proj-selfdoc-r50-s0,L22.gateup,22,gateup,2048,1191,0.58154296875,0.9411908984184265
final-final,proj-selfgen-r50-s0,proj-selfdoc-r50-s0,L22.gateup,22,gateup,2048,1191,0.58154296875,0.93339604139328
init-init,proj-selfgen-r50-s0,proj-selfdoc-r50-s0,L22.down,22,down,2048,1191,0.58154296875,0.9491353034973145
final-final,proj-selfgen-r50-s0,proj-selfdoc-r50-s0,L22.down,22,down,2048,1191,0.58154296875,0.9410927891731262
init-init,proj-selfgen-r50-s0,proj-selfdoc-r50-s0,L23.qkv,23,qkv,2048,1477,0.72119140625,0.9787985682487488
final-final,proj-selfgen-r50-s0,proj-selfdoc-r50-s0,L23.qkv,23,qkv,2048,1477,0.72119140625,0.975220263004303
init-init,proj-selfgen-r50-s0,proj-selfdoc-r50-s0,L23.o,23,o,2048,1477,0.72119140625,0.9594749212265015
final-final,proj-selfgen-r50-s0,proj-selfdoc-r50-s0,L23.o,23,o,2048,1477,0.72119140625,0.9545260071754456
init-init,proj-selfgen-r50-s0,proj-selfdoc-r50-s0,L23.gateup,23,gateup,2048,1191,0.58154296875,0.9331542253494263
final-final,proj-selfgen-r50-s0,proj-selfdoc-r50-s0,L23.gateup,23,gateup,2048,1191,0.58154296875,0.925478458404541
init-init,proj-selfgen-r50-s0,proj-selfdoc-r50-s0,L23.down,23,down,2048,1191,0.58154296875,0.9510689377784729
final-final,proj-selfgen-r50-s0,proj-selfdoc-r50-s0,L23.down,23,down,2048,1191,0.58154296875,0.9430262446403503
init-init,proj-selfgen-r50-s0,proj-selfdoc-r50-s0,L24.qkv,24,qkv,2048,1477,0.72119140625,0.9797603487968445
final-final,proj-selfgen-r50-s0,proj-selfdoc-r50-s0,L24.qkv,24,qkv,2048,1477,0.72119140625,0.9758898615837097
init-init,proj-selfgen-r50-s0,proj-selfdoc-r50-s0,L24.o,24,o,2048,1477,0.72119140625,0.9469652771949768
final-final,proj-selfgen-r50-s0,proj-selfdoc-r50-s0,L24.o,24,o,2048,1477,0.72119140625,0.9420174956321716
init-init,proj-selfgen-r50-s0,proj-selfdoc-r50-s0,L24.gateup,24,gateup,2048,1191,0.58154296875,0.9265400171279907
final-final,proj-selfgen-r50-s0,proj-selfdoc-r50-s0,L24.gateup,24,gateup,2048,1191,0.58154296875,0.9188582897186279
init-init,proj-selfgen-r50-s0,proj-selfdoc-r50-s0,L24.down,24,down,2048,1191,0.58154296875,0.9542126655578613
final-final,proj-selfgen-r50-s0,proj-selfdoc-r50-s0,L24.down,24,down,2048,1191,0.58154296875,0.9474388360977173
init-init,proj-selfgen-r50-s0,proj-selfdoc-r50-s0,L25.qkv,25,qkv,2048,1477,0.72119140625,0.9781945943832397
final-final,proj-selfgen-r50-s0,proj-selfdoc-r50-s0,L25.qkv,25,qkv,2048,1477,0.72119140625,0.9744017124176025
init-init,proj-selfgen-r50-s0,proj-selfdoc-r50-s0,L25.o,25,o,2048,1477,0.72119140625,0.9392655491828918
final-final,proj-selfgen-r50-s0,proj-selfdoc-r50-s0,L25.o,25,o,2048,1477,0.72119140625,0.9342833161354065
init-init,proj-selfgen-r50-s0,proj-selfdoc-r50-s0,L25.gateup,25,gateup,2048,1191,0.58154296875,0.9226765632629395
final-final,proj-selfgen-r50-s0,proj-selfdoc-r50-s0,L25.gateup,25,gateup,2048,1191,0.58154296875,0.9161028265953064
init-init,proj-selfgen-r50-s0,proj-selfdoc-r50-s0,L25.down,25,down,2048,1191,0.58154296875,0.9542428851127625
final-final,proj-selfgen-r50-s0,proj-selfdoc-r50-s0,L25.down,25,down,2048,1191,0.58154296875,0.9471911787986755
init-init,proj-selfgen-r50-s0,proj-selfdoc-r50-s0,L26.qkv,26,qkv,2048,1477,0.72119140625,0.9750761389732361
final-final,proj-selfgen-r50-s0,proj-selfdoc-r50-s0,L26.qkv,26,qkv,2048,1477,0.72119140625,0.9716739654541016
init-init,proj-selfgen-r50-s0,proj-selfdoc-r50-s0,L26.o,26,o,2048,1477,0.72119140625,0.93222576379776
final-final,proj-selfgen-r50-s0,proj-selfdoc-r50-s0,L26.o,26,o,2048,1477,0.72119140625,0.928039014339447
init-init,proj-selfgen-r50-s0,proj-selfdoc-r50-s0,L26.gateup,26,gateup,2048,1191,0.58154296875,0.9178354740142822
final-final,proj-selfgen-r50-s0,proj-selfdoc-r50-s0,L26.gateup,26,gateup,2048,1191,0.58154296875,0.9124718904495239
init-init,proj-selfgen-r50-s0,proj-selfdoc-r50-s0,L26.down,26,down,2048,1191,0.58154296875,0.952750563621521
final-final,proj-selfgen-r50-s0,proj-selfdoc-r50-s0,L26.down,26,down,2048,1191,0.58154296875,0.9477937817573547
init-init,proj-selfgen-r50-s0,proj-selfdoc-r50-s0,L27.qkv,27,qkv,2048,1477,0.72119140625,0.9551267623901367
final-final,proj-selfgen-r50-s0,proj-selfdoc-r50-s0,L27.qkv,27,qkv,2048,1477,0.72119140625,0.9518882632255554
init-init,proj-selfgen-r50-s0,proj-selfdoc-r50-s0,L27.o,27,o,2048,1477,0.72119140625,0.9715193510055542
final-final,proj-selfgen-r50-s0,proj-selfdoc-r50-s0,L27.o,27,o,2048,1477,0.72119140625,0.9680788516998291
init-init,proj-selfgen-r50-s0,proj-selfdoc-r50-s0,L27.gateup,27,gateup,2048,1191,0.58154296875,0.9113298654556274
final-final,proj-selfgen-r50-s0,proj-selfdoc-r50-s0,L27.gateup,27,gateup,2048,1191,0.58154296875,0.9078733921051025
init-init,proj-selfgen-r50-s0,proj-selfdoc-r50-s0,L27.down,27,down,2048,1191,0.58154296875,0.9470460414886475
final-final,proj-selfgen-r50-s0,proj-selfdoc-r50-s0,L27.down,27,down,2048,1191,0.58154296875,0.9452358484268188
