pair,a,b,unit,block,kind,d,k,chance,overlap
init-final,proj-wikitext2-r30-s0,proj-wikitext2-r30-s0,L0.qkv,0,qkv,2048,1248,0.609375,0.9960293769836426
init-final,proj-wikitext2-r30-s0,proj-wikitext2-r30-s0,L0.o,0,o,2048,1248,0.609375,0.996756911277771
init-final,proj-wikitext2-r30-s0,proj-wikitext2-r30-s0,L0.gateup,0,gateup,2048,848,0.4140625,0.9957996606826782
init-final,proj-wikitext2-r30-s0,proj-wikitext2-r30-s0,L0.down,0,down,2048,848,0.4140625,0.9959829449653625
init-final,proj-wikitext2-r30-s0,proj-wikitext2-r30-s0,L1.qkv,1,qkv,2048,1248,0.609375,0.9966114163398743
init-final,proj-wikitext2-r30-s0,proj-wikitext2-r30-s0,L1.o,1,o,2048,1248,0.609375,0.9974570870399475
init-final,proj-wikitext2-r30-s0,proj-wikitext2-r30-s0,L1.gateup,1,gateup,2048,848,0.4140625,0.9961869120597839
init-final,proj-wikitext2-r30-s0,proj-wikitext2-r30-s0,L1.down,1,down,2048,848,0.4140625,0.9961469769477844
init-final,proj-wikitext2-r30-s0,proj-wikitext2-r30-s0,L2.qkv,2,qkv,2048,1248,0.609375,0.9971499443054199
init-final,proj-wikitext2-r30-s0,proj-wikitext2-r30-s0,L2.o,2,o,2048,1248,0.609375,0.9971969723701477
init-final,proj-wikitext2-r30-s0,proj-wikitext2-r30-s0,L2.gateup,2,gateup,2048,848,0.4140625,0.9958622455596924
init-final,proj-wikitext2-r30-s0,proj-wikitext2-r30-s0,L2.down,2,down,2048,848,0.4140625,0.9959368705749512
init-final,proj-wikitext2-r30-s0,proj-wikitext2-r30-s0,L3.qkv,3,qkv,2048,1248,0.609375,0.9976294040679932
init-final,proj-wikitext2-r30-s0,proj-wikitext2-r30-s0,L3.o,3,o,2048,1248,0.609375,0.9969056248664856
init-final,proj-wikitext2-r30-s0,proj-wikitext2-r30-s0,L3.gateup,3,gateup,2048,848,0.4140625,0.9956009984016418
init-final,proj-wikitext2-r30-s0,proj-wikitext2-r30-s0,L3.down,3,down,2048,848,0.4140625,0.9958281517028809
init-final,proj-wikitext2-r30-s0,proj-wikitext2-r30-s0,L4.qkv,4,qkv,2048,1248,0.609375,0.9974662661552429
init-final,proj-wikitext2-r30-s0,proj-wikitext2-r30-s0,L4.o,4,o,2048,1248,0.609375,0.9969322085380554
init-final,proj-wikitext2-r30-s0,proj-wikitext2-r30-s0,L4.gateup,4,gateup,2048,848,0.4140625,0.995534360408783
init-final,proj-wikitext2-r30-s0,proj-wikitext2-r30-s0,L4.down,4,down,2048,848,0.4140625,0.9958933591842651
init-final,proj-wikitext2-r30-s0,proj-wikitext2-r30-s0,L5.qkv,5,qkv,2048,1248,0.609375,0.9973993897438049
init-final,proj-wikitext2-r30-s0,proj-wikitext2-r30-s0,L5.o,5,o,2048,1248,0.609375,0.9969199895858765
init-final,proj-wikitext2-r30-s0,proj-wikitext2-r30-s0,L5.gateup,5,gateup,2048,848,0.4140625,0.9957239627838135
init-final,proj-wikitext2-r30-s0,proj-wikitext2-r30-s0,L5.down,5,down,2048,848,0.4140625,0.9959361553192139
init-final,proj-wikitext2-r30-s0,proj-wikitext2-r30-s0,L6.qkv,6,qkv,2048,1248,0.609375,0.9974355697631836
init-final,proj-wikitext2-r30-s0,proj-wikitext2-r30-s0,L6.o,6,o,2048,1248,0.609375,0.9969599843025208
init-final,proj-wikitext2-r30-s0,proj-wikitext2-r30-s0,L6.gateup,6,gateup,2048,848,0.4140625,0.9958148002624512
init-final,proj-wikitext2-r30-s0,proj-wikitext2-r30-s0,L6.down,6,down,2048,848,0.4140625,0.996020495891571
init-final,proj-wikitext2-r30-s0,proj-wikitext2-r30-s0,L7.qkv,7,qkv,2048,1248,0.609375,0.9975326061248779
init-final,proj-wikitext2-r30-s0,proj-wikitext2-r30-s0,L7.o,7,o,2048,1248,0.609375,0.9971276521682739
init-final,proj-wikitext2-r30-s0,proj-wikitext2-r30-s0,L7.gateup,7,gateup,2048,848,0.4140625,0.9957301616668701
init-final,proj-wikitext2-r30-s0,proj-wikitext2-r30-s0,L7.down,7,down,2048,848,0.4140625,0.9961214065551758
init-final,proj-wikitext2-r30-s0,proj-wikitext2-r30-s0,L8.qkv,8,qkv,2048,1248,0.609375,0.9976609349250793
init-final,proj-wikitext2-r30-s0,proj-wikitext2-r30-s0,L8.o,8,o,2048,1248,0.609375,0.9970508813858032
init-final,proj-wikitext2-r30-s0,proj-wikitext2-r30-s0,L8.gateup,8,gateup,2048,848,0.4140625,0.9957643151283264
init-final,proj-wikitext2-r30-s0,proj-wikitext2-r30-s0,L8.down,8,down,2048,848,0.4140625,0.9960551857948303
init-final,proj-wikitext2-r30-s0,proj-wikitext2-r30-s0,L9.qkv,9,qkv,2048,1248,0.609375,0.9976826310157776
init-final,proj-wikitext2-r30-s0,proj-wikitext2-r30-s0,L9.o,9,o,2048,1248,0.609375,0.9972991347312927
init-final,proj-wikitext2-r30-s0,proj-wikitext2-r30-s0,L9.gateup,9,gateup,2048,848,0.4140625,0.9958047270774841
init-final,proj-wikitext2-r30-s0,proj-wikitext2-r30-s0,L9.down,9,down,2048,848,0.4140625,0.9963204860687256
init-final,proj-wikitext2-r30-s0,proj-wikitext2-r30-s0,L10.qkv,10,qkv,2048,1248,0.609375,0.9973698258399963
init-final,proj-wikitext2-r30-s0,proj-wikitext2-r30-s0,L10.o,10,o,2048,1248,0.609375,0.9971214532852173
init-final,proj-wikitext2-r30-s0,proj-wikitext2-r30-s0,L10.gateup,10,gateup,2048,848,0.4140625,0.995891809463501
init-final,proj-wikitext2-r30-s0,proj-wikitext2-r30-s0,L10.down,10,down,2048,848,0.4140625,0.9963839650154114
init-final,proj-wikitext2-r30-s0,proj-wikitext2-r30-s0,L11.qkv,11,qkv,2048,1248,0.609375,0.997357964515686
init-final,proj-wikitext2-r30-s0,proj-wikitext2-r30-s0,L11.o,11,o,2048,1248,0.609375,0.997356653213501
init-final,proj-wikitext2-r30-s0,proj-wikitext2-r30-s0,L11.gateup,11,gateup,2048,848,0.4140625,0.9958379864692688
init-final,proj-wikitext2-r30-s0,proj-wikitext2-r30-s0,L11.down,11,down,2048,848,0.4140625,0.9961029887199402
init-final,proj-wikitext2-r30-s0,proj-wikitext2-r30-s0,L12.qkv,12,qkv,2048,1248,0.609375,0.9974359273910522
init-final,proj-wikitext2-r30-s0,proj-wikitext2-r30-s0,L12.o,12,o,2048,1248,0.609375,0.9970501661300659
init-final,proj-wikitext2-r30-s0,proj-wikitext2-r30-s0,L12.gateup,12,gateup,2048,848,0.4140625,0.9955922365188599
init-final,proj-wikitext2-r30-s0,proj-wikitext2-r30-s0,L12.down,12,down,2048,848,0.4140625,0.9962568879127502
init-final,proj-wikitext2-r30-s0,proj-wikitext2-r30-s0,L13.qkv,13,qkv,2048,1248,0.609375,0.9971891641616821
init-final,proj-wikitext2-r30-s0,proj-wikitext2-r30-s0,L13.o,13,o,2048,1248,0.609375,0.9972770810127258
init-final,proj-wikitext2-r30-s0,proj-wikitext2-r30-s0,L13.gateup,13,gateup,2048,848,0.4140625,0.9955365061759949
init-final,proj-wikitext2-r30-s0,proj-wikitext2-r30-s0,L13.down,13,down,2048,848,0.4140625,0.9961367249488831
init-final,proj-wikitext2-r30-s0,proj-wikitext2-r30-s0,L14.qkv,14,qkv,2048,1248,0.609375,0.997539758682251
init-final,proj-wikitext2-r30-s0,proj-wikitext2-r30-s0,L14.o,14,o,2048,1248,0.609375,0.997164249420166
init-final,proj-wikitext2-r30-s0,proj-wikitext2-r30-s0,L14.gateup,14,gateup,2048,848,0.4140625,0.9957625269889832
init-final,proj-wikitext2-r30-s0,proj-wikitext2-r30-s0,L14.down,14,down,2048,848,0.4140625,0.9961690306663513
init-final,proj-wikitext2-r30-s0,proj-wikitext2-r30-s0,L15.qkv,15,qkv,2048,1248,0.609375,0.9977920651435852
init-final,proj-wikitext2-r30-s0,proj-wikitext2-r30-s0,L15.o,15,o,2048,1248,0.609375,0.9971376061439514
init-final,proj-wikitext2-r30-s0,proj-wikitext2-r30-s0,L15.gateup,15,gateup,2048,848,0.4140625,0.995660662651062
init-final,proj-wikitext2-r30-s0,proj-wikitext2-r30-s0,L15.down,15,down,2048,848,0.4140625,0.9964281916618347
init-final,proj-wikitext2-r30-s0,proj-wikitext2-r30-s0,L16.qkv,16,qkv,2048,1248,0.609375,0.9978097677230835
init-final,proj-wikitext2-r30-s0,proj-wikitext2-r30-s0,L16.o,16,o,2048,1248,0.609375,0.9971978664398193
init-final,proj-wikitext2-r30-s0,proj-wikitext2-r30-s0,L16.gateup,16,gateup,2048,848,0.4140625,0.9958087205886841
init-final,proj-wikitext2-r30-s0,proj-wikitext2-r30-s0,L16.down,16,down,2048,848,0.4140625,0.9962243437767029
init-final,proj-wikitext2-r30-s0,proj-wikitext2-r30-s0,L17.qkv,17,qkv,2048,1248,0.609375,0.9975042343139648
init-final,proj-wikitext2-r30-s0,proj-wikitext2-r30-s0,L17.o,17,o,2048,1248,0.609375,0.9972087144851685
init-final,proj-wikitext2-r30-s0,proj-wikitext2-r30-s0,L17.gateup,17,gateup,2048,848,0.4140625,0.9953457117080688
init-final,proj-wikitext2-r30-s0,proj-wikitext2-r30-s0,L17.down,17,down,2048,848,0.4140625,0.9964563846588135
init-final,proj-wikitext2-r30-s0,proj-wikitext2-r30-s0,L18.qkv,18,qkv,2048,1248,0.609375,0.9978070259094238
init-final,proj-wikitext2-r30-s0,proj-wikitext2-r30-s0,L18.o,18,o,2048,1248,0.609375,0.9972201585769653
init-final,proj-wikitext2-r30-s0,proj-wikitext2-r30-s0,L18.gateup,18,gateup,2048,848,0.4140625,0.995404839515686
init-final,proj-wikitext2-r30-s0,proj-wikitext2-r30-s0,L18.down,18,down,2048,848,0.4140625,0.9962493777275085
init-final,proj-wikitext2-r30-s0,proj-wikitext2-r30-s0,L19.qkv,19,qkv,2048,1248,0.609375,0.9977661371231079
init-final,proj-wikitext2-r30-s0,proj-wikitext2-r30-s0,L19.o,19,o,2048,1248,0.609375,0.9971784353256226
init-final,proj-wikitext2-r30-s0,proj-wikitext2-r30-s0,L19.gateup,19,gateup,2048,848,0.4140625,0.9953533411026001
init-final,proj-wikitext2-r30-s0,proj-wikitext2-r30-s0,L19.down,19,down,2048,848,0.4140625,0.996200442314148
init-final,proj-wikitext2-r30-s0,proj-wikitext2-r30-s0,L20.qkv,20,qkv,2048,1248,0.609375,0.9980007410049438
init-final,proj-wikitext2-r30-s0,proj-wikitext2-r30-s0,L20.o,20,o,2048,1248,0.609375,0.9970751404762268
init-final,proj-wikitext2-r30-s0,proj-wikitext2-r30-s0,L20.gateup,20,gateup,2048,848,0.4140625,0.9953318238258362
init-final,proj-wikitext2-r30-s0,proj-wikitext2-r30-s0,L20.down,20,down,2048,848,0.4140625,0.9959716796875
init-final,proj-wikitext2-r30-s0,proj-wikitext2-r30-s0,L21.qkv,21,qkv,2048,1248,0.609375,0.9979580640792847
init-final,proj-wikitext2-r30-s0,proj-wikitext2-r30-s0,L21.o,21,o,2048,1248,0.609375,0.996874988079071
init-final,proj-wikitext2-r30-s0,proj-wikitext2-r30-s0,L21.gateup,21,gateup,2048,848,0.4140625,0.9950432777404785
init-final,proj-wikitext2-r30-s0,proj-wikitext2-r30-s0,L21.down,21,down,2048,848,0.4140625,0.9957780838012695
init-final,proj-wikitext2-r30-s0,proj-wikitext2-r30-s0,L22.qkv,22,qkv,2048,1248,0.609375,0.9981350898742676
init-final,proj-wikitext2-r30-s0,proj-wikitext2-r30-s0,L22.o,22,o,2048,1248,0.609375,0.997306227684021
init-final,proj-wikitext2-r30-s0,proj-wikitext2-r30-s0,L22.gateup,22,gateup,2048,848,0.4140625,0.9948242902755737
init-final,proj-wikitext2-r30-s0,proj-wikitext2-r30-s0,L22.down,22,down,2048,848,0.4140625,0.9959163665771484
init-final,proj-wikitext2-r30-s0,proj-wikitext2-r30-s0,L23.qkv,23,qkv,2048,1248,0.609375,0.9980862140655518
init-final,proj-wikitext2-r30-s0,proj-wikitext2-r30-s0,L23.o,23,o,2048,1248,0.609375,0.9970028400421143
init-final,proj-wikitext2-r30-s0,proj-wikitext2-r30-s0,L23.gateup,23,gateup,2048,848,0.4140625,0.9943840503692627
init-final,proj-wikitext2-r30-s0,proj-wikitext2-r30-s0,L23.down,23,down,2048,848,0.4140625,0.9958858489990234
init-final,proj-wikitext2-r30-s0,proj-wikitext2-r30-s0,L24.qkv,24,qkv,2048,1248,0.609375,0.9980181455612183
init-final,proj-wikitext2-r30-s0,proj-wikitext2-r30-s0,L24.o,24,o,2048,1248,0.609375,0.997306227684021
init-final,proj-wikitext2-r30-s0,proj-wikitext2-r30-s0,L24.gateup,24,gateup,2048,848,0.4140625,0.9944733381271362
init-final,proj-wikitext2-r30-s0,proj-wikitext2-r30-s0,L24.down,24,down,2048,848,0.4140625,0.9960811138153076
init-final,proj-wikitext2-r30-s0,proj-wikitext2-r30-s0,L25.qkv,25,qkv,2048,1248,0.609375,0.9980443716049194
init-final,proj-wikitext2-r30-s0,proj-wikitext2-r30-s0,L25.o,25,o,2048,1248,0.609375,0.9969807267189026
init-final,proj-wikitext2-r30-s0,proj-wikitext2-r30-s0,L25.gateup,25,gateup,2048,848,0.4140625,0.9946054816246033
init-final,proj-wikitext2-r30-s0,proj-wikitext2-r30-s0,L25.down,25,down,2048,848,0.4140625,0.9957583546638489
init-final,proj-wikitext2-r30-s0,proj-wikitext2-r30-s0,L26.qkv,26,qkv,2048,1248,0.609375,0.9982210993766785
init-final,proj-wikitext2-r30-s0,proj-wikitext2-r30-s0,L26.o,26,o,2048,1248,0.609375,0.997511088848114
init-final,proj-wikitext2-r30-s0,proj-wikitext2-r30-s0,L26.gateup,26,gateup,2048,848,0.4140625,0.9959543943405151
init-final,proj-wikitext2-r30-s0,proj-wikitext2-r30-s0,L26.down,26,down,2048,848,0.4140625,0.9969860911369324
init-final,proj-wikitext2-r30-s0,proj-wikitext2-r30-s0,L27.qkv,27,qkv,2048,1248,0.609375,0.9980209469795227
init-final,proj-wikitext2-r30-s0,proj-wikitext2-r30-s0,L27.o,27,o,2048,1248,0.609375,0.9977964758872986
init-final,proj-wikitext2-r30-s0,proj-wikitext2-r30-s0,L27.gateup,27,gateup,2048,848,0.4140625,0.9975010752677917
init-final,proj-wikitext2-r30-s0,proj-wikitext2-r30-s0,L27.down,27,down,2048,848,0.4140625,0.9992929100990295
init-final,proj-c4-r30-s0,proj-c4-r30-s0,L0.qkv,0,qkv,2048,1248,0.609375,0.9942318201065063
init-final,proj-c4-r30-s0,proj-c4-r30-s0,L0.o,0,o,2048,1248,0.609375,0.9953744411468506
init-final,proj-c4-r30-s0,proj-c4-r30-s0,L0.gateup,0,gateup,2048,848,0.4140625,0.9940826296806335
init-final,proj-c4-r30-s0,proj-c4-r30-s0,L0.down,0,down,2048,848,0.4140625,0.9945405125617981
init-final,proj-c4-r30-s0,proj-c4-r30-s0,L1.qkv,1,qkv,2048,1248,0.609375,0.9951075911521912
init-final,proj-c4-r30-s0,proj-c4-r30-s0,L1.o,1,o,2048,1248,0.609375,0.9956088066101074
init-final,proj-c4-r30-s0,proj-c4-r30-s0,L1.gateup,1,gateup,2048,848,0.4140625,0.9950312376022339
init-final,proj-c4-r30-s0,proj-c4-r30-s0,L1.down,1,down,2048,848,0.4140625,0.9951345920562744
init-final,proj-c4-r30-s0,proj-c4-r30-s0,L2.qkv,2,qkv,2048,1248,0.609375,0.9959040284156799
init-final,proj-c4-r30-s0,proj-c4-r30-s0,L2.o,2,o,2048,1248,0.609375,0.9961594939231873
init-final,proj-c4-r30-s0,proj-c4-r30-s0,L2.gateup,2,gateup,2048,848,0.4140625,0.994811475276947
init-final,proj-c4-r30-s0,proj-c4-r30-s0,L2.down,2,down,2048,848,0.4140625,0.995146632194519
init-final,proj-c4-r30-s0,proj-c4-r30-s0,L3.qkv,3,qkv,2048,1248,0.609375,0.9968822598457336
init-final,proj-c4-r30-s0,proj-c4-r30-s0,L3.o,3,o,2048,1248,0.609375,0.9959617257118225
init-final,proj-c4-r30-s0,proj-c4-r30-s0,L3.gateup,3,gateup,2048,848,0.4140625,0.9946835041046143
init-final,proj-c4-r30-s0,proj-c4-r30-s0,L3.down,3,down,2048,848,0.4140625,0.9948392510414124
init-final,proj-c4-r30-s0,proj-c4-r30-s0,L4.qkv,4,qkv,2048,1248,0.609375,0.9970661997795105
init-final,proj-c4-r30-s0,proj-c4-r30-s0,L4.o,4,o,2048,1248,0.609375,0.9961334466934204
init-final,proj-c4-r30-s0,proj-c4-r30-s0,L4.gateup,4,gateup,2048,848,0.4140625,0.9946857690811157
init-final,proj-c4-r30-s0,proj-c4-r30-s0,L4.down,4,down,2048,848,0.4140625,0.9951552152633667
init-final,proj-c4-r30-s0,proj-c4-r30-s0,L5.qkv,5,qkv,2048,1248,0.609375,0.9972901940345764
init-final,proj-c4-r30-s0,proj-c4-r30-s0,L5.o,5,o,2048,1248,0.609375,0.9962330460548401
init-final,proj-c4-r30-s0,proj-c4-r30-s0,L5.gateup,5,gateup,2048,848,0.4140625,0.9948477149009705
init-final,proj-c4-r30-s0,proj-c4-r30-s0,L5.down,5,down,2048,848,0.4140625,0.9951509833335876
init-final,proj-c4-r30-s0,proj-c4-r30-s0,L6.qkv,6,qkv,2048,1248,0.609375,0.9969286918640137
init-final,proj-c4-r30-s0,proj-c4-r30-s0,L6.o,6,o,2048,1248,0.609375,0.9962443709373474
init-final,proj-c4-r30-s0,proj-c4-r30-s0,L6.gateup,6,gateup,2048,848,0.4140625,0.9949065446853638
init-final,proj-c4-r30-s0,proj-c4-r30-s0,L6.down,6,down,2048,848,0.4140625,0.995232343673706
init-final,proj-c4-r30-s0,proj-c4-r30-s0,L7.qkv,7,qkv,2048,1248,0.609375,0.9972091913223267
init-final,proj-c4-r30-s0,proj-c4-r30-s0,L7.o,7,o,2048,1248,0.609375,0.9965746402740479
init-final,proj-c4-r30-s0,proj-c4-r30-s0,L7.gateup,7,gateup,2048,848,0.4140625,0.9948350787162781
init-final,proj-c4-r30-s0,proj-c4-r30-s0,L7.down,7,down,2048,848,0.4140625,0.9953994750976562
init-final,proj-c4-r30-s0,proj-c4-r30-s0,L8.qkv,8,qkv,2048,1248,0.609375,0.9972402453422546
init-final,proj-c4-r30-s0,proj-c4-r30-s0,L8.o,8,o,2048,1248,0.609375,0.9963132739067078
init-final,proj-c4-r30-s0,proj-c4-r30-s0,L8.gateup,8,gateup,2048,848,0.4140625,0.9949834942817688
init-final,proj-c4-r30-s0,proj-c4-r30-s0,L8.down,8,down,2048,848,0.4140625,0.9954853653907776
init-final,proj-c4-r30-s0,proj-c4-r30-s0,L9.qkv,9,qkv,2048,1248,0.609375,0.9975599646568298
init-final,proj-c4-r30-s0,proj-c4-r30-s0,L9.o,9,o,2048,1248,0.609375,0.9965676665306091
init-final,proj-c4-r30-s0,proj-c4-r30-s0,L9.gateup,9,gateup,2048,848,0.4140625,0.9948462843894958
init-final,proj-c4-r30-s0,proj-c4-r30-s0,L9.down,9,down,2048,848,0.4140625,0.995686948299408
init-final,proj-c4-r30-s0,proj-c4-r30-s0,L10.qkv,10,qkv,2048,1248,0.609375,0.9969707727432251
init-final,proj-c4-r30-s0,proj-c4-r30-s0,L10.o,10,o,2048,1248,0.609375,0.9963029026985168
init-final,proj-c4-r30-s0,proj-c4-r30-s0,L10.gateup,10,gateup,2048,848,0.4140625,0.9952290654182434
init-final,proj-c4-r30-s0,proj-c4-r30-s0,L10.down,10,down,2048,848,0.4140625,0.9957978129386902
init-final,proj-c4-r30-s0,proj-c4-r30-s0,L11.qkv,11,qkv,2048,1248,0.609375,0.9967254400253296
init-final,proj-c4-r30-s0,proj-c4-r30-s0,L11.o,11,o,2048,1248,0.609375,0.9965165257453918
init-final,proj-c4-r30-s0,proj-c4-r30-s0,L11.gateup,11,gateup,2048,848,0.4140625,0.9948832988739014
init-final,proj-c4-r30-s0,proj-c4-r30-s0,L11.down,11,down,2048,848,0.4140625,0.9953847527503967
init-final,proj-c4-r30-s0,proj-c4-r30-s0,L12.qkv,12,qkv,2048,1248,0.609375,0.9970251321792603
init-final,proj-c4-r30-s0,proj-c4-r30-s0,L12.o,12,o,2048,1248,0.609375,0.9961915612220764
init-final,proj-c4-r30-s0,proj-c4-r30-s0,L12.gateup,12,gateup,2048,848,0.4140625,0.9946796894073486
init-final,proj-c4-r30-s0,proj-c4-r30-s0,L12.down,12,down,2048,848,0.4140625,0.9956110715866089
init-final,proj-c4-r30-s0,proj-c4-r30-s0,L13.qkv,13,qkv,2048,1248,0.609375,0.9966360330581665
init-final,proj-c4-r30-s0,proj-c4-r30-s0,L13.o,13,o,2048,1248,0.609375,0.9964971542358398
init-final,proj-c4-r30-s0,proj-c4-r30-s0,L13.gateup,13,gateup,2048,848,0.4140625,0.9946510195732117
init-final,proj-c4-r30-s0,proj-c4-r30-s0,L13.down,13,down,2048,848,0.4140625,0.9955151081085205
init-final,proj-c4-r30-s0,proj-c4-r30-s0,L14.qkv,14,qkv,2048,1248,0.609375,0.9971389770507812
init-final,proj-c4-r30-s0,proj-c4-r30-s0,L14.o,14,o,2048,1248,0.609375,0.9965694546699524
init-final,proj-c4-r30-s0,proj-c4-r30-s0,L14.gateup,14,gateup,2048,848,0.4140625,0.9950795769691467
init-final,proj-c4-r30-s0,proj-c4-r30-s0,L14.down,14,down,2048,848,0.4140625,0.9955810308456421
init-final,proj-c4-r30-s0,proj-c4-r30-s0,L15.qkv,15,qkv,2048,1248,0.609375,0.997398853302002
init-final,proj-c4-r30-s0,proj-c4-r30-s0,L15.o,15,o,2048,1248,0.609375,0.9965288639068604
init-final,proj-c4-r30-s0,proj-c4-r30-s0,L15.gateup,15,gateup,2048,848,0.4140625,0.9949485063552856
init-final,proj-c4-r30-s0,proj-c4-r30-s0,L15.down,15,down,2048,848,0.4140625,0.995779812335968
init-final,proj-c4-r30-s0,proj-c4-r30-s0,L16.qkv,16,qkv,2048,1248,0.609375,0.9974774122238159
init-final,proj-c4-r30-s0,proj-c4-r30-s0,L16.o,16,o,2048,1248,0.609375,0.9966544508934021
init-final,proj-c4-r30-s0,proj-c4-r30-s0,L16.gateup,16,gateup,2048,848,0.4140625,0.9954098463058472
init-final,proj-c4-r30-s0,proj-c4-r30-s0,L16.down,16,down,2048,848,0.4140625,0.9956784844398499
init-final,proj-c4-r30-s0,proj-c4-r30-s0,L17.qkv,17,qkv,2048,1248,0.609375,0.9972219467163086
init-final,proj-c4-r30-s0,proj-c4-r30-s0,L17.o,17,o,2048,1248,0.609375,0.9965876936912537
init-final,proj-c4-r30-s0,proj-c4-r30-s0,L17.gateup,17,gateup,2048,848,0.4140625,0.9947161674499512
init-final,proj-c4-r30-s0,proj-c4-r30-s0,L17.down,17,down,2048,848,0.4140625,0.9956017136573792
init-final,proj-c4-r30-s0,proj-c4-r30-s0,L18.qkv,18,qkv,2048,1248,0.609375,0.9974594116210938
init-final,proj-c4-r30-s0,proj-c4-r30-s0,L18.o,18,o,2048,1248,0.609375,0.9964754581451416
init-final,proj-c4-r30-s0,proj-c4-r30-s0,L18.gateup,18,gateup,2048,848,0.4140625,0.9947762489318848
init-final,proj-c4-r30-s0,proj-c4-r30-s0,L18.down,18,down,2048,848,0.4140625,0.9955065250396729
init-final,proj-c4-r30-s0,proj-c4-r30-s0,L19.qkv,19,qkv,2048,1248,0.609375,0.9974657893180847
init-final,proj-c4-r30-s0,proj-c4-r30-s0,L19.o,19,o,2048,1248,0.609375,0.9966278076171875
init-final,proj-c4-r30-s0,proj-c4-r30-s0,L19.gateup,19,gateup,2048,848,0.4140625,0.994663655757904
init-final,proj-c4-r30-s0,proj-c4-r30-s0,L19.down,19,down,2048,848,0.4140625,0.9953776001930237
init-final,proj-c4-r30-s0,proj-c4-r30-s0,L20.qkv,20,qkv,2048,1248,0.609375,0.9974897503852844
init-final,proj-c4-r30-s0,proj-c4-r30-s0,L20.o,20,o,2048,1248,0.609375,0.9962443709373474
init-final,proj-c4-r30-s0,proj-c4-r30-s0,L20.gateup,20,gateup,2048,848,0.4140625,0.9944517016410828
init-final,proj-c4-r30-s0,proj-c4-r30-s0,L20.down,20,down,2048,848,0.4140625,0.9950876235961914
init-final,proj-c4-r30-s0,proj-c4-r30-s0,L21.qkv,21,qkv,2048,1248,0.609375,0.9974813461303711
init-final,proj-c4-r30-s0,proj-c4-r30-s0,L21.o,21,o,2048,1248,0.609375,0.996225118637085
init-final,proj-c4-r30-s0,proj-c4-r30-s0,L21.gateup,21,gateup,2048,848,0.4140625,0.9943513870239258
init-final,proj-c4-r30-s0,proj-c4-r30-s0,L21.down,21,down,2048,848,0.4140625,0.9950686693191528
init-final,proj-c4-r30-s0,proj-c4-r30-s0,L22.qkv,22,qkv,2048,1248,0.609375,0.9976144433021545
init-final,proj-c4-r30-s0,proj-c4-r30-s0,L22.o,22,o,2048,1248,0.609375,0.9965358972549438
init-final,proj-c4-r30-s0,proj-c4-r30-s0,L22.gateup,22,gateup,2048,848,0.4140625,0.9941241145133972
init-final,proj-c4-r30-s0,proj-c4-r30-s0,L22.down,22,down,2048,848,0.4140625,0.9950927495956421
init-final,proj-c4-r30-s0,proj-c4-r30-s0,L23.qkv,23,qkv,2048,1248,0.609375,0.997669517993927
init-final,proj-c4-r30-s0,proj-c4-r30-s0,L23.o,23,o,2048,1248,0.609375,0.9962846636772156
init-final,proj-c4-r30-s0,proj-c4-r30-s0,L23.gateup,23,gateup,2048,848,0.4140625,0.9936921000480652
init-final,proj-c4-r30-s0,proj-c4-r30-s0,L23.down,23,down,2048,848,0.4140625,0.995145857334137
init-final,proj-c4-r30-s0,proj-c4-r30-s0,L24.qkv,24,qkv,2048,1248,0.609375,0.997397243976593
init-final,proj-c4-r30-s0,proj-c4-r30-s0,L24.o,24,o,2048,1248,0.609375,0.9965465664863586
init-final,proj-c4-r30-s0,proj-c4-r30-s0,L24.gateup,24,gateup,2048,848,0.4140625,0.993753969669342
init-final,proj-c4-r30-s0,proj-c4-r30-s0,L24.down,24,down,2048,848,0.4140625,0.9955440163612366
init-final,proj-c4-r30-s0,proj-c4-r30-s0,L25.qkv,25,qkv,2048,1248,0.609375,0.9974033832550049
init-final,proj-c4-r30-s0,proj-c4-r30-s0,L25.o,25,o,2048,1248,0.609375,0.9962837100028992
init-final,proj-c4-r30-s0,proj-c4-r30-s0,L25.gateup,25,gateup,2048,848,0.4140625,0.9941537976264954
init-final,proj-c4-r30-s0,proj-c4-r30-s0,L25.down,25,down,2048,848,0.4140625,0.9952596426010132
init-final,proj-c4-r30-s0,proj-c4-r30-s0,L26.qkv,26,qkv,2048,1248,0.609375,0.9976143836975098
init-final,proj-c4-r30-s0,proj-c4-r30-s0,L26.o,26,o,2048,1248,0.609375,0.9968432188034058
init-final,proj-c4-r30-s0,proj-c4-r30-s0,L26.gateup,26,gateup,2048,848,0.4140625,0.9954399466514587
init-final,proj-c4-r30-s0,proj-c4-r30-s0,L26.down,26,down,2048,848,0.4140625,0.996999204158783
init-final,proj-c4-r30-s0,proj-c4-r30-s0,L27.qkv,27,qkv,2048,1248,0.609375,0.9974769353866577
init-final,proj-c4-r30-s0,proj-c4-r30-s0,L27.o,27,o,2048,1248,0.609375,0.9974414110183716
init-final,proj-c4-r30-s0,proj-c4-r30-s0,L27.gateup,27,gateup,2048,848,0.4140625,0.997277021408081
init-final,proj-c4-r30-s0,proj-c4-r30-s0,L27.down,27,down,2048,848,0.4140625,0.9991788268089294
init-final,proj-slimpajama-r30-s0,proj-slimpajama-r30-s0,L0.qkv,0,qkv,2048,1248,0.609375,0.9967519640922546
init-final,proj-slimpajama-r30-s0,proj-slimpajama-r30-s0,L0.o,0,o,2048,1248,0.609375,0.9972491264343262
init-final,proj-slimpajama-r30-s0,proj-slimpajama-r30-s0,L0.gateup,0,gateup,2048,848,0.4140625,0.9963927268981934
init-final,proj-slimpajama-r30-s0,proj-slimpajama-r30-s0,L0.down,0,down,2048,848,0.4140625,0.9964402318000793
init-final,proj-slimpajama-r30-s0,proj-slimpajama-r30-s0,L1.qkv,1,qkv,2048,1248,0.609375,0.9969857335090637
init-final,proj-slimpajama-r30-s0,proj-slimpajama-r30-s0,L1.o,1,o,2048,1248,0.609375,0.9975904822349548
init-final,proj-slimpajama-r30-s0,proj-slimpajama-r30-s0,L1.gateup,1,gateup,2048,848,0.4140625,0.9963027238845825
init-final,proj-slimpajama-r30-s0,proj-slimpajama-r30-s0,L1.down,1,down,2048,848,0.4140625,0.9963850378990173
init-final,proj-slimpajama-r30-s0,proj-slimpajama-r30-s0,L2.qkv,2,qkv,2048,1248,0.609375,0.9968694448471069
init-final,proj-slimpajama-r30-s0,proj-slimpajama-r30-s0,L2.o,2,o,2048,1248,0.609375,0.996874988079071
init-final,proj-slimpajama-r30-s0,proj-slimpajama-r30-s0,L2.gateup,2,gateup,2048,848,0.4140625,0.9961819052696228
init-final,proj-slimpajama-r30-s0,proj-slimpajama-r30-s0,L2.down,2,down,2048,848,0.4140625,0.9962047338485718
init-final,proj-slimpajama-r30-s0,proj-slimpajama-r30-s0,L3.qkv,3,qkv,2048,1248,0.609375,0.9976324439048767
init-final,proj-slimpajama-r30-s0,proj-slimpajama-r30-s0,L3.o,3,o,2048,1248,0.609375,0.99690842628479
init-final,proj-slimpajama-r30-s0,proj-slimpajama-r30-s0,L3.gateup,3,gateup,2048,848,0.4140625,0.9960194826126099
init-final,proj-slimpajama-r30-s0,proj-slimpajama-r30-s0,L3.down,3,down,2048,848,0.4140625,0.9962594509124756
init-final,proj-slimpajama-r30-s0,proj-slimpajama-r30-s0,L4.qkv,4,qkv,2048,1248,0.609375,0.9976458549499512
init-final,proj-slimpajama-r30-s0,proj-slimpajama-r30-s0,L4.o,4,o,2048,1248,0.609375,0.9970089793205261
init-final,proj-slimpajama-r30-s0,proj-slimpajama-r30-s0,L4.gateup,4,gateup,2048,848,0.4140625,0.9962372779846191
init-final,proj-slimpajama-r30-s0,proj-slimpajama-r30-s0,L4.down,4,down,2048,848,0.4140625,0.996547281742096
init-final,proj-slimpajama-r30-s0,proj-slimpajama-r30-s0,L5.qkv,5,qkv,2048,1248,0.609375,0.9976639747619629
init-final,proj-slimpajama-r30-s0,proj-slimpajama-r30-s0,L5.o,5,o,2048,1248,0.609375,0.9969993829727173
init-final,proj-slimpajama-r30-s0,proj-slimpajama-r30-s0,L5.gateup,5,gateup,2048,848,0.4140625,0.9957916140556335
init-final,proj-slimpajama-r30-s0,proj-slimpajama-r30-s0,L5.down,5,down,2048,848,0.4140625,0.9963773488998413
init-final,proj-slimpajama-r30-s0,proj-slimpajama-r30-s0,L6.qkv,6,qkv,2048,1248,0.609375,0.9975574612617493
init-final,proj-slimpajama-r30-s0,proj-slimpajama-r30-s0,L6.o,6,o,2048,1248,0.609375,0.99700927734375
init-final,proj-slimpajama-r30-s0,proj-slimpajama-r30-s0,L6.gateup,6,gateup,2048,848,0.4140625,0.9962763786315918
init-final,proj-slimpajama-r30-s0,proj-slimpajama-r30-s0,L6.down,6,down,2048,848,0.4140625,0.9965853095054626
init-final,proj-slimpajama-r30-s0,proj-slimpajama-r30-s0,L7.qkv,7,qkv,2048,1248,0.609375,0.9977084398269653
init-final,proj-slimpajama-r30-s0,proj-slimpajama-r30-s0,L7.o,7,o,2048,1248,0.609375,0.9972501993179321
init-final,proj-slimpajama-r30-s0,proj-slimpajama-r30-s0,L7.gateup,7,gateup,2048,848,0.4140625,0.9961328506469727
init-final,proj-slimpajama-r30-s0,proj-slimpajama-r30-s0,L7.down,7,down,2048,848,0.4140625,0.9966922402381897
init-final,proj-slimpajama-r30-s0,proj-slimpajama-r30-s0,L8.qkv,8,qkv,2048,1248,0.609375,0.997896134853363
init-final,proj-slimpajama-r30-s0,proj-slimpajama-r30-s0,L8.o,8,o,2048,1248,0.609375,0.9971659779548645
init-final,proj-slimpajama-r30-s0,proj-slimpajama-r30-s0,L8.gateup,8,gateup,2048,848,0.4140625,0.9961639642715454
init-final,proj-slimpajama-r30-s0,proj-slimpajama-r30-s0,L8.down,8,down,2048,848,0.4140625,0.9967740774154663
init-final,proj-slimpajama-r30-s0,proj-slimpajama-r30-s0,L9.qkv,9,qkv,2048,1248,0.609375,0.9981517195701599
init-final,proj-slimpajama-r30-s0,proj-slimpajama-r30-s0,L9.o,9,o,2048,1248,0.609375,0.997434675693512
init-final,proj-slimpajama-r30-s0,proj-slimpajama-r30-s0,L9.gateup,9,gateup,2048,848,0.4140625,0.996846079826355
init-final,proj-slimpajama-r30-s0,proj-slimpajama-r30-s0,L9.down,9,down,2048,848,0.4140625,0.9967062473297119
init-final,proj-slimpajama-r30-s0,proj-slimpajama-r30-s0,L10.qkv,10,qkv,2048,1248,0.609375,0.99764084815979
init-final,proj-slimpajama-r30-s0,proj-slimpajama-r30-s0,L10.o,10,o,2048,1248,0.609375,0.997154712677002
init-final,proj-slimpajama-r30-s0,proj-slimpajama-r30-s0,L10.gateup,10,gateup,2048,848,0.4140625,0.9964234232902527
init-final,proj-slimpajama-r30-s0,proj-slimpajama-r30-s0,L10.down,10,down,2048,848,0.4140625,0.9966366291046143
init-final,proj-slimpajama-r30-s0,proj-slimpajama-r30-s0,L11.qkv,11,qkv,2048,1248,0.609375,0.9974209070205688
init-final,proj-slimpajama-r30-s0,proj-slimpajama-r30-s0,L11.o,11,o,2048,1248,0.609375,0.9972852468490601
init-final,proj-slimpajama-r30-s0,proj-slimpajama-r30-s0,L11.gateup,11,gateup,2048,848,0.4140625,0.9961579442024231
init-final,proj-slimpajama-r30-s0,proj-slimpajama-r30-s0,L11.down,11,down,2048,848,0.4140625,0.9963995814323425
init-final,proj-slimpajama-r30-s0,proj-slimpajama-r30-s0,L12.qkv,12,qkv,2048,1248,0.609375,0.9976290464401245
init-final,proj-slimpajama-r30-s0,proj-slimpajama-r30-s0,L12.o,12,o,2048,1248,0.609375,0.9970037937164307
init-final,proj-slimpajama-r30-s0,proj-slimpajama-r30-s0,L12.gateup,12,gateup,2048,848,0.4140625,0.9959238767623901
init-final,proj-slimpajama-r30-s0,proj-slimpajama-r30-s0,L12.down,12,down,2048,848,0.4140625,0.9965732097625732
init-final,proj-slimpajama-r30-s0,proj-slimpajama-r30-s0,L13.qkv,13,qkv,2048,1248,0.609375,0.9974084496498108
init-final,proj-slimpajama-r30-s0,proj-slimpajama-r30-s0,L13.o,13,o,2048,1248,0.609375,0.9971890449523926
init-final,proj-slimpajama-r30-s0,proj-slimpajama-r30-s0,L13.gateup,13,gateup,2048,848,0.4140625,0.996124267578125
init-final,proj-slimpajama-r30-s0,proj-slimpajama-r30-s0,L13.down,13,down,2048,848,0.4140625,0.9966766238212585
init-final,proj-slimpajama-r30-s0,proj-slimpajama-r30-s0,L14.qkv,14,qkv,2048,1248,0.609375,0.9976781606674194
init-final,proj-slimpajama-r30-s0,proj-slimpajama-r30-s0,L14.o,14,o,2048,1248,0.609375,0.9972755312919617
init-final,proj-slimpajama-r30-s0,proj-slimpajama-r30-s0,L14.gateup,14,gateup,2048,848,0.4140625,0.9963145852088928
init-final,proj-slimpajama-r30-s0,proj-slimpajama-r30-s0,L14.down,14,down,2048,848,0.4140625,0.9966769218444824
init-final,proj-slimpajama-r30-s0,proj-slimpajama-r30-s0,L15.qkv,15,qkv,2048,1248,0.609375,0.9980048537254333
init-final,proj-slimpajama-r30-s0,proj-slimpajama-r30-s0,L15.o,15,o,2048,1248,0.609375,0.997297465801239
init-final,proj-slimpajama-r30-s0,proj-slimpajama-r30-s0,L15.gateup,15,gateup,2048,848,0.4140625,0.9962719678878784
init-final,proj-slimpajama-r30-s0,proj-slimpajama-r30-s0,L15.down,15,down,2048,848,0.4140625,0.9968767166137695
init-final,proj-slimpajama-r30-s0,proj-slimpajama-r30-s0,L16.qkv,16,qkv,2048,1248,0.609375,0.9981329441070557
init-final,proj-slimpajama-r30-s0,proj-slimpajama-r30-s0,L16.o,16,o,2048,1248,0.609375,0.9974026679992676
init-final,proj-slimpajama-r30-s0,proj-slimpajama-r30-s0,L16.gateup,16,gateup,2048,848,0.4140625,0.9968293309211731
init-final,proj-slimpajama-r30-s0,proj-slimpajama-r30-s0,L16.down,16,down,2048,848,0.4140625,0.9969779253005981
init-final,proj-slimpajama-r30-s0,proj-slimpajama-r30-s0,L17.qkv,17,qkv,2048,1248,0.609375,0.9978364109992981
init-final,proj-slimpajama-r30-s0,proj-slimpajama-r30-s0,L17.o,17,o,2048,1248,0.609375,0.9974156022071838
init-final,proj-slimpajama-r30-s0,proj-slimpajama-r30-s0,L17.gateup,17,gateup,2048,848,0.4140625,0.9968937039375305
init-final,proj-slimpajama-r30-s0,proj-slimpajama-r30-s0,L17.down,17,down,2048,848,0.4140625,0.9967334270477295
init-final,proj-slimpajama-r30-s0,proj-slimpajama-r30-s0,L18.qkv,18,qkv,2048,1248,0.609375,0.9981124401092529
init-final,proj-slimpajama-r30-s0,proj-slimpajama-r30-s0,L18.o,18,o,2048,1248,0.609375,0.9972783923149109
init-final,proj-slimpajama-r30-s0,proj-slimpajama-r30-s0,L18.gateup,18,gateup,2048,848,0.4140625,0.9966821074485779
init-final,proj-slimpajama-r30-s0,proj-slimpajama-r30-s0,L18.down,18,down,2048,848,0.4140625,0.9966848492622375
init-final,proj-slimpajama-r30-s0,proj-slimpajama-r30-s0,L19.qkv,19,qkv,2048,1248,0.609375,0.9978876709938049
init-final,proj-slimpajama-r30-s0,proj-slimpajama-r30-s0,L19.o,19,o,2048,1248,0.609375,0.9972593784332275
init-final,proj-slimpajama-r30-s0,proj-slimpajama-r30-s0,L19.gateup,19,gateup,2048,848,0.4140625,0.9959688782691956
init-final,proj-slimpajama-r30-s0,proj-slimpajama-r30-s0,L19.down,19,down,2048,848,0.4140625,0.9964413046836853
init-final,proj-slimpajama-r30-s0,proj-slimpajama-r30-s0,L20.qkv,20,qkv,2048,1248,0.609375,0.9980589151382446
init-final,proj-slimpajama-r30-s0,proj-slimpajama-r30-s0,L20.o,20,o,2048,1248,0.609375,0.997051477432251
init-final,proj-slimpajama-r30-s0,proj-slimpajama-r30-s0,L20.gateup,20,gateup,2048,848,0.4140625,0.9962437152862549
init-final,proj-slimpajama-r30-s0,proj-slimpajama-r30-s0,L20.down,20,down,2048,848,0.4140625,0.9955175518989563
init-final,proj-slimpajama-r30-s0,proj-slimpajama-r30-s0,L21.qkv,21,qkv,2048,1248,0.609375,0.9978582262992859
init-final,proj-slimpajama-r30-s0,proj-slimpajama-r30-s0,L21.o,21,o,2048,1248,0.609375,0.996896505355835
init-final,proj-slimpajama-r30-s0,proj-slimpajama-r30-s0,L21.gateup,21,gateup,2048,848,0.4140625,0.9958242774009705
init-final,proj-slimpajama-r30-s0,proj-slimpajama-r30-s0,L21.down,21,down,2048,848,0.4140625,0.995126485824585
init-final,proj-slimpajama-r30-s0,proj-slimpajama-r30-s0,L22.qkv,22,qkv,2048,1248,0.609375,0.997790515422821
init-final,proj-slimpajama-r30-s0,proj-slimpajama-r30-s0,L22.o,22,o,2048,1248,0.609375,0.9967498779296875
init-final,proj-slimpajama-r30-s0,proj-slimpajama-r30-s0,L22.gateup,22,gateup,2048,848,0.4140625,0.9952336549758911
init-final,proj-slimpajama-r30-s0,proj-slimpajama-r30-s0,L22.down,22,down,2048,848,0.4140625,0.9951009154319763
init-final,proj-slimpajama-r30-s0,proj-slimpajama-r30-s0,L23.qkv,23,qkv,2048,1248,0.609375,0.9977062940597534
init-final,proj-slimpajama-r30-s0,proj-slimpajama-r30-s0,L23.o,23,o,2048,1248,0.609375,0.9965675473213196
init-final,proj-slimpajama-r30-s0,proj-slimpajama-r30-s0,L23.gateup,23,gateup,2048,848,0.4140625,0.9949015378952026
init-final,proj-slimpajama-r30-s0,proj-slimpajama-r30-s0,L23.down,23,down,2048,848,0.4140625,0.9951400756835938
init-final,proj-slimpajama-r30-s0,proj-slimpajama-r30-s0,L24.qkv,24,qkv,2048,1248,0.609375,0.9975109696388245
init-final,proj-slimpajama-r30-s0,proj-slimpajama-r30-s0,L24.o,24,o,2048,1248,0.609375,0.9966773390769958
init-final,proj-slimpajama-r30-s0,proj-slimpajama-r30-s0,L24.gateup,24,gateup,2048,848,0.4140625,0.9948844313621521
init-final,proj-slimpajama-r30-s0,proj-slimpajama-r30-s0,L24.down,24,down,2048,848,0.4140625,0.9955369830131531
init-final,proj-slimpajama-r30-s0,proj-slimpajama-r30-s0,L25.qkv,25,qkv,2048,1248,0.609375,0.9975691437721252
init-final,proj-slimpajama-r30-s0,proj-slimpajama-r30-s0,L25.o,25,o,2048,1248,0.609375,0.9963934421539307
init-final,proj-slimpajama-r30-s0,proj-slimpajama-r30-s0,L25.gateup,25,gateup,2048,848,0.4140625,0.9944779276847839
init-final,proj-slimpajama-r30-s0,proj-slimpajama-r30-s0,L25.down,25,down,2048,848,0.4140625,0.9951542019844055
init-final,proj-slimpajama-r30-s0,proj-slimpajama-r30-s0,L26.qkv,26,qkv,2048,1248,0.609375,0.9977672696113586
init-final,proj-slimpajama-r30-s0,proj-slimpajama-r30-s0,L26.o,26,o,2048,1248,0.609375,0.9967266917228699
init-final,proj-slimpajama-r30-s0,proj-slimpajama-r30-s0,L26.gateup,26,gateup,2048,848,0.4140625,0.9949175715446472
init-final,proj-slimpajama-r30-s0,proj-slimpajama-r30-s0,L26.down,26,down,2048,848,0.4140625,0.9962628483772278
init-final,proj-slimpajama-r30-s0,proj-slimpajama-r30-s0,L27.qkv,27,qkv,2048,1248,0.609375,0.9976092576980591
init-final,proj-slimpajama-r30-s0,proj-slimpajama-r30-s0,L27.o,27,o,2048,1248,0.609375,0.9974269270896912
init-final,proj-slimpajama-r30-s0,proj-slimpajama-r30-s0,L27.gateup,27,gateup,2048,848,0.4140625,0.9968284964561462
init-final,proj-slimpajama-r30-s0,proj-slimpajama-r30-s0,L27.down,27,down,2048,848,0.4140625,0.9989719390869141
init-final,proj-alpaca-r30-s0,proj-alpaca-r30-s0,L0.qkv,0,qkv,2048,1248,0.609375,0.9970211982727051
init-final,proj-alpaca-r30-s0,proj-alpaca-r30-s0,L0.o,0,o,2048,1248,0.609375,0.9970683455467224
init-final,proj-alpaca-r30-s0,proj-alpaca-r30-s0,L0.gateup,0,gateup,2048,848,0.4140625,0.9963681101799011
init-final,proj-alpaca-r30-s0,proj-alpaca-r30-s0,L0.down,0,down,2048,848,0.4140625,0.996500551700592
init-final,proj-alpaca-r30-s0,proj-alpaca-r30-s0,L1.qkv,1,qkv,2048,1248,0.609375,0.9970707297325134
init-final,proj-alpaca-r30-s0,proj-alpaca-r30-s0,L1.o,1,o,2048,1248,0.609375,0.9974434971809387
init-final,proj-alpaca-r30-s0,proj-alpaca-r30-s0,L1.gateup,1,gateup,2048,848,0.4140625,0.9964979887008667
init-final,proj-alpaca-r30-s0,proj-alpaca-r30-s0,L1.down,1,down,2048,848,0.4140625,0.9963293671607971
init-final,proj-alpaca-r30-s0,proj-alpaca-r30-s0,L2.qkv,2,qkv,2048,1248,0.609375,0.9970664381980896
init-final,proj-alpaca-r30-s0,proj-alpaca-r30-s0,L2.o,2,o,2048,1248,0.609375,0.9971513152122498
init-final,proj-alpaca-r30-s0,proj-alpaca-r30-s0,L2.gateup,2,gateup,2048,848,0.4140625,0.996271014213562
init-final,proj-alpaca-r30-s0,proj-alpaca-r30-s0,L2.down,2,down,2048,848,0.4140625,0.9961158037185669
init-final,proj-alpaca-r30-s0,proj-alpaca-r30-s0,L3.qkv,3,qkv,2048,1248,0.609375,0.9975928664207458
init-final,proj-alpaca-r30-s0,proj-alpaca-r30-s0,L3.o,3,o,2048,1248,0.609375,0.9971468448638916
init-final,proj-alpaca-r30-s0,proj-alpaca-r30-s0,L3.gateup,3,gateup,2048,848,0.4140625,0.9957350492477417
init-final,proj-alpaca-r30-s0,proj-alpaca-r30-s0,L3.down,3,down,2048,848,0.4140625,0.9959798455238342
init-final,proj-alpaca-r30-s0,proj-alpaca-r30-s0,L4.qkv,4,qkv,2048,1248,0.609375,0.9976071119308472
init-final,proj-alpaca-r30-s0,proj-alpaca-r30-s0,L4.o,4,o,2048,1248,0.609375,0.9972785711288452
init-final,proj-alpaca-r30-s0,proj-alpaca-r30-s0,L4.gateup,4,gateup,2048,848,0.4140625,0.9958519339561462
init-final,proj-alpaca-r30-s0,proj-alpaca-r30-s0,L4.down,4,down,2048,848,0.4140625,0.9956718683242798
init-final,proj-alpaca-r30-s0,proj-alpaca-r30-s0,L5.qkv,5,qkv,2048,1248,0.609375,0.9977411031723022
init-final,proj-alpaca-r30-s0,proj-alpaca-r30-s0,L5.o,5,o,2048,1248,0.609375,0.9972900152206421
init-final,proj-alpaca-r30-s0,proj-alpaca-r30-s0,L5.gateup,5,gateup,2048,848,0.4140625,0.995986819267273
init-final,proj-alpaca-r30-s0,proj-alpaca-r30-s0,L5.down,5,down,2048,848,0.4140625,0.9963207840919495
init-final,proj-alpaca-r30-s0,proj-alpaca-r30-s0,L6.qkv,6,qkv,2048,1248,0.609375,0.9976921081542969
init-final,proj-alpaca-r30-s0,proj-alpaca-r30-s0,L6.o,6,o,2048,1248,0.609375,0.997425377368927
init-final,proj-alpaca-r30-s0,proj-alpaca-r30-s0,L6.gateup,6,gateup,2048,848,0.4140625,0.9960494041442871
init-final,proj-alpaca-r30-s0,proj-alpaca-r30-s0,L6.down,6,down,2048,848,0.4140625,0.9960765838623047
init-final,proj-alpaca-r30-s0,proj-alpaca-r30-s0,L7.qkv,7,qkv,2048,1248,0.609375,0.9979324340820312
init-final,proj-alpaca-r30-s0,proj-alpaca-r30-s0,L7.o,7,o,2048,1248,0.609375,0.9975288510322571
init-final,proj-alpaca-r30-s0,proj-alpaca-r30-s0,L7.gateup,7,gateup,2048,848,0.4140625,0.99620121717453
init-final,proj-alpaca-r30-s0,proj-alpaca-r30-s0,L7.down,7,down,2048,848,0.4140625,0.9962251782417297
init-final,proj-alpaca-r30-s0,proj-alpaca-r30-s0,L8.qkv,8,qkv,2048,1248,0.609375,0.9980749487876892
init-final,proj-alpaca-r30-s0,proj-alpaca-r30-s0,L8.o,8,o,2048,1248,0.609375,0.9977120757102966
init-final,proj-alpaca-r30-s0,proj-alpaca-r30-s0,L8.gateup,8,gateup,2048,848,0.4140625,0.9963666796684265
init-final,proj-alpaca-r30-s0,proj-alpaca-r30-s0,L8.down,8,down,2048,848,0.4140625,0.9960973858833313
init-final,proj-alpaca-r30-s0,proj-alpaca-r30-s0,L9.qkv,9,qkv,2048,1248,0.609375,0.998157799243927
init-final,proj-alpaca-r30-s0,proj-alpaca-r30-s0,L9.o,9,o,2048,1248,0.609375,0.997814416885376
init-final,proj-alpaca-r30-s0,proj-alpaca-r30-s0,L9.gateup,9,gateup,2048,848,0.4140625,0.9963052868843079
init-final,proj-alpaca-r30-s0,proj-alpaca-r30-s0,L9.down,9,down,2048,848,0.4140625,0.9963500499725342
init-final,proj-alpaca-r30-s0,proj-alpaca-r30-s0,L10.qkv,10,qkv,2048,1248,0.609375,0.997905433177948
init-final,proj-alpaca-r30-s0,proj-alpaca-r30-s0,L10.o,10,o,2048,1248,0.609375,0.9976363778114319
init-final,proj-alpaca-r30-s0,proj-alpaca-r30-s0,L10.gateup,10,gateup,2048,848,0.4140625,0.9962911009788513
init-final,proj-alpaca-r30-s0,proj-alpaca-r30-s0,L10.down,10,down,2048,848,0.4140625,0.9964134693145752
init-final,proj-alpaca-r30-s0,proj-alpaca-r30-s0,L11.qkv,11,qkv,2048,1248,0.609375,0.9977332949638367
init-final,proj-alpaca-r30-s0,proj-alpaca-r30-s0,L11.o,11,o,2048,1248,0.609375,0.9977241158485413
init-final,proj-alpaca-r30-s0,proj-alpaca-r30-s0,L11.gateup,11,gateup,2048,848,0.4140625,0.9967195391654968
init-final,proj-alpaca-r30-s0,proj-alpaca-r30-s0,L11.down,11,down,2048,848,0.4140625,0.9963141083717346
init-final,proj-alpaca-r30-s0,proj-alpaca-r30-s0,L12.qkv,12,qkv,2048,1248,0.609375,0.9979735016822815
init-final,proj-alpaca-r30-s0,proj-alpaca-r30-s0,L12.o,12,o,2048,1248,0.609375,0.9976296424865723
init-final,proj-alpaca-r30-s0,proj-alpaca-r30-s0,L12.gateup,12,gateup,2048,848,0.4140625,0.9964941143989563
init-final,proj-alpaca-r30-s0,proj-alpaca-r30-s0,L12.down,12,down,2048,848,0.4140625,0.9963696002960205
init-final,proj-alpaca-r30-s0,proj-alpaca-r30-s0,L13.qkv,13,qkv,2048,1248,0.609375,0.9977230429649353
init-final,proj-alpaca-r30-s0,proj-alpaca-r30-s0,L13.o,13,o,2048,1248,0.609375,0.9976683259010315
init-final,proj-alpaca-r30-s0,proj-alpaca-r30-s0,L13.gateup,13,gateup,2048,848,0.4140625,0.9964122772216797
init-final,proj-alpaca-r30-s0,proj-alpaca-r30-s0,L13.down,13,down,2048,848,0.4140625,0.9962216019630432
init-final,proj-alpaca-r30-s0,proj-alpaca-r30-s0,L14.qkv,14,qkv,2048,1248,0.609375,0.9978576898574829
init-final,proj-alpaca-r30-s0,proj-alpaca-r30-s0,L14.o,14,o,2048,1248,0.609375,0.9976507425308228
init-final,proj-alpaca-r30-s0,proj-alpaca-r30-s0,L14.gateup,14,gateup,2048,848,0.4140625,0.996422529220581
init-final,proj-alpaca-r30-s0,proj-alpaca-r30-s0,L14.down,14,down,2048,848,0.4140625,0.9960206151008606
init-final,proj-alpaca-r30-s0,proj-alpaca-r30-s0,L15.qkv,15,qkv,2048,1248,0.609375,0.9979605078697205
init-final,proj-alpaca-r30-s0,proj-alpaca-r30-s0,L15.o,15,o,2048,1248,0.609375,0.9974621534347534
init-final,proj-alpaca-r30-s0,proj-alpaca-r30-s0,L15.gateup,15,gateup,2048,848,0.4140625,0.9962368607521057
init-final,proj-alpaca-r30-s0,proj-alpaca-r30-s0,L15.down,15,down,2048,848,0.4140625,0.9960823655128479
init-final,proj-alpaca-r30-s0,proj-alpaca-r30-s0,L16.qkv,16,qkv,2048,1248,0.609375,0.9977697730064392
init-final,proj-alpaca-r30-s0,proj-alpaca-r30-s0,L16.o,16,o,2048,1248,0.609375,0.9973577857017517
init-final,proj-alpaca-r30-s0,proj-alpaca-r30-s0,L16.gateup,16,gateup,2048,848,0.4140625,0.9959267973899841
init-final,proj-alpaca-r30-s0,proj-alpaca-r30-s0,L16.down,16,down,2048,848,0.4140625,0.9958131909370422
init-final,proj-alpaca-r30-s0,proj-alpaca-r30-s0,L17.qkv,17,qkv,2048,1248,0.609375,0.9975570440292358
init-final,proj-alpaca-r30-s0,proj-alpaca-r30-s0,L17.o,17,o,2048,1248,0.609375,0.9970996975898743
init-final,proj-alpaca-r30-s0,proj-alpaca-r30-s0,L17.gateup,17,gateup,2048,848,0.4140625,0.9954503178596497
init-final,proj-alpaca-r30-s0,proj-alpaca-r30-s0,L17.down,17,down,2048,848,0.4140625,0.995647132396698
init-final,proj-alpaca-r30-s0,proj-alpaca-r30-s0,L18.qkv,18,qkv,2048,1248,0.609375,0.9978325963020325
init-final,proj-alpaca-r30-s0,proj-alpaca-r30-s0,L18.o,18,o,2048,1248,0.609375,0.9970464706420898
init-final,proj-alpaca-r30-s0,proj-alpaca-r30-s0,L18.gateup,18,gateup,2048,848,0.4140625,0.9952925443649292
init-final,proj-alpaca-r30-s0,proj-alpaca-r30-s0,L18.down,18,down,2048,848,0.4140625,0.9954485893249512
init-final,proj-alpaca-r30-s0,proj-alpaca-r30-s0,L19.qkv,19,qkv,2048,1248,0.609375,0.9978281855583191
init-final,proj-alpaca-r30-s0,proj-alpaca-r30-s0,L19.o,19,o,2048,1248,0.609375,0.9969253540039062
init-final,proj-alpaca-r30-s0,proj-alpaca-r30-s0,L19.gateup,19,gateup,2048,848,0.4140625,0.9952008128166199
init-final,proj-alpaca-r30-s0,proj-alpaca-r30-s0,L19.down,19,down,2048,848,0.4140625,0.9954861402511597
init-final,proj-alpaca-r30-s0,proj-alpaca-r30-s0,L20.qkv,20,qkv,2048,1248,0.609375,0.9976451992988586
init-final,proj-alpaca-r30-s0,proj-alpaca-r30-s0,L20.o,20,o,2048,1248,0.609375,0.9964364171028137
init-final,proj-alpaca-r30-s0,proj-alpaca-r30-s0,L20.gateup,20,gateup,2048,848,0.4140625,0.9949028491973877
init-final,proj-alpaca-r30-s0,proj-alpaca-r30-s0,L20.down,20,down,2048,848,0.4140625,0.995168149471283
init-final,proj-alpaca-r30-s0,proj-alpaca-r30-s0,L21.qkv,21,qkv,2048,1248,0.609375,0.9977089166641235
init-final,proj-alpaca-r30-s0,proj-alpaca-r30-s0,L21.o,21,o,2048,1248,0.609375,0.9966262578964233
init-final,proj-alpaca-r30-s0,proj-alpaca-r30-s0,L21.gateup,21,gateup,2048,848,0.4140625,0.9947677850723267
init-final,proj-alpaca-r30-s0,proj-alpaca-r30-s0,L21.down,21,down,2048,848,0.4140625,0.9953116774559021
init-final,proj-alpaca-r30-s0,proj-alpaca-r30-s0,L22.qkv,22,qkv,2048,1248,0.609375,0.9977394342422485
init-final,proj-alpaca-r30-s0,proj-alpaca-r30-s0,L22.o,22,o,2048,1248,0.609375,0.9966259598731995
init-final,proj-alpaca-r30-s0,proj-alpaca-r30-s0,L22.gateup,22,gateup,2048,848,0.4140625,0.9947270154953003
init-final,proj-alpaca-r30-s0,proj-alpaca-r30-s0,L22.down,22,down,2048,848,0.4140625,0.9952048659324646
init-final,proj-alpaca-r30-s0,proj-alpaca-r30-s0,L23.qkv,23,qkv,2048,1248,0.609375,0.9975756406784058
init-final,proj-alpaca-r30-s0,proj-alpaca-r30-s0,L23.o,23,o,2048,1248,0.609375,0.9964904189109802
init-final,proj-alpaca-r30-s0,proj-alpaca-r30-s0,L23.gateup,23,gateup,2048,848,0.4140625,0.9945001006126404
init-final,proj-alpaca-r30-s0,proj-alpaca-r30-s0,L23.down,23,down,2048,848,0.4140625,0.9953123927116394
init-final,proj-alpaca-r30-s0,proj-alpaca-r30-s0,L24.qkv,24,qkv,2048,1248,0.609375,0.9977174401283264
init-final,proj-alpaca-r30-s0,proj-alpaca-r30-s0,L24.o,24,o,2048,1248,0.609375,0.9967514276504517
init-final,proj-alpaca-r30-s0,proj-alpaca-r30-s0,L24.gateup,24,gateup,2048,848,0.4140625,0.9945729374885559
init-final,proj-alpaca-r30-s0,proj-alpaca-r30-s0,L24.down,24,down,2048,848,0.4140625,0.9956643581390381
init-final,proj-alpaca-r30-s0,proj-alpaca-r30-s0,L25.qkv,25,qkv,2048,1248,0.609375,0.997438371181488
init-final,proj-alpaca-r30-s0,proj-alpaca-r30-s0,L25.o,25,o,2048,1248,0.609375,0.9964826703071594
init-final,proj-alpaca-r30-s0,proj-alpaca-r30-s0,L25.gateup,25,gateup,2048,848,0.4140625,0.9946146607398987
init-final,proj-alpaca-r30-s0,proj-alpaca-r30-s0,L25.down,25,down,2048,848,0.4140625,0.9954927563667297
init-final,proj-alpaca-r30-s0,proj-alpaca-r30-s0,L26.qkv,26,qkv,2048,1248,0.609375,0.9978213310241699
init-final,proj-alpaca-r30-s0,proj-alpaca-r30-s0,L26.o,26,o,2048,1248,0.609375,0.9969034790992737
init-final,proj-alpaca-r30-s0,proj-alpaca-r30-s0,L26.gateup,26,gateup,2048,848,0.4140625,0.9954295754432678
init-final,proj-alpaca-r30-s0,proj-alpaca-r30-s0,L26.down,26,down,2048,848,0.4140625,0.9964845180511475
init-final,proj-alpaca-r30-s0,proj-alpaca-r30-s0,L27.qkv,27,qkv,2048,1248,0.609375,0.9975314140319824
init-final,proj-alpaca-r30-s0,proj-alpaca-r30-s0,L27.o,27,o,2048,1248,0.609375,0.997445821762085
init-final,proj-alpaca-r30-s0,proj-alpaca-r30-s0,L27.gateup,27,gateup,2048,848,0.4140625,0.997127115726471
init-final,proj-alpaca-r30-s0,proj-alpaca-r30-s0,L27.down,27,down,2048,848,0.4140625,0.9990834593772888
init-final,proj-selfgen-r30-s0,proj-selfgen-r30-s0,L0.qkv,0,qkv,2048,1248,0.609375,0.9950852990150452
init-final,proj-selfgen-r30-s0,proj-selfgen-r30-s0,L0.o,0,o,2048,1248,0.609375,0.9960247278213501
init-final,proj-selfgen-r30-s0,proj-selfgen-r30-s0,L0.gateup,0,gateup,2048,848,0.4140625,0.9949207305908203
init-final,proj-selfgen-r30-s0,proj-selfgen-r30-s0,L0.down,0,down,2048,848,0.4140625,0.9950459003448486
init-final,proj-selfgen-r30-s0,proj-selfgen-r30-s0,L1.qkv,1,qkv,2048,1248,0.609375,0.9958550930023193
init-final,proj-selfgen-r30-s0,proj-selfgen-r30-s0,L1.o,1,o,2048,1248,0.609375,0.9959165453910828
init-final,proj-selfgen-r30-s0,proj-selfgen-r30-s0,L1.gateup,1,gateup,2048,848,0.4140625,0.9945805668830872
init-final,proj-selfgen-r30-s0,proj-selfgen-r30-s0,L1.down,1,down,2048,848,0.4140625,0.9948784112930298
init-final,proj-selfgen-r30-s0,proj-selfgen-r30-s0,L2.qkv,2,qkv,2048,1248,0.609375,0.9958165884017944
init-final,proj-selfgen-r30-s0,proj-selfgen-r30-s0,L2.o,2,o,2048,1248,0.609375,0.9956766963005066
init-final,proj-selfgen-r30-s0,proj-selfgen-r30-s0,L2.gateup,2,gateup,2048,848,0.4140625,0.9945574998855591
init-final,proj-selfgen-r30-s0,proj-selfgen-r30-s0,L2.down,2,down,2048,848,0.4140625,0.9949156045913696
init-final,proj-selfgen-r30-s0,proj-selfgen-r30-s0,L3.qkv,3,qkv,2048,1248,0.609375,0.9966440796852112
init-final,proj-selfgen-r30-s0,proj-selfgen-r30-s0,L3.o,3,o,2048,1248,0.609375,0.9953805208206177
init-final,proj-selfgen-r30-s0,proj-selfgen-r30-s0,L3.gateup,3,gateup,2048,848,0.4140625,0.9942524433135986
init-final,proj-selfgen-r30-s0,proj-selfgen-r30-s0,L3.down,3,down,2048,848,0.4140625,0.9944183230400085
init-final,proj-selfgen-r30-s0,proj-selfgen-r30-s0,L4.qkv,4,qkv,2048,1248,0.609375,0.996537446975708
init-final,proj-selfgen-r30-s0,proj-selfgen-r30-s0,L4.o,4,o,2048,1248,0.609375,0.9957668781280518
init-final,proj-selfgen-r30-s0,proj-selfgen-r30-s0,L4.gateup,4,gateup,2048,848,0.4140625,0.994270384311676
init-final,proj-selfgen-r30-s0,proj-selfgen-r30-s0,L4.down,4,down,2048,848,0.4140625,0.9950394630432129
init-final,proj-selfgen-r30-s0,proj-selfgen-r30-s0,L5.qkv,5,qkv,2048,1248,0.609375,0.9967893958091736
init-final,proj-selfgen-r30-s0,proj-selfgen-r30-s0,L5.o,5,o,2048,1248,0.609375,0.9958195686340332
init-final,proj-selfgen-r30-s0,proj-selfgen-r30-s0,L5.gateup,5,gateup,2048,848,0.4140625,0.9945001006126404
init-final,proj-selfgen-r30-s0,proj-selfgen-r30-s0,L5.down,5,down,2048,848,0.4140625,0.9949589967727661
init-final,proj-selfgen-r30-s0,proj-selfgen-r30-s0,L6.qkv,6,qkv,2048,1248,0.609375,0.9964995980262756
init-final,proj-selfgen-r30-s0,proj-selfgen-r30-s0,L6.o,6,o,2048,1248,0.609375,0.99570232629776
init-final,proj-selfgen-r30-s0,proj-selfgen-r30-s0,L6.gateup,6,gateup,2048,848,0.4140625,0.9946407079696655
init-final,proj-selfgen-r30-s0,proj-selfgen-r30-s0,L6.down,6,down,2048,848,0.4140625,0.9950781464576721
init-final,proj-selfgen-r30-s0,proj-selfgen-r30-s0,L7.qkv,7,qkv,2048,1248,0.609375,0.9967225193977356
init-final,proj-selfgen-r30-s0,proj-selfgen-r30-s0,L7.o,7,o,2048,1248,0.609375,0.9960644245147705
init-final,proj-selfgen-r30-s0,proj-selfgen-r30-s0,L7.gateup,7,gateup,2048,848,0.4140625,0.9945084452629089
init-final,proj-selfgen-r30-s0,proj-selfgen-r30-s0,L7.down,7,down,2048,848,0.4140625,0.9953488111495972
init-final,proj-selfgen-r30-s0,proj-selfgen-r30-s0,L8.qkv,8,qkv,2048,1248,0.609375,0.9967818856239319
init-final,proj-selfgen-r30-s0,proj-selfgen-r30-s0,L8.o,8,o,2048,1248,0.609375,0.9958429932594299
init-final,proj-selfgen-r30-s0,proj-selfgen-r30-s0,L8.gateup,8,gateup,2048,848,0.4140625,0.994652509689331
init-final,proj-selfgen-r30-s0,proj-selfgen-r30-s0,L8.down,8,down,2048,848,0.4140625,0.9954438805580139
init-final,proj-selfgen-r30-s0,proj-selfgen-r30-s0,L9.qkv,9,qkv,2048,1248,0.609375,0.9971014261245728
init-final,proj-selfgen-r30-s0,proj-selfgen-r30-s0,L9.o,9,o,2048,1248,0.609375,0.9960790872573853
init-final,proj-selfgen-r30-s0,proj-selfgen-r30-s0,L9.gateup,9,gateup,2048,848,0.4140625,0.99467933177948
init-final,proj-selfgen-r30-s0,proj-selfgen-r30-s0,L9.down,9,down,2048,848,0.4140625,0.9953576922416687
init-final,proj-selfgen-r30-s0,proj-selfgen-r30-s0,L10.qkv,10,qkv,2048,1248,0.609375,0.9964665174484253
init-final,proj-selfgen-r30-s0,proj-selfgen-r30-s0,L10.o,10,o,2048,1248,0.609375,0.9958598017692566
init-final,proj-selfgen-r30-s0,proj-selfgen-r30-s0,L10.gateup,10,gateup,2048,848,0.4140625,0.9947165846824646
init-final,proj-selfgen-r30-s0,proj-selfgen-r30-s0,L10.down,10,down,2048,848,0.4140625,0.9954294562339783
init-final,proj-selfgen-r30-s0,proj-selfgen-r30-s0,L11.qkv,11,qkv,2048,1248,0.609375,0.9961940050125122
init-final,proj-selfgen-r30-s0,proj-selfgen-r30-s0,L11.o,11,o,2048,1248,0.609375,0.9958973526954651
init-final,proj-selfgen-r30-s0,proj-selfgen-r30-s0,L11.gateup,11,gateup,2048,848,0.4140625,0.9944819211959839
init-final,proj-selfgen-r30-s0,proj-selfgen-r30-s0,L11.down,11,down,2048,848,0.4140625,0.9951905608177185
init-final,proj-selfgen-r30-s0,proj-selfgen-r30-s0,L12.qkv,12,qkv,2048,1248,0.609375,0.9965181946754456
init-final,proj-selfgen-r30-s0,proj-selfgen-r30-s0,L12.o,12,o,2048,1248,0.609375,0.9956884384155273
init-final,proj-selfgen-r30-s0,proj-selfgen-r30-s0,L12.gateup,12,gateup,2048,848,0.4140625,0.9943115711212158
init-final,proj-selfgen-r30-s0,proj-selfgen-r30-s0,L12.down,12,down,2048,848,0.4140625,0.9954031109809875
init-final,proj-selfgen-r30-s0,proj-selfgen-r30-s0,L13.qkv,13,qkv,2048,1248,0.609375,0.9961612820625305
init-final,proj-selfgen-r30-s0,proj-selfgen-r30-s0,L13.o,13,o,2048,1248,0.609375,0.9958910942077637
init-final,proj-selfgen-r30-s0,proj-selfgen-r30-s0,L13.gateup,13,gateup,2048,848,0.4140625,0.9944146275520325
init-final,proj-selfgen-r30-s0,proj-selfgen-r30-s0,L13.down,13,down,2048,848,0.4140625,0.9954096674919128
init-final,proj-selfgen-r30-s0,proj-selfgen-r30-s0,L14.qkv,14,qkv,2048,1248,0.609375,0.9966978430747986
init-final,proj-selfgen-r30-s0,proj-selfgen-r30-s0,L14.o,14,o,2048,1248,0.609375,0.9960591197013855
init-final,proj-selfgen-r30-s0,proj-selfgen-r30-s0,L14.gateup,14,gateup,2048,848,0.4140625,0.994735598564148
init-final,proj-selfgen-r30-s0,proj-selfgen-r30-s0,L14.down,14,down,2048,848,0.4140625,0.9956383109092712
init-final,proj-selfgen-r30-s0,proj-selfgen-r30-s0,L15.qkv,15,qkv,2048,1248,0.609375,0.9967911839485168
init-final,proj-selfgen-r30-s0,proj-selfgen-r30-s0,L15.o,15,o,2048,1248,0.609375,0.9958961606025696
init-final,proj-selfgen-r30-s0,proj-selfgen-r30-s0,L15.gateup,15,gateup,2048,848,0.4140625,0.9948019981384277
init-final,proj-selfgen-r30-s0,proj-selfgen-r30-s0,L15.down,15,down,2048,848,0.4140625,0.9956469535827637
init-final,proj-selfgen-r30-s0,proj-selfgen-r30-s0,L16.qkv,16,qkv,2048,1248,0.609375,0.9968153238296509
init-final,proj-selfgen-r30-s0,proj-selfgen-r30-s0,L16.o,16,o,2048,1248,0.609375,0.9958537220954895
init-final,proj-selfgen-r30-s0,proj-selfgen-r30-s0,L16.gateup,16,gateup,2048,848,0.4140625,0.9951199293136597
init-final,proj-selfgen-r30-s0,proj-selfgen-r30-s0,L16.down,16,down,2048,848,0.4140625,0.995714008808136
init-final,proj-selfgen-r30-s0,proj-selfgen-r30-s0,L17.qkv,17,qkv,2048,1248,0.609375,0.9966692924499512
init-final,proj-selfgen-r30-s0,proj-selfgen-r30-s0,L17.o,17,o,2048,1248,0.609375,0.9958441257476807
init-final,proj-selfgen-r30-s0,proj-selfgen-r30-s0,L17.gateup,17,gateup,2048,848,0.4140625,0.9949350953102112
init-final,proj-selfgen-r30-s0,proj-selfgen-r30-s0,L17.down,17,down,2048,848,0.4140625,0.9955766201019287
init-final,proj-selfgen-r30-s0,proj-selfgen-r30-s0,L18.qkv,18,qkv,2048,1248,0.609375,0.9967552423477173
init-final,proj-selfgen-r30-s0,proj-selfgen-r30-s0,L18.o,18,o,2048,1248,0.609375,0.9957699179649353
init-final,proj-selfgen-r30-s0,proj-selfgen-r30-s0,L18.gateup,18,gateup,2048,848,0.4140625,0.9944893717765808
init-final,proj-selfgen-r30-s0,proj-selfgen-r30-s0,L18.down,18,down,2048,848,0.4140625,0.9955901503562927
init-final,proj-selfgen-r30-s0,proj-selfgen-r30-s0,L19.qkv,19,qkv,2048,1248,0.609375,0.9967718124389648
init-final,proj-selfgen-r30-s0,proj-selfgen-r30-s0,L19.o,19,o,2048,1248,0.609375,0.9959454536437988
init-final,proj-selfgen-r30-s0,proj-selfgen-r30-s0,L19.gateup,19,gateup,2048,848,0.4140625,0.9947691559791565
init-final,proj-selfgen-r30-s0,proj-selfgen-r30-s0,L19.down,19,down,2048,848,0.4140625,0.9952561855316162
init-final,proj-selfgen-r30-s0,proj-selfgen-r30-s0,L20.qkv,20,qkv,2048,1248,0.609375,0.9969395399093628
init-final,proj-selfgen-r30-s0,proj-selfgen-r30-s0,L20.o,20,o,2048,1248,0.609375,0.995444655418396
init-final,proj-selfgen-r30-s0,proj-selfgen-r30-s0,L20.gateup,20,gateup,2048,848,0.4140625,0.994267463684082
init-final,proj-selfgen-r30-s0,proj-selfgen-r30-s0,L20.down,20,down,2048,848,0.4140625,0.9952707886695862
init-final,proj-selfgen-r30-s0,proj-selfgen-r30-s0,L21.qkv,21,qkv,2048,1248,0.609375,0.9969500303268433
init-final,proj-selfgen-r30-s0,proj-selfgen-r30-s0,L21.o,21,o,2048,1248,0.609375,0.995774507522583
init-final,proj-selfgen-r30-s0,proj-selfgen-r30-s0,L21.gateup,21,gateup,2048,848,0.4140625,0.9942136406898499
init-final,proj-selfgen-r30-s0,proj-selfgen-r30-s0,L21.down,21,down,2048,848,0.4140625,0.9949280619621277
init-final,proj-selfgen-r30-s0,proj-selfgen-r30-s0,L22.qkv,22,qkv,2048,1248,0.609375,0.9968623518943787
init-final,proj-selfgen-r30-s0,proj-selfgen-r30-s0,L22.o,22,o,2048,1248,0.609375,0.9956571459770203
init-final,proj-selfgen-r30-s0,proj-selfgen-r30-s0,L22.gateup,22,gateup,2048,848,0.4140625,0.993984043598175
init-final,proj-selfgen-r30-s0,proj-selfgen-r30-s0,L22.down,22,down,2048,848,0.4140625,0.9949146509170532
init-final,proj-selfgen-r30-s0,proj-selfgen-r30-s0,L23.qkv,23,qkv,2048,1248,0.609375,0.9968786835670471
init-final,proj-selfgen-r30-s0,proj-selfgen-r30-s0,L23.o,23,o,2048,1248,0.609375,0.9954360723495483
init-final,proj-selfgen-r30-s0,proj-selfgen-r30-s0,L23.gateup,23,gateup,2048,848,0.4140625,0.9934274554252625
init-final,proj-selfgen-r30-s0,proj-selfgen-r30-s0,L23.down,23,down,2048,848,0.4140625,0.9949982762336731
init-final,proj-selfgen-r30-s0,proj-selfgen-r30-s0,L24.qkv,24,qkv,2048,1248,0.609375,0.9966583251953125
init-final,proj-selfgen-r30-s0,proj-selfgen-r30-s0,L24.o,24,o,2048,1248,0.609375,0.9958081245422363
init-final,proj-selfgen-r30-s0,proj-selfgen-r30-s0,L24.gateup,24,gateup,2048,848,0.4140625,0.9936017394065857
init-final,proj-selfgen-r30-s0,proj-selfgen-r30-s0,L24.down,24,down,2048,848,0.4140625,0.9955537915229797
init-final,proj-selfgen-r30-s0,proj-selfgen-r30-s0,L25.qkv,25,qkv,2048,1248,0.609375,0.9966148138046265
init-final,proj-selfgen-r30-s0,proj-selfgen-r30-s0,L25.o,25,o,2048,1248,0.609375,0.9955461025238037
init-final,proj-selfgen-r30-s0,proj-selfgen-r30-s0,L25.gateup,25,gateup,2048,848,0.4140625,0.9941452741622925
init-final,proj-selfgen-r30-s0,proj-selfgen-r30-s0,L25.down,25,down,2048,848,0.4140625,0.9953847527503967
init-final,proj-selfgen-r30-s0,proj-selfgen-r30-s0,L26.qkv,26,qkv,2048,1248,0.609375,0.9970716238021851
init-final,proj-selfgen-r30-s0,proj-selfgen-r30-s0,L26.o,26,o,2048,1248,0.609375,0.9961313009262085
init-final,proj-selfgen-r30-s0,proj-selfgen-r30-s0,L26.gateup,26,gateup,2048,848,0.4140625,0.9953882694244385
init-final,proj-selfgen-r30-s0,proj-selfgen-r30-s0,L26.down,26,down,2048,848,0.4140625,0.9967913627624512
init-final,proj-selfgen-r30-s0,proj-selfgen-r30-s0,L27.qkv,27,qkv,2048,1248,0.609375,0.9971315860748291
init-final,proj-selfgen-r30-s0,proj-selfgen-r30-s0,L27.o,27,o,2048,1248,0.609375,0.9969781637191772
init-final,proj-selfgen-r30-s0,proj-selfgen-r30-s0,L27.gateup,27,gateup,2048,848,0.4140625,0.9966346621513367
init-final,proj-selfgen-r30-s0,proj-selfgen-r30-s0,L27.down,27,down,2048,848,0.4140625,0.9990024566650391
init-final,proj-selfdoc-r30-s0,proj-selfdoc-r30-s0,L0.qkv,0,qkv,2048,1248,0.609375,0.9946784377098083
init-final,proj-selfdoc-r30-s0,proj-selfdoc-r30-s0,L0.o,0,o,2048,1248,0.609375,0.9956820607185364
init-final,proj-selfdoc-r30-s0,proj-selfdoc-r30-s0,L0.gateup,0,gateup,2048,848,0.4140625,0.994052529335022
init-final,proj-selfdoc-r30-s0,proj-selfdoc-r30-s0,L0.down,0,down,2048,848,0.4140625,0.9948838353157043
init-final,proj-selfdoc-r30-s0,proj-selfdoc-r30-s0,L1.qkv,1,qkv,2048,1248,0.609375,0.9959705471992493
init-final,proj-selfdoc-r30-s0,proj-selfdoc-r30-s0,L1.o,1,o,2048,1248,0.609375,0.9959228038787842
init-final,proj-selfdoc-r30-s0,proj-selfdoc-r30-s0,L1.gateup,1,gateup,2048,848,0.4140625,0.9941017627716064
init-final,proj-selfdoc-r30-s0,proj-selfdoc-r30-s0,L1.down,1,down,2048,848,0.4140625,0.9950573444366455
init-final,proj-selfdoc-r30-s0,proj-selfdoc-r30-s0,L2.qkv,2,qkv,2048,1248,0.609375,0.9964108467102051
init-final,proj-selfdoc-r30-s0,proj-selfdoc-r30-s0,L2.o,2,o,2048,1248,0.609375,0.9960283041000366
init-final,proj-selfdoc-r30-s0,proj-selfdoc-r30-s0,L2.gateup,2,gateup,2048,848,0.4140625,0.9944064021110535
init-final,proj-selfdoc-r30-s0,proj-selfdoc-r30-s0,L2.down,2,down,2048,848,0.4140625,0.9954877495765686
init-final,proj-selfdoc-r30-s0,proj-selfdoc-r30-s0,L3.qkv,3,qkv,2048,1248,0.609375,0.9970566034317017
init-final,proj-selfdoc-r30-s0,proj-selfdoc-r30-s0,L3.o,3,o,2048,1248,0.609375,0.9956657290458679
init-final,proj-selfdoc-r30-s0,proj-selfdoc-r30-s0,L3.gateup,3,gateup,2048,848,0.4140625,0.9953801035881042
init-final,proj-selfdoc-r30-s0,proj-selfdoc-r30-s0,L3.down,3,down,2048,848,0.4140625,0.9959805011749268
init-final,proj-selfdoc-r30-s0,proj-selfdoc-r30-s0,L4.qkv,4,qkv,2048,1248,0.609375,0.9971734285354614
init-final,proj-selfdoc-r30-s0,proj-selfdoc-r30-s0,L4.o,4,o,2048,1248,0.609375,0.9967199563980103
init-final,proj-selfdoc-r30-s0,proj-selfdoc-r30-s0,L4.gateup,4,gateup,2048,848,0.4140625,0.994710385799408
init-final,proj-selfdoc-r30-s0,proj-selfdoc-r30-s0,L4.down,4,down,2048,848,0.4140625,0.9949288964271545
init-final,proj-selfdoc-r30-s0,proj-selfdoc-r30-s0,L5.qkv,5,qkv,2048,1248,0.609375,0.997062087059021
init-final,proj-selfdoc-r30-s0,proj-selfdoc-r30-s0,L5.o,5,o,2048,1248,0.609375,0.9964367747306824
init-final,proj-selfdoc-r30-s0,proj-selfdoc-r30-s0,L5.gateup,5,gateup,2048,848,0.4140625,0.9949892163276672
init-final,proj-selfdoc-r30-s0,proj-selfdoc-r30-s0,L5.down,5,down,2048,848,0.4140625,0.9949974417686462
init-final,proj-selfdoc-r30-s0,proj-selfdoc-r30-s0,L6.qkv,6,qkv,2048,1248,0.609375,0.9969358444213867
init-final,proj-selfdoc-r30-s0,proj-selfdoc-r30-s0,L6.o,6,o,2048,1248,0.609375,0.9965789914131165
init-final,proj-selfdoc-r30-s0,proj-selfdoc-r30-s0,L6.gateup,6,gateup,2048,848,0.4140625,0.9951333999633789
init-final,proj-selfdoc-r30-s0,proj-selfdoc-r30-s0,L6.down,6,down,2048,848,0.4140625,0.9953200221061707
init-final,proj-selfdoc-r30-s0,proj-selfdoc-r30-s0,L7.qkv,7,qkv,2048,1248,0.609375,0.9970503449440002
init-final,proj-selfdoc-r30-s0,proj-selfdoc-r30-s0,L7.o,7,o,2048,1248,0.609375,0.9967467784881592
init-final,proj-selfdoc-r30-s0,proj-selfdoc-r30-s0,L7.gateup,7,gateup,2048,848,0.4140625,0.9954872727394104
init-final,proj-selfdoc-r30-s0,proj-selfdoc-r30-s0,L7.down,7,down,2048,848,0.4140625,0.9956122636795044
init-final,proj-selfdoc-r30-s0,proj-selfdoc-r30-s0,L8.qkv,8,qkv,2048,1248,0.609375,0.9972499012947083
init-final,proj-selfdoc-r30-s0,proj-selfdoc-r30-s0,L8.o,8,o,2048,1248,0.609375,0.9967547655105591
init-final,proj-selfdoc-r30-s0,proj-selfdoc-r30-s0,L8.gateup,8,gateup,2048,848,0.4140625,0.995410144329071
init-final,proj-selfdoc-r30-s0,proj-selfdoc-r30-s0,L8.down,8,down,2048,848,0.4140625,0.9954167604446411
init-final,proj-selfdoc-r30-s0,proj-selfdoc-r30-s0,L9.qkv,9,qkv,2048,1248,0.609375,0.9971898794174194
init-final,proj-selfdoc-r30-s0,proj-selfdoc-r30-s0,L9.o,9,o,2048,1248,0.609375,0.9968470931053162
init-final,proj-selfdoc-r30-s0,proj-selfdoc-r30-s0,L9.gateup,9,gateup,2048,848,0.4140625,0.9952651262283325
init-final,proj-selfdoc-r30-s0,proj-selfdoc-r30-s0,L9.down,9,down,2048,848,0.4140625,0.9955506324768066
init-final,proj-selfdoc-r30-s0,proj-selfdoc-r30-s0,L10.qkv,10,qkv,2048,1248,0.609375,0.9969767928123474
init-final,proj-selfdoc-r30-s0,proj-selfdoc-r30-s0,L10.o,10,o,2048,1248,0.609375,0.9967890381813049
init-final,proj-selfdoc-r30-s0,proj-selfdoc-r30-s0,L10.gateup,10,gateup,2048,848,0.4140625,0.995307207107544
init-final,proj-selfdoc-r30-s0,proj-selfdoc-r30-s0,L10.down,10,down,2048,848,0.4140625,0.9958676099777222
init-final,proj-selfdoc-r30-s0,proj-selfdoc-r30-s0,L11.qkv,11,qkv,2048,1248,0.609375,0.9968500733375549
init-final,proj-selfdoc-r30-s0,proj-selfdoc-r30-s0,L11.o,11,o,2048,1248,0.609375,0.9970957636833191
init-final,proj-selfdoc-r30-s0,proj-selfdoc-r30-s0,L11.gateup,11,gateup,2048,848,0.4140625,0.9955418705940247
init-final,proj-selfdoc-r30-s0,proj-selfdoc-r30-s0,L11.down,11,down,2048,848,0.4140625,0.9957274794578552
init-final,proj-selfdoc-r30-s0,proj-selfdoc-r30-s0,L12.qkv,12,qkv,2048,1248,0.609375,0.9971503615379333
init-final,proj-selfdoc-r30-s0,proj-selfdoc-r30-s0,L12.o,12,o,2048,1248,0.609375,0.9969123601913452
init-final,proj-selfdoc-r30-s0,proj-selfdoc-r30-s0,L12.gateup,12,gateup,2048,848,0.4140625,0.9957064390182495
init-final,proj-selfdoc-r30-s0,proj-selfdoc-r30-s0,L12.down,12,down,2048,848,0.4140625,0.9957202076911926
init-final,proj-selfdoc-r30-s0,proj-selfdoc-r30-s0,L13.qkv,13,qkv,2048,1248,0.609375,0.9969697594642639
init-final,proj-selfdoc-r30-s0,proj-selfdoc-r30-s0,L13.o,13,o,2048,1248,0.609375,0.9970340132713318
init-final,proj-selfdoc-r30-s0,proj-selfdoc-r30-s0,L13.gateup,13,gateup,2048,848,0.4140625,0.9959030747413635
init-final,proj-selfdoc-r30-s0,proj-selfdoc-r30-s0,L13.down,13,down,2048,848,0.4140625,0.9957433938980103
init-final,proj-selfdoc-r30-s0,proj-selfdoc-r30-s0,L14.qkv,14,qkv,2048,1248,0.609375,0.9974691867828369
init-final,proj-selfdoc-r30-s0,proj-selfdoc-r30-s0,L14.o,14,o,2048,1248,0.609375,0.9973984956741333
init-final,proj-selfdoc-r30-s0,proj-selfdoc-r30-s0,L14.gateup,14,gateup,2048,848,0.4140625,0.9965500831604004
init-final,proj-selfdoc-r30-s0,proj-selfdoc-r30-s0,L14.down,14,down,2048,848,0.4140625,0.9957065582275391
init-final,proj-selfdoc-r30-s0,proj-selfdoc-r30-s0,L15.qkv,15,qkv,2048,1248,0.609375,0.9974134564399719
init-final,proj-selfdoc-r30-s0,proj-selfdoc-r30-s0,L15.o,15,o,2048,1248,0.609375,0.9968504309654236
init-final,proj-selfdoc-r30-s0,proj-selfdoc-r30-s0,L15.gateup,15,gateup,2048,848,0.4140625,0.9961261749267578
init-final,proj-selfdoc-r30-s0,proj-selfdoc-r30-s0,L15.down,15,down,2048,848,0.4140625,0.995286226272583
init-final,proj-selfdoc-r30-s0,proj-selfdoc-r30-s0,L16.qkv,16,qkv,2048,1248,0.609375,0.9970511794090271
init-final,proj-selfdoc-r30-s0,proj-selfdoc-r30-s0,L16.o,16,o,2048,1248,0.609375,0.9964427351951599
init-final,proj-selfdoc-r30-s0,proj-selfdoc-r30-s0,L16.gateup,16,gateup,2048,848,0.4140625,0.9951159358024597
init-final,proj-selfdoc-r30-s0,proj-selfdoc-r30-s0,L16.down,16,down,2048,848,0.4140625,0.9950752854347229
init-final,proj-selfdoc-r30-s0,proj-selfdoc-r30-s0,L17.qkv,17,qkv,2048,1248,0.609375,0.9966575503349304
init-final,proj-selfdoc-r30-s0,proj-selfdoc-r30-s0,L17.o,17,o,2048,1248,0.609375,0.9962420463562012
init-final,proj-selfdoc-r30-s0,proj-selfdoc-r30-s0,L17.gateup,17,gateup,2048,848,0.4140625,0.9953054785728455
init-final,proj-selfdoc-r30-s0,proj-selfdoc-r30-s0,L17.down,17,down,2048,848,0.4140625,0.9945850372314453
init-final,proj-selfdoc-r30-s0,proj-selfdoc-r30-s0,L18.qkv,18,qkv,2048,1248,0.609375,0.9967144727706909
init-final,proj-selfdoc-r30-s0,proj-selfdoc-r30-s0,L18.o,18,o,2048,1248,0.609375,0.9961330890655518
init-final,proj-selfdoc-r30-s0,proj-selfdoc-r30-s0,L18.gateup,18,gateup,2048,848,0.4140625,0.9944769144058228
init-final,proj-selfdoc-r30-s0,proj-selfdoc-r30-s0,L18.down,18,down,2048,848,0.4140625,0.994191586971283
init-final,proj-selfdoc-r30-s0,proj-selfdoc-r30-s0,L19.qkv,19,qkv,2048,1248,0.609375,0.9968783259391785
init-final,proj-selfdoc-r30-s0,proj-selfdoc-r30-s0,L19.o,19,o,2048,1248,0.609375,0.996127188205719
init-final,proj-selfdoc-r30-s0,proj-selfdoc-r30-s0,L19.gateup,19,gateup,2048,848,0.4140625,0.9939500689506531
init-final,proj-selfdoc-r30-s0,proj-selfdoc-r30-s0,L19.down,19,down,2048,848,0.4140625,0.9941990375518799
init-final,proj-selfdoc-r30-s0,proj-selfdoc-r30-s0,L20.qkv,20,qkv,2048,1248,0.609375,0.9969609975814819
init-final,proj-selfdoc-r30-s0,proj-selfdoc-r30-s0,L20.o,20,o,2048,1248,0.609375,0.9957432746887207
init-final,proj-selfdoc-r30-s0,proj-selfdoc-r30-s0,L20.gateup,20,gateup,2048,848,0.4140625,0.9939213991165161
init-final,proj-selfdoc-r30-s0,proj-selfdoc-r30-s0,L20.down,20,down,2048,848,0.4140625,0.9936107993125916
init-final,proj-selfdoc-r30-s0,proj-selfdoc-r30-s0,L21.qkv,21,qkv,2048,1248,0.609375,0.9967707991600037
init-final,proj-selfdoc-r30-s0,proj-selfdoc-r30-s0,L21.o,21,o,2048,1248,0.609375,0.9959683418273926
init-final,proj-selfdoc-r30-s0,proj-selfdoc-r30-s0,L21.gateup,21,gateup,2048,848,0.4140625,0.9934386610984802
init-final,proj-selfdoc-r30-s0,proj-selfdoc-r30-s0,L21.down,21,down,2048,848,0.4140625,0.9935595393180847
init-final,proj-selfdoc-r30-s0,proj-selfdoc-r30-s0,L22.qkv,22,qkv,2048,1248,0.609375,0.9969700574874878
init-final,proj-selfdoc-r30-s0,proj-selfdoc-r30-s0,L22.o,22,o,2048,1248,0.609375,0.995868980884552
init-final,proj-selfdoc-r30-s0,proj-selfdoc-r30-s0,L22.gateup,22,gateup,2048,848,0.4140625,0.9933716654777527
init-final,proj-selfdoc-r30-s0,proj-selfdoc-r30-s0,L22.down,22,down,2048,848,0.4140625,0.9936856627464294
init-final,proj-selfdoc-r30-s0,proj-selfdoc-r30-s0,L23.qkv,23,qkv,2048,1248,0.609375,0.9968807697296143
init-final,proj-selfdoc-r30-s0,proj-selfdoc-r30-s0,L23.o,23,o,2048,1248,0.609375,0.9958159923553467
init-final,proj-selfdoc-r30-s0,proj-selfdoc-r30-s0,L23.gateup,23,gateup,2048,848,0.4140625,0.9934300780296326
init-final,proj-selfdoc-r30-s0,proj-selfdoc-r30-s0,L23.down,23,down,2048,848,0.4140625,0.9940332770347595
init-final,proj-selfdoc-r30-s0,proj-selfdoc-r30-s0,L24.qkv,24,qkv,2048,1248,0.609375,0.9964870810508728
init-final,proj-selfdoc-r30-s0,proj-selfdoc-r30-s0,L24.o,24,o,2048,1248,0.609375,0.9957432150840759
init-final,proj-selfdoc-r30-s0,proj-selfdoc-r30-s0,L24.gateup,24,gateup,2048,848,0.4140625,0.993556797504425
init-final,proj-selfdoc-r30-s0,proj-selfdoc-r30-s0,L24.down,24,down,2048,848,0.4140625,0.9945567846298218
init-final,proj-selfdoc-r30-s0,proj-selfdoc-r30-s0,L25.qkv,25,qkv,2048,1248,0.609375,0.9965991377830505
init-final,proj-selfdoc-r30-s0,proj-selfdoc-r30-s0,L25.o,25,o,2048,1248,0.609375,0.9955552220344543
init-final,proj-selfdoc-r30-s0,proj-selfdoc-r30-s0,L25.gateup,25,gateup,2048,848,0.4140625,0.9939360618591309
init-final,proj-selfdoc-r30-s0,proj-selfdoc-r30-s0,L25.down,25,down,2048,848,0.4140625,0.9939740896224976
init-final,proj-selfdoc-r30-s0,proj-selfdoc-r30-s0,L26.qkv,26,qkv,2048,1248,0.609375,0.9967817664146423
init-final,proj-selfdoc-r30-s0,proj-selfdoc-r30-s0,L26.o,26,o,2048,1248,0.609375,0.995952308177948
init-final,proj-selfdoc-r30-s0,proj-selfdoc-r30-s0,L26.gateup,26,gateup,2048,848,0.4140625,0.9942635893821716
init-final,proj-selfdoc-r30-s0,proj-selfdoc-r30-s0,L26.down,26,down,2048,848,0.4140625,0.9959167838096619
init-final,proj-selfdoc-r30-s0,proj-selfdoc-r30-s0,L27.qkv,27,qkv,2048,1248,0.609375,0.9966443777084351
init-final,proj-selfdoc-r30-s0,proj-selfdoc-r30-s0,L27.o,27,o,2048,1248,0.609375,0.9964705109596252
init-final,proj-selfdoc-r30-s0,proj-selfdoc-r30-s0,L27.gateup,27,gateup,2048,848,0.4140625,0.9962251782417297
init-final,proj-selfdoc-r30-s0,proj-selfdoc-r30-s0,L27.down,27,down,2048,848,0.4140625,0.9987876415252686
init-init,proj-wikitext2-r30-s0,proj-c4-r30-s0,L0.qkv,0,qkv,2048,1248,0.609375,0.8870874047279358
final-final,proj-wikitext2-r30-s0,proj-c4-r30-s0,L0.qkv,0,qkv,2048,1248,0.609375,0.8824062943458557
init-init,proj-wikitext2-r30-s0,proj-c4-r30-s0,L0.o,0,o,2048,1248,0.609375,0.9473173022270203
final-final,proj-wikitext2-r30-s0,proj-c4-r30-s0,L0.o,0,o,2048,1248,0.609375,0.9417745471000671
init-init,proj-wikitext2-r30-s0,proj-c4-r30-s0,L0.gateup,0,gateup,2048,848,0.4140625,0.960057258605957
final-final,proj-wikitext2-r30-s0,proj-c4-r30-s0,L0.gateup,0,gateup,2048,848,0.4140625,0.9512896537780762
init-init,proj-wikitext2-r30-s0,proj-c4-r30-s0,L0.down,0,down,2048,848,0.4140625,0.875508189201355
final-final,proj-wikitext2-r30-s0,proj-c4-r30-s0,L0.down,0,down,2048,848,0.4140625,0.8688337206840515
init-init,proj-wikitext2-r30-s0,proj-c4-r30-s0,L1.qkv,1,qkv,2048,1248,0.609375,0.9134631156921387
final-final,proj-wikitext2-r30-s0,proj-c4-r30-s0,L1.qkv,1,qkv,2048,1248,0.609375,0.9076060652732849
init-init,proj-wikitext2-r30-s0,proj-c4-r30-s0,L1.o,1,o,2048,1248,0.609375,0.9236189126968384
final-final,proj-wikitext2-r30-s0,proj-c4-r30-s0,L1.o,1,o,2048,1248,0.609375,0.9187769889831543
init-init,proj-wikitext2-r30-s0,proj-c4-r30-s0,L1.gateup,1,gateup,2048,848,0.4140625,0.8698751330375671
final-final,proj-wikitext2-r30-s0,proj-c4-r30-s0,L1.gateup,1,gateup,2048,848,0.4140625,0.8636513352394104
init-init,proj-wikitext2-r30-s0,proj-c4-r30-s0,L1.down,1,down,2048,848,0.4140625,0.8711140751838684
final-final,proj-wikitext2-r30-s0,proj-c4-r30-s0,L1.down,1,down,2048,848,0.4140625,0.8647738695144653
init-init,proj-wikitext2-r30-s0,proj-c4-r30-s0,L2.qkv,2,qkv,2048,1248,0.609375,0.9106994271278381
final-final,proj-wikitext2-r30-s0,proj-c4-r30-s0,L2.qkv,2,qkv,2048,1248,0.609375,0.9058875441551208
init-init,proj-wikitext2-r30-s0,proj-c4-r30-s0,L2.o,2,o,2048,1248,0.609375,0.9349566102027893
final-final,proj-wikitext2-r30-s0,proj-c4-r30-s0,L2.o,2,o,2048,1248,0.609375,0.9300613403320312
init-init,proj-wikitext2-r30-s0,proj-c4-r30-s0,L2.gateup,2,gateup,2048,848,0.4140625,0.85126793384552
final-final,proj-wikitext2-r30-s0,proj-c4-r30-s0,L2.gateup,2,gateup,2048,848,0.4140625,0.8449403643608093
init-init,proj-wikitext2-r30-s0,proj-c4-r30-s0,L2.down,2,down,2048,848,0.4140625,0.8780552744865417
final-final,proj-wikitext2-r30-s0,proj-c4-r30-s0,L2.down,2,down,2048,848,0.4140625,0.8715795874595642
init-init,proj-wikitext2-r30-s0,proj-c4-r30-s0,L3.qkv,3,qkv,2048,1248,0.609375,0.9090812802314758
final-final,proj-wikitext2-r30-s0,proj-c4-r30-s0,L3.qkv,3,qkv,2048,1248,0.609375,0.9055428504943848
init-init,proj-wikitext2-r30-s0,proj-c4-r30-s0,L3.o,3,o,2048,1248,0.609375,0.9101126194000244
final-final,proj-wikitext2-r30-s0,proj-c4-r30-s0,L3.o,3,o,2048,1248,0.609375,0.9049827456474304
init-init,proj-wikitext2-r30-s0,proj-c4-r30-s0,L3.gateup,3,gateup,2048,848,0.4140625,0.8448869585990906
final-final,proj-wikitext2-r30-s0,proj-c4-r30-s0,L3.gateup,3,gateup,2048,848,0.4140625,0.8385581970214844
init-init,proj-wikitext2-r30-s0,proj-c4-r30-s0,L3.down,3,down,2048,848,0.4140625,0.8674633502960205
final-final,proj-wikitext2-r30-s0,proj-c4-r30-s0,L3.down,3,down,2048,848,0.4140625,0.8606372475624084
init-init,proj-wikitext2-r30-s0,proj-c4-r30-s0,L4.qkv,4,qkv,2048,1248,0.609375,0.9043591022491455
final-final,proj-wikitext2-r30-s0,proj-c4-r30-s0,L4.qkv,4,qkv,2048,1248,0.609375,0.9009867310523987
init-init,proj-wikitext2-r30-s0,proj-c4-r30-s0,L4.o,4,o,2048,1248,0.609375,0.9107864499092102
final-final,proj-wikitext2-r30-s0,proj-c4-r30-s0,L4.o,4,o,2048,1248,0.609375,0.9060520529747009
init-init,proj-wikitext2-r30-s0,proj-c4-r30-s0,L4.gateup,4,gateup,2048,848,0.4140625,0.8369947075843811
final-final,proj-wikitext2-r30-s0,proj-c4-r30-s0,L4.gateup,4,gateup,2048,848,0.4140625,0.8308001756668091
init-init,proj-wikitext2-r30-s0,proj-c4-r30-s0,L4.down,4,down,2048,848,0.4140625,0.8618614673614502
final-final,proj-wikitext2-r30-s0,proj-c4-r30-s0,L4.down,4,down,2048,848,0.4140625,0.8555050492286682
init-init,proj-wikitext2-r30-s0,proj-c4-r30-s0,L5.qkv,5,qkv,2048,1248,0.609375,0.90091472864151
final-final,proj-wikitext2-r30-s0,proj-c4-r30-s0,L5.qkv,5,qkv,2048,1248,0.609375,0.8976861238479614
init-init,proj-wikitext2-r30-s0,proj-c4-r30-s0,L5.o,5,o,2048,1248,0.609375,0.9301122426986694
final-final,proj-wikitext2-r30-s0,proj-c4-r30-s0,L5.o,5,o,2048,1248,0.609375,0.9251470565795898
init-init,proj-wikitext2-r30-s0,proj-c4-r30-s0,L5.gateup,5,gateup,2048,848,0.4140625,0.824622631072998
final-final,proj-wikitext2-r30-s0,proj-c4-r30-s0,L5.gateup,5,gateup,2048,848,0.4140625,0.8187081813812256
init-init,proj-wikitext2-r30-s0,proj-c4-r30-s0,L5.down,5,down,2048,848,0.4140625,0.8789160251617432
final-final,proj-wikitext2-r30-s0,proj-c4-r30-s0,L5.down,5,down,2048,848,0.4140625,0.872352659702301
init-init,proj-wikitext2-r30-s0,proj-c4-r30-s0,L6.qkv,6,qkv,2048,1248,0.609375,0.9087297320365906
final-final,proj-wikitext2-r30-s0,proj-c4-r30-s0,L6.qkv,6,qkv,2048,1248,0.609375,0.9051690697669983
init-init,proj-wikitext2-r30-s0,proj-c4-r30-s0,L6.o,6,o,2048,1248,0.609375,0.9274073839187622
final-final,proj-wikitext2-r30-s0,proj-c4-r30-s0,L6.o,6,o,2048,1248,0.609375,0.922385573387146
init-init,proj-wikitext2-r30-s0,proj-c4-r30-s0,L6.gateup,6,gateup,2048,848,0.4140625,0.8307971954345703
final-final,proj-wikitext2-r30-s0,proj-c4-r30-s0,L6.gateup,6,gateup,2048,848,0.4140625,0.8248260617256165
init-init,proj-wikitext2-r30-s0,proj-c4-r30-s0,L6.down,6,down,2048,848,0.4140625,0.863101065158844
final-final,proj-wikitext2-r30-s0,proj-c4-r30-s0,L6.down,6,down,2048,848,0.4140625,0.856675922870636
init-init,proj-wikitext2-r30-s0,proj-c4-r30-s0,L7.qkv,7,qkv,2048,1248,0.609375,0.8915301561355591
final-final,proj-wikitext2-r30-s0,proj-c4-r30-s0,L7.qkv,7,qkv,2048,1248,0.609375,0.8882244825363159
init-init,proj-wikitext2-r30-s0,proj-c4-r30-s0,L7.o,7,o,2048,1248,0.609375,0.9173121452331543
final-final,proj-wikitext2-r30-s0,proj-c4-r30-s0,L7.o,7,o,2048,1248,0.609375,0.9127155542373657
init-init,proj-wikitext2-r30-s0,proj-c4-r30-s0,L7.gateup,7,gateup,2048,848,0.4140625,0.8137479424476624
final-final,proj-wikitext2-r30-s0,proj-c4-r30-s0,L7.gateup,7,gateup,2048,848,0.4140625,0.8078199028968811
init-init,proj-wikitext2-r30-s0,proj-c4-r30-s0,L7.down,7,down,2048,848,0.4140625,0.8697835803031921
final-final,proj-wikitext2-r30-s0,proj-c4-r30-s0,L7.down,7,down,2048,848,0.4140625,0.8634799122810364
init-init,proj-wikitext2-r30-s0,proj-c4-r30-s0,L8.qkv,8,qkv,2048,1248,0.609375,0.8964440822601318
final-final,proj-wikitext2-r30-s0,proj-c4-r30-s0,L8.qkv,8,qkv,2048,1248,0.609375,0.8931981921195984
init-init,proj-wikitext2-r30-s0,proj-c4-r30-s0,L8.o,8,o,2048,1248,0.609375,0.8991231918334961
final-final,proj-wikitext2-r30-s0,proj-c4-r30-s0,L8.o,8,o,2048,1248,0.609375,0.8944152593612671
init-init,proj-wikitext2-r30-s0,proj-c4-r30-s0,L8.gateup,8,gateup,2048,848,0.4140625,0.8025269508361816
final-final,proj-wikitext2-r30-s0,proj-c4-r30-s0,L8.gateup,8,gateup,2048,848,0.4140625,0.7969179153442383
init-init,proj-wikitext2-r30-s0,proj-c4-r30-s0,L8.down,8,down,2048,848,0.4140625,0.8708254098892212
final-final,proj-wikitext2-r30-s0,proj-c4-r30-s0,L8.down,8,down,2048,848,0.4140625,0.8645557761192322
init-init,proj-wikitext2-r30-s0,proj-c4-r30-s0,L9.qkv,9,qkv,2048,1248,0.609375,0.898302435874939
final-final,proj-wikitext2-r30-s0,proj-c4-r30-s0,L9.qkv,9,qkv,2048,1248,0.609375,0.8953211903572083
init-init,proj-wikitext2-r30-s0,proj-c4-r30-s0,L9.o,9,o,2048,1248,0.609375,0.9102488160133362
final-final,proj-wikitext2-r30-s0,proj-c4-r30-s0,L9.o,9,o,2048,1248,0.609375,0.9058236479759216
init-init,proj-wikitext2-r30-s0,proj-c4-r30-s0,L9.gateup,9,gateup,2048,848,0.4140625,0.806474506855011
final-final,proj-wikitext2-r30-s0,proj-c4-r30-s0,L9.gateup,9,gateup,2048,848,0.4140625,0.8007510304450989
init-init,proj-wikitext2-r30-s0,proj-c4-r30-s0,L9.down,9,down,2048,848,0.4140625,0.8601570129394531
final-final,proj-wikitext2-r30-s0,proj-c4-r30-s0,L9.down,9,down,2048,848,0.4140625,0.8543773889541626
init-init,proj-wikitext2-r30-s0,proj-c4-r30-s0,L10.qkv,10,qkv,2048,1248,0.609375,0.8912298679351807
final-final,proj-wikitext2-r30-s0,proj-c4-r30-s0,L10.qkv,10,qkv,2048,1248,0.609375,0.887750506401062
init-init,proj-wikitext2-r30-s0,proj-c4-r30-s0,L10.o,10,o,2048,1248,0.609375,0.9120556712150574
final-final,proj-wikitext2-r30-s0,proj-c4-r30-s0,L10.o,10,o,2048,1248,0.609375,0.9073038697242737
init-init,proj-wikitext2-r30-s0,proj-c4-r30-s0,L10.gateup,10,gateup,2048,848,0.4140625,0.798810601234436
final-final,proj-wikitext2-r30-s0,proj-c4-r30-s0,L10.gateup,10,gateup,2048,848,0.4140625,0.7935997247695923
init-init,proj-wikitext2-r30-s0,proj-c4-r30-s0,L10.down,10,down,2048,848,0.4140625,0.865176260471344
final-final,proj-wikitext2-r30-s0,proj-c4-r30-s0,L10.down,10,down,2048,848,0.4140625,0.8595616221427917
init-init,proj-wikitext2-r30-s0,proj-c4-r30-s0,L11.qkv,11,qkv,2048,1248,0.609375,0.904143214225769
final-final,proj-wikitext2-r30-s0,proj-c4-r30-s0,L11.qkv,11,qkv,2048,1248,0.609375,0.9003837704658508
init-init,proj-wikitext2-r30-s0,proj-c4-r30-s0,L11.o,11,o,2048,1248,0.609375,0.9348777532577515
final-final,proj-wikitext2-r30-s0,proj-c4-r30-s0,L11.o,11,o,2048,1248,0.609375,0.9302992224693298
init-init,proj-wikitext2-r30-s0,proj-c4-r30-s0,L11.gateup,11,gateup,2048,848,0.4140625,0.8099788427352905
final-final,proj-wikitext2-r30-s0,proj-c4-r30-s0,L11.gateup,11,gateup,2048,848,0.4140625,0.8041132092475891
init-init,proj-wikitext2-r30-s0,proj-c4-r30-s0,L11.down,11,down,2048,848,0.4140625,0.8773400783538818
final-final,proj-wikitext2-r30-s0,proj-c4-r30-s0,L11.down,11,down,2048,848,0.4140625,0.8709427714347839
init-init,proj-wikitext2-r30-s0,proj-c4-r30-s0,L12.qkv,12,qkv,2048,1248,0.609375,0.9016796946525574
final-final,proj-wikitext2-r30-s0,proj-c4-r30-s0,L12.qkv,12,qkv,2048,1248,0.609375,0.8981143236160278
init-init,proj-wikitext2-r30-s0,proj-c4-r30-s0,L12.o,12,o,2048,1248,0.609375,0.9215095639228821
final-final,proj-wikitext2-r30-s0,proj-c4-r30-s0,L12.o,12,o,2048,1248,0.609375,0.916562020778656
init-init,proj-wikitext2-r30-s0,proj-c4-r30-s0,L12.gateup,12,gateup,2048,848,0.4140625,0.810458242893219
final-final,proj-wikitext2-r30-s0,proj-c4-r30-s0,L12.gateup,12,gateup,2048,848,0.4140625,0.8044768571853638
init-init,proj-wikitext2-r30-s0,proj-c4-r30-s0,L12.down,12,down,2048,848,0.4140625,0.8888334035873413
final-final,proj-wikitext2-r30-s0,proj-c4-r30-s0,L12.down,12,down,2048,848,0.4140625,0.8826196193695068
init-init,proj-wikitext2-r30-s0,proj-c4-r30-s0,L13.qkv,13,qkv,2048,1248,0.609375,0.9070806503295898
final-final,proj-wikitext2-r30-s0,proj-c4-r30-s0,L13.qkv,13,qkv,2048,1248,0.609375,0.9029571413993835
init-init,proj-wikitext2-r30-s0,proj-c4-r30-s0,L13.o,13,o,2048,1248,0.609375,0.9300568699836731
final-final,proj-wikitext2-r30-s0,proj-c4-r30-s0,L13.o,13,o,2048,1248,0.609375,0.9254878163337708
init-init,proj-wikitext2-r30-s0,proj-c4-r30-s0,L13.gateup,13,gateup,2048,848,0.4140625,0.8122221827507019
final-final,proj-wikitext2-r30-s0,proj-c4-r30-s0,L13.gateup,13,gateup,2048,848,0.4140625,0.806011438369751
init-init,proj-wikitext2-r30-s0,proj-c4-r30-s0,L13.down,13,down,2048,848,0.4140625,0.8957203030586243
final-final,proj-wikitext2-r30-s0,proj-c4-r30-s0,L13.down,13,down,2048,848,0.4140625,0.8893347978591919
init-init,proj-wikitext2-r30-s0,proj-c4-r30-s0,L14.qkv,14,qkv,2048,1248,0.609375,0.9089316725730896
final-final,proj-wikitext2-r30-s0,proj-c4-r30-s0,L14.qkv,14,qkv,2048,1248,0.609375,0.9055010676383972
init-init,proj-wikitext2-r30-s0,proj-c4-r30-s0,L14.o,14,o,2048,1248,0.609375,0.9332174062728882
final-final,proj-wikitext2-r30-s0,proj-c4-r30-s0,L14.o,14,o,2048,1248,0.609375,0.9284814596176147
init-init,proj-wikitext2-r30-s0,proj-c4-r30-s0,L14.gateup,14,gateup,2048,848,0.4140625,0.8136172890663147
final-final,proj-wikitext2-r30-s0,proj-c4-r30-s0,L14.gateup,14,gateup,2048,848,0.4140625,0.8080012798309326
init-init,proj-wikitext2-r30-s0,proj-c4-r30-s0,L14.down,14,down,2048,848,0.4140625,0.904954731464386
final-final,proj-wikitext2-r30-s0,proj-c4-r30-s0,L14.down,14,down,2048,848,0.4140625,0.8985519409179688
init-init,proj-wikitext2-r30-s0,proj-c4-r30-s0,L15.qkv,15,qkv,2048,1248,0.609375,0.9103215932846069
final-final,proj-wikitext2-r30-s0,proj-c4-r30-s0,L15.qkv,15,qkv,2048,1248,0.609375,0.9072902798652649
init-init,proj-wikitext2-r30-s0,proj-c4-r30-s0,L15.o,15,o,2048,1248,0.609375,0.9297598004341125
final-final,proj-wikitext2-r30-s0,proj-c4-r30-s0,L15.o,15,o,2048,1248,0.609375,0.9249657988548279
init-init,proj-wikitext2-r30-s0,proj-c4-r30-s0,L15.gateup,15,gateup,2048,848,0.4140625,0.8197159767150879
final-final,proj-wikitext2-r30-s0,proj-c4-r30-s0,L15.gateup,15,gateup,2048,848,0.4140625,0.813872754573822
init-init,proj-wikitext2-r30-s0,proj-c4-r30-s0,L15.down,15,down,2048,848,0.4140625,0.8949726223945618
final-final,proj-wikitext2-r30-s0,proj-c4-r30-s0,L15.down,15,down,2048,848,0.4140625,0.8891521096229553
init-init,proj-wikitext2-r30-s0,proj-c4-r30-s0,L16.qkv,16,qkv,2048,1248,0.609375,0.9137009978294373
final-final,proj-wikitext2-r30-s0,proj-c4-r30-s0,L16.qkv,16,qkv,2048,1248,0.609375,0.9106844663619995
init-init,proj-wikitext2-r30-s0,proj-c4-r30-s0,L16.o,16,o,2048,1248,0.609375,0.937703549861908
final-final,proj-wikitext2-r30-s0,proj-c4-r30-s0,L16.o,16,o,2048,1248,0.609375,0.9329771399497986
init-init,proj-wikitext2-r30-s0,proj-c4-r30-s0,L16.gateup,16,gateup,2048,848,0.4140625,0.8245848417282104
final-final,proj-wikitext2-r30-s0,proj-c4-r30-s0,L16.gateup,16,gateup,2048,848,0.4140625,0.819449245929718
init-init,proj-wikitext2-r30-s0,proj-c4-r30-s0,L16.down,16,down,2048,848,0.4140625,0.8910951614379883
final-final,proj-wikitext2-r30-s0,proj-c4-r30-s0,L16.down,16,down,2048,848,0.4140625,0.8853225708007812
init-init,proj-wikitext2-r30-s0,proj-c4-r30-s0,L17.qkv,17,qkv,2048,1248,0.609375,0.9037728309631348
final-final,proj-wikitext2-r30-s0,proj-c4-r30-s0,L17.qkv,17,qkv,2048,1248,0.609375,0.9007604718208313
init-init,proj-wikitext2-r30-s0,proj-c4-r30-s0,L17.o,17,o,2048,1248,0.609375,0.9297526478767395
final-final,proj-wikitext2-r30-s0,proj-c4-r30-s0,L17.o,17,o,2048,1248,0.609375,0.925193190574646
init-init,proj-wikitext2-r30-s0,proj-c4-r30-s0,L17.gateup,17,gateup,2048,848,0.4140625,0.8310267925262451
final-final,proj-wikitext2-r30-s0,proj-c4-r30-s0,L17.gateup,17,gateup,2048,848,0.4140625,0.8249248266220093
init-init,proj-wikitext2-r30-s0,proj-c4-r30-s0,L17.down,17,down,2048,848,0.4140625,0.8755797743797302
final-final,proj-wikitext2-r30-s0,proj-c4-r30-s0,L17.down,17,down,2048,848,0.4140625,0.8702590465545654
init-init,proj-wikitext2-r30-s0,proj-c4-r30-s0,L18.qkv,18,qkv,2048,1248,0.609375,0.903736412525177
final-final,proj-wikitext2-r30-s0,proj-c4-r30-s0,L18.qkv,18,qkv,2048,1248,0.609375,0.9008761644363403
init-init,proj-wikitext2-r30-s0,proj-c4-r30-s0,L18.o,18,o,2048,1248,0.609375,0.9172758460044861
final-final,proj-wikitext2-r30-s0,proj-c4-r30-s0,L18.o,18,o,2048,1248,0.609375,0.9128590226173401
init-init,proj-wikitext2-r30-s0,proj-c4-r30-s0,L18.gateup,18,gateup,2048,848,0.4140625,0.8168611526489258
final-final,proj-wikitext2-r30-s0,proj-c4-r30-s0,L18.gateup,18,gateup,2048,848,0.4140625,0.8112111687660217
init-init,proj-wikitext2-r30-s0,proj-c4-r30-s0,L18.down,18,down,2048,848,0.4140625,0.8708926439285278
final-final,proj-wikitext2-r30-s0,proj-c4-r30-s0,L18.down,18,down,2048,848,0.4140625,0.865433394908905
init-init,proj-wikitext2-r30-s0,proj-c4-r30-s0,L19.qkv,19,qkv,2048,1248,0.609375,0.9032590985298157
final-final,proj-wikitext2-r30-s0,proj-c4-r30-s0,L19.qkv,19,qkv,2048,1248,0.609375,0.9004966616630554
init-init,proj-wikitext2-r30-s0,proj-c4-r30-s0,L19.o,19,o,2048,1248,0.609375,0.9251223802566528
final-final,proj-wikitext2-r30-s0,proj-c4-r30-s0,L19.o,19,o,2048,1248,0.609375,0.9207372665405273
init-init,proj-wikitext2-r30-s0,proj-c4-r30-s0,L19.gateup,19,gateup,2048,848,0.4140625,0.815488338470459
final-final,proj-wikitext2-r30-s0,proj-c4-r30-s0,L19.gateup,19,gateup,2048,848,0.4140625,0.8100987672805786
init-init,proj-wikitext2-r30-s0,proj-c4-r30-s0,L19.down,19,down,2048,848,0.4140625,0.8735126852989197
final-final,proj-wikitext2-r30-s0,proj-c4-r30-s0,L19.down,19,down,2048,848,0.4140625,0.867844820022583
init-init,proj-wikitext2-r30-s0,proj-c4-r30-s0,L20.qkv,20,qkv,2048,1248,0.609375,0.904837965965271
final-final,proj-wikitext2-r30-s0,proj-c4-r30-s0,L20.qkv,20,qkv,2048,1248,0.609375,0.9025036096572876
init-init,proj-wikitext2-r30-s0,proj-c4-r30-s0,L20.o,20,o,2048,1248,0.609375,0.9117533564567566
final-final,proj-wikitext2-r30-s0,proj-c4-r30-s0,L20.o,20,o,2048,1248,0.609375,0.9070954918861389
init-init,proj-wikitext2-r30-s0,proj-c4-r30-s0,L20.gateup,20,gateup,2048,848,0.4140625,0.8175801634788513
final-final,proj-wikitext2-r30-s0,proj-c4-r30-s0,L20.gateup,20,gateup,2048,848,0.4140625,0.8118559122085571
init-init,proj-wikitext2-r30-s0,proj-c4-r30-s0,L20.down,20,down,2048,848,0.4140625,0.860731303691864
final-final,proj-wikitext2-r30-s0,proj-c4-r30-s0,L20.down,20,down,2048,848,0.4140625,0.854771614074707
init-init,proj-wikitext2-r30-s0,proj-c4-r30-s0,L21.qkv,21,qkv,2048,1248,0.609375,0.895071804523468
final-final,proj-wikitext2-r30-s0,proj-c4-r30-s0,L21.qkv,21,qkv,2048,1248,0.609375,0.8925576210021973
init-init,proj-wikitext2-r30-s0,proj-c4-r30-s0,L21.o,21,o,2048,1248,0.609375,0.9078846573829651
final-final,proj-wikitext2-r30-s0,proj-c4-r30-s0,L21.o,21,o,2048,1248,0.609375,0.9029415845870972
init-init,proj-wikitext2-r30-s0,proj-c4-r30-s0,L21.gateup,21,gateup,2048,848,0.4140625,0.8083116412162781
final-final,proj-wikitext2-r30-s0,proj-c4-r30-s0,L21.gateup,21,gateup,2048,848,0.4140625,0.802381157875061
init-init,proj-wikitext2-r30-s0,proj-c4-r30-s0,L21.down,21,down,2048,848,0.4140625,0.8473729491233826
final-final,proj-wikitext2-r30-s0,proj-c4-r30-s0,L21.down,21,down,2048,848,0.4140625,0.8413873314857483
init-init,proj-wikitext2-r30-s0,proj-c4-r30-s0,L22.qkv,22,qkv,2048,1248,0.609375,0.8917993307113647
final-final,proj-wikitext2-r30-s0,proj-c4-r30-s0,L22.qkv,22,qkv,2048,1248,0.609375,0.8895225524902344
init-init,proj-wikitext2-r30-s0,proj-c4-r30-s0,L22.o,22,o,2048,1248,0.609375,0.890438973903656
final-final,proj-wikitext2-r30-s0,proj-c4-r30-s0,L22.o,22,o,2048,1248,0.609375,0.8864208459854126
init-init,proj-wikitext2-r30-s0,proj-c4-r30-s0,L22.gateup,22,gateup,2048,848,0.4140625,0.8022689819335938
final-final,proj-wikitext2-r30-s0,proj-c4-r30-s0,L22.gateup,22,gateup,2048,848,0.4140625,0.7960634231567383
init-init,proj-wikitext2-r30-s0,proj-c4-r30-s0,L22.down,22,down,2048,848,0.4140625,0.8441382646560669
final-final,proj-wikitext2-r30-s0,proj-c4-r30-s0,L22.down,22,down,2048,848,0.4140625,0.838187038898468
init-init,proj-wikitext2-r30-s0,proj-c4-r30-s0,L23.qkv,23,qkv,2048,1248,0.609375,0.8851829767227173
final-final,proj-wikitext2-r30-s0,proj-c4-r30-s0,L23.qkv,23,qkv,2048,1248,0.609375,0.8830850124359131
init-init,proj-wikitext2-r30-s0,proj-c4-r30-s0,L23.o,23,o,2048,1248,0.609375,0.8918194770812988
final-final,proj-wikitext2-r30-s0,proj-c4-r30-s0,L23.o,23,o,2048,1248,0.609375,0.8873360753059387
init-init,proj-wikitext2-r30-s0,proj-c4-r30-s0,L23.gateup,23,gateup,2048,848,0.4140625,0.7912258505821228
final-final,proj-wikitext2-r30-s0,proj-c4-r30-s0,L23.gateup,23,gateup,2048,848,0.4140625,0.7847047448158264
init-init,proj-wikitext2-r30-s0,proj-c4-r30-s0,L23.down,23,down,2048,848,0.4140625,0.852648913860321
final-final,proj-wikitext2-r30-s0,proj-c4-r30-s0,L23.down,23,down,2048,848,0.4140625,0.846487820148468
init-init,proj-wikitext2-r30-s0,proj-c4-r30-s0,L24.qkv,24,qkv,2048,1248,0.609375,0.8846388459205627
final-final,proj-wikitext2-r30-s0,proj-c4-r30-s0,L24.qkv,24,qkv,2048,1248,0.609375,0.8820925951004028
init-init,proj-wikitext2-r30-s0,proj-c4-r30-s0,L24.o,24,o,2048,1248,0.609375,0.8811999559402466
final-final,proj-wikitext2-r30-s0,proj-c4-r30-s0,L24.o,24,o,2048,1248,0.609375,0.8769375085830688
init-init,proj-wikitext2-r30-s0,proj-c4-r30-s0,L24.gateup,24,gateup,2048,848,0.4140625,0.7829676270484924
final-final,proj-wikitext2-r30-s0,proj-c4-r30-s0,L24.gateup,24,gateup,2048,848,0.4140625,0.7766314744949341
init-init,proj-wikitext2-r30-s0,proj-c4-r30-s0,L24.down,24,down,2048,848,0.4140625,0.8516855835914612
final-final,proj-wikitext2-r30-s0,proj-c4-r30-s0,L24.down,24,down,2048,848,0.4140625,0.8459561467170715
init-init,proj-wikitext2-r30-s0,proj-c4-r30-s0,L25.qkv,25,qkv,2048,1248,0.609375,0.8836715221405029
final-final,proj-wikitext2-r30-s0,proj-c4-r30-s0,L25.qkv,25,qkv,2048,1248,0.609375,0.8811610341072083
init-init,proj-wikitext2-r30-s0,proj-c4-r30-s0,L25.o,25,o,2048,1248,0.609375,0.8696723580360413
final-final,proj-wikitext2-r30-s0,proj-c4-r30-s0,L25.o,25,o,2048,1248,0.609375,0.8651787042617798
init-init,proj-wikitext2-r30-s0,proj-c4-r30-s0,L25.gateup,25,gateup,2048,848,0.4140625,0.772152841091156
final-final,proj-wikitext2-r30-s0,proj-c4-r30-s0,L25.gateup,25,gateup,2048,848,0.4140625,0.7663185596466064
init-init,proj-wikitext2-r30-s0,proj-c4-r30-s0,L25.down,25,down,2048,848,0.4140625,0.8495105504989624
final-final,proj-wikitext2-r30-s0,proj-c4-r30-s0,L25.down,25,down,2048,848,0.4140625,0.8435235619544983
init-init,proj-wikitext2-r30-s0,proj-c4-r30-s0,L26.qkv,26,qkv,2048,1248,0.609375,0.8840844631195068
final-final,proj-wikitext2-r30-s0,proj-c4-r30-s0,L26.qkv,26,qkv,2048,1248,0.609375,0.8819823861122131
init-init,proj-wikitext2-r30-s0,proj-c4-r30-s0,L26.o,26,o,2048,1248,0.609375,0.862324059009552
final-final,proj-wikitext2-r30-s0,proj-c4-r30-s0,L26.o,26,o,2048,1248,0.609375,0.8588069081306458
init-init,proj-wikitext2-r30-s0,proj-c4-r30-s0,L26.gateup,26,gateup,2048,848,0.4140625,0.7655602097511292
final-final,proj-wikitext2-r30-s0,proj-c4-r30-s0,L26.gateup,26,gateup,2048,848,0.4140625,0.7615373730659485
init-init,proj-wikitext2-r30-s0,proj-c4-r30-s0,L26.down,26,down,2048,848,0.4140625,0.8493326902389526
final-final,proj-wikitext2-r30-s0,proj-c4-r30-s0,L26.down,26,down,2048,848,0.4140625,0.8453418016433716
init-init,proj-wikitext2-r30-s0,proj-c4-r30-s0,L27.qkv,27,qkv,2048,1248,0.609375,0.8534502983093262
final-final,proj-wikitext2-r30-s0,proj-c4-r30-s0,L27.qkv,27,qkv,2048,1248,0.609375,0.851036012172699
init-init,proj-wikitext2-r30-s0,proj-c4-r30-s0,L27.o,27,o,2048,1248,0.609375,0.9088784456253052
final-final,proj-wikitext2-r30-s0,proj-c4-r30-s0,L27.o,27,o,2048,1248,0.609375,0.9057390093803406
init-init,proj-wikitext2-r30-s0,proj-c4-r30-s0,L27.gateup,27,gateup,2048,848,0.4140625,0.7493676543235779
final-final,proj-wikitext2-r30-s0,proj-c4-r30-s0,L27.gateup,27,gateup,2048,848,0.4140625,0.7469807863235474
init-init,proj-wikitext2-r30-s0,proj-c4-r30-s0,L27.down,27,down,2048,848,0.4140625,0.8521575927734375
final-final,proj-wikitext2-r30-s0,proj-c4-r30-s0,L27.down,27,down,2048,848,0.4140625,0.8511722683906555
init-init,proj-wikitext2-r30-s0,proj-slimpajama-r30-s0,L0.qkv,0,qkv,2048,1248,0.609375,0.879916250705719
final-final,proj-wikitext2-r30-s0,proj-slimpajama-r30-s0,L0.qkv,0,qkv,2048,1248,0.609375,0.8765473961830139
init-init,proj-wikitext2-r30-s0,proj-slimpajama-r30-s0,L0.o,0,o,2048,1248,0.609375,0.9414154291152954
final-final,proj-wikitext2-r30-s0,proj-slimpajama-r30-s0,L0.o,0,o,2048,1248,0.609375,0.9371746778488159
init-init,proj-wikitext2-r30-s0,proj-slimpajama-r30-s0,L0.gateup,0,gateup,2048,848,0.4140625,0.9505878686904907
final-final,proj-wikitext2-r30-s0,proj-slimpajama-r30-s0,L0.gateup,0,gateup,2048,848,0.4140625,0.9438603520393372
init-init,proj-wikitext2-r30-s0,proj-slimpajama-r30-s0,L0.down,0,down,2048,848,0.4140625,0.8592965602874756
final-final,proj-wikitext2-r30-s0,proj-slimpajama-r30-s0,L0.down,0,down,2048,848,0.4140625,0.8541012406349182
init-init,proj-wikitext2-r30-s0,proj-slimpajama-r30-s0,L1.qkv,1,qkv,2048,1248,0.609375,0.9020599126815796
final-final,proj-wikitext2-r30-s0,proj-slimpajama-r30-s0,L1.qkv,1,qkv,2048,1248,0.609375,0.8977637887001038
init-init,proj-wikitext2-r30-s0,proj-slimpajama-r30-s0,L1.o,1,o,2048,1248,0.609375,0.9115447998046875
final-final,proj-wikitext2-r30-s0,proj-slimpajama-r30-s0,L1.o,1,o,2048,1248,0.609375,0.9083279371261597
init-init,proj-wikitext2-r30-s0,proj-slimpajama-r30-s0,L1.gateup,1,gateup,2048,848,0.4140625,0.8461740016937256
final-final,proj-wikitext2-r30-s0,proj-slimpajama-r30-s0,L1.gateup,1,gateup,2048,848,0.4140625,0.8410897850990295
init-init,proj-wikitext2-r30-s0,proj-slimpajama-r30-s0,L1.down,1,down,2048,848,0.4140625,0.8389086723327637
final-final,proj-wikitext2-r30-s0,proj-slimpajama-r30-s0,L1.down,1,down,2048,848,0.4140625,0.8338690400123596
init-init,proj-wikitext2-r30-s0,proj-slimpajama-r30-s0,L2.qkv,2,qkv,2048,1248,0.609375,0.8961017727851868
final-final,proj-wikitext2-r30-s0,proj-slimpajama-r30-s0,L2.qkv,2,qkv,2048,1248,0.609375,0.892294704914093
init-init,proj-wikitext2-r30-s0,proj-slimpajama-r30-s0,L2.o,2,o,2048,1248,0.609375,0.9249770641326904
final-final,proj-wikitext2-r30-s0,proj-slimpajama-r30-s0,L2.o,2,o,2048,1248,0.609375,0.9207599759101868
init-init,proj-wikitext2-r30-s0,proj-slimpajama-r30-s0,L2.gateup,2,gateup,2048,848,0.4140625,0.8201379179954529
final-final,proj-wikitext2-r30-s0,proj-slimpajama-r30-s0,L2.gateup,2,gateup,2048,848,0.4140625,0.8150811791419983
init-init,proj-wikitext2-r30-s0,proj-slimpajama-r30-s0,L2.down,2,down,2048,848,0.4140625,0.8669741749763489
final-final,proj-wikitext2-r30-s0,proj-slimpajama-r30-s0,L2.down,2,down,2048,848,0.4140625,0.8613541126251221
init-init,proj-wikitext2-r30-s0,proj-slimpajama-r30-s0,L3.qkv,3,qkv,2048,1248,0.609375,0.8966723680496216
final-final,proj-wikitext2-r30-s0,proj-slimpajama-r30-s0,L3.qkv,3,qkv,2048,1248,0.609375,0.8936706781387329
init-init,proj-wikitext2-r30-s0,proj-slimpajama-r30-s0,L3.o,3,o,2048,1248,0.609375,0.8971859216690063
final-final,proj-wikitext2-r30-s0,proj-slimpajama-r30-s0,L3.o,3,o,2048,1248,0.609375,0.8927671313285828
init-init,proj-wikitext2-r30-s0,proj-slimpajama-r30-s0,L3.gateup,3,gateup,2048,848,0.4140625,0.8203028440475464
final-final,proj-wikitext2-r30-s0,proj-slimpajama-r30-s0,L3.gateup,3,gateup,2048,848,0.4140625,0.8151547312736511
init-init,proj-wikitext2-r30-s0,proj-slimpajama-r30-s0,L3.down,3,down,2048,848,0.4140625,0.8629323244094849
final-final,proj-wikitext2-r30-s0,proj-slimpajama-r30-s0,L3.down,3,down,2048,848,0.4140625,0.8572065234184265
init-init,proj-wikitext2-r30-s0,proj-slimpajama-r30-s0,L4.qkv,4,qkv,2048,1248,0.609375,0.8947932124137878
final-final,proj-wikitext2-r30-s0,proj-slimpajama-r30-s0,L4.qkv,4,qkv,2048,1248,0.609375,0.8918315172195435
init-init,proj-wikitext2-r30-s0,proj-slimpajama-r30-s0,L4.o,4,o,2048,1248,0.609375,0.9044819474220276
final-final,proj-wikitext2-r30-s0,proj-slimpajama-r30-s0,L4.o,4,o,2048,1248,0.609375,0.9003337025642395
init-init,proj-wikitext2-r30-s0,proj-slimpajama-r30-s0,L4.gateup,4,gateup,2048,848,0.4140625,0.8166623711585999
final-final,proj-wikitext2-r30-s0,proj-slimpajama-r30-s0,L4.gateup,4,gateup,2048,848,0.4140625,0.8116411566734314
init-init,proj-wikitext2-r30-s0,proj-slimpajama-r30-s0,L4.down,4,down,2048,848,0.4140625,0.8572134375572205
final-final,proj-wikitext2-r30-s0,proj-slimpajama-r30-s0,L4.down,4,down,2048,848,0.4140625,0.8518030643463135
init-init,proj-wikitext2-r30-s0,proj-slimpajama-r30-s0,L5.qkv,5,qkv,2048,1248,0.609375,0.8929728865623474
final-final,proj-wikitext2-r30-s0,proj-slimpajama-r30-s0,L5.qkv,5,qkv,2048,1248,0.609375,0.8900167942047119
init-init,proj-wikitext2-r30-s0,proj-slimpajama-r30-s0,L5.o,5,o,2048,1248,0.609375,0.9282253384590149
final-final,proj-wikitext2-r30-s0,proj-slimpajama-r30-s0,L5.o,5,o,2048,1248,0.609375,0.9237726926803589
init-init,proj-wikitext2-r30-s0,proj-slimpajama-r30-s0,L5.gateup,5,gateup,2048,848,0.4140625,0.8057981133460999
final-final,proj-wikitext2-r30-s0,proj-slimpajama-r30-s0,L5.gateup,5,gateup,2048,848,0.4140625,0.8006269335746765
init-init,proj-wikitext2-r30-s0,proj-slimpajama-r30-s0,L5.down,5,down,2048,848,0.4140625,0.8823369145393372
final-final,proj-wikitext2-r30-s0,proj-slimpajama-r30-s0,L5.down,5,down,2048,848,0.4140625,0.8765407800674438
init-init,proj-wikitext2-r30-s0,proj-slimpajama-r30-s0,L6.qkv,6,qkv,2048,1248,0.609375,0.9045531749725342
final-final,proj-wikitext2-r30-s0,proj-slimpajama-r30-s0,L6.qkv,6,qkv,2048,1248,0.609375,0.9014068245887756
init-init,proj-wikitext2-r30-s0,proj-slimpajama-r30-s0,L6.o,6,o,2048,1248,0.609375,0.9228527545928955
final-final,proj-wikitext2-r30-s0,proj-slimpajama-r30-s0,L6.o,6,o,2048,1248,0.609375,0.9183288812637329
init-init,proj-wikitext2-r30-s0,proj-slimpajama-r30-s0,L6.gateup,6,gateup,2048,848,0.4140625,0.8164047002792358
final-final,proj-wikitext2-r30-s0,proj-slimpajama-r30-s0,L6.gateup,6,gateup,2048,848,0.4140625,0.8114492297172546
init-init,proj-wikitext2-r30-s0,proj-slimpajama-r30-s0,L6.down,6,down,2048,848,0.4140625,0.8674169778823853
final-final,proj-wikitext2-r30-s0,proj-slimpajama-r30-s0,L6.down,6,down,2048,848,0.4140625,0.8618433475494385
init-init,proj-wikitext2-r30-s0,proj-slimpajama-r30-s0,L7.qkv,7,qkv,2048,1248,0.609375,0.890727698802948
final-final,proj-wikitext2-r30-s0,proj-slimpajama-r30-s0,L7.qkv,7,qkv,2048,1248,0.609375,0.8877317309379578
init-init,proj-wikitext2-r30-s0,proj-slimpajama-r30-s0,L7.o,7,o,2048,1248,0.609375,0.9175448417663574
final-final,proj-wikitext2-r30-s0,proj-slimpajama-r30-s0,L7.o,7,o,2048,1248,0.609375,0.9134382605552673
init-init,proj-wikitext2-r30-s0,proj-slimpajama-r30-s0,L7.gateup,7,gateup,2048,848,0.4140625,0.8048250079154968
final-final,proj-wikitext2-r30-s0,proj-slimpajama-r30-s0,L7.gateup,7,gateup,2048,848,0.4140625,0.7997252345085144
init-init,proj-wikitext2-r30-s0,proj-slimpajama-r30-s0,L7.down,7,down,2048,848,0.4140625,0.8750062584877014
final-final,proj-wikitext2-r30-s0,proj-slimpajama-r30-s0,L7.down,7,down,2048,848,0.4140625,0.8694806694984436
init-init,proj-wikitext2-r30-s0,proj-slimpajama-r30-s0,L8.qkv,8,qkv,2048,1248,0.609375,0.8969650268554688
final-final,proj-wikitext2-r30-s0,proj-slimpajama-r30-s0,L8.qkv,8,qkv,2048,1248,0.609375,0.8940894603729248
init-init,proj-wikitext2-r30-s0,proj-slimpajama-r30-s0,L8.o,8,o,2048,1248,0.609375,0.8976119756698608
final-final,proj-wikitext2-r30-s0,proj-slimpajama-r30-s0,L8.o,8,o,2048,1248,0.609375,0.8934240937232971
init-init,proj-wikitext2-r30-s0,proj-slimpajama-r30-s0,L8.gateup,8,gateup,2048,848,0.4140625,0.7962589263916016
final-final,proj-wikitext2-r30-s0,proj-slimpajama-r30-s0,L8.gateup,8,gateup,2048,848,0.4140625,0.791351318359375
init-init,proj-wikitext2-r30-s0,proj-slimpajama-r30-s0,L8.down,8,down,2048,848,0.4140625,0.8746007084846497
final-final,proj-wikitext2-r30-s0,proj-slimpajama-r30-s0,L8.down,8,down,2048,848,0.4140625,0.8691513538360596
init-init,proj-wikitext2-r30-s0,proj-slimpajama-r30-s0,L9.qkv,9,qkv,2048,1248,0.609375,0.898892343044281
final-final,proj-wikitext2-r30-s0,proj-slimpajama-r30-s0,L9.qkv,9,qkv,2048,1248,0.609375,0.8962191343307495
init-init,proj-wikitext2-r30-s0,proj-slimpajama-r30-s0,L9.o,9,o,2048,1248,0.609375,0.9126687049865723
final-final,proj-wikitext2-r30-s0,proj-slimpajama-r30-s0,L9.o,9,o,2048,1248,0.609375,0.9088156223297119
init-init,proj-wikitext2-r30-s0,proj-slimpajama-r30-s0,L9.gateup,9,gateup,2048,848,0.4140625,0.8001788854598999
final-final,proj-wikitext2-r30-s0,proj-slimpajama-r30-s0,L9.gateup,9,gateup,2048,848,0.4140625,0.7956132888793945
init-init,proj-wikitext2-r30-s0,proj-slimpajama-r30-s0,L9.down,9,down,2048,848,0.4140625,0.8640052080154419
final-final,proj-wikitext2-r30-s0,proj-slimpajama-r30-s0,L9.down,9,down,2048,848,0.4140625,0.8589189648628235
init-init,proj-wikitext2-r30-s0,proj-slimpajama-r30-s0,L10.qkv,10,qkv,2048,1248,0.609375,0.891817569732666
final-final,proj-wikitext2-r30-s0,proj-slimpajama-r30-s0,L10.qkv,10,qkv,2048,1248,0.609375,0.8886991739273071
init-init,proj-wikitext2-r30-s0,proj-slimpajama-r30-s0,L10.o,10,o,2048,1248,0.609375,0.9140777587890625
final-final,proj-wikitext2-r30-s0,proj-slimpajama-r30-s0,L10.o,10,o,2048,1248,0.609375,0.9098586440086365
init-init,proj-wikitext2-r30-s0,proj-slimpajama-r30-s0,L10.gateup,10,gateup,2048,848,0.4140625,0.7911909818649292
final-final,proj-wikitext2-r30-s0,proj-slimpajama-r30-s0,L10.gateup,10,gateup,2048,848,0.4140625,0.7866547703742981
init-init,proj-wikitext2-r30-s0,proj-slimpajama-r30-s0,L10.down,10,down,2048,848,0.4140625,0.8658018708229065
final-final,proj-wikitext2-r30-s0,proj-slimpajama-r30-s0,L10.down,10,down,2048,848,0.4140625,0.8605964183807373
init-init,proj-wikitext2-r30-s0,proj-slimpajama-r30-s0,L11.qkv,11,qkv,2048,1248,0.609375,0.9047333002090454
final-final,proj-wikitext2-r30-s0,proj-slimpajama-r30-s0,L11.qkv,11,qkv,2048,1248,0.609375,0.901412308216095
init-init,proj-wikitext2-r30-s0,proj-slimpajama-r30-s0,L11.o,11,o,2048,1248,0.609375,0.9373583793640137
final-final,proj-wikitext2-r30-s0,proj-slimpajama-r30-s0,L11.o,11,o,2048,1248,0.609375,0.9332836866378784
init-init,proj-wikitext2-r30-s0,proj-slimpajama-r30-s0,L11.gateup,11,gateup,2048,848,0.4140625,0.7992279529571533
final-final,proj-wikitext2-r30-s0,proj-slimpajama-r30-s0,L11.gateup,11,gateup,2048,848,0.4140625,0.7942600250244141
init-init,proj-wikitext2-r30-s0,proj-slimpajama-r30-s0,L11.down,11,down,2048,848,0.4140625,0.8801795244216919
final-final,proj-wikitext2-r30-s0,proj-slimpajama-r30-s0,L11.down,11,down,2048,848,0.4140625,0.8744624257087708
init-init,proj-wikitext2-r30-s0,proj-slimpajama-r30-s0,L12.qkv,12,qkv,2048,1248,0.609375,0.9014908075332642
final-final,proj-wikitext2-r30-s0,proj-slimpajama-r30-s0,L12.qkv,12,qkv,2048,1248,0.609375,0.8982430696487427
init-init,proj-wikitext2-r30-s0,proj-slimpajama-r30-s0,L12.o,12,o,2048,1248,0.609375,0.9233856201171875
final-final,proj-wikitext2-r30-s0,proj-slimpajama-r30-s0,L12.o,12,o,2048,1248,0.609375,0.9189721345901489
init-init,proj-wikitext2-r30-s0,proj-slimpajama-r30-s0,L12.gateup,12,gateup,2048,848,0.4140625,0.7999239563941956
final-final,proj-wikitext2-r30-s0,proj-slimpajama-r30-s0,L12.gateup,12,gateup,2048,848,0.4140625,0.794708251953125
init-init,proj-wikitext2-r30-s0,proj-slimpajama-r30-s0,L12.down,12,down,2048,848,0.4140625,0.8894757032394409
final-final,proj-wikitext2-r30-s0,proj-slimpajama-r30-s0,L12.down,12,down,2048,848,0.4140625,0.8839350342750549
init-init,proj-wikitext2-r30-s0,proj-slimpajama-r30-s0,L13.qkv,13,qkv,2048,1248,0.609375,0.9071044325828552
final-final,proj-wikitext2-r30-s0,proj-slimpajama-r30-s0,L13.qkv,13,qkv,2048,1248,0.609375,0.9034629464149475
init-init,proj-wikitext2-r30-s0,proj-slimpajama-r30-s0,L13.o,13,o,2048,1248,0.609375,0.9307397603988647
final-final,proj-wikitext2-r30-s0,proj-slimpajama-r30-s0,L13.o,13,o,2048,1248,0.609375,0.9265450835227966
init-init,proj-wikitext2-r30-s0,proj-slimpajama-r30-s0,L13.gateup,13,gateup,2048,848,0.4140625,0.8026778697967529
final-final,proj-wikitext2-r30-s0,proj-slimpajama-r30-s0,L13.gateup,13,gateup,2048,848,0.4140625,0.7974035143852234
init-init,proj-wikitext2-r30-s0,proj-slimpajama-r30-s0,L13.down,13,down,2048,848,0.4140625,0.8956323862075806
final-final,proj-wikitext2-r30-s0,proj-slimpajama-r30-s0,L13.down,13,down,2048,848,0.4140625,0.8900427222251892
init-init,proj-wikitext2-r30-s0,proj-slimpajama-r30-s0,L14.qkv,14,qkv,2048,1248,0.609375,0.9098424911499023
final-final,proj-wikitext2-r30-s0,proj-slimpajama-r30-s0,L14.qkv,14,qkv,2048,1248,0.609375,0.9067206978797913
init-init,proj-wikitext2-r30-s0,proj-slimpajama-r30-s0,L14.o,14,o,2048,1248,0.609375,0.9338570833206177
final-final,proj-wikitext2-r30-s0,proj-slimpajama-r30-s0,L14.o,14,o,2048,1248,0.609375,0.9296009540557861
init-init,proj-wikitext2-r30-s0,proj-slimpajama-r30-s0,L14.gateup,14,gateup,2048,848,0.4140625,0.8049163818359375
final-final,proj-wikitext2-r30-s0,proj-slimpajama-r30-s0,L14.gateup,14,gateup,2048,848,0.4140625,0.8000426292419434
init-init,proj-wikitext2-r30-s0,proj-slimpajama-r30-s0,L14.down,14,down,2048,848,0.4140625,0.903923749923706
final-final,proj-wikitext2-r30-s0,proj-slimpajama-r30-s0,L14.down,14,down,2048,848,0.4140625,0.8983333110809326
init-init,proj-wikitext2-r30-s0,proj-slimpajama-r30-s0,L15.qkv,15,qkv,2048,1248,0.609375,0.9109741449356079
final-final,proj-wikitext2-r30-s0,proj-slimpajama-r30-s0,L15.qkv,15,qkv,2048,1248,0.609375,0.9083001613616943
init-init,proj-wikitext2-r30-s0,proj-slimpajama-r30-s0,L15.o,15,o,2048,1248,0.609375,0.9298253059387207
final-final,proj-wikitext2-r30-s0,proj-slimpajama-r30-s0,L15.o,15,o,2048,1248,0.609375,0.9255658984184265
init-init,proj-wikitext2-r30-s0,proj-slimpajama-r30-s0,L15.gateup,15,gateup,2048,848,0.4140625,0.8106511831283569
final-final,proj-wikitext2-r30-s0,proj-slimpajama-r30-s0,L15.gateup,15,gateup,2048,848,0.4140625,0.8057681322097778
init-init,proj-wikitext2-r30-s0,proj-slimpajama-r30-s0,L15.down,15,down,2048,848,0.4140625,0.8953694701194763
final-final,proj-wikitext2-r30-s0,proj-slimpajama-r30-s0,L15.down,15,down,2048,848,0.4140625,0.8902652859687805
init-init,proj-wikitext2-r30-s0,proj-slimpajama-r30-s0,L16.qkv,16,qkv,2048,1248,0.609375,0.9140152931213379
final-final,proj-wikitext2-r30-s0,proj-slimpajama-r30-s0,L16.qkv,16,qkv,2048,1248,0.609375,0.9114059209823608
init-init,proj-wikitext2-r30-s0,proj-slimpajama-r30-s0,L16.o,16,o,2048,1248,0.609375,0.9355825185775757
final-final,proj-wikitext2-r30-s0,proj-slimpajama-r30-s0,L16.o,16,o,2048,1248,0.609375,0.9313628673553467
init-init,proj-wikitext2-r30-s0,proj-slimpajama-r30-s0,L16.gateup,16,gateup,2048,848,0.4140625,0.815605878829956
final-final,proj-wikitext2-r30-s0,proj-slimpajama-r30-s0,L16.gateup,16,gateup,2048,848,0.4140625,0.8113195300102234
init-init,proj-wikitext2-r30-s0,proj-slimpajama-r30-s0,L16.down,16,down,2048,848,0.4140625,0.8903855085372925
final-final,proj-wikitext2-r30-s0,proj-slimpajama-r30-s0,L16.down,16,down,2048,848,0.4140625,0.8854214549064636
init-init,proj-wikitext2-r30-s0,proj-slimpajama-r30-s0,L17.qkv,17,qkv,2048,1248,0.609375,0.9028419256210327
final-final,proj-wikitext2-r30-s0,proj-slimpajama-r30-s0,L17.qkv,17,qkv,2048,1248,0.609375,0.9000533819198608
init-init,proj-wikitext2-r30-s0,proj-slimpajama-r30-s0,L17.o,17,o,2048,1248,0.609375,0.9296944737434387
final-final,proj-wikitext2-r30-s0,proj-slimpajama-r30-s0,L17.o,17,o,2048,1248,0.609375,0.9256649613380432
init-init,proj-wikitext2-r30-s0,proj-slimpajama-r30-s0,L17.gateup,17,gateup,2048,848,0.4140625,0.8190486431121826
final-final,proj-wikitext2-r30-s0,proj-slimpajama-r30-s0,L17.gateup,17,gateup,2048,848,0.4140625,0.8143211603164673
init-init,proj-wikitext2-r30-s0,proj-slimpajama-r30-s0,L17.down,17,down,2048,848,0.4140625,0.8741180896759033
final-final,proj-wikitext2-r30-s0,proj-slimpajama-r30-s0,L17.down,17,down,2048,848,0.4140625,0.8694831132888794
init-init,proj-wikitext2-r30-s0,proj-slimpajama-r30-s0,L18.qkv,18,qkv,2048,1248,0.609375,0.901481032371521
final-final,proj-wikitext2-r30-s0,proj-slimpajama-r30-s0,L18.qkv,18,qkv,2048,1248,0.609375,0.8990721106529236
init-init,proj-wikitext2-r30-s0,proj-slimpajama-r30-s0,L18.o,18,o,2048,1248,0.609375,0.9105650186538696
final-final,proj-wikitext2-r30-s0,proj-slimpajama-r30-s0,L18.o,18,o,2048,1248,0.609375,0.9067417979240417
init-init,proj-wikitext2-r30-s0,proj-slimpajama-r30-s0,L18.gateup,18,gateup,2048,848,0.4140625,0.8011900186538696
final-final,proj-wikitext2-r30-s0,proj-slimpajama-r30-s0,L18.gateup,18,gateup,2048,848,0.4140625,0.7967132329940796
init-init,proj-wikitext2-r30-s0,proj-slimpajama-r30-s0,L18.down,18,down,2048,848,0.4140625,0.8626242280006409
final-final,proj-wikitext2-r30-s0,proj-slimpajama-r30-s0,L18.down,18,down,2048,848,0.4140625,0.8579163551330566
init-init,proj-wikitext2-r30-s0,proj-slimpajama-r30-s0,L19.qkv,19,qkv,2048,1248,0.609375,0.8987112641334534
final-final,proj-wikitext2-r30-s0,proj-slimpajama-r30-s0,L19.qkv,19,qkv,2048,1248,0.609375,0.8962175250053406
init-init,proj-wikitext2-r30-s0,proj-slimpajama-r30-s0,L19.o,19,o,2048,1248,0.609375,0.9246217608451843
final-final,proj-wikitext2-r30-s0,proj-slimpajama-r30-s0,L19.o,19,o,2048,1248,0.609375,0.9206939339637756
init-init,proj-wikitext2-r30-s0,proj-slimpajama-r30-s0,L19.gateup,19,gateup,2048,848,0.4140625,0.7976167798042297
final-final,proj-wikitext2-r30-s0,proj-slimpajama-r30-s0,L19.gateup,19,gateup,2048,848,0.4140625,0.793107807636261
init-init,proj-wikitext2-r30-s0,proj-slimpajama-r30-s0,L19.down,19,down,2048,848,0.4140625,0.8700817823410034
final-final,proj-wikitext2-r30-s0,proj-slimpajama-r30-s0,L19.down,19,down,2048,848,0.4140625,0.8651354312896729
init-init,proj-wikitext2-r30-s0,proj-slimpajama-r30-s0,L20.qkv,20,qkv,2048,1248,0.609375,0.9014747142791748
final-final,proj-wikitext2-r30-s0,proj-slimpajama-r30-s0,L20.qkv,20,qkv,2048,1248,0.609375,0.8994068503379822
init-init,proj-wikitext2-r30-s0,proj-slimpajama-r30-s0,L20.o,20,o,2048,1248,0.609375,0.9060544967651367
final-final,proj-wikitext2-r30-s0,proj-slimpajama-r30-s0,L20.o,20,o,2048,1248,0.609375,0.9019603133201599
init-init,proj-wikitext2-r30-s0,proj-slimpajama-r30-s0,L20.gateup,20,gateup,2048,848,0.4140625,0.7993968725204468
final-final,proj-wikitext2-r30-s0,proj-slimpajama-r30-s0,L20.gateup,20,gateup,2048,848,0.4140625,0.7947998642921448
init-init,proj-wikitext2-r30-s0,proj-slimpajama-r30-s0,L20.down,20,down,2048,848,0.4140625,0.8588224053382874
final-final,proj-wikitext2-r30-s0,proj-slimpajama-r30-s0,L20.down,20,down,2048,848,0.4140625,0.8530427813529968
init-init,proj-wikitext2-r30-s0,proj-slimpajama-r30-s0,L21.qkv,21,qkv,2048,1248,0.609375,0.8917019367218018
final-final,proj-wikitext2-r30-s0,proj-slimpajama-r30-s0,L21.qkv,21,qkv,2048,1248,0.609375,0.8894954919815063
init-init,proj-wikitext2-r30-s0,proj-slimpajama-r30-s0,L21.o,21,o,2048,1248,0.609375,0.9080610275268555
final-final,proj-wikitext2-r30-s0,proj-slimpajama-r30-s0,L21.o,21,o,2048,1248,0.609375,0.9035412073135376
init-init,proj-wikitext2-r30-s0,proj-slimpajama-r30-s0,L21.gateup,21,gateup,2048,848,0.4140625,0.7910808324813843
final-final,proj-wikitext2-r30-s0,proj-slimpajama-r30-s0,L21.gateup,21,gateup,2048,848,0.4140625,0.7861364483833313
init-init,proj-wikitext2-r30-s0,proj-slimpajama-r30-s0,L21.down,21,down,2048,848,0.4140625,0.8439250588417053
final-final,proj-wikitext2-r30-s0,proj-slimpajama-r30-s0,L21.down,21,down,2048,848,0.4140625,0.8379606604576111
init-init,proj-wikitext2-r30-s0,proj-slimpajama-r30-s0,L22.qkv,22,qkv,2048,1248,0.609375,0.8886445760726929
final-final,proj-wikitext2-r30-s0,proj-slimpajama-r30-s0,L22.qkv,22,qkv,2048,1248,0.609375,0.8865200877189636
init-init,proj-wikitext2-r30-s0,proj-slimpajama-r30-s0,L22.o,22,o,2048,1248,0.609375,0.8920820355415344
final-final,proj-wikitext2-r30-s0,proj-slimpajama-r30-s0,L22.o,22,o,2048,1248,0.609375,0.8881152272224426
init-init,proj-wikitext2-r30-s0,proj-slimpajama-r30-s0,L22.gateup,22,gateup,2048,848,0.4140625,0.785399317741394
final-final,proj-wikitext2-r30-s0,proj-slimpajama-r30-s0,L22.gateup,22,gateup,2048,848,0.4140625,0.7799679040908813
init-init,proj-wikitext2-r30-s0,proj-slimpajama-r30-s0,L22.down,22,down,2048,848,0.4140625,0.8395891189575195
final-final,proj-wikitext2-r30-s0,proj-slimpajama-r30-s0,L22.down,22,down,2048,848,0.4140625,0.8335995078086853
init-init,proj-wikitext2-r30-s0,proj-slimpajama-r30-s0,L23.qkv,23,qkv,2048,1248,0.609375,0.8823035955429077
final-final,proj-wikitext2-r30-s0,proj-slimpajama-r30-s0,L23.qkv,23,qkv,2048,1248,0.609375,0.8802563548088074
init-init,proj-wikitext2-r30-s0,proj-slimpajama-r30-s0,L23.o,23,o,2048,1248,0.609375,0.8899369239807129
final-final,proj-wikitext2-r30-s0,proj-slimpajama-r30-s0,L23.o,23,o,2048,1248,0.609375,0.8856765627861023
init-init,proj-wikitext2-r30-s0,proj-slimpajama-r30-s0,L23.gateup,23,gateup,2048,848,0.4140625,0.7737777829170227
final-final,proj-wikitext2-r30-s0,proj-slimpajama-r30-s0,L23.gateup,23,gateup,2048,848,0.4140625,0.7682000994682312
init-init,proj-wikitext2-r30-s0,proj-slimpajama-r30-s0,L23.down,23,down,2048,848,0.4140625,0.8418579697608948
final-final,proj-wikitext2-r30-s0,proj-slimpajama-r30-s0,L23.down,23,down,2048,848,0.4140625,0.8360204100608826
init-init,proj-wikitext2-r30-s0,proj-slimpajama-r30-s0,L24.qkv,24,qkv,2048,1248,0.609375,0.8792222142219543
final-final,proj-wikitext2-r30-s0,proj-slimpajama-r30-s0,L24.qkv,24,qkv,2048,1248,0.609375,0.8767790198326111
init-init,proj-wikitext2-r30-s0,proj-slimpajama-r30-s0,L24.o,24,o,2048,1248,0.609375,0.8763917088508606
final-final,proj-wikitext2-r30-s0,proj-slimpajama-r30-s0,L24.o,24,o,2048,1248,0.609375,0.8723060488700867
init-init,proj-wikitext2-r30-s0,proj-slimpajama-r30-s0,L24.gateup,24,gateup,2048,848,0.4140625,0.7635490894317627
final-final,proj-wikitext2-r30-s0,proj-slimpajama-r30-s0,L24.gateup,24,gateup,2048,848,0.4140625,0.7580389380455017
init-init,proj-wikitext2-r30-s0,proj-slimpajama-r30-s0,L24.down,24,down,2048,848,0.4140625,0.8402887582778931
final-final,proj-wikitext2-r30-s0,proj-slimpajama-r30-s0,L24.down,24,down,2048,848,0.4140625,0.8347563147544861
init-init,proj-wikitext2-r30-s0,proj-slimpajama-r30-s0,L25.qkv,25,qkv,2048,1248,0.609375,0.8786247372627258
final-final,proj-wikitext2-r30-s0,proj-slimpajama-r30-s0,L25.qkv,25,qkv,2048,1248,0.609375,0.8762946724891663
init-init,proj-wikitext2-r30-s0,proj-slimpajama-r30-s0,L25.o,25,o,2048,1248,0.609375,0.8670640587806702
final-final,proj-wikitext2-r30-s0,proj-slimpajama-r30-s0,L25.o,25,o,2048,1248,0.609375,0.8627045750617981
init-init,proj-wikitext2-r30-s0,proj-slimpajama-r30-s0,L25.gateup,25,gateup,2048,848,0.4140625,0.7558656930923462
final-final,proj-wikitext2-r30-s0,proj-slimpajama-r30-s0,L25.gateup,25,gateup,2048,848,0.4140625,0.7504757046699524
init-init,proj-wikitext2-r30-s0,proj-slimpajama-r30-s0,L25.down,25,down,2048,848,0.4140625,0.8287518620491028
final-final,proj-wikitext2-r30-s0,proj-slimpajama-r30-s0,L25.down,25,down,2048,848,0.4140625,0.8229705691337585
init-init,proj-wikitext2-r30-s0,proj-slimpajama-r30-s0,L26.qkv,26,qkv,2048,1248,0.609375,0.8787650465965271
final-final,proj-wikitext2-r30-s0,proj-slimpajama-r30-s0,L26.qkv,26,qkv,2048,1248,0.609375,0.8768606185913086
init-init,proj-wikitext2-r30-s0,proj-slimpajama-r30-s0,L26.o,26,o,2048,1248,0.609375,0.8597018718719482
final-final,proj-wikitext2-r30-s0,proj-slimpajama-r30-s0,L26.o,26,o,2048,1248,0.609375,0.8561477661132812
init-init,proj-wikitext2-r30-s0,proj-slimpajama-r30-s0,L26.gateup,26,gateup,2048,848,0.4140625,0.7505738139152527
final-final,proj-wikitext2-r30-s0,proj-slimpajama-r30-s0,L26.gateup,26,gateup,2048,848,0.4140625,0.7463340163230896
init-init,proj-wikitext2-r30-s0,proj-slimpajama-r30-s0,L26.down,26,down,2048,848,0.4140625,0.8220506906509399
final-final,proj-wikitext2-r30-s0,proj-slimpajama-r30-s0,L26.down,26,down,2048,848,0.4140625,0.8178538084030151
init-init,proj-wikitext2-r30-s0,proj-slimpajama-r30-s0,L27.qkv,27,qkv,2048,1248,0.609375,0.8468886017799377
final-final,proj-wikitext2-r30-s0,proj-slimpajama-r30-s0,L27.qkv,27,qkv,2048,1248,0.609375,0.8446347117424011
init-init,proj-wikitext2-r30-s0,proj-slimpajama-r30-s0,L27.o,27,o,2048,1248,0.609375,0.9027984738349915
final-final,proj-wikitext2-r30-s0,proj-slimpajama-r30-s0,L27.o,27,o,2048,1248,0.609375,0.899703323841095
init-init,proj-wikitext2-r30-s0,proj-slimpajama-r30-s0,L27.gateup,27,gateup,2048,848,0.4140625,0.7354819178581238
final-final,proj-wikitext2-r30-s0,proj-slimpajama-r30-s0,L27.gateup,27,gateup,2048,848,0.4140625,0.732891857624054
init-init,proj-wikitext2-r30-s0,proj-slimpajama-r30-s0,L27.down,27,down,2048,848,0.4140625,0.8252899050712585
final-final,proj-wikitext2-r30-s0,proj-slimpajama-r30-s0,L27.down,27,down,2048,848,0.4140625,0.8241794109344482
init-init,proj-wikitext2-r30-s0,proj-alpaca-r30-s0,L0.qkv,0,qkv,2048,1248,0.609375,0.8296209573745728
final-final,proj-wikitext2-r30-s0,proj-alpaca-r30-s0,L0.qkv,0,qkv,2048,1248,0.609375,0.8271674513816833
init-init,proj-wikitext2-r30-s0,proj-alpaca-r30-s0,L0.o,0,o,2048,1248,0.609375,0.9210019111633301
final-final,proj-wikitext2-r30-s0,proj-alpaca-r30-s0,L0.o,0,o,2048,1248,0.609375,0.9170217514038086
init-init,proj-wikitext2-r30-s0,proj-alpaca-r30-s0,L0.gateup,0,gateup,2048,848,0.4140625,0.9417082667350769
final-final,proj-wikitext2-r30-s0,proj-alpaca-r30-s0,L0.gateup,0,gateup,2048,848,0.4140625,0.9350208640098572
init-init,proj-wikitext2-r30-s0,proj-alpaca-r30-s0,L0.down,0,down,2048,848,0.4140625,0.8186033964157104
final-final,proj-wikitext2-r30-s0,proj-alpaca-r30-s0,L0.down,0,down,2048,848,0.4140625,0.8138417601585388
init-init,proj-wikitext2-r30-s0,proj-alpaca-r30-s0,L1.qkv,1,qkv,2048,1248,0.609375,0.8713793754577637
final-final,proj-wikitext2-r30-s0,proj-alpaca-r30-s0,L1.qkv,1,qkv,2048,1248,0.609375,0.8675024509429932
init-init,proj-wikitext2-r30-s0,proj-alpaca-r30-s0,L1.o,1,o,2048,1248,0.609375,0.8797593712806702
final-final,proj-wikitext2-r30-s0,proj-alpaca-r30-s0,L1.o,1,o,2048,1248,0.609375,0.8767312169075012
init-init,proj-wikitext2-r30-s0,proj-alpaca-r30-s0,L1.gateup,1,gateup,2048,848,0.4140625,0.8067804574966431
final-final,proj-wikitext2-r30-s0,proj-alpaca-r30-s0,L1.gateup,1,gateup,2048,848,0.4140625,0.8022423386573792
init-init,proj-wikitext2-r30-s0,proj-alpaca-r30-s0,L1.down,1,down,2048,848,0.4140625,0.7993741631507874
final-final,proj-wikitext2-r30-s0,proj-alpaca-r30-s0,L1.down,1,down,2048,848,0.4140625,0.7946106195449829
init-init,proj-wikitext2-r30-s0,proj-alpaca-r30-s0,L2.qkv,2,qkv,2048,1248,0.609375,0.864980161190033
final-final,proj-wikitext2-r30-s0,proj-alpaca-r30-s0,L2.qkv,2,qkv,2048,1248,0.609375,0.8616398572921753
init-init,proj-wikitext2-r30-s0,proj-alpaca-r30-s0,L2.o,2,o,2048,1248,0.609375,0.8964773416519165
final-final,proj-wikitext2-r30-s0,proj-alpaca-r30-s0,L2.o,2,o,2048,1248,0.609375,0.8928351998329163
init-init,proj-wikitext2-r30-s0,proj-alpaca-r30-s0,L2.gateup,2,gateup,2048,848,0.4140625,0.7788136601448059
final-final,proj-wikitext2-r30-s0,proj-alpaca-r30-s0,L2.gateup,2,gateup,2048,848,0.4140625,0.7744240164756775
init-init,proj-wikitext2-r30-s0,proj-alpaca-r30-s0,L2.down,2,down,2048,848,0.4140625,0.8145161867141724
final-final,proj-wikitext2-r30-s0,proj-alpaca-r30-s0,L2.down,2,down,2048,848,0.4140625,0.8094602227210999
init-init,proj-wikitext2-r30-s0,proj-alpaca-r30-s0,L3.qkv,3,qkv,2048,1248,0.609375,0.8614779710769653
final-final,proj-wikitext2-r30-s0,proj-alpaca-r30-s0,L3.qkv,3,qkv,2048,1248,0.609375,0.8589370250701904
init-init,proj-wikitext2-r30-s0,proj-alpaca-r30-s0,L3.o,3,o,2048,1248,0.609375,0.8647639751434326
final-final,proj-wikitext2-r30-s0,proj-alpaca-r30-s0,L3.o,3,o,2048,1248,0.609375,0.8611274361610413
init-init,proj-wikitext2-r30-s0,proj-alpaca-r30-s0,L3.gateup,3,gateup,2048,848,0.4140625,0.76983642578125
final-final,proj-wikitext2-r30-s0,proj-alpaca-r30-s0,L3.gateup,3,gateup,2048,848,0.4140625,0.765411376953125
init-init,proj-wikitext2-r30-s0,proj-alpaca-r30-s0,L3.down,3,down,2048,848,0.4140625,0.8072303533554077
final-final,proj-wikitext2-r30-s0,proj-alpaca-r30-s0,L3.down,3,down,2048,848,0.4140625,0.8021137714385986
init-init,proj-wikitext2-r30-s0,proj-alpaca-r30-s0,L4.qkv,4,qkv,2048,1248,0.609375,0.8535782098770142
final-final,proj-wikitext2-r30-s0,proj-alpaca-r30-s0,L4.qkv,4,qkv,2048,1248,0.609375,0.8511178493499756
init-init,proj-wikitext2-r30-s0,proj-alpaca-r30-s0,L4.o,4,o,2048,1248,0.609375,0.8653537034988403
final-final,proj-wikitext2-r30-s0,proj-alpaca-r30-s0,L4.o,4,o,2048,1248,0.609375,0.8620742559432983
init-init,proj-wikitext2-r30-s0,proj-alpaca-r30-s0,L4.gateup,4,gateup,2048,848,0.4140625,0.7561476230621338
final-final,proj-wikitext2-r30-s0,proj-alpaca-r30-s0,L4.gateup,4,gateup,2048,848,0.4140625,0.7519808411598206
init-init,proj-wikitext2-r30-s0,proj-alpaca-r30-s0,L4.down,4,down,2048,848,0.4140625,0.7956003546714783
final-final,proj-wikitext2-r30-s0,proj-alpaca-r30-s0,L4.down,4,down,2048,848,0.4140625,0.7905191779136658
init-init,proj-wikitext2-r30-s0,proj-alpaca-r30-s0,L5.qkv,5,qkv,2048,1248,0.609375,0.8491013646125793
final-final,proj-wikitext2-r30-s0,proj-alpaca-r30-s0,L5.qkv,5,qkv,2048,1248,0.609375,0.8467744588851929
init-init,proj-wikitext2-r30-s0,proj-alpaca-r30-s0,L5.o,5,o,2048,1248,0.609375,0.8855143785476685
final-final,proj-wikitext2-r30-s0,proj-alpaca-r30-s0,L5.o,5,o,2048,1248,0.609375,0.8820458650588989
init-init,proj-wikitext2-r30-s0,proj-alpaca-r30-s0,L5.gateup,5,gateup,2048,848,0.4140625,0.7393065690994263
final-final,proj-wikitext2-r30-s0,proj-alpaca-r30-s0,L5.gateup,5,gateup,2048,848,0.4140625,0.7355380058288574
init-init,proj-wikitext2-r30-s0,proj-alpaca-r30-s0,L5.down,5,down,2048,848,0.4140625,0.8158926367759705
final-final,proj-wikitext2-r30-s0,proj-alpaca-r30-s0,L5.down,5,down,2048,848,0.4140625,0.8109407424926758
init-init,proj-wikitext2-r30-s0,proj-alpaca-r30-s0,L6.qkv,6,qkv,2048,1248,0.609375,0.8557267189025879
final-final,proj-wikitext2-r30-s0,proj-alpaca-r30-s0,L6.qkv,6,qkv,2048,1248,0.609375,0.8532967567443848
init-init,proj-wikitext2-r30-s0,proj-alpaca-r30-s0,L6.o,6,o,2048,1248,0.609375,0.8843759298324585
final-final,proj-wikitext2-r30-s0,proj-alpaca-r30-s0,L6.o,6,o,2048,1248,0.609375,0.8809771537780762
init-init,proj-wikitext2-r30-s0,proj-alpaca-r30-s0,L6.gateup,6,gateup,2048,848,0.4140625,0.7422273755073547
final-final,proj-wikitext2-r30-s0,proj-alpaca-r30-s0,L6.gateup,6,gateup,2048,848,0.4140625,0.7382493019104004
init-init,proj-wikitext2-r30-s0,proj-alpaca-r30-s0,L6.down,6,down,2048,848,0.4140625,0.8043045997619629
final-final,proj-wikitext2-r30-s0,proj-alpaca-r30-s0,L6.down,6,down,2048,848,0.4140625,0.7992306351661682
init-init,proj-wikitext2-r30-s0,proj-alpaca-r30-s0,L7.qkv,7,qkv,2048,1248,0.609375,0.8362305760383606
final-final,proj-wikitext2-r30-s0,proj-alpaca-r30-s0,L7.qkv,7,qkv,2048,1248,0.609375,0.8339616656303406
init-init,proj-wikitext2-r30-s0,proj-alpaca-r30-s0,L7.o,7,o,2048,1248,0.609375,0.8634622097015381
final-final,proj-wikitext2-r30-s0,proj-alpaca-r30-s0,L7.o,7,o,2048,1248,0.609375,0.8602627515792847
init-init,proj-wikitext2-r30-s0,proj-alpaca-r30-s0,L7.gateup,7,gateup,2048,848,0.4140625,0.7243836522102356
final-final,proj-wikitext2-r30-s0,proj-alpaca-r30-s0,L7.gateup,7,gateup,2048,848,0.4140625,0.72072434425354
init-init,proj-wikitext2-r30-s0,proj-alpaca-r30-s0,L7.down,7,down,2048,848,0.4140625,0.8120405077934265
final-final,proj-wikitext2-r30-s0,proj-alpaca-r30-s0,L7.down,7,down,2048,848,0.4140625,0.8069474697113037
init-init,proj-wikitext2-r30-s0,proj-alpaca-r30-s0,L8.qkv,8,qkv,2048,1248,0.609375,0.840989351272583
final-final,proj-wikitext2-r30-s0,proj-alpaca-r30-s0,L8.qkv,8,qkv,2048,1248,0.609375,0.8388161659240723
init-init,proj-wikitext2-r30-s0,proj-alpaca-r30-s0,L8.o,8,o,2048,1248,0.609375,0.8348087668418884
final-final,proj-wikitext2-r30-s0,proj-alpaca-r30-s0,L8.o,8,o,2048,1248,0.609375,0.8319488167762756
init-init,proj-wikitext2-r30-s0,proj-alpaca-r30-s0,L8.gateup,8,gateup,2048,848,0.4140625,0.7092207670211792
final-final,proj-wikitext2-r30-s0,proj-alpaca-r30-s0,L8.gateup,8,gateup,2048,848,0.4140625,0.7059246897697449
init-init,proj-wikitext2-r30-s0,proj-alpaca-r30-s0,L8.down,8,down,2048,848,0.4140625,0.8114326000213623
final-final,proj-wikitext2-r30-s0,proj-alpaca-r30-s0,L8.down,8,down,2048,848,0.4140625,0.8063139915466309
init-init,proj-wikitext2-r30-s0,proj-alpaca-r30-s0,L9.qkv,9,qkv,2048,1248,0.609375,0.844455361366272
final-final,proj-wikitext2-r30-s0,proj-alpaca-r30-s0,L9.qkv,9,qkv,2048,1248,0.609375,0.8422902822494507
init-init,proj-wikitext2-r30-s0,proj-alpaca-r30-s0,L9.o,9,o,2048,1248,0.609375,0.8717377781867981
final-final,proj-wikitext2-r30-s0,proj-alpaca-r30-s0,L9.o,9,o,2048,1248,0.609375,0.8686517477035522
init-init,proj-wikitext2-r30-s0,proj-alpaca-r30-s0,L9.gateup,9,gateup,2048,848,0.4140625,0.7176703214645386
final-final,proj-wikitext2-r30-s0,proj-alpaca-r30-s0,L9.gateup,9,gateup,2048,848,0.4140625,0.7141333818435669
init-init,proj-wikitext2-r30-s0,proj-alpaca-r30-s0,L9.down,9,down,2048,848,0.4140625,0.8016206622123718
final-final,proj-wikitext2-r30-s0,proj-alpaca-r30-s0,L9.down,9,down,2048,848,0.4140625,0.7969278693199158
init-init,proj-wikitext2-r30-s0,proj-alpaca-r30-s0,L10.qkv,10,qkv,2048,1248,0.609375,0.8384186029434204
final-final,proj-wikitext2-r30-s0,proj-alpaca-r30-s0,L10.qkv,10,qkv,2048,1248,0.609375,0.8360759019851685
init-init,proj-wikitext2-r30-s0,proj-alpaca-r30-s0,L10.o,10,o,2048,1248,0.609375,0.8659272789955139
final-final,proj-wikitext2-r30-s0,proj-alpaca-r30-s0,L10.o,10,o,2048,1248,0.609375,0.8628338575363159
init-init,proj-wikitext2-r30-s0,proj-alpaca-r30-s0,L10.gateup,10,gateup,2048,848,0.4140625,0.7084850072860718
final-final,proj-wikitext2-r30-s0,proj-alpaca-r30-s0,L10.gateup,10,gateup,2048,848,0.4140625,0.7050836682319641
init-init,proj-wikitext2-r30-s0,proj-alpaca-r30-s0,L10.down,10,down,2048,848,0.4140625,0.8009015917778015
final-final,proj-wikitext2-r30-s0,proj-alpaca-r30-s0,L10.down,10,down,2048,848,0.4140625,0.7964035272598267
init-init,proj-wikitext2-r30-s0,proj-alpaca-r30-s0,L11.qkv,11,qkv,2048,1248,0.609375,0.8543038368225098
final-final,proj-wikitext2-r30-s0,proj-alpaca-r30-s0,L11.qkv,11,qkv,2048,1248,0.609375,0.8518227934837341
init-init,proj-wikitext2-r30-s0,proj-alpaca-r30-s0,L11.o,11,o,2048,1248,0.609375,0.8892738223075867
final-final,proj-wikitext2-r30-s0,proj-alpaca-r30-s0,L11.o,11,o,2048,1248,0.609375,0.8860933184623718
init-init,proj-wikitext2-r30-s0,proj-alpaca-r30-s0,L11.gateup,11,gateup,2048,848,0.4140625,0.7208064794540405
final-final,proj-wikitext2-r30-s0,proj-alpaca-r30-s0,L11.gateup,11,gateup,2048,848,0.4140625,0.7172497510910034
init-init,proj-wikitext2-r30-s0,proj-alpaca-r30-s0,L11.down,11,down,2048,848,0.4140625,0.8156168460845947
final-final,proj-wikitext2-r30-s0,proj-alpaca-r30-s0,L11.down,11,down,2048,848,0.4140625,0.8105849027633667
init-init,proj-wikitext2-r30-s0,proj-alpaca-r30-s0,L12.qkv,12,qkv,2048,1248,0.609375,0.8467365503311157
final-final,proj-wikitext2-r30-s0,proj-alpaca-r30-s0,L12.qkv,12,qkv,2048,1248,0.609375,0.8443583846092224
init-init,proj-wikitext2-r30-s0,proj-alpaca-r30-s0,L12.o,12,o,2048,1248,0.609375,0.8666864037513733
final-final,proj-wikitext2-r30-s0,proj-alpaca-r30-s0,L12.o,12,o,2048,1248,0.609375,0.8633732795715332
init-init,proj-wikitext2-r30-s0,proj-alpaca-r30-s0,L12.gateup,12,gateup,2048,848,0.4140625,0.7167561650276184
final-final,proj-wikitext2-r30-s0,proj-alpaca-r30-s0,L12.gateup,12,gateup,2048,848,0.4140625,0.7130993604660034
init-init,proj-wikitext2-r30-s0,proj-alpaca-r30-s0,L12.down,12,down,2048,848,0.4140625,0.826034426689148
final-final,proj-wikitext2-r30-s0,proj-alpaca-r30-s0,L12.down,12,down,2048,848,0.4140625,0.8210982084274292
init-init,proj-wikitext2-r30-s0,proj-alpaca-r30-s0,L13.qkv,13,qkv,2048,1248,0.609375,0.8501285910606384
final-final,proj-wikitext2-r30-s0,proj-alpaca-r30-s0,L13.qkv,13,qkv,2048,1248,0.609375,0.8474376201629639
init-init,proj-wikitext2-r30-s0,proj-alpaca-r30-s0,L13.o,13,o,2048,1248,0.609375,0.8809230923652649
final-final,proj-wikitext2-r30-s0,proj-alpaca-r30-s0,L13.o,13,o,2048,1248,0.609375,0.8776511549949646
init-init,proj-wikitext2-r30-s0,proj-alpaca-r30-s0,L13.gateup,13,gateup,2048,848,0.4140625,0.7142126560211182
final-final,proj-wikitext2-r30-s0,proj-alpaca-r30-s0,L13.gateup,13,gateup,2048,848,0.4140625,0.7104067802429199
init-init,proj-wikitext2-r30-s0,proj-alpaca-r30-s0,L13.down,13,down,2048,848,0.4140625,0.8296934962272644
final-final,proj-wikitext2-r30-s0,proj-alpaca-r30-s0,L13.down,13,down,2048,848,0.4140625,0.8244384527206421
init-init,proj-wikitext2-r30-s0,proj-alpaca-r30-s0,L14.qkv,14,qkv,2048,1248,0.609375,0.8491966128349304
final-final,proj-wikitext2-r30-s0,proj-alpaca-r30-s0,L14.qkv,14,qkv,2048,1248,0.609375,0.8468864560127258
init-init,proj-wikitext2-r30-s0,proj-alpaca-r30-s0,L14.o,14,o,2048,1248,0.609375,0.8742132186889648
final-final,proj-wikitext2-r30-s0,proj-alpaca-r30-s0,L14.o,14,o,2048,1248,0.609375,0.8710710406303406
init-init,proj-wikitext2-r30-s0,proj-alpaca-r30-s0,L14.gateup,14,gateup,2048,848,0.4140625,0.7101796269416809
final-final,proj-wikitext2-r30-s0,proj-alpaca-r30-s0,L14.gateup,14,gateup,2048,848,0.4140625,0.7066962718963623
init-init,proj-wikitext2-r30-s0,proj-alpaca-r30-s0,L14.down,14,down,2048,848,0.4140625,0.8367679715156555
final-final,proj-wikitext2-r30-s0,proj-alpaca-r30-s0,L14.down,14,down,2048,848,0.4140625,0.8314131498336792
init-init,proj-wikitext2-r30-s0,proj-alpaca-r30-s0,L15.qkv,15,qkv,2048,1248,0.609375,0.8474528193473816
final-final,proj-wikitext2-r30-s0,proj-alpaca-r30-s0,L15.qkv,15,qkv,2048,1248,0.609375,0.8454249501228333
init-init,proj-wikitext2-r30-s0,proj-alpaca-r30-s0,L15.o,15,o,2048,1248,0.609375,0.8783828616142273
final-final,proj-wikitext2-r30-s0,proj-alpaca-r30-s0,L15.o,15,o,2048,1248,0.609375,0.8749494552612305
init-init,proj-wikitext2-r30-s0,proj-alpaca-r30-s0,L15.gateup,15,gateup,2048,848,0.4140625,0.715276837348938
final-final,proj-wikitext2-r30-s0,proj-alpaca-r30-s0,L15.gateup,15,gateup,2048,848,0.4140625,0.7117242217063904
init-init,proj-wikitext2-r30-s0,proj-alpaca-r30-s0,L15.down,15,down,2048,848,0.4140625,0.8263636827468872
final-final,proj-wikitext2-r30-s0,proj-alpaca-r30-s0,L15.down,15,down,2048,848,0.4140625,0.8215106725692749
init-init,proj-wikitext2-r30-s0,proj-alpaca-r30-s0,L16.qkv,16,qkv,2048,1248,0.609375,0.8507432341575623
final-final,proj-wikitext2-r30-s0,proj-alpaca-r30-s0,L16.qkv,16,qkv,2048,1248,0.609375,0.8486257791519165
init-init,proj-wikitext2-r30-s0,proj-alpaca-r30-s0,L16.o,16,o,2048,1248,0.609375,0.8841859698295593
final-final,proj-wikitext2-r30-s0,proj-alpaca-r30-s0,L16.o,16,o,2048,1248,0.609375,0.8805699348449707
init-init,proj-wikitext2-r30-s0,proj-alpaca-r30-s0,L16.gateup,16,gateup,2048,848,0.4140625,0.7195947170257568
final-final,proj-wikitext2-r30-s0,proj-alpaca-r30-s0,L16.gateup,16,gateup,2048,848,0.4140625,0.7164367437362671
init-init,proj-wikitext2-r30-s0,proj-alpaca-r30-s0,L16.down,16,down,2048,848,0.4140625,0.8228240013122559
final-final,proj-wikitext2-r30-s0,proj-alpaca-r30-s0,L16.down,16,down,2048,848,0.4140625,0.8178339600563049
init-init,proj-wikitext2-r30-s0,proj-alpaca-r30-s0,L17.qkv,17,qkv,2048,1248,0.609375,0.8418833613395691
final-final,proj-wikitext2-r30-s0,proj-alpaca-r30-s0,L17.qkv,17,qkv,2048,1248,0.609375,0.839846134185791
init-init,proj-wikitext2-r30-s0,proj-alpaca-r30-s0,L17.o,17,o,2048,1248,0.609375,0.8871412873268127
final-final,proj-wikitext2-r30-s0,proj-alpaca-r30-s0,L17.o,17,o,2048,1248,0.609375,0.8833516836166382
init-init,proj-wikitext2-r30-s0,proj-alpaca-r30-s0,L17.gateup,17,gateup,2048,848,0.4140625,0.7349299192428589
final-final,proj-wikitext2-r30-s0,proj-alpaca-r30-s0,L17.gateup,17,gateup,2048,848,0.4140625,0.7308602929115295
init-init,proj-wikitext2-r30-s0,proj-alpaca-r30-s0,L17.down,17,down,2048,848,0.4140625,0.8129366040229797
final-final,proj-wikitext2-r30-s0,proj-alpaca-r30-s0,L17.down,17,down,2048,848,0.4140625,0.8082154393196106
init-init,proj-wikitext2-r30-s0,proj-alpaca-r30-s0,L18.qkv,18,qkv,2048,1248,0.609375,0.8444947600364685
final-final,proj-wikitext2-r30-s0,proj-alpaca-r30-s0,L18.qkv,18,qkv,2048,1248,0.609375,0.8425036668777466
init-init,proj-wikitext2-r30-s0,proj-alpaca-r30-s0,L18.o,18,o,2048,1248,0.609375,0.8679530024528503
final-final,proj-wikitext2-r30-s0,proj-alpaca-r30-s0,L18.o,18,o,2048,1248,0.609375,0.8644958734512329
init-init,proj-wikitext2-r30-s0,proj-alpaca-r30-s0,L18.gateup,18,gateup,2048,848,0.4140625,0.7216837406158447
final-final,proj-wikitext2-r30-s0,proj-alpaca-r30-s0,L18.gateup,18,gateup,2048,848,0.4140625,0.7178385853767395
init-init,proj-wikitext2-r30-s0,proj-alpaca-r30-s0,L18.down,18,down,2048,848,0.4140625,0.8043818473815918
final-final,proj-wikitext2-r30-s0,proj-alpaca-r30-s0,L18.down,18,down,2048,848,0.4140625,0.7996001243591309
init-init,proj-wikitext2-r30-s0,proj-alpaca-r30-s0,L19.qkv,19,qkv,2048,1248,0.609375,0.8461155891418457
final-final,proj-wikitext2-r30-s0,proj-alpaca-r30-s0,L19.qkv,19,qkv,2048,1248,0.609375,0.8442230224609375
init-init,proj-wikitext2-r30-s0,proj-alpaca-r30-s0,L19.o,19,o,2048,1248,0.609375,0.8866502642631531
final-final,proj-wikitext2-r30-s0,proj-alpaca-r30-s0,L19.o,19,o,2048,1248,0.609375,0.8829461932182312
init-init,proj-wikitext2-r30-s0,proj-alpaca-r30-s0,L19.gateup,19,gateup,2048,848,0.4140625,0.7218952178955078
final-final,proj-wikitext2-r30-s0,proj-alpaca-r30-s0,L19.gateup,19,gateup,2048,848,0.4140625,0.7181576490402222
init-init,proj-wikitext2-r30-s0,proj-alpaca-r30-s0,L19.down,19,down,2048,848,0.4140625,0.8116212487220764
final-final,proj-wikitext2-r30-s0,proj-alpaca-r30-s0,L19.down,19,down,2048,848,0.4140625,0.8067933917045593
init-init,proj-wikitext2-r30-s0,proj-alpaca-r30-s0,L20.qkv,20,qkv,2048,1248,0.609375,0.850727379322052
final-final,proj-wikitext2-r30-s0,proj-alpaca-r30-s0,L20.qkv,20,qkv,2048,1248,0.609375,0.8490763306617737
init-init,proj-wikitext2-r30-s0,proj-alpaca-r30-s0,L20.o,20,o,2048,1248,0.609375,0.8678837418556213
final-final,proj-wikitext2-r30-s0,proj-alpaca-r30-s0,L20.o,20,o,2048,1248,0.609375,0.8640515208244324
init-init,proj-wikitext2-r30-s0,proj-alpaca-r30-s0,L20.gateup,20,gateup,2048,848,0.4140625,0.7275936603546143
final-final,proj-wikitext2-r30-s0,proj-alpaca-r30-s0,L20.gateup,20,gateup,2048,848,0.4140625,0.7235804200172424
init-init,proj-wikitext2-r30-s0,proj-alpaca-r30-s0,L20.down,20,down,2048,848,0.4140625,0.7978200316429138
final-final,proj-wikitext2-r30-s0,proj-alpaca-r30-s0,L20.down,20,down,2048,848,0.4140625,0.7926433682441711
init-init,proj-wikitext2-r30-s0,proj-alpaca-r30-s0,L21.qkv,21,qkv,2048,1248,0.609375,0.8404437303543091
final-final,proj-wikitext2-r30-s0,proj-alpaca-r30-s0,L21.qkv,21,qkv,2048,1248,0.609375,0.8386502265930176
init-init,proj-wikitext2-r30-s0,proj-alpaca-r30-s0,L21.o,21,o,2048,1248,0.609375,0.8660297989845276
final-final,proj-wikitext2-r30-s0,proj-alpaca-r30-s0,L21.o,21,o,2048,1248,0.609375,0.8620016574859619
init-init,proj-wikitext2-r30-s0,proj-alpaca-r30-s0,L21.gateup,21,gateup,2048,848,0.4140625,0.7209146022796631
final-final,proj-wikitext2-r30-s0,proj-alpaca-r30-s0,L21.gateup,21,gateup,2048,848,0.4140625,0.7164993286132812
init-init,proj-wikitext2-r30-s0,proj-alpaca-r30-s0,L21.down,21,down,2048,848,0.4140625,0.7789120078086853
final-final,proj-wikitext2-r30-s0,proj-alpaca-r30-s0,L21.down,21,down,2048,848,0.4140625,0.7738337516784668
init-init,proj-wikitext2-r30-s0,proj-alpaca-r30-s0,L22.qkv,22,qkv,2048,1248,0.609375,0.8397979736328125
final-final,proj-wikitext2-r30-s0,proj-alpaca-r30-s0,L22.qkv,22,qkv,2048,1248,0.609375,0.8381001353263855
init-init,proj-wikitext2-r30-s0,proj-alpaca-r30-s0,L22.o,22,o,2048,1248,0.609375,0.8462918996810913
final-final,proj-wikitext2-r30-s0,proj-alpaca-r30-s0,L22.o,22,o,2048,1248,0.609375,0.8432247638702393
init-init,proj-wikitext2-r30-s0,proj-alpaca-r30-s0,L22.gateup,22,gateup,2048,848,0.4140625,0.7168202996253967
final-final,proj-wikitext2-r30-s0,proj-alpaca-r30-s0,L22.gateup,22,gateup,2048,848,0.4140625,0.7122865319252014
init-init,proj-wikitext2-r30-s0,proj-alpaca-r30-s0,L22.down,22,down,2048,848,0.4140625,0.7771726846694946
final-final,proj-wikitext2-r30-s0,proj-alpaca-r30-s0,L22.down,22,down,2048,848,0.4140625,0.771955132484436
init-init,proj-wikitext2-r30-s0,proj-alpaca-r30-s0,L23.qkv,23,qkv,2048,1248,0.609375,0.8350221514701843
final-final,proj-wikitext2-r30-s0,proj-alpaca-r30-s0,L23.qkv,23,qkv,2048,1248,0.609375,0.8333785533905029
init-init,proj-wikitext2-r30-s0,proj-alpaca-r30-s0,L23.o,23,o,2048,1248,0.609375,0.831462562084198
final-final,proj-wikitext2-r30-s0,proj-alpaca-r30-s0,L23.o,23,o,2048,1248,0.609375,0.8280709385871887
init-init,proj-wikitext2-r30-s0,proj-alpaca-r30-s0,L23.gateup,23,gateup,2048,848,0.4140625,0.7050846219062805
final-final,proj-wikitext2-r30-s0,proj-alpaca-r30-s0,L23.gateup,23,gateup,2048,848,0.4140625,0.7005868554115295
init-init,proj-wikitext2-r30-s0,proj-alpaca-r30-s0,L23.down,23,down,2048,848,0.4140625,0.7939765453338623
final-final,proj-wikitext2-r30-s0,proj-alpaca-r30-s0,L23.down,23,down,2048,848,0.4140625,0.7885464429855347
init-init,proj-wikitext2-r30-s0,proj-alpaca-r30-s0,L24.qkv,24,qkv,2048,1248,0.609375,0.8349407911300659
final-final,proj-wikitext2-r30-s0,proj-alpaca-r30-s0,L24.qkv,24,qkv,2048,1248,0.609375,0.8331903219223022
init-init,proj-wikitext2-r30-s0,proj-alpaca-r30-s0,L24.o,24,o,2048,1248,0.609375,0.8117778301239014
final-final,proj-wikitext2-r30-s0,proj-alpaca-r30-s0,L24.o,24,o,2048,1248,0.609375,0.8089126348495483
init-init,proj-wikitext2-r30-s0,proj-alpaca-r30-s0,L24.gateup,24,gateup,2048,848,0.4140625,0.6976587176322937
final-final,proj-wikitext2-r30-s0,proj-alpaca-r30-s0,L24.gateup,24,gateup,2048,848,0.4140625,0.6932300925254822
init-init,proj-wikitext2-r30-s0,proj-alpaca-r30-s0,L24.down,24,down,2048,848,0.4140625,0.7941387295722961
final-final,proj-wikitext2-r30-s0,proj-alpaca-r30-s0,L24.down,24,down,2048,848,0.4140625,0.7890190482139587
init-init,proj-wikitext2-r30-s0,proj-alpaca-r30-s0,L25.qkv,25,qkv,2048,1248,0.609375,0.8357346653938293
final-final,proj-wikitext2-r30-s0,proj-alpaca-r30-s0,L25.qkv,25,qkv,2048,1248,0.609375,0.8337310552597046
init-init,proj-wikitext2-r30-s0,proj-alpaca-r30-s0,L25.o,25,o,2048,1248,0.609375,0.7936812043190002
final-final,proj-wikitext2-r30-s0,proj-alpaca-r30-s0,L25.o,25,o,2048,1248,0.609375,0.7910006642341614
init-init,proj-wikitext2-r30-s0,proj-alpaca-r30-s0,L25.gateup,25,gateup,2048,848,0.4140625,0.6888233423233032
final-final,proj-wikitext2-r30-s0,proj-alpaca-r30-s0,L25.gateup,25,gateup,2048,848,0.4140625,0.6845468878746033
init-init,proj-wikitext2-r30-s0,proj-alpaca-r30-s0,L25.down,25,down,2048,848,0.4140625,0.7936153411865234
final-final,proj-wikitext2-r30-s0,proj-alpaca-r30-s0,L25.down,25,down,2048,848,0.4140625,0.7881985902786255
init-init,proj-wikitext2-r30-s0,proj-alpaca-r30-s0,L26.qkv,26,qkv,2048,1248,0.609375,0.837140679359436
final-final,proj-wikitext2-r30-s0,proj-alpaca-r30-s0,L26.qkv,26,qkv,2048,1248,0.609375,0.8355202674865723
init-init,proj-wikitext2-r30-s0,proj-alpaca-r30-s0,L26.o,26,o,2048,1248,0.609375,0.8080786466598511
final-final,proj-wikitext2-r30-s0,proj-alpaca-r30-s0,L26.o,26,o,2048,1248,0.609375,0.805513858795166
init-init,proj-wikitext2-r30-s0,proj-alpaca-r30-s0,L26.gateup,26,gateup,2048,848,0.4140625,0.6819383502006531
final-final,proj-wikitext2-r30-s0,proj-alpaca-r30-s0,L26.gateup,26,gateup,2048,848,0.4140625,0.6786630749702454
init-init,proj-wikitext2-r30-s0,proj-alpaca-r30-s0,L26.down,26,down,2048,848,0.4140625,0.7921866774559021
final-final,proj-wikitext2-r30-s0,proj-alpaca-r30-s0,L26.down,26,down,2048,848,0.4140625,0.7881626486778259
init-init,proj-wikitext2-r30-s0,proj-alpaca-r30-s0,L27.qkv,27,qkv,2048,1248,0.609375,0.7948525547981262
final-final,proj-wikitext2-r30-s0,proj-alpaca-r30-s0,L27.qkv,27,qkv,2048,1248,0.609375,0.7930331230163574
init-init,proj-wikitext2-r30-s0,proj-alpaca-r30-s0,L27.o,27,o,2048,1248,0.609375,0.859254002571106
final-final,proj-wikitext2-r30-s0,proj-alpaca-r30-s0,L27.o,27,o,2048,1248,0.609375,0.8565860986709595
init-init,proj-wikitext2-r30-s0,proj-alpaca-r30-s0,L27.gateup,27,gateup,2048,848,0.4140625,0.6632941961288452
final-final,proj-wikitext2-r30-s0,proj-alpaca-r30-s0,L27.gateup,27,gateup,2048,848,0.4140625,0.6613739132881165
init-init,proj-wikitext2-r30-s0,proj-alpaca-r30-s0,L27.down,27,down,2048,848,0.4140625,0.7871778607368469
final-final,proj-wikitext2-r30-s0,proj-alpaca-r30-s0,L27.down,27,down,2048,848,0.4140625,0.786232590675354
init-init,proj-wikitext2-r30-s0,proj-selfgen-r30-s0,L0.qkv,0,qkv,2048,1248,0.609375,0.8188017010688782
final-final,proj-wikitext2-r30-s0,proj-selfgen-r30-s0,L0.qkv,0,qkv,2048,1248,0.609375,0.8163692355155945
init-init,proj-wikitext2-r30-s0,proj-selfgen-r30-s0,L0.o,0,o,2048,1248,0.609375,0.9143369793891907
final-final,proj-wikitext2-r30-s0,proj-selfgen-r30-s0,L0.o,0,o,2048,1248,0.609375,0.909701406955719
init-init,proj-wikitext2-r30-s0,proj-selfgen-r30-s0,L0.gateup,0,gateup,2048,848,0.4140625,0.9276745915412903
final-final,proj-wikitext2-r30-s0,proj-selfgen-r30-s0,L0.gateup,0,gateup,2048,848,0.4140625,0.9198459982872009
init-init,proj-wikitext2-r30-s0,proj-selfgen-r30-s0,L0.down,0,down,2048,848,0.4140625,0.7710110545158386
final-final,proj-wikitext2-r30-s0,proj-selfgen-r30-s0,L0.down,0,down,2048,848,0.4140625,0.7658036351203918
init-init,proj-wikitext2-r30-s0,proj-selfgen-r30-s0,L1.qkv,1,qkv,2048,1248,0.609375,0.8417585492134094
final-final,proj-wikitext2-r30-s0,proj-selfgen-r30-s0,L1.qkv,1,qkv,2048,1248,0.609375,0.8376132249832153
init-init,proj-wikitext2-r30-s0,proj-selfgen-r30-s0,L1.o,1,o,2048,1248,0.609375,0.8695119619369507
final-final,proj-wikitext2-r30-s0,proj-selfgen-r30-s0,L1.o,1,o,2048,1248,0.609375,0.8655359148979187
init-init,proj-wikitext2-r30-s0,proj-selfgen-r30-s0,L1.gateup,1,gateup,2048,848,0.4140625,0.7542983293533325
final-final,proj-wikitext2-r30-s0,proj-selfgen-r30-s0,L1.gateup,1,gateup,2048,848,0.4140625,0.7493055462837219
init-init,proj-wikitext2-r30-s0,proj-selfgen-r30-s0,L1.down,1,down,2048,848,0.4140625,0.7485384345054626
final-final,proj-wikitext2-r30-s0,proj-selfgen-r30-s0,L1.down,1,down,2048,848,0.4140625,0.7434102296829224
init-init,proj-wikitext2-r30-s0,proj-selfgen-r30-s0,L2.qkv,2,qkv,2048,1248,0.609375,0.8388456702232361
final-final,proj-wikitext2-r30-s0,proj-selfgen-r30-s0,L2.qkv,2,qkv,2048,1248,0.609375,0.8351820111274719
init-init,proj-wikitext2-r30-s0,proj-selfgen-r30-s0,L2.o,2,o,2048,1248,0.609375,0.889354407787323
final-final,proj-wikitext2-r30-s0,proj-selfgen-r30-s0,L2.o,2,o,2048,1248,0.609375,0.8847456574440002
init-init,proj-wikitext2-r30-s0,proj-selfgen-r30-s0,L2.gateup,2,gateup,2048,848,0.4140625,0.7213279604911804
final-final,proj-wikitext2-r30-s0,proj-selfgen-r30-s0,L2.gateup,2,gateup,2048,848,0.4140625,0.7166489958763123
init-init,proj-wikitext2-r30-s0,proj-selfgen-r30-s0,L2.down,2,down,2048,848,0.4140625,0.8171088695526123
final-final,proj-wikitext2-r30-s0,proj-selfgen-r30-s0,L2.down,2,down,2048,848,0.4140625,0.8111010789871216
init-init,proj-wikitext2-r30-s0,proj-selfgen-r30-s0,L3.qkv,3,qkv,2048,1248,0.609375,0.8445377945899963
final-final,proj-wikitext2-r30-s0,proj-selfgen-r30-s0,L3.qkv,3,qkv,2048,1248,0.609375,0.8414551019668579
init-init,proj-wikitext2-r30-s0,proj-selfgen-r30-s0,L3.o,3,o,2048,1248,0.609375,0.8432212471961975
final-final,proj-wikitext2-r30-s0,proj-selfgen-r30-s0,L3.o,3,o,2048,1248,0.609375,0.8385493755340576
init-init,proj-wikitext2-r30-s0,proj-selfgen-r30-s0,L3.gateup,3,gateup,2048,848,0.4140625,0.7311903238296509
final-final,proj-wikitext2-r30-s0,proj-selfgen-r30-s0,L3.gateup,3,gateup,2048,848,0.4140625,0.7262711524963379
init-init,proj-wikitext2-r30-s0,proj-selfgen-r30-s0,L3.down,3,down,2048,848,0.4140625,0.8090559840202332
final-final,proj-wikitext2-r30-s0,proj-selfgen-r30-s0,L3.down,3,down,2048,848,0.4140625,0.8024404644966125
init-init,proj-wikitext2-r30-s0,proj-selfgen-r30-s0,L4.qkv,4,qkv,2048,1248,0.609375,0.8455207943916321
final-final,proj-wikitext2-r30-s0,proj-selfgen-r30-s0,L4.qkv,4,qkv,2048,1248,0.609375,0.8422317504882812
init-init,proj-wikitext2-r30-s0,proj-selfgen-r30-s0,L4.o,4,o,2048,1248,0.609375,0.8562776446342468
final-final,proj-wikitext2-r30-s0,proj-selfgen-r30-s0,L4.o,4,o,2048,1248,0.609375,0.8519586324691772
init-init,proj-wikitext2-r30-s0,proj-selfgen-r30-s0,L4.gateup,4,gateup,2048,848,0.4140625,0.7301982045173645
final-final,proj-wikitext2-r30-s0,proj-selfgen-r30-s0,L4.gateup,4,gateup,2048,848,0.4140625,0.7253189086914062
init-init,proj-wikitext2-r30-s0,proj-selfgen-r30-s0,L4.down,4,down,2048,848,0.4140625,0.7898187041282654
final-final,proj-wikitext2-r30-s0,proj-selfgen-r30-s0,L4.down,4,down,2048,848,0.4140625,0.784114420413971
init-init,proj-wikitext2-r30-s0,proj-selfgen-r30-s0,L5.qkv,5,qkv,2048,1248,0.609375,0.8421098589897156
final-final,proj-wikitext2-r30-s0,proj-selfgen-r30-s0,L5.qkv,5,qkv,2048,1248,0.609375,0.839137077331543
init-init,proj-wikitext2-r30-s0,proj-selfgen-r30-s0,L5.o,5,o,2048,1248,0.609375,0.8842881917953491
final-final,proj-wikitext2-r30-s0,proj-selfgen-r30-s0,L5.o,5,o,2048,1248,0.609375,0.8795867562294006
init-init,proj-wikitext2-r30-s0,proj-selfgen-r30-s0,L5.gateup,5,gateup,2048,848,0.4140625,0.7093901634216309
final-final,proj-wikitext2-r30-s0,proj-selfgen-r30-s0,L5.gateup,5,gateup,2048,848,0.4140625,0.7048415541648865
init-init,proj-wikitext2-r30-s0,proj-selfgen-r30-s0,L5.down,5,down,2048,848,0.4140625,0.8189976811408997
final-final,proj-wikitext2-r30-s0,proj-selfgen-r30-s0,L5.down,5,down,2048,848,0.4140625,0.81266850233078
init-init,proj-wikitext2-r30-s0,proj-selfgen-r30-s0,L6.qkv,6,qkv,2048,1248,0.609375,0.8517785668373108
final-final,proj-wikitext2-r30-s0,proj-selfgen-r30-s0,L6.qkv,6,qkv,2048,1248,0.609375,0.8485385179519653
init-init,proj-wikitext2-r30-s0,proj-selfgen-r30-s0,L6.o,6,o,2048,1248,0.609375,0.8832850456237793
final-final,proj-wikitext2-r30-s0,proj-selfgen-r30-s0,L6.o,6,o,2048,1248,0.609375,0.8784188628196716
init-init,proj-wikitext2-r30-s0,proj-selfgen-r30-s0,L6.gateup,6,gateup,2048,848,0.4140625,0.712711751461029
final-final,proj-wikitext2-r30-s0,proj-selfgen-r30-s0,L6.gateup,6,gateup,2048,848,0.4140625,0.7081676125526428
init-init,proj-wikitext2-r30-s0,proj-selfgen-r30-s0,L6.down,6,down,2048,848,0.4140625,0.8045439720153809
final-final,proj-wikitext2-r30-s0,proj-selfgen-r30-s0,L6.down,6,down,2048,848,0.4140625,0.798529863357544
init-init,proj-wikitext2-r30-s0,proj-selfgen-r30-s0,L7.qkv,7,qkv,2048,1248,0.609375,0.8347064256668091
final-final,proj-wikitext2-r30-s0,proj-selfgen-r30-s0,L7.qkv,7,qkv,2048,1248,0.609375,0.831596314907074
init-init,proj-wikitext2-r30-s0,proj-selfgen-r30-s0,L7.o,7,o,2048,1248,0.609375,0.8709979057312012
final-final,proj-wikitext2-r30-s0,proj-selfgen-r30-s0,L7.o,7,o,2048,1248,0.609375,0.8667236566543579
init-init,proj-wikitext2-r30-s0,proj-selfgen-r30-s0,L7.gateup,7,gateup,2048,848,0.4140625,0.6989867091178894
final-final,proj-wikitext2-r30-s0,proj-selfgen-r30-s0,L7.gateup,7,gateup,2048,848,0.4140625,0.6945967078208923
init-init,proj-wikitext2-r30-s0,proj-selfgen-r30-s0,L7.down,7,down,2048,848,0.4140625,0.8157910108566284
final-final,proj-wikitext2-r30-s0,proj-selfgen-r30-s0,L7.down,7,down,2048,848,0.4140625,0.8097426295280457
init-init,proj-wikitext2-r30-s0,proj-selfgen-r30-s0,L8.qkv,8,qkv,2048,1248,0.609375,0.8450297713279724
final-final,proj-wikitext2-r30-s0,proj-selfgen-r30-s0,L8.qkv,8,qkv,2048,1248,0.609375,0.8419471383094788
init-init,proj-wikitext2-r30-s0,proj-selfgen-r30-s0,L8.o,8,o,2048,1248,0.609375,0.8466184735298157
final-final,proj-wikitext2-r30-s0,proj-selfgen-r30-s0,L8.o,8,o,2048,1248,0.609375,0.8421431183815002
init-init,proj-wikitext2-r30-s0,proj-selfgen-r30-s0,L8.gateup,8,gateup,2048,848,0.4140625,0.6902968287467957
final-final,proj-wikitext2-r30-s0,proj-selfgen-r30-s0,L8.gateup,8,gateup,2048,848,0.4140625,0.6861821413040161
init-init,proj-wikitext2-r30-s0,proj-selfgen-r30-s0,L8.down,8,down,2048,848,0.4140625,0.8103342056274414
final-final,proj-wikitext2-r30-s0,proj-selfgen-r30-s0,L8.down,8,down,2048,848,0.4140625,0.8045392632484436
init-init,proj-wikitext2-r30-s0,proj-selfgen-r30-s0,L9.qkv,9,qkv,2048,1248,0.609375,0.8461290001869202
final-final,proj-wikitext2-r30-s0,proj-selfgen-r30-s0,L9.qkv,9,qkv,2048,1248,0.609375,0.8432425856590271
init-init,proj-wikitext2-r30-s0,proj-selfgen-r30-s0,L9.o,9,o,2048,1248,0.609375,0.8662187457084656
final-final,proj-wikitext2-r30-s0,proj-selfgen-r30-s0,L9.o,9,o,2048,1248,0.609375,0.8619158864021301
init-init,proj-wikitext2-r30-s0,proj-selfgen-r30-s0,L9.gateup,9,gateup,2048,848,0.4140625,0.6953971982002258
final-final,proj-wikitext2-r30-s0,proj-selfgen-r30-s0,L9.gateup,9,gateup,2048,848,0.4140625,0.6911166310310364
init-init,proj-wikitext2-r30-s0,proj-selfgen-r30-s0,L9.down,9,down,2048,848,0.4140625,0.7961379885673523
final-final,proj-wikitext2-r30-s0,proj-selfgen-r30-s0,L9.down,9,down,2048,848,0.4140625,0.7907053232192993
init-init,proj-wikitext2-r30-s0,proj-selfgen-r30-s0,L10.qkv,10,qkv,2048,1248,0.609375,0.8364781141281128
final-final,proj-wikitext2-r30-s0,proj-selfgen-r30-s0,L10.qkv,10,qkv,2048,1248,0.609375,0.8332983255386353
init-init,proj-wikitext2-r30-s0,proj-selfgen-r30-s0,L10.o,10,o,2048,1248,0.609375,0.874610424041748
final-final,proj-wikitext2-r30-s0,proj-selfgen-r30-s0,L10.o,10,o,2048,1248,0.609375,0.8699135780334473
init-init,proj-wikitext2-r30-s0,proj-selfgen-r30-s0,L10.gateup,10,gateup,2048,848,0.4140625,0.6847377419471741
final-final,proj-wikitext2-r30-s0,proj-selfgen-r30-s0,L10.gateup,10,gateup,2048,848,0.4140625,0.6807616949081421
init-init,proj-wikitext2-r30-s0,proj-selfgen-r30-s0,L10.down,10,down,2048,848,0.4140625,0.7911351323127747
final-final,proj-wikitext2-r30-s0,proj-selfgen-r30-s0,L10.down,10,down,2048,848,0.4140625,0.7858420610427856
init-init,proj-wikitext2-r30-s0,proj-selfgen-r30-s0,L11.qkv,11,qkv,2048,1248,0.609375,0.8531818985939026
final-final,proj-wikitext2-r30-s0,proj-selfgen-r30-s0,L11.qkv,11,qkv,2048,1248,0.609375,0.8496371507644653
init-init,proj-wikitext2-r30-s0,proj-selfgen-r30-s0,L11.o,11,o,2048,1248,0.609375,0.9001311659812927
final-final,proj-wikitext2-r30-s0,proj-selfgen-r30-s0,L11.o,11,o,2048,1248,0.609375,0.8954037427902222
init-init,proj-wikitext2-r30-s0,proj-selfgen-r30-s0,L11.gateup,11,gateup,2048,848,0.4140625,0.6900925040245056
final-final,proj-wikitext2-r30-s0,proj-selfgen-r30-s0,L11.gateup,11,gateup,2048,848,0.4140625,0.685533344745636
init-init,proj-wikitext2-r30-s0,proj-selfgen-r30-s0,L11.down,11,down,2048,848,0.4140625,0.8112931847572327
final-final,proj-wikitext2-r30-s0,proj-selfgen-r30-s0,L11.down,11,down,2048,848,0.4140625,0.805375874042511
init-init,proj-wikitext2-r30-s0,proj-selfgen-r30-s0,L12.qkv,12,qkv,2048,1248,0.609375,0.8448871970176697
final-final,proj-wikitext2-r30-s0,proj-selfgen-r30-s0,L12.qkv,12,qkv,2048,1248,0.609375,0.8415443301200867
init-init,proj-wikitext2-r30-s0,proj-selfgen-r30-s0,L12.o,12,o,2048,1248,0.609375,0.8776612877845764
final-final,proj-wikitext2-r30-s0,proj-selfgen-r30-s0,L12.o,12,o,2048,1248,0.609375,0.8728172183036804
init-init,proj-wikitext2-r30-s0,proj-selfgen-r30-s0,L12.gateup,12,gateup,2048,848,0.4140625,0.688984215259552
final-final,proj-wikitext2-r30-s0,proj-selfgen-r30-s0,L12.gateup,12,gateup,2048,848,0.4140625,0.6844332814216614
init-init,proj-wikitext2-r30-s0,proj-selfgen-r30-s0,L12.down,12,down,2048,848,0.4140625,0.8225970268249512
final-final,proj-wikitext2-r30-s0,proj-selfgen-r30-s0,L12.down,12,down,2048,848,0.4140625,0.816747784614563
init-init,proj-wikitext2-r30-s0,proj-selfgen-r30-s0,L13.qkv,13,qkv,2048,1248,0.609375,0.8512718081474304
final-final,proj-wikitext2-r30-s0,proj-selfgen-r30-s0,L13.qkv,13,qkv,2048,1248,0.609375,0.8475240468978882
init-init,proj-wikitext2-r30-s0,proj-selfgen-r30-s0,L13.o,13,o,2048,1248,0.609375,0.8886396288871765
final-final,proj-wikitext2-r30-s0,proj-selfgen-r30-s0,L13.o,13,o,2048,1248,0.609375,0.8840086460113525
init-init,proj-wikitext2-r30-s0,proj-selfgen-r30-s0,L13.gateup,13,gateup,2048,848,0.4140625,0.6912038922309875
final-final,proj-wikitext2-r30-s0,proj-selfgen-r30-s0,L13.gateup,13,gateup,2048,848,0.4140625,0.686492383480072
init-init,proj-wikitext2-r30-s0,proj-selfgen-r30-s0,L13.down,13,down,2048,848,0.4140625,0.8257455229759216
final-final,proj-wikitext2-r30-s0,proj-selfgen-r30-s0,L13.down,13,down,2048,848,0.4140625,0.8198049664497375
init-init,proj-wikitext2-r30-s0,proj-selfgen-r30-s0,L14.qkv,14,qkv,2048,1248,0.609375,0.8521317839622498
final-final,proj-wikitext2-r30-s0,proj-selfgen-r30-s0,L14.qkv,14,qkv,2048,1248,0.609375,0.8489861488342285
init-init,proj-wikitext2-r30-s0,proj-selfgen-r30-s0,L14.o,14,o,2048,1248,0.609375,0.8864758014678955
final-final,proj-wikitext2-r30-s0,proj-selfgen-r30-s0,L14.o,14,o,2048,1248,0.609375,0.8818995356559753
init-init,proj-wikitext2-r30-s0,proj-selfgen-r30-s0,L14.gateup,14,gateup,2048,848,0.4140625,0.6904165148735046
final-final,proj-wikitext2-r30-s0,proj-selfgen-r30-s0,L14.gateup,14,gateup,2048,848,0.4140625,0.6862083673477173
init-init,proj-wikitext2-r30-s0,proj-selfgen-r30-s0,L14.down,14,down,2048,848,0.4140625,0.832838237285614
final-final,proj-wikitext2-r30-s0,proj-selfgen-r30-s0,L14.down,14,down,2048,848,0.4140625,0.8270780444145203
init-init,proj-wikitext2-r30-s0,proj-selfgen-r30-s0,L15.qkv,15,qkv,2048,1248,0.609375,0.8515408039093018
final-final,proj-wikitext2-r30-s0,proj-selfgen-r30-s0,L15.qkv,15,qkv,2048,1248,0.609375,0.848676860332489
init-init,proj-wikitext2-r30-s0,proj-selfgen-r30-s0,L15.o,15,o,2048,1248,0.609375,0.8788589239120483
final-final,proj-wikitext2-r30-s0,proj-selfgen-r30-s0,L15.o,15,o,2048,1248,0.609375,0.8741747736930847
init-init,proj-wikitext2-r30-s0,proj-selfgen-r30-s0,L15.gateup,15,gateup,2048,848,0.4140625,0.6965088844299316
final-final,proj-wikitext2-r30-s0,proj-selfgen-r30-s0,L15.gateup,15,gateup,2048,848,0.4140625,0.6921834349632263
init-init,proj-wikitext2-r30-s0,proj-selfgen-r30-s0,L15.down,15,down,2048,848,0.4140625,0.8193251490592957
final-final,proj-wikitext2-r30-s0,proj-selfgen-r30-s0,L15.down,15,down,2048,848,0.4140625,0.813834011554718
init-init,proj-wikitext2-r30-s0,proj-selfgen-r30-s0,L16.qkv,16,qkv,2048,1248,0.609375,0.8540334701538086
final-final,proj-wikitext2-r30-s0,proj-selfgen-r30-s0,L16.qkv,16,qkv,2048,1248,0.609375,0.8511847853660583
init-init,proj-wikitext2-r30-s0,proj-selfgen-r30-s0,L16.o,16,o,2048,1248,0.609375,0.8892675638198853
final-final,proj-wikitext2-r30-s0,proj-selfgen-r30-s0,L16.o,16,o,2048,1248,0.609375,0.8843322992324829
init-init,proj-wikitext2-r30-s0,proj-selfgen-r30-s0,L16.gateup,16,gateup,2048,848,0.4140625,0.7019656896591187
final-final,proj-wikitext2-r30-s0,proj-selfgen-r30-s0,L16.gateup,16,gateup,2048,848,0.4140625,0.6981924176216125
init-init,proj-wikitext2-r30-s0,proj-selfgen-r30-s0,L16.down,16,down,2048,848,0.4140625,0.8061369061470032
final-final,proj-wikitext2-r30-s0,proj-selfgen-r30-s0,L16.down,16,down,2048,848,0.4140625,0.8009396195411682
init-init,proj-wikitext2-r30-s0,proj-selfgen-r30-s0,L17.qkv,17,qkv,2048,1248,0.609375,0.8353553414344788
final-final,proj-wikitext2-r30-s0,proj-selfgen-r30-s0,L17.qkv,17,qkv,2048,1248,0.609375,0.8327453136444092
init-init,proj-wikitext2-r30-s0,proj-selfgen-r30-s0,L17.o,17,o,2048,1248,0.609375,0.8872578144073486
final-final,proj-wikitext2-r30-s0,proj-selfgen-r30-s0,L17.o,17,o,2048,1248,0.609375,0.8824204802513123
init-init,proj-wikitext2-r30-s0,proj-selfgen-r30-s0,L17.gateup,17,gateup,2048,848,0.4140625,0.7029240727424622
final-final,proj-wikitext2-r30-s0,proj-selfgen-r30-s0,L17.gateup,17,gateup,2048,848,0.4140625,0.698602020740509
init-init,proj-wikitext2-r30-s0,proj-selfgen-r30-s0,L17.down,17,down,2048,848,0.4140625,0.7818242311477661
final-final,proj-wikitext2-r30-s0,proj-selfgen-r30-s0,L17.down,17,down,2048,848,0.4140625,0.7770417332649231
init-init,proj-wikitext2-r30-s0,proj-selfgen-r30-s0,L18.qkv,18,qkv,2048,1248,0.609375,0.8366216421127319
final-final,proj-wikitext2-r30-s0,proj-selfgen-r30-s0,L18.qkv,18,qkv,2048,1248,0.609375,0.8340579271316528
init-init,proj-wikitext2-r30-s0,proj-selfgen-r30-s0,L18.o,18,o,2048,1248,0.609375,0.8527857661247253
final-final,proj-wikitext2-r30-s0,proj-selfgen-r30-s0,L18.o,18,o,2048,1248,0.609375,0.848552405834198
init-init,proj-wikitext2-r30-s0,proj-selfgen-r30-s0,L18.gateup,18,gateup,2048,848,0.4140625,0.6765233278274536
final-final,proj-wikitext2-r30-s0,proj-selfgen-r30-s0,L18.gateup,18,gateup,2048,848,0.4140625,0.6725982427597046
init-init,proj-wikitext2-r30-s0,proj-selfgen-r30-s0,L18.down,18,down,2048,848,0.4140625,0.7684717774391174
final-final,proj-wikitext2-r30-s0,proj-selfgen-r30-s0,L18.down,18,down,2048,848,0.4140625,0.7637676000595093
init-init,proj-wikitext2-r30-s0,proj-selfgen-r30-s0,L19.qkv,19,qkv,2048,1248,0.609375,0.8331649303436279
final-final,proj-wikitext2-r30-s0,proj-selfgen-r30-s0,L19.qkv,19,qkv,2048,1248,0.609375,0.8307152986526489
init-init,proj-wikitext2-r30-s0,proj-selfgen-r30-s0,L19.o,19,o,2048,1248,0.609375,0.8733580112457275
final-final,proj-wikitext2-r30-s0,proj-selfgen-r30-s0,L19.o,19,o,2048,1248,0.609375,0.8690939545631409
init-init,proj-wikitext2-r30-s0,proj-selfgen-r30-s0,L19.gateup,19,gateup,2048,848,0.4140625,0.6745685935020447
final-final,proj-wikitext2-r30-s0,proj-selfgen-r30-s0,L19.gateup,19,gateup,2048,848,0.4140625,0.6709314584732056
init-init,proj-wikitext2-r30-s0,proj-selfgen-r30-s0,L19.down,19,down,2048,848,0.4140625,0.778642475605011
final-final,proj-wikitext2-r30-s0,proj-selfgen-r30-s0,L19.down,19,down,2048,848,0.4140625,0.773627519607544
init-init,proj-wikitext2-r30-s0,proj-selfgen-r30-s0,L20.qkv,20,qkv,2048,1248,0.609375,0.8388679027557373
final-final,proj-wikitext2-r30-s0,proj-selfgen-r30-s0,L20.qkv,20,qkv,2048,1248,0.609375,0.8366938829421997
init-init,proj-wikitext2-r30-s0,proj-selfgen-r30-s0,L20.o,20,o,2048,1248,0.609375,0.8510499596595764
final-final,proj-wikitext2-r30-s0,proj-selfgen-r30-s0,L20.o,20,o,2048,1248,0.609375,0.8466540575027466
init-init,proj-wikitext2-r30-s0,proj-selfgen-r30-s0,L20.gateup,20,gateup,2048,848,0.4140625,0.6758123636245728
final-final,proj-wikitext2-r30-s0,proj-selfgen-r30-s0,L20.gateup,20,gateup,2048,848,0.4140625,0.6721846461296082
init-init,proj-wikitext2-r30-s0,proj-selfgen-r30-s0,L20.down,20,down,2048,848,0.4140625,0.7734028100967407
final-final,proj-wikitext2-r30-s0,proj-selfgen-r30-s0,L20.down,20,down,2048,848,0.4140625,0.7682466506958008
init-init,proj-wikitext2-r30-s0,proj-selfgen-r30-s0,L21.qkv,21,qkv,2048,1248,0.609375,0.8306942582130432
final-final,proj-wikitext2-r30-s0,proj-selfgen-r30-s0,L21.qkv,21,qkv,2048,1248,0.609375,0.828521728515625
init-init,proj-wikitext2-r30-s0,proj-selfgen-r30-s0,L21.o,21,o,2048,1248,0.609375,0.8615650534629822
final-final,proj-wikitext2-r30-s0,proj-selfgen-r30-s0,L21.o,21,o,2048,1248,0.609375,0.8566926121711731
init-init,proj-wikitext2-r30-s0,proj-selfgen-r30-s0,L21.gateup,21,gateup,2048,848,0.4140625,0.66807621717453
final-final,proj-wikitext2-r30-s0,proj-selfgen-r30-s0,L21.gateup,21,gateup,2048,848,0.4140625,0.6642134189605713
init-init,proj-wikitext2-r30-s0,proj-selfgen-r30-s0,L21.down,21,down,2048,848,0.4140625,0.7575958371162415
final-final,proj-wikitext2-r30-s0,proj-selfgen-r30-s0,L21.down,21,down,2048,848,0.4140625,0.7523385882377625
init-init,proj-wikitext2-r30-s0,proj-selfgen-r30-s0,L22.qkv,22,qkv,2048,1248,0.609375,0.8295156955718994
final-final,proj-wikitext2-r30-s0,proj-selfgen-r30-s0,L22.qkv,22,qkv,2048,1248,0.609375,0.8274469971656799
init-init,proj-wikitext2-r30-s0,proj-selfgen-r30-s0,L22.o,22,o,2048,1248,0.609375,0.8425083756446838
final-final,proj-wikitext2-r30-s0,proj-selfgen-r30-s0,L22.o,22,o,2048,1248,0.609375,0.8383409380912781
init-init,proj-wikitext2-r30-s0,proj-selfgen-r30-s0,L22.gateup,22,gateup,2048,848,0.4140625,0.6662552952766418
final-final,proj-wikitext2-r30-s0,proj-selfgen-r30-s0,L22.gateup,22,gateup,2048,848,0.4140625,0.6621869802474976
init-init,proj-wikitext2-r30-s0,proj-selfgen-r30-s0,L22.down,22,down,2048,848,0.4140625,0.7522725462913513
final-final,proj-wikitext2-r30-s0,proj-selfgen-r30-s0,L22.down,22,down,2048,848,0.4140625,0.7471647262573242
init-init,proj-wikitext2-r30-s0,proj-selfgen-r30-s0,L23.qkv,23,qkv,2048,1248,0.609375,0.8246009349822998
final-final,proj-wikitext2-r30-s0,proj-selfgen-r30-s0,L23.qkv,23,qkv,2048,1248,0.609375,0.8226860165596008
init-init,proj-wikitext2-r30-s0,proj-selfgen-r30-s0,L23.o,23,o,2048,1248,0.609375,0.8319690227508545
final-final,proj-wikitext2-r30-s0,proj-selfgen-r30-s0,L23.o,23,o,2048,1248,0.609375,0.8276635408401489
init-init,proj-wikitext2-r30-s0,proj-selfgen-r30-s0,L23.gateup,23,gateup,2048,848,0.4140625,0.6529001593589783
final-final,proj-wikitext2-r30-s0,proj-selfgen-r30-s0,L23.gateup,23,gateup,2048,848,0.4140625,0.6488171219825745
init-init,proj-wikitext2-r30-s0,proj-selfgen-r30-s0,L23.down,23,down,2048,848,0.4140625,0.764122724533081
final-final,proj-wikitext2-r30-s0,proj-selfgen-r30-s0,L23.down,23,down,2048,848,0.4140625,0.758937656879425
init-init,proj-wikitext2-r30-s0,proj-selfgen-r30-s0,L24.qkv,24,qkv,2048,1248,0.609375,0.82440185546875
final-final,proj-wikitext2-r30-s0,proj-selfgen-r30-s0,L24.qkv,24,qkv,2048,1248,0.609375,0.8222299218177795
init-init,proj-wikitext2-r30-s0,proj-selfgen-r30-s0,L24.o,24,o,2048,1248,0.609375,0.8139992952346802
final-final,proj-wikitext2-r30-s0,proj-selfgen-r30-s0,L24.o,24,o,2048,1248,0.609375,0.8102687001228333
init-init,proj-wikitext2-r30-s0,proj-selfgen-r30-s0,L24.gateup,24,gateup,2048,848,0.4140625,0.6461714506149292
final-final,proj-wikitext2-r30-s0,proj-selfgen-r30-s0,L24.gateup,24,gateup,2048,848,0.4140625,0.6424384117126465
init-init,proj-wikitext2-r30-s0,proj-selfgen-r30-s0,L24.down,24,down,2048,848,0.4140625,0.7665762305259705
final-final,proj-wikitext2-r30-s0,proj-selfgen-r30-s0,L24.down,24,down,2048,848,0.4140625,0.7617092728614807
init-init,proj-wikitext2-r30-s0,proj-selfgen-r30-s0,L25.qkv,25,qkv,2048,1248,0.609375,0.8264966011047363
final-final,proj-wikitext2-r30-s0,proj-selfgen-r30-s0,L25.qkv,25,qkv,2048,1248,0.609375,0.8242257833480835
init-init,proj-wikitext2-r30-s0,proj-selfgen-r30-s0,L25.o,25,o,2048,1248,0.609375,0.8217728734016418
final-final,proj-wikitext2-r30-s0,proj-selfgen-r30-s0,L25.o,25,o,2048,1248,0.609375,0.8175662159919739
init-init,proj-wikitext2-r30-s0,proj-selfgen-r30-s0,L25.gateup,25,gateup,2048,848,0.4140625,0.6441153287887573
final-final,proj-wikitext2-r30-s0,proj-selfgen-r30-s0,L25.gateup,25,gateup,2048,848,0.4140625,0.6404989361763
init-init,proj-wikitext2-r30-s0,proj-selfgen-r30-s0,L25.down,25,down,2048,848,0.4140625,0.7685872912406921
final-final,proj-wikitext2-r30-s0,proj-selfgen-r30-s0,L25.down,25,down,2048,848,0.4140625,0.763437032699585
init-init,proj-wikitext2-r30-s0,proj-selfgen-r30-s0,L26.qkv,26,qkv,2048,1248,0.609375,0.8296411037445068
final-final,proj-wikitext2-r30-s0,proj-selfgen-r30-s0,L26.qkv,26,qkv,2048,1248,0.609375,0.8278253078460693
init-init,proj-wikitext2-r30-s0,proj-selfgen-r30-s0,L26.o,26,o,2048,1248,0.609375,0.8163827657699585
final-final,proj-wikitext2-r30-s0,proj-selfgen-r30-s0,L26.o,26,o,2048,1248,0.609375,0.813051700592041
init-init,proj-wikitext2-r30-s0,proj-selfgen-r30-s0,L26.gateup,26,gateup,2048,848,0.4140625,0.6460675001144409
final-final,proj-wikitext2-r30-s0,proj-selfgen-r30-s0,L26.gateup,26,gateup,2048,848,0.4140625,0.6434592604637146
init-init,proj-wikitext2-r30-s0,proj-selfgen-r30-s0,L26.down,26,down,2048,848,0.4140625,0.763383150100708
final-final,proj-wikitext2-r30-s0,proj-selfgen-r30-s0,L26.down,26,down,2048,848,0.4140625,0.759619951248169
init-init,proj-wikitext2-r30-s0,proj-selfgen-r30-s0,L27.qkv,27,qkv,2048,1248,0.609375,0.7867836952209473
final-final,proj-wikitext2-r30-s0,proj-selfgen-r30-s0,L27.qkv,27,qkv,2048,1248,0.609375,0.7848559021949768
init-init,proj-wikitext2-r30-s0,proj-selfgen-r30-s0,L27.o,27,o,2048,1248,0.609375,0.8422552347183228
final-final,proj-wikitext2-r30-s0,proj-selfgen-r30-s0,L27.o,27,o,2048,1248,0.609375,0.8393318057060242
init-init,proj-wikitext2-r30-s0,proj-selfgen-r30-s0,L27.gateup,27,gateup,2048,848,0.4140625,0.6334956884384155
final-final,proj-wikitext2-r30-s0,proj-selfgen-r30-s0,L27.gateup,27,gateup,2048,848,0.4140625,0.6316993832588196
init-init,proj-wikitext2-r30-s0,proj-selfgen-r30-s0,L27.down,27,down,2048,848,0.4140625,0.7671348452568054
final-final,proj-wikitext2-r30-s0,proj-selfgen-r30-s0,L27.down,27,down,2048,848,0.4140625,0.7659399509429932
init-init,proj-wikitext2-r30-s0,proj-selfdoc-r30-s0,L0.qkv,0,qkv,2048,1248,0.609375,0.8198186755180359
final-final,proj-wikitext2-r30-s0,proj-selfdoc-r30-s0,L0.qkv,0,qkv,2048,1248,0.609375,0.8173147439956665
init-init,proj-wikitext2-r30-s0,proj-selfdoc-r30-s0,L0.o,0,o,2048,1248,0.609375,0.9160829186439514
final-final,proj-wikitext2-r30-s0,proj-selfdoc-r30-s0,L0.o,0,o,2048,1248,0.609375,0.9110297560691833
init-init,proj-wikitext2-r30-s0,proj-selfdoc-r30-s0,L0.gateup,0,gateup,2048,848,0.4140625,0.9296883940696716
final-final,proj-wikitext2-r30-s0,proj-selfdoc-r30-s0,L0.gateup,0,gateup,2048,848,0.4140625,0.921135663986206
init-init,proj-wikitext2-r30-s0,proj-selfdoc-r30-s0,L0.down,0,down,2048,848,0.4140625,0.7733688354492188
final-final,proj-wikitext2-r30-s0,proj-selfdoc-r30-s0,L0.down,0,down,2048,848,0.4140625,0.7680631875991821
init-init,proj-wikitext2-r30-s0,proj-selfdoc-r30-s0,L1.qkv,1,qkv,2048,1248,0.609375,0.8434816002845764
final-final,proj-wikitext2-r30-s0,proj-selfdoc-r30-s0,L1.qkv,1,qkv,2048,1248,0.609375,0.8394147753715515
init-init,proj-wikitext2-r30-s0,proj-selfdoc-r30-s0,L1.o,1,o,2048,1248,0.609375,0.8706468343734741
final-final,proj-wikitext2-r30-s0,proj-selfdoc-r30-s0,L1.o,1,o,2048,1248,0.609375,0.8667225241661072
init-init,proj-wikitext2-r30-s0,proj-selfdoc-r30-s0,L1.gateup,1,gateup,2048,848,0.4140625,0.7570827007293701
final-final,proj-wikitext2-r30-s0,proj-selfdoc-r30-s0,L1.gateup,1,gateup,2048,848,0.4140625,0.7517166137695312
init-init,proj-wikitext2-r30-s0,proj-selfdoc-r30-s0,L1.down,1,down,2048,848,0.4140625,0.7519318461418152
final-final,proj-wikitext2-r30-s0,proj-selfdoc-r30-s0,L1.down,1,down,2048,848,0.4140625,0.7468135952949524
init-init,proj-wikitext2-r30-s0,proj-selfdoc-r30-s0,L2.qkv,2,qkv,2048,1248,0.609375,0.8410983085632324
final-final,proj-wikitext2-r30-s0,proj-selfdoc-r30-s0,L2.qkv,2,qkv,2048,1248,0.609375,0.8375567197799683
init-init,proj-wikitext2-r30-s0,proj-selfdoc-r30-s0,L2.o,2,o,2048,1248,0.609375,0.8913505673408508
final-final,proj-wikitext2-r30-s0,proj-selfdoc-r30-s0,L2.o,2,o,2048,1248,0.609375,0.8870548605918884
init-init,proj-wikitext2-r30-s0,proj-selfdoc-r30-s0,L2.gateup,2,gateup,2048,848,0.4140625,0.7247609496116638
final-final,proj-wikitext2-r30-s0,proj-selfdoc-r30-s0,L2.gateup,2,gateup,2048,848,0.4140625,0.7200218439102173
init-init,proj-wikitext2-r30-s0,proj-selfdoc-r30-s0,L2.down,2,down,2048,848,0.4140625,0.8179886937141418
final-final,proj-wikitext2-r30-s0,proj-selfdoc-r30-s0,L2.down,2,down,2048,848,0.4140625,0.8123850226402283
init-init,proj-wikitext2-r30-s0,proj-selfdoc-r30-s0,L3.qkv,3,qkv,2048,1248,0.609375,0.8468123078346252
final-final,proj-wikitext2-r30-s0,proj-selfdoc-r30-s0,L3.qkv,3,qkv,2048,1248,0.609375,0.8439149260520935
init-init,proj-wikitext2-r30-s0,proj-selfdoc-r30-s0,L3.o,3,o,2048,1248,0.609375,0.8496454954147339
final-final,proj-wikitext2-r30-s0,proj-selfdoc-r30-s0,L3.o,3,o,2048,1248,0.609375,0.8451316952705383
init-init,proj-wikitext2-r30-s0,proj-selfdoc-r30-s0,L3.gateup,3,gateup,2048,848,0.4140625,0.7356455326080322
final-final,proj-wikitext2-r30-s0,proj-selfdoc-r30-s0,L3.gateup,3,gateup,2048,848,0.4140625,0.7312828302383423
init-init,proj-wikitext2-r30-s0,proj-selfdoc-r30-s0,L3.down,3,down,2048,848,0.4140625,0.8106124997138977
final-final,proj-wikitext2-r30-s0,proj-selfdoc-r30-s0,L3.down,3,down,2048,848,0.4140625,0.8052898049354553
init-init,proj-wikitext2-r30-s0,proj-selfdoc-r30-s0,L4.qkv,4,qkv,2048,1248,0.609375,0.8485095500946045
final-final,proj-wikitext2-r30-s0,proj-selfdoc-r30-s0,L4.qkv,4,qkv,2048,1248,0.609375,0.845645546913147
init-init,proj-wikitext2-r30-s0,proj-selfdoc-r30-s0,L4.o,4,o,2048,1248,0.609375,0.8618768453598022
final-final,proj-wikitext2-r30-s0,proj-selfdoc-r30-s0,L4.o,4,o,2048,1248,0.609375,0.8582168817520142
init-init,proj-wikitext2-r30-s0,proj-selfdoc-r30-s0,L4.gateup,4,gateup,2048,848,0.4140625,0.7353305816650391
final-final,proj-wikitext2-r30-s0,proj-selfdoc-r30-s0,L4.gateup,4,gateup,2048,848,0.4140625,0.7308893799781799
init-init,proj-wikitext2-r30-s0,proj-selfdoc-r30-s0,L4.down,4,down,2048,848,0.4140625,0.7922019958496094
final-final,proj-wikitext2-r30-s0,proj-selfdoc-r30-s0,L4.down,4,down,2048,848,0.4140625,0.7864289879798889
init-init,proj-wikitext2-r30-s0,proj-selfdoc-r30-s0,L5.qkv,5,qkv,2048,1248,0.609375,0.8454081416130066
final-final,proj-wikitext2-r30-s0,proj-selfdoc-r30-s0,L5.qkv,5,qkv,2048,1248,0.609375,0.8426367044448853
init-init,proj-wikitext2-r30-s0,proj-selfdoc-r30-s0,L5.o,5,o,2048,1248,0.609375,0.8890913128852844
final-final,proj-wikitext2-r30-s0,proj-selfdoc-r30-s0,L5.o,5,o,2048,1248,0.609375,0.8848282098770142
init-init,proj-wikitext2-r30-s0,proj-selfdoc-r30-s0,L5.gateup,5,gateup,2048,848,0.4140625,0.7161827683448792
final-final,proj-wikitext2-r30-s0,proj-selfdoc-r30-s0,L5.gateup,5,gateup,2048,848,0.4140625,0.7118862867355347
init-init,proj-wikitext2-r30-s0,proj-selfdoc-r30-s0,L5.down,5,down,2048,848,0.4140625,0.8242762088775635
final-final,proj-wikitext2-r30-s0,proj-selfdoc-r30-s0,L5.down,5,down,2048,848,0.4140625,0.8180578947067261
init-init,proj-wikitext2-r30-s0,proj-selfdoc-r30-s0,L6.qkv,6,qkv,2048,1248,0.609375,0.8553626537322998
final-final,proj-wikitext2-r30-s0,proj-selfdoc-r30-s0,L6.qkv,6,qkv,2048,1248,0.609375,0.8523963689804077
init-init,proj-wikitext2-r30-s0,proj-selfdoc-r30-s0,L6.o,6,o,2048,1248,0.609375,0.8897422552108765
final-final,proj-wikitext2-r30-s0,proj-selfdoc-r30-s0,L6.o,6,o,2048,1248,0.609375,0.8854153156280518
init-init,proj-wikitext2-r30-s0,proj-selfdoc-r30-s0,L6.gateup,6,gateup,2048,848,0.4140625,0.7205764651298523
final-final,proj-wikitext2-r30-s0,proj-selfdoc-r30-s0,L6.gateup,6,gateup,2048,848,0.4140625,0.7161101698875427
init-init,proj-wikitext2-r30-s0,proj-selfdoc-r30-s0,L6.down,6,down,2048,848,0.4140625,0.8111780881881714
final-final,proj-wikitext2-r30-s0,proj-selfdoc-r30-s0,L6.down,6,down,2048,848,0.4140625,0.8052912950515747
init-init,proj-wikitext2-r30-s0,proj-selfdoc-r30-s0,L7.qkv,7,qkv,2048,1248,0.609375,0.8392057418823242
final-final,proj-wikitext2-r30-s0,proj-selfdoc-r30-s0,L7.qkv,7,qkv,2048,1248,0.609375,0.8363563418388367
init-init,proj-wikitext2-r30-s0,proj-selfdoc-r30-s0,L7.o,7,o,2048,1248,0.609375,0.8794624209403992
final-final,proj-wikitext2-r30-s0,proj-selfdoc-r30-s0,L7.o,7,o,2048,1248,0.609375,0.8754571676254272
init-init,proj-wikitext2-r30-s0,proj-selfdoc-r30-s0,L7.gateup,7,gateup,2048,848,0.4140625,0.7088620066642761
final-final,proj-wikitext2-r30-s0,proj-selfdoc-r30-s0,L7.gateup,7,gateup,2048,848,0.4140625,0.7048110365867615
init-init,proj-wikitext2-r30-s0,proj-selfdoc-r30-s0,L7.down,7,down,2048,848,0.4140625,0.8207780718803406
final-final,proj-wikitext2-r30-s0,proj-selfdoc-r30-s0,L7.down,7,down,2048,848,0.4140625,0.8149778842926025
init-init,proj-wikitext2-r30-s0,proj-selfdoc-r30-s0,L8.qkv,8,qkv,2048,1248,0.609375,0.8500795960426331
final-final,proj-wikitext2-r30-s0,proj-selfdoc-r30-s0,L8.qkv,8,qkv,2048,1248,0.609375,0.8473100066184998
init-init,proj-wikitext2-r30-s0,proj-selfdoc-r30-s0,L8.o,8,o,2048,1248,0.609375,0.8579584956169128
final-final,proj-wikitext2-r30-s0,proj-selfdoc-r30-s0,L8.o,8,o,2048,1248,0.609375,0.8540223240852356
init-init,proj-wikitext2-r30-s0,proj-selfdoc-r30-s0,L8.gateup,8,gateup,2048,848,0.4140625,0.7012304067611694
final-final,proj-wikitext2-r30-s0,proj-selfdoc-r30-s0,L8.gateup,8,gateup,2048,848,0.4140625,0.6973297595977783
init-init,proj-wikitext2-r30-s0,proj-selfdoc-r30-s0,L8.down,8,down,2048,848,0.4140625,0.8185636401176453
final-final,proj-wikitext2-r30-s0,proj-selfdoc-r30-s0,L8.down,8,down,2048,848,0.4140625,0.812662661075592
init-init,proj-wikitext2-r30-s0,proj-selfdoc-r30-s0,L9.qkv,9,qkv,2048,1248,0.609375,0.8517640233039856
final-final,proj-wikitext2-r30-s0,proj-selfdoc-r30-s0,L9.qkv,9,qkv,2048,1248,0.609375,0.8488993644714355
init-init,proj-wikitext2-r30-s0,proj-selfdoc-r30-s0,L9.o,9,o,2048,1248,0.609375,0.8751987814903259
final-final,proj-wikitext2-r30-s0,proj-selfdoc-r30-s0,L9.o,9,o,2048,1248,0.609375,0.8713701963424683
init-init,proj-wikitext2-r30-s0,proj-selfdoc-r30-s0,L9.gateup,9,gateup,2048,848,0.4140625,0.7073945999145508
final-final,proj-wikitext2-r30-s0,proj-selfdoc-r30-s0,L9.gateup,9,gateup,2048,848,0.4140625,0.7033022046089172
init-init,proj-wikitext2-r30-s0,proj-selfdoc-r30-s0,L9.down,9,down,2048,848,0.4140625,0.8048937916755676
final-final,proj-wikitext2-r30-s0,proj-selfdoc-r30-s0,L9.down,9,down,2048,848,0.4140625,0.7995556592941284
init-init,proj-wikitext2-r30-s0,proj-selfdoc-r30-s0,L10.qkv,10,qkv,2048,1248,0.609375,0.8429832458496094
final-final,proj-wikitext2-r30-s0,proj-selfdoc-r30-s0,L10.qkv,10,qkv,2048,1248,0.609375,0.8400126099586487
init-init,proj-wikitext2-r30-s0,proj-selfdoc-r30-s0,L10.o,10,o,2048,1248,0.609375,0.8818374872207642
final-final,proj-wikitext2-r30-s0,proj-selfdoc-r30-s0,L10.o,10,o,2048,1248,0.609375,0.8777313232421875
init-init,proj-wikitext2-r30-s0,proj-selfdoc-r30-s0,L10.gateup,10,gateup,2048,848,0.4140625,0.6973027586936951
final-final,proj-wikitext2-r30-s0,proj-selfdoc-r30-s0,L10.gateup,10,gateup,2048,848,0.4140625,0.6934489011764526
init-init,proj-wikitext2-r30-s0,proj-selfdoc-r30-s0,L10.down,10,down,2048,848,0.4140625,0.8005735278129578
final-final,proj-wikitext2-r30-s0,proj-selfdoc-r30-s0,L10.down,10,down,2048,848,0.4140625,0.7955033183097839
init-init,proj-wikitext2-r30-s0,proj-selfdoc-r30-s0,L11.qkv,11,qkv,2048,1248,0.609375,0.8594152331352234
final-final,proj-wikitext2-r30-s0,proj-selfdoc-r30-s0,L11.qkv,11,qkv,2048,1248,0.609375,0.8561945557594299
init-init,proj-wikitext2-r30-s0,proj-selfdoc-r30-s0,L11.o,11,o,2048,1248,0.609375,0.9072178602218628
final-final,proj-wikitext2-r30-s0,proj-selfdoc-r30-s0,L11.o,11,o,2048,1248,0.609375,0.903386652469635
init-init,proj-wikitext2-r30-s0,proj-selfdoc-r30-s0,L11.gateup,11,gateup,2048,848,0.4140625,0.7036594748497009
final-final,proj-wikitext2-r30-s0,proj-selfdoc-r30-s0,L11.gateup,11,gateup,2048,848,0.4140625,0.6996046304702759
init-init,proj-wikitext2-r30-s0,proj-selfdoc-r30-s0,L11.down,11,down,2048,848,0.4140625,0.8199841380119324
final-final,proj-wikitext2-r30-s0,proj-selfdoc-r30-s0,L11.down,11,down,2048,848,0.4140625,0.8143799304962158
init-init,proj-wikitext2-r30-s0,proj-selfdoc-r30-s0,L12.qkv,12,qkv,2048,1248,0.609375,0.8518278002738953
final-final,proj-wikitext2-r30-s0,proj-selfdoc-r30-s0,L12.qkv,12,qkv,2048,1248,0.609375,0.8488050699234009
init-init,proj-wikitext2-r30-s0,proj-selfdoc-r30-s0,L12.o,12,o,2048,1248,0.609375,0.8879903554916382
final-final,proj-wikitext2-r30-s0,proj-selfdoc-r30-s0,L12.o,12,o,2048,1248,0.609375,0.8838481307029724
init-init,proj-wikitext2-r30-s0,proj-selfdoc-r30-s0,L12.gateup,12,gateup,2048,848,0.4140625,0.7019136548042297
final-final,proj-wikitext2-r30-s0,proj-selfdoc-r30-s0,L12.gateup,12,gateup,2048,848,0.4140625,0.6978380084037781
init-init,proj-wikitext2-r30-s0,proj-selfdoc-r30-s0,L12.down,12,down,2048,848,0.4140625,0.8315723538398743
final-final,proj-wikitext2-r30-s0,proj-selfdoc-r30-s0,L12.down,12,down,2048,848,0.4140625,0.8258105516433716
init-init,proj-wikitext2-r30-s0,proj-selfdoc-r30-s0,L13.qkv,13,qkv,2048,1248,0.609375,0.857915461063385
final-final,proj-wikitext2-r30-s0,proj-selfdoc-r30-s0,L13.qkv,13,qkv,2048,1248,0.609375,0.8546162247657776
init-init,proj-wikitext2-r30-s0,proj-selfdoc-r30-s0,L13.o,13,o,2048,1248,0.609375,0.8998486399650574
final-final,proj-wikitext2-r30-s0,proj-selfdoc-r30-s0,L13.o,13,o,2048,1248,0.609375,0.8958626985549927
init-init,proj-wikitext2-r30-s0,proj-selfdoc-r30-s0,L13.gateup,13,gateup,2048,848,0.4140625,0.7043644785881042
final-final,proj-wikitext2-r30-s0,proj-selfdoc-r30-s0,L13.gateup,13,gateup,2048,848,0.4140625,0.7001930475234985
init-init,proj-wikitext2-r30-s0,proj-selfdoc-r30-s0,L13.down,13,down,2048,848,0.4140625,0.8348662257194519
final-final,proj-wikitext2-r30-s0,proj-selfdoc-r30-s0,L13.down,13,down,2048,848,0.4140625,0.8289948105812073
init-init,proj-wikitext2-r30-s0,proj-selfdoc-r30-s0,L14.qkv,14,qkv,2048,1248,0.609375,0.8596529960632324
final-final,proj-wikitext2-r30-s0,proj-selfdoc-r30-s0,L14.qkv,14,qkv,2048,1248,0.609375,0.856909453868866
init-init,proj-wikitext2-r30-s0,proj-selfdoc-r30-s0,L14.o,14,o,2048,1248,0.609375,0.8982365131378174
final-final,proj-wikitext2-r30-s0,proj-selfdoc-r30-s0,L14.o,14,o,2048,1248,0.609375,0.8943765163421631
init-init,proj-wikitext2-r30-s0,proj-selfdoc-r30-s0,L14.gateup,14,gateup,2048,848,0.4140625,0.7042011022567749
final-final,proj-wikitext2-r30-s0,proj-selfdoc-r30-s0,L14.gateup,14,gateup,2048,848,0.4140625,0.7005764842033386
init-init,proj-wikitext2-r30-s0,proj-selfdoc-r30-s0,L14.down,14,down,2048,848,0.4140625,0.8424330353736877
final-final,proj-wikitext2-r30-s0,proj-selfdoc-r30-s0,L14.down,14,down,2048,848,0.4140625,0.8365633487701416
init-init,proj-wikitext2-r30-s0,proj-selfdoc-r30-s0,L15.qkv,15,qkv,2048,1248,0.609375,0.8587080240249634
final-final,proj-wikitext2-r30-s0,proj-selfdoc-r30-s0,L15.qkv,15,qkv,2048,1248,0.609375,0.8561599254608154
init-init,proj-wikitext2-r30-s0,proj-selfdoc-r30-s0,L15.o,15,o,2048,1248,0.609375,0.8934237360954285
final-final,proj-wikitext2-r30-s0,proj-selfdoc-r30-s0,L15.o,15,o,2048,1248,0.609375,0.8891666531562805
init-init,proj-wikitext2-r30-s0,proj-selfdoc-r30-s0,L15.gateup,15,gateup,2048,848,0.4140625,0.7110545635223389
final-final,proj-wikitext2-r30-s0,proj-selfdoc-r30-s0,L15.gateup,15,gateup,2048,848,0.4140625,0.7071511745452881
init-init,proj-wikitext2-r30-s0,proj-selfdoc-r30-s0,L15.down,15,down,2048,848,0.4140625,0.8269630670547485
final-final,proj-wikitext2-r30-s0,proj-selfdoc-r30-s0,L15.down,15,down,2048,848,0.4140625,0.8212276697158813
init-init,proj-wikitext2-r30-s0,proj-selfdoc-r30-s0,L16.qkv,16,qkv,2048,1248,0.609375,0.8617469668388367
final-final,proj-wikitext2-r30-s0,proj-selfdoc-r30-s0,L16.qkv,16,qkv,2048,1248,0.609375,0.8589035272598267
init-init,proj-wikitext2-r30-s0,proj-selfdoc-r30-s0,L16.o,16,o,2048,1248,0.609375,0.9003317356109619
final-final,proj-wikitext2-r30-s0,proj-selfdoc-r30-s0,L16.o,16,o,2048,1248,0.609375,0.89566570520401
init-init,proj-wikitext2-r30-s0,proj-selfdoc-r30-s0,L16.gateup,16,gateup,2048,848,0.4140625,0.7156930565834045
final-final,proj-wikitext2-r30-s0,proj-selfdoc-r30-s0,L16.gateup,16,gateup,2048,848,0.4140625,0.7117788195610046
init-init,proj-wikitext2-r30-s0,proj-selfdoc-r30-s0,L16.down,16,down,2048,848,0.4140625,0.8150447607040405
final-final,proj-wikitext2-r30-s0,proj-selfdoc-r30-s0,L16.down,16,down,2048,848,0.4140625,0.8093612790107727
init-init,proj-wikitext2-r30-s0,proj-selfdoc-r30-s0,L17.qkv,17,qkv,2048,1248,0.609375,0.8440635800361633
final-final,proj-wikitext2-r30-s0,proj-selfdoc-r30-s0,L17.qkv,17,qkv,2048,1248,0.609375,0.8412718176841736
init-init,proj-wikitext2-r30-s0,proj-selfdoc-r30-s0,L17.o,17,o,2048,1248,0.609375,0.8953444957733154
final-final,proj-wikitext2-r30-s0,proj-selfdoc-r30-s0,L17.o,17,o,2048,1248,0.609375,0.8907120823860168
init-init,proj-wikitext2-r30-s0,proj-selfdoc-r30-s0,L17.gateup,17,gateup,2048,848,0.4140625,0.717907726764679
final-final,proj-wikitext2-r30-s0,proj-selfdoc-r30-s0,L17.gateup,17,gateup,2048,848,0.4140625,0.7136270999908447
init-init,proj-wikitext2-r30-s0,proj-selfdoc-r30-s0,L17.down,17,down,2048,848,0.4140625,0.7907238602638245
final-final,proj-wikitext2-r30-s0,proj-selfdoc-r30-s0,L17.down,17,down,2048,848,0.4140625,0.7854779958724976
init-init,proj-wikitext2-r30-s0,proj-selfdoc-r30-s0,L18.qkv,18,qkv,2048,1248,0.609375,0.8434675335884094
final-final,proj-wikitext2-r30-s0,proj-selfdoc-r30-s0,L18.qkv,18,qkv,2048,1248,0.609375,0.8407801985740662
init-init,proj-wikitext2-r30-s0,proj-selfdoc-r30-s0,L18.o,18,o,2048,1248,0.609375,0.8699656128883362
final-final,proj-wikitext2-r30-s0,proj-selfdoc-r30-s0,L18.o,18,o,2048,1248,0.609375,0.8657858371734619
init-init,proj-wikitext2-r30-s0,proj-selfdoc-r30-s0,L18.gateup,18,gateup,2048,848,0.4140625,0.691972553730011
final-final,proj-wikitext2-r30-s0,proj-selfdoc-r30-s0,L18.gateup,18,gateup,2048,848,0.4140625,0.6879242062568665
init-init,proj-wikitext2-r30-s0,proj-selfdoc-r30-s0,L18.down,18,down,2048,848,0.4140625,0.7771841287612915
final-final,proj-wikitext2-r30-s0,proj-selfdoc-r30-s0,L18.down,18,down,2048,848,0.4140625,0.7716944217681885
init-init,proj-wikitext2-r30-s0,proj-selfdoc-r30-s0,L19.qkv,19,qkv,2048,1248,0.609375,0.8404218554496765
final-final,proj-wikitext2-r30-s0,proj-selfdoc-r30-s0,L19.qkv,19,qkv,2048,1248,0.609375,0.8379205465316772
init-init,proj-wikitext2-r30-s0,proj-selfdoc-r30-s0,L19.o,19,o,2048,1248,0.609375,0.8850094079971313
final-final,proj-wikitext2-r30-s0,proj-selfdoc-r30-s0,L19.o,19,o,2048,1248,0.609375,0.8806483149528503
init-init,proj-wikitext2-r30-s0,proj-selfdoc-r30-s0,L19.gateup,19,gateup,2048,848,0.4140625,0.6877017021179199
final-final,proj-wikitext2-r30-s0,proj-selfdoc-r30-s0,L19.gateup,19,gateup,2048,848,0.4140625,0.683696985244751
init-init,proj-wikitext2-r30-s0,proj-selfdoc-r30-s0,L19.down,19,down,2048,848,0.4140625,0.7859357595443726
final-final,proj-wikitext2-r30-s0,proj-selfdoc-r30-s0,L19.down,19,down,2048,848,0.4140625,0.7803271412849426
init-init,proj-wikitext2-r30-s0,proj-selfdoc-r30-s0,L20.qkv,20,qkv,2048,1248,0.609375,0.8452726602554321
final-final,proj-wikitext2-r30-s0,proj-selfdoc-r30-s0,L20.qkv,20,qkv,2048,1248,0.609375,0.8431335091590881
init-init,proj-wikitext2-r30-s0,proj-selfdoc-r30-s0,L20.o,20,o,2048,1248,0.609375,0.8635574579238892
final-final,proj-wikitext2-r30-s0,proj-selfdoc-r30-s0,L20.o,20,o,2048,1248,0.609375,0.8590956330299377
init-init,proj-wikitext2-r30-s0,proj-selfdoc-r30-s0,L20.gateup,20,gateup,2048,848,0.4140625,0.6896324753761292
final-final,proj-wikitext2-r30-s0,proj-selfdoc-r30-s0,L20.gateup,20,gateup,2048,848,0.4140625,0.6856224536895752
init-init,proj-wikitext2-r30-s0,proj-selfdoc-r30-s0,L20.down,20,down,2048,848,0.4140625,0.7815624475479126
final-final,proj-wikitext2-r30-s0,proj-selfdoc-r30-s0,L20.down,20,down,2048,848,0.4140625,0.7754538059234619
init-init,proj-wikitext2-r30-s0,proj-selfdoc-r30-s0,L21.qkv,21,qkv,2048,1248,0.609375,0.8364948630332947
final-final,proj-wikitext2-r30-s0,proj-selfdoc-r30-s0,L21.qkv,21,qkv,2048,1248,0.609375,0.8342056274414062
init-init,proj-wikitext2-r30-s0,proj-selfdoc-r30-s0,L21.o,21,o,2048,1248,0.609375,0.8734536170959473
final-final,proj-wikitext2-r30-s0,proj-selfdoc-r30-s0,L21.o,21,o,2048,1248,0.609375,0.8686015009880066
init-init,proj-wikitext2-r30-s0,proj-selfdoc-r30-s0,L21.gateup,21,gateup,2048,848,0.4140625,0.6824657320976257
final-final,proj-wikitext2-r30-s0,proj-selfdoc-r30-s0,L21.gateup,21,gateup,2048,848,0.4140625,0.678129255771637
init-init,proj-wikitext2-r30-s0,proj-selfdoc-r30-s0,L21.down,21,down,2048,848,0.4140625,0.7631352543830872
final-final,proj-wikitext2-r30-s0,proj-selfdoc-r30-s0,L21.down,21,down,2048,848,0.4140625,0.7572209239006042
init-init,proj-wikitext2-r30-s0,proj-selfdoc-r30-s0,L22.qkv,22,qkv,2048,1248,0.609375,0.83524090051651
final-final,proj-wikitext2-r30-s0,proj-selfdoc-r30-s0,L22.qkv,22,qkv,2048,1248,0.609375,0.8332275152206421
init-init,proj-wikitext2-r30-s0,proj-selfdoc-r30-s0,L22.o,22,o,2048,1248,0.609375,0.8562419414520264
final-final,proj-wikitext2-r30-s0,proj-selfdoc-r30-s0,L22.o,22,o,2048,1248,0.609375,0.852084219455719
init-init,proj-wikitext2-r30-s0,proj-selfdoc-r30-s0,L22.gateup,22,gateup,2048,848,0.4140625,0.6788101196289062
final-final,proj-wikitext2-r30-s0,proj-selfdoc-r30-s0,L22.gateup,22,gateup,2048,848,0.4140625,0.6742886900901794
init-init,proj-wikitext2-r30-s0,proj-selfdoc-r30-s0,L22.down,22,down,2048,848,0.4140625,0.7589321732521057
final-final,proj-wikitext2-r30-s0,proj-selfdoc-r30-s0,L22.down,22,down,2048,848,0.4140625,0.7532335519790649
init-init,proj-wikitext2-r30-s0,proj-selfdoc-r30-s0,L23.qkv,23,qkv,2048,1248,0.609375,0.830202043056488
final-final,proj-wikitext2-r30-s0,proj-selfdoc-r30-s0,L23.qkv,23,qkv,2048,1248,0.609375,0.8282034397125244
init-init,proj-wikitext2-r30-s0,proj-selfdoc-r30-s0,L23.o,23,o,2048,1248,0.609375,0.8497000336647034
final-final,proj-wikitext2-r30-s0,proj-selfdoc-r30-s0,L23.o,23,o,2048,1248,0.609375,0.845393180847168
init-init,proj-wikitext2-r30-s0,proj-selfdoc-r30-s0,L23.gateup,23,gateup,2048,848,0.4140625,0.6663684844970703
final-final,proj-wikitext2-r30-s0,proj-selfdoc-r30-s0,L23.gateup,23,gateup,2048,848,0.4140625,0.6620747447013855
init-init,proj-wikitext2-r30-s0,proj-selfdoc-r30-s0,L23.down,23,down,2048,848,0.4140625,0.7731492519378662
final-final,proj-wikitext2-r30-s0,proj-selfdoc-r30-s0,L23.down,23,down,2048,848,0.4140625,0.767337441444397
init-init,proj-wikitext2-r30-s0,proj-selfdoc-r30-s0,L24.qkv,24,qkv,2048,1248,0.609375,0.8306406736373901
final-final,proj-wikitext2-r30-s0,proj-selfdoc-r30-s0,L24.qkv,24,qkv,2048,1248,0.609375,0.8283084034919739
init-init,proj-wikitext2-r30-s0,proj-selfdoc-r30-s0,L24.o,24,o,2048,1248,0.609375,0.8322590589523315
final-final,proj-wikitext2-r30-s0,proj-selfdoc-r30-s0,L24.o,24,o,2048,1248,0.609375,0.828222930431366
init-init,proj-wikitext2-r30-s0,proj-selfdoc-r30-s0,L24.gateup,24,gateup,2048,848,0.4140625,0.6615175604820251
final-final,proj-wikitext2-r30-s0,proj-selfdoc-r30-s0,L24.gateup,24,gateup,2048,848,0.4140625,0.6572933793067932
init-init,proj-wikitext2-r30-s0,proj-selfdoc-r30-s0,L24.down,24,down,2048,848,0.4140625,0.776290774345398
final-final,proj-wikitext2-r30-s0,proj-selfdoc-r30-s0,L24.down,24,down,2048,848,0.4140625,0.7708406448364258
init-init,proj-wikitext2-r30-s0,proj-selfdoc-r30-s0,L25.qkv,25,qkv,2048,1248,0.609375,0.8332485556602478
final-final,proj-wikitext2-r30-s0,proj-selfdoc-r30-s0,L25.qkv,25,qkv,2048,1248,0.609375,0.8308584690093994
init-init,proj-wikitext2-r30-s0,proj-selfdoc-r30-s0,L25.o,25,o,2048,1248,0.609375,0.8364840745925903
final-final,proj-wikitext2-r30-s0,proj-selfdoc-r30-s0,L25.o,25,o,2048,1248,0.609375,0.8320269584655762
init-init,proj-wikitext2-r30-s0,proj-selfdoc-r30-s0,L25.gateup,25,gateup,2048,848,0.4140625,0.6588422656059265
final-final,proj-wikitext2-r30-s0,proj-selfdoc-r30-s0,L25.gateup,25,gateup,2048,848,0.4140625,0.6548800468444824
init-init,proj-wikitext2-r30-s0,proj-selfdoc-r30-s0,L25.down,25,down,2048,848,0.4140625,0.7792741656303406
final-final,proj-wikitext2-r30-s0,proj-selfdoc-r30-s0,L25.down,25,down,2048,848,0.4140625,0.7732335329055786
init-init,proj-wikitext2-r30-s0,proj-selfdoc-r30-s0,L26.qkv,26,qkv,2048,1248,0.609375,0.8368759155273438
final-final,proj-wikitext2-r30-s0,proj-selfdoc-r30-s0,L26.qkv,26,qkv,2048,1248,0.609375,0.8347378373146057
init-init,proj-wikitext2-r30-s0,proj-selfdoc-r30-s0,L26.o,26,o,2048,1248,0.609375,0.831429123878479
final-final,proj-wikitext2-r30-s0,proj-selfdoc-r30-s0,L26.o,26,o,2048,1248,0.609375,0.8277282118797302
init-init,proj-wikitext2-r30-s0,proj-selfdoc-r30-s0,L26.gateup,26,gateup,2048,848,0.4140625,0.6615975499153137
final-final,proj-wikitext2-r30-s0,proj-selfdoc-r30-s0,L26.gateup,26,gateup,2048,848,0.4140625,0.6583179831504822
init-init,proj-wikitext2-r30-s0,proj-selfdoc-r30-s0,L26.down,26,down,2048,848,0.4140625,0.7756091356277466
final-final,proj-wikitext2-r30-s0,proj-selfdoc-r30-s0,L26.down,26,down,2048,848,0.4140625,0.7712082266807556
init-init,proj-wikitext2-r30-s0,proj-selfdoc-r30-s0,L27.qkv,27,qkv,2048,1248,0.609375,0.7964006662368774
final-final,proj-wikitext2-r30-s0,proj-selfdoc-r30-s0,L27.qkv,27,qkv,2048,1248,0.609375,0.7940791249275208
init-init,proj-wikitext2-r30-s0,proj-selfdoc-r30-s0,L27.o,27,o,2048,1248,0.609375,0.8575535416603088
final-final,proj-wikitext2-r30-s0,proj-selfdoc-r30-s0,L27.o,27,o,2048,1248,0.609375,0.8541561961174011
init-init,proj-wikitext2-r30-s0,proj-selfdoc-r30-s0,L27.gateup,27,gateup,2048,848,0.4140625,0.6474014520645142
final-final,proj-wikitext2-r30-s0,proj-selfdoc-r30-s0,L27.gateup,27,gateup,2048,848,0.4140625,0.6452245116233826
init-init,proj-wikitext2-r30-s0,proj-selfdoc-r30-s0,L27.down,27,down,2048,848,0.4140625,0.7789070010185242
final-final,proj-wikitext2-r30-s0,proj-selfdoc-r30-s0,L27.down,27,down,2048,848,0.4140625,0.7776129245758057
init-init,proj-c4-r30-s0,proj-slimpajama-r30-s0,L0.qkv,0,qkv,2048,1248,0.609375,0.9227592349052429
final-final,proj-c4-r30-s0,proj-slimpajama-r30-s0,L0.qkv,0,qkv,2048,1248,0.609375,0.917441725730896
init-init,proj-c4-r30-s0,proj-slimpajama-r30-s0,L0.o,0,o,2048,1248,0.609375,0.9615163803100586
final-final,proj-c4-r30-s0,proj-slimpajama-r30-s0,L0.o,0,o,2048,1248,0.609375,0.95589280128479
init-init,proj-c4-r30-s0,proj-slimpajama-r30-s0,L0.gateup,0,gateup,2048,848,0.4140625,0.9662891626358032
final-final,proj-c4-r30-s0,proj-slimpajama-r30-s0,L0.gateup,0,gateup,2048,848,0.4140625,0.9580312371253967
init-init,proj-c4-r30-s0,proj-slimpajama-r30-s0,L0.down,0,down,2048,848,0.4140625,0.9085088968276978
final-final,proj-c4-r30-s0,proj-slimpajama-r30-s0,L0.down,0,down,2048,848,0.4140625,0.9015239477157593
init-init,proj-c4-r30-s0,proj-slimpajama-r30-s0,L1.qkv,1,qkv,2048,1248,0.609375,0.9396920204162598
final-final,proj-c4-r30-s0,proj-slimpajama-r30-s0,L1.qkv,1,qkv,2048,1248,0.609375,0.9335117936134338
init-init,proj-c4-r30-s0,proj-slimpajama-r30-s0,L1.o,1,o,2048,1248,0.609375,0.9471501111984253
final-final,proj-c4-r30-s0,proj-slimpajama-r30-s0,L1.o,1,o,2048,1248,0.609375,0.9418616890907288
init-init,proj-c4-r30-s0,proj-slimpajama-r30-s0,L1.gateup,1,gateup,2048,848,0.4140625,0.9023383855819702
final-final,proj-c4-r30-s0,proj-slimpajama-r30-s0,L1.gateup,1,gateup,2048,848,0.4140625,0.8956798315048218
init-init,proj-c4-r30-s0,proj-slimpajama-r30-s0,L1.down,1,down,2048,848,0.4140625,0.8764084577560425
final-final,proj-c4-r30-s0,proj-slimpajama-r30-s0,L1.down,1,down,2048,848,0.4140625,0.8701345920562744
init-init,proj-c4-r30-s0,proj-slimpajama-r30-s0,L2.qkv,2,qkv,2048,1248,0.609375,0.9345029592514038
final-final,proj-c4-r30-s0,proj-slimpajama-r30-s0,L2.qkv,2,qkv,2048,1248,0.609375,0.9291366338729858
init-init,proj-c4-r30-s0,proj-slimpajama-r30-s0,L2.o,2,o,2048,1248,0.609375,0.9541587829589844
final-final,proj-c4-r30-s0,proj-slimpajama-r30-s0,L2.o,2,o,2048,1248,0.609375,0.948614776134491
init-init,proj-c4-r30-s0,proj-slimpajama-r30-s0,L2.gateup,2,gateup,2048,848,0.4140625,0.8805546164512634
final-final,proj-c4-r30-s0,proj-slimpajama-r30-s0,L2.gateup,2,gateup,2048,848,0.4140625,0.8738932013511658
init-init,proj-c4-r30-s0,proj-slimpajama-r30-s0,L2.down,2,down,2048,848,0.4140625,0.9041386246681213
final-final,proj-c4-r30-s0,proj-slimpajama-r30-s0,L2.down,2,down,2048,848,0.4140625,0.8974244594573975
init-init,proj-c4-r30-s0,proj-slimpajama-r30-s0,L3.qkv,3,qkv,2048,1248,0.609375,0.9363145232200623
final-final,proj-c4-r30-s0,proj-slimpajama-r30-s0,L3.qkv,3,qkv,2048,1248,0.609375,0.932391345500946
init-init,proj-c4-r30-s0,proj-slimpajama-r30-s0,L3.o,3,o,2048,1248,0.609375,0.9299942255020142
final-final,proj-c4-r30-s0,proj-slimpajama-r30-s0,L3.o,3,o,2048,1248,0.609375,0.9243594408035278
init-init,proj-c4-r30-s0,proj-slimpajama-r30-s0,L3.gateup,3,gateup,2048,848,0.4140625,0.8809354901313782
final-final,proj-c4-r30-s0,proj-slimpajama-r30-s0,L3.gateup,3,gateup,2048,848,0.4140625,0.8740610480308533
init-init,proj-c4-r30-s0,proj-slimpajama-r30-s0,L3.down,3,down,2048,848,0.4140625,0.9043341279029846
final-final,proj-c4-r30-s0,proj-slimpajama-r30-s0,L3.down,3,down,2048,848,0.4140625,0.8972576856613159
init-init,proj-c4-r30-s0,proj-slimpajama-r30-s0,L4.qkv,4,qkv,2048,1248,0.609375,0.9340641498565674
final-final,proj-c4-r30-s0,proj-slimpajama-r30-s0,L4.qkv,4,qkv,2048,1248,0.609375,0.9303306341171265
init-init,proj-c4-r30-s0,proj-slimpajama-r30-s0,L4.o,4,o,2048,1248,0.609375,0.9408480525016785
final-final,proj-c4-r30-s0,proj-slimpajama-r30-s0,L4.o,4,o,2048,1248,0.609375,0.9355888366699219
init-init,proj-c4-r30-s0,proj-slimpajama-r30-s0,L4.gateup,4,gateup,2048,848,0.4140625,0.8779314160346985
final-final,proj-c4-r30-s0,proj-slimpajama-r30-s0,L4.gateup,4,gateup,2048,848,0.4140625,0.8714606761932373
init-init,proj-c4-r30-s0,proj-slimpajama-r30-s0,L4.down,4,down,2048,848,0.4140625,0.9067652225494385
final-final,proj-c4-r30-s0,proj-slimpajama-r30-s0,L4.down,4,down,2048,848,0.4140625,0.900268018245697
init-init,proj-c4-r30-s0,proj-slimpajama-r30-s0,L5.qkv,5,qkv,2048,1248,0.609375,0.9343644380569458
final-final,proj-c4-r30-s0,proj-slimpajama-r30-s0,L5.qkv,5,qkv,2048,1248,0.609375,0.9308884739875793
init-init,proj-c4-r30-s0,proj-slimpajama-r30-s0,L5.o,5,o,2048,1248,0.609375,0.9578984975814819
final-final,proj-c4-r30-s0,proj-slimpajama-r30-s0,L5.o,5,o,2048,1248,0.609375,0.9523945450782776
init-init,proj-c4-r30-s0,proj-slimpajama-r30-s0,L5.gateup,5,gateup,2048,848,0.4140625,0.8736064434051514
final-final,proj-c4-r30-s0,proj-slimpajama-r30-s0,L5.gateup,5,gateup,2048,848,0.4140625,0.8668318390846252
init-init,proj-c4-r30-s0,proj-slimpajama-r30-s0,L5.down,5,down,2048,848,0.4140625,0.9291626811027527
final-final,proj-c4-r30-s0,proj-slimpajama-r30-s0,L5.down,5,down,2048,848,0.4140625,0.9222924113273621
init-init,proj-c4-r30-s0,proj-slimpajama-r30-s0,L6.qkv,6,qkv,2048,1248,0.609375,0.9454880952835083
final-final,proj-c4-r30-s0,proj-slimpajama-r30-s0,L6.qkv,6,qkv,2048,1248,0.609375,0.9414811730384827
init-init,proj-c4-r30-s0,proj-slimpajama-r30-s0,L6.o,6,o,2048,1248,0.609375,0.9512080550193787
final-final,proj-c4-r30-s0,proj-slimpajama-r30-s0,L6.o,6,o,2048,1248,0.609375,0.9458011984825134
init-init,proj-c4-r30-s0,proj-slimpajama-r30-s0,L6.gateup,6,gateup,2048,848,0.4140625,0.8839236497879028
final-final,proj-c4-r30-s0,proj-slimpajama-r30-s0,L6.gateup,6,gateup,2048,848,0.4140625,0.8774119019508362
init-init,proj-c4-r30-s0,proj-slimpajama-r30-s0,L6.down,6,down,2048,848,0.4140625,0.9225003123283386
final-final,proj-c4-r30-s0,proj-slimpajama-r30-s0,L6.down,6,down,2048,848,0.4140625,0.915753960609436
init-init,proj-c4-r30-s0,proj-slimpajama-r30-s0,L7.qkv,7,qkv,2048,1248,0.609375,0.9385157227516174
final-final,proj-c4-r30-s0,proj-slimpajama-r30-s0,L7.qkv,7,qkv,2048,1248,0.609375,0.9348204135894775
init-init,proj-c4-r30-s0,proj-slimpajama-r30-s0,L7.o,7,o,2048,1248,0.609375,0.9535250663757324
final-final,proj-c4-r30-s0,proj-slimpajama-r30-s0,L7.o,7,o,2048,1248,0.609375,0.9485231041908264
init-init,proj-c4-r30-s0,proj-slimpajama-r30-s0,L7.gateup,7,gateup,2048,848,0.4140625,0.8812477588653564
final-final,proj-c4-r30-s0,proj-slimpajama-r30-s0,L7.gateup,7,gateup,2048,848,0.4140625,0.8746592998504639
init-init,proj-c4-r30-s0,proj-slimpajama-r30-s0,L7.down,7,down,2048,848,0.4140625,0.9251309037208557
final-final,proj-c4-r30-s0,proj-slimpajama-r30-s0,L7.down,7,down,2048,848,0.4140625,0.9186240434646606
init-init,proj-c4-r30-s0,proj-slimpajama-r30-s0,L8.qkv,8,qkv,2048,1248,0.609375,0.9416114687919617
final-final,proj-c4-r30-s0,proj-slimpajama-r30-s0,L8.qkv,8,qkv,2048,1248,0.609375,0.9379166960716248
init-init,proj-c4-r30-s0,proj-slimpajama-r30-s0,L8.o,8,o,2048,1248,0.609375,0.9303045272827148
final-final,proj-c4-r30-s0,proj-slimpajama-r30-s0,L8.o,8,o,2048,1248,0.609375,0.9251983165740967
init-init,proj-c4-r30-s0,proj-slimpajama-r30-s0,L8.gateup,8,gateup,2048,848,0.4140625,0.873901903629303
final-final,proj-c4-r30-s0,proj-slimpajama-r30-s0,L8.gateup,8,gateup,2048,848,0.4140625,0.8673914670944214
init-init,proj-c4-r30-s0,proj-slimpajama-r30-s0,L8.down,8,down,2048,848,0.4140625,0.9217512607574463
final-final,proj-c4-r30-s0,proj-slimpajama-r30-s0,L8.down,8,down,2048,848,0.4140625,0.9154320359230042
init-init,proj-c4-r30-s0,proj-slimpajama-r30-s0,L9.qkv,9,qkv,2048,1248,0.609375,0.9407409429550171
final-final,proj-c4-r30-s0,proj-slimpajama-r30-s0,L9.qkv,9,qkv,2048,1248,0.609375,0.9376400709152222
init-init,proj-c4-r30-s0,proj-slimpajama-r30-s0,L9.o,9,o,2048,1248,0.609375,0.9438775181770325
final-final,proj-c4-r30-s0,proj-slimpajama-r30-s0,L9.o,9,o,2048,1248,0.609375,0.9390067458152771
init-init,proj-c4-r30-s0,proj-slimpajama-r30-s0,L9.gateup,9,gateup,2048,848,0.4140625,0.8736821413040161
final-final,proj-c4-r30-s0,proj-slimpajama-r30-s0,L9.gateup,9,gateup,2048,848,0.4140625,0.8675359487533569
init-init,proj-c4-r30-s0,proj-slimpajama-r30-s0,L9.down,9,down,2048,848,0.4140625,0.9158115386962891
final-final,proj-c4-r30-s0,proj-slimpajama-r30-s0,L9.down,9,down,2048,848,0.4140625,0.9097416400909424
init-init,proj-c4-r30-s0,proj-slimpajama-r30-s0,L10.qkv,10,qkv,2048,1248,0.609375,0.9353718161582947
final-final,proj-c4-r30-s0,proj-slimpajama-r30-s0,L10.qkv,10,qkv,2048,1248,0.609375,0.9315064549446106
init-init,proj-c4-r30-s0,proj-slimpajama-r30-s0,L10.o,10,o,2048,1248,0.609375,0.9499769806861877
final-final,proj-c4-r30-s0,proj-slimpajama-r30-s0,L10.o,10,o,2048,1248,0.609375,0.9446914196014404
init-init,proj-c4-r30-s0,proj-slimpajama-r30-s0,L10.gateup,10,gateup,2048,848,0.4140625,0.8682001233100891
final-final,proj-c4-r30-s0,proj-slimpajama-r30-s0,L10.gateup,10,gateup,2048,848,0.4140625,0.8622297048568726
init-init,proj-c4-r30-s0,proj-slimpajama-r30-s0,L10.down,10,down,2048,848,0.4140625,0.9188253879547119
final-final,proj-c4-r30-s0,proj-slimpajama-r30-s0,L10.down,10,down,2048,848,0.4140625,0.91275954246521
init-init,proj-c4-r30-s0,proj-slimpajama-r30-s0,L11.qkv,11,qkv,2048,1248,0.609375,0.9428814053535461
final-final,proj-c4-r30-s0,proj-slimpajama-r30-s0,L11.qkv,11,qkv,2048,1248,0.609375,0.938583493232727
init-init,proj-c4-r30-s0,proj-slimpajama-r30-s0,L11.o,11,o,2048,1248,0.609375,0.9616047143936157
final-final,proj-c4-r30-s0,proj-slimpajama-r30-s0,L11.o,11,o,2048,1248,0.609375,0.9565107226371765
init-init,proj-c4-r30-s0,proj-slimpajama-r30-s0,L11.gateup,11,gateup,2048,848,0.4140625,0.8738380670547485
final-final,proj-c4-r30-s0,proj-slimpajama-r30-s0,L11.gateup,11,gateup,2048,848,0.4140625,0.8673350811004639
init-init,proj-c4-r30-s0,proj-slimpajama-r30-s0,L11.down,11,down,2048,848,0.4140625,0.9283276200294495
final-final,proj-c4-r30-s0,proj-slimpajama-r30-s0,L11.down,11,down,2048,848,0.4140625,0.9217795729637146
init-init,proj-c4-r30-s0,proj-slimpajama-r30-s0,L12.qkv,12,qkv,2048,1248,0.609375,0.9415191411972046
final-final,proj-c4-r30-s0,proj-slimpajama-r30-s0,L12.qkv,12,qkv,2048,1248,0.609375,0.9375540018081665
init-init,proj-c4-r30-s0,proj-slimpajama-r30-s0,L12.o,12,o,2048,1248,0.609375,0.9529096484184265
final-final,proj-c4-r30-s0,proj-slimpajama-r30-s0,L12.o,12,o,2048,1248,0.609375,0.9474208950996399
init-init,proj-c4-r30-s0,proj-slimpajama-r30-s0,L12.gateup,12,gateup,2048,848,0.4140625,0.8739633560180664
final-final,proj-c4-r30-s0,proj-slimpajama-r30-s0,L12.gateup,12,gateup,2048,848,0.4140625,0.8670846819877625
init-init,proj-c4-r30-s0,proj-slimpajama-r30-s0,L12.down,12,down,2048,848,0.4140625,0.9366368651390076
final-final,proj-c4-r30-s0,proj-slimpajama-r30-s0,L12.down,12,down,2048,848,0.4140625,0.9302181601524353
init-init,proj-c4-r30-s0,proj-slimpajama-r30-s0,L13.qkv,13,qkv,2048,1248,0.609375,0.9461143612861633
final-final,proj-c4-r30-s0,proj-slimpajama-r30-s0,L13.qkv,13,qkv,2048,1248,0.609375,0.9416007399559021
init-init,proj-c4-r30-s0,proj-slimpajama-r30-s0,L13.o,13,o,2048,1248,0.609375,0.9584069848060608
final-final,proj-c4-r30-s0,proj-slimpajama-r30-s0,L13.o,13,o,2048,1248,0.609375,0.9532923698425293
init-init,proj-c4-r30-s0,proj-slimpajama-r30-s0,L13.gateup,13,gateup,2048,848,0.4140625,0.8763023614883423
final-final,proj-c4-r30-s0,proj-slimpajama-r30-s0,L13.gateup,13,gateup,2048,848,0.4140625,0.8694159984588623
init-init,proj-c4-r30-s0,proj-slimpajama-r30-s0,L13.down,13,down,2048,848,0.4140625,0.9405628442764282
final-final,proj-c4-r30-s0,proj-slimpajama-r30-s0,L13.down,13,down,2048,848,0.4140625,0.9340397119522095
init-init,proj-c4-r30-s0,proj-slimpajama-r30-s0,L14.qkv,14,qkv,2048,1248,0.609375,0.9475511312484741
final-final,proj-c4-r30-s0,proj-slimpajama-r30-s0,L14.qkv,14,qkv,2048,1248,0.609375,0.9437852501869202
init-init,proj-c4-r30-s0,proj-slimpajama-r30-s0,L14.o,14,o,2048,1248,0.609375,0.9595786929130554
final-final,proj-c4-r30-s0,proj-slimpajama-r30-s0,L14.o,14,o,2048,1248,0.609375,0.9545409679412842
init-init,proj-c4-r30-s0,proj-slimpajama-r30-s0,L14.gateup,14,gateup,2048,848,0.4140625,0.8785370588302612
final-final,proj-c4-r30-s0,proj-slimpajama-r30-s0,L14.gateup,14,gateup,2048,848,0.4140625,0.8722947239875793
init-init,proj-c4-r30-s0,proj-slimpajama-r30-s0,L14.down,14,down,2048,848,0.4140625,0.9426858425140381
final-final,proj-c4-r30-s0,proj-slimpajama-r30-s0,L14.down,14,down,2048,848,0.4140625,0.9363882541656494
init-init,proj-c4-r30-s0,proj-slimpajama-r30-s0,L15.qkv,15,qkv,2048,1248,0.609375,0.9487490653991699
final-final,proj-c4-r30-s0,proj-slimpajama-r30-s0,L15.qkv,15,qkv,2048,1248,0.609375,0.9453604221343994
init-init,proj-c4-r30-s0,proj-slimpajama-r30-s0,L15.o,15,o,2048,1248,0.609375,0.9568207859992981
final-final,proj-c4-r30-s0,proj-slimpajama-r30-s0,L15.o,15,o,2048,1248,0.609375,0.9518162608146667
init-init,proj-c4-r30-s0,proj-slimpajama-r30-s0,L15.gateup,15,gateup,2048,848,0.4140625,0.8820539116859436
final-final,proj-c4-r30-s0,proj-slimpajama-r30-s0,L15.gateup,15,gateup,2048,848,0.4140625,0.8757813572883606
init-init,proj-c4-r30-s0,proj-slimpajama-r30-s0,L15.down,15,down,2048,848,0.4140625,0.9408470392227173
final-final,proj-c4-r30-s0,proj-slimpajama-r30-s0,L15.down,15,down,2048,848,0.4140625,0.9349388480186462
init-init,proj-c4-r30-s0,proj-slimpajama-r30-s0,L16.qkv,16,qkv,2048,1248,0.609375,0.9499358534812927
final-final,proj-c4-r30-s0,proj-slimpajama-r30-s0,L16.qkv,16,qkv,2048,1248,0.609375,0.9467463493347168
init-init,proj-c4-r30-s0,proj-slimpajama-r30-s0,L16.o,16,o,2048,1248,0.609375,0.9583494067192078
final-final,proj-c4-r30-s0,proj-slimpajama-r30-s0,L16.o,16,o,2048,1248,0.609375,0.9534996151924133
init-init,proj-c4-r30-s0,proj-slimpajama-r30-s0,L16.gateup,16,gateup,2048,848,0.4140625,0.8848116993904114
final-final,proj-c4-r30-s0,proj-slimpajama-r30-s0,L16.gateup,16,gateup,2048,848,0.4140625,0.8793808221817017
init-init,proj-c4-r30-s0,proj-slimpajama-r30-s0,L16.down,16,down,2048,848,0.4140625,0.9327837228775024
final-final,proj-c4-r30-s0,proj-slimpajama-r30-s0,L16.down,16,down,2048,848,0.4140625,0.9270439743995667
init-init,proj-c4-r30-s0,proj-slimpajama-r30-s0,L17.qkv,17,qkv,2048,1248,0.609375,0.9419465661048889
final-final,proj-c4-r30-s0,proj-slimpajama-r30-s0,L17.qkv,17,qkv,2048,1248,0.609375,0.9385461211204529
init-init,proj-c4-r30-s0,proj-slimpajama-r30-s0,L17.o,17,o,2048,1248,0.609375,0.9582347273826599
final-final,proj-c4-r30-s0,proj-slimpajama-r30-s0,L17.o,17,o,2048,1248,0.609375,0.9535114765167236
init-init,proj-c4-r30-s0,proj-slimpajama-r30-s0,L17.gateup,17,gateup,2048,848,0.4140625,0.8874392509460449
final-final,proj-c4-r30-s0,proj-slimpajama-r30-s0,L17.gateup,17,gateup,2048,848,0.4140625,0.8813818693161011
init-init,proj-c4-r30-s0,proj-slimpajama-r30-s0,L17.down,17,down,2048,848,0.4140625,0.9238697290420532
final-final,proj-c4-r30-s0,proj-slimpajama-r30-s0,L17.down,17,down,2048,848,0.4140625,0.918231189250946
init-init,proj-c4-r30-s0,proj-slimpajama-r30-s0,L18.qkv,18,qkv,2048,1248,0.609375,0.9401019215583801
final-final,proj-c4-r30-s0,proj-slimpajama-r30-s0,L18.qkv,18,qkv,2048,1248,0.609375,0.9370301365852356
init-init,proj-c4-r30-s0,proj-slimpajama-r30-s0,L18.o,18,o,2048,1248,0.609375,0.945536196231842
final-final,proj-c4-r30-s0,proj-slimpajama-r30-s0,L18.o,18,o,2048,1248,0.609375,0.9407824277877808
init-init,proj-c4-r30-s0,proj-slimpajama-r30-s0,L18.gateup,18,gateup,2048,848,0.4140625,0.8734980821609497
final-final,proj-c4-r30-s0,proj-slimpajama-r30-s0,L18.gateup,18,gateup,2048,848,0.4140625,0.8676303029060364
init-init,proj-c4-r30-s0,proj-slimpajama-r30-s0,L18.down,18,down,2048,848,0.4140625,0.9149245023727417
final-final,proj-c4-r30-s0,proj-slimpajama-r30-s0,L18.down,18,down,2048,848,0.4140625,0.90920490026474
init-init,proj-c4-r30-s0,proj-slimpajama-r30-s0,L19.qkv,19,qkv,2048,1248,0.609375,0.9383245706558228
final-final,proj-c4-r30-s0,proj-slimpajama-r30-s0,L19.qkv,19,qkv,2048,1248,0.609375,0.9352498054504395
init-init,proj-c4-r30-s0,proj-slimpajama-r30-s0,L19.o,19,o,2048,1248,0.609375,0.9530993103981018
final-final,proj-c4-r30-s0,proj-slimpajama-r30-s0,L19.o,19,o,2048,1248,0.609375,0.9484149217605591
init-init,proj-c4-r30-s0,proj-slimpajama-r30-s0,L19.gateup,19,gateup,2048,848,0.4140625,0.8699861168861389
final-final,proj-c4-r30-s0,proj-slimpajama-r30-s0,L19.gateup,19,gateup,2048,848,0.4140625,0.863966166973114
init-init,proj-c4-r30-s0,proj-slimpajama-r30-s0,L19.down,19,down,2048,848,0.4140625,0.9193513989448547
final-final,proj-c4-r30-s0,proj-slimpajama-r30-s0,L19.down,19,down,2048,848,0.4140625,0.9133346080780029
init-init,proj-c4-r30-s0,proj-slimpajama-r30-s0,L20.qkv,20,qkv,2048,1248,0.609375,0.9391266107559204
final-final,proj-c4-r30-s0,proj-slimpajama-r30-s0,L20.qkv,20,qkv,2048,1248,0.609375,0.9363325238227844
init-init,proj-c4-r30-s0,proj-slimpajama-r30-s0,L20.o,20,o,2048,1248,0.609375,0.9400607347488403
final-final,proj-c4-r30-s0,proj-slimpajama-r30-s0,L20.o,20,o,2048,1248,0.609375,0.9348921179771423
init-init,proj-c4-r30-s0,proj-slimpajama-r30-s0,L20.gateup,20,gateup,2048,848,0.4140625,0.8698124289512634
final-final,proj-c4-r30-s0,proj-slimpajama-r30-s0,L20.gateup,20,gateup,2048,848,0.4140625,0.8637608885765076
init-init,proj-c4-r30-s0,proj-slimpajama-r30-s0,L20.down,20,down,2048,848,0.4140625,0.9137535691261292
final-final,proj-c4-r30-s0,proj-slimpajama-r30-s0,L20.down,20,down,2048,848,0.4140625,0.9068147540092468
init-init,proj-c4-r30-s0,proj-slimpajama-r30-s0,L21.qkv,21,qkv,2048,1248,0.609375,0.9325301647186279
final-final,proj-c4-r30-s0,proj-slimpajama-r30-s0,L21.qkv,21,qkv,2048,1248,0.609375,0.9295272827148438
init-init,proj-c4-r30-s0,proj-slimpajama-r30-s0,L21.o,21,o,2048,1248,0.609375,0.935537576675415
final-final,proj-c4-r30-s0,proj-slimpajama-r30-s0,L21.o,21,o,2048,1248,0.609375,0.9303268194198608
init-init,proj-c4-r30-s0,proj-slimpajama-r30-s0,L21.gateup,21,gateup,2048,848,0.4140625,0.8614976406097412
final-final,proj-c4-r30-s0,proj-slimpajama-r30-s0,L21.gateup,21,gateup,2048,848,0.4140625,0.8551961183547974
init-init,proj-c4-r30-s0,proj-slimpajama-r30-s0,L21.down,21,down,2048,848,0.4140625,0.8949894309043884
final-final,proj-c4-r30-s0,proj-slimpajama-r30-s0,L21.down,21,down,2048,848,0.4140625,0.887929379940033
init-init,proj-c4-r30-s0,proj-slimpajama-r30-s0,L22.qkv,22,qkv,2048,1248,0.609375,0.9279446005821228
final-final,proj-c4-r30-s0,proj-slimpajama-r30-s0,L22.qkv,22,qkv,2048,1248,0.609375,0.9251009821891785
init-init,proj-c4-r30-s0,proj-slimpajama-r30-s0,L22.o,22,o,2048,1248,0.609375,0.9319577217102051
final-final,proj-c4-r30-s0,proj-slimpajama-r30-s0,L22.o,22,o,2048,1248,0.609375,0.9270160794258118
init-init,proj-c4-r30-s0,proj-slimpajama-r30-s0,L22.gateup,22,gateup,2048,848,0.4140625,0.8549937009811401
final-final,proj-c4-r30-s0,proj-slimpajama-r30-s0,L22.gateup,22,gateup,2048,848,0.4140625,0.8480917811393738
init-init,proj-c4-r30-s0,proj-slimpajama-r30-s0,L22.down,22,down,2048,848,0.4140625,0.8857890367507935
final-final,proj-c4-r30-s0,proj-slimpajama-r30-s0,L22.down,22,down,2048,848,0.4140625,0.8787006735801697
init-init,proj-c4-r30-s0,proj-slimpajama-r30-s0,L23.qkv,23,qkv,2048,1248,0.609375,0.9210870265960693
final-final,proj-c4-r30-s0,proj-slimpajama-r30-s0,L23.qkv,23,qkv,2048,1248,0.609375,0.9183444380760193
init-init,proj-c4-r30-s0,proj-slimpajama-r30-s0,L23.o,23,o,2048,1248,0.609375,0.9224318861961365
final-final,proj-c4-r30-s0,proj-slimpajama-r30-s0,L23.o,23,o,2048,1248,0.609375,0.9171461462974548
init-init,proj-c4-r30-s0,proj-slimpajama-r30-s0,L23.gateup,23,gateup,2048,848,0.4140625,0.843180239200592
final-final,proj-c4-r30-s0,proj-slimpajama-r30-s0,L23.gateup,23,gateup,2048,848,0.4140625,0.8359354734420776
init-init,proj-c4-r30-s0,proj-slimpajama-r30-s0,L23.down,23,down,2048,848,0.4140625,0.8840118646621704
final-final,proj-c4-r30-s0,proj-slimpajama-r30-s0,L23.down,23,down,2048,848,0.4140625,0.8771384954452515
init-init,proj-c4-r30-s0,proj-slimpajama-r30-s0,L24.qkv,24,qkv,2048,1248,0.609375,0.9197883009910583
final-final,proj-c4-r30-s0,proj-slimpajama-r30-s0,L24.qkv,24,qkv,2048,1248,0.609375,0.9165269732475281
init-init,proj-c4-r30-s0,proj-slimpajama-r30-s0,L24.o,24,o,2048,1248,0.609375,0.9116506576538086
final-final,proj-c4-r30-s0,proj-slimpajama-r30-s0,L24.o,24,o,2048,1248,0.609375,0.9065818190574646
init-init,proj-c4-r30-s0,proj-slimpajama-r30-s0,L24.gateup,24,gateup,2048,848,0.4140625,0.8338201642036438
final-final,proj-c4-r30-s0,proj-slimpajama-r30-s0,L24.gateup,24,gateup,2048,848,0.4140625,0.8267432451248169
init-init,proj-c4-r30-s0,proj-slimpajama-r30-s0,L24.down,24,down,2048,848,0.4140625,0.8828955292701721
final-final,proj-c4-r30-s0,proj-slimpajama-r30-s0,L24.down,24,down,2048,848,0.4140625,0.8765122294425964
init-init,proj-c4-r30-s0,proj-slimpajama-r30-s0,L25.qkv,25,qkv,2048,1248,0.609375,0.9185781478881836
final-final,proj-c4-r30-s0,proj-slimpajama-r30-s0,L25.qkv,25,qkv,2048,1248,0.609375,0.9153254628181458
init-init,proj-c4-r30-s0,proj-slimpajama-r30-s0,L25.o,25,o,2048,1248,0.609375,0.892544686794281
final-final,proj-c4-r30-s0,proj-slimpajama-r30-s0,L25.o,25,o,2048,1248,0.609375,0.8873369097709656
init-init,proj-c4-r30-s0,proj-slimpajama-r30-s0,L25.gateup,25,gateup,2048,848,0.4140625,0.8275923132896423
final-final,proj-c4-r30-s0,proj-slimpajama-r30-s0,L25.gateup,25,gateup,2048,848,0.4140625,0.8207226395606995
init-init,proj-c4-r30-s0,proj-slimpajama-r30-s0,L25.down,25,down,2048,848,0.4140625,0.8673570156097412
final-final,proj-c4-r30-s0,proj-slimpajama-r30-s0,L25.down,25,down,2048,848,0.4140625,0.8609556555747986
init-init,proj-c4-r30-s0,proj-slimpajama-r30-s0,L26.qkv,26,qkv,2048,1248,0.609375,0.918337345123291
final-final,proj-c4-r30-s0,proj-slimpajama-r30-s0,L26.qkv,26,qkv,2048,1248,0.609375,0.9155037999153137
init-init,proj-c4-r30-s0,proj-slimpajama-r30-s0,L26.o,26,o,2048,1248,0.609375,0.892544686794281
final-final,proj-c4-r30-s0,proj-slimpajama-r30-s0,L26.o,26,o,2048,1248,0.609375,0.8881111145019531
init-init,proj-c4-r30-s0,proj-slimpajama-r30-s0,L26.gateup,26,gateup,2048,848,0.4140625,0.8215566873550415
final-final,proj-c4-r30-s0,proj-slimpajama-r30-s0,L26.gateup,26,gateup,2048,848,0.4140625,0.8161161541938782
init-init,proj-c4-r30-s0,proj-slimpajama-r30-s0,L26.down,26,down,2048,848,0.4140625,0.8545536398887634
final-final,proj-c4-r30-s0,proj-slimpajama-r30-s0,L26.down,26,down,2048,848,0.4140625,0.850413978099823
init-init,proj-c4-r30-s0,proj-slimpajama-r30-s0,L27.qkv,27,qkv,2048,1248,0.609375,0.8913639783859253
final-final,proj-c4-r30-s0,proj-slimpajama-r30-s0,L27.qkv,27,qkv,2048,1248,0.609375,0.8884336352348328
init-init,proj-c4-r30-s0,proj-slimpajama-r30-s0,L27.o,27,o,2048,1248,0.609375,0.9255208969116211
final-final,proj-c4-r30-s0,proj-slimpajama-r30-s0,L27.o,27,o,2048,1248,0.609375,0.9220055937767029
init-init,proj-c4-r30-s0,proj-slimpajama-r30-s0,L27.gateup,27,gateup,2048,848,0.4140625,0.8046656847000122
final-final,proj-c4-r30-s0,proj-slimpajama-r30-s0,L27.gateup,27,gateup,2048,848,0.4140625,0.801767885684967
init-init,proj-c4-r30-s0,proj-slimpajama-r30-s0,L27.down,27,down,2048,848,0.4140625,0.8485560417175293
final-final,proj-c4-r30-s0,proj-slimpajama-r30-s0,L27.down,27,down,2048,848,0.4140625,0.847510576248169
init-init,proj-c4-r30-s0,proj-alpaca-r30-s0,L0.qkv,0,qkv,2048,1248,0.609375,0.8875832557678223
final-final,proj-c4-r30-s0,proj-alpaca-r30-s0,L0.qkv,0,qkv,2048,1248,0.609375,0.8826197981834412
init-init,proj-c4-r30-s0,proj-alpaca-r30-s0,L0.o,0,o,2048,1248,0.609375,0.9452413320541382
final-final,proj-c4-r30-s0,proj-alpaca-r30-s0,L0.o,0,o,2048,1248,0.609375,0.9396867156028748
init-init,proj-c4-r30-s0,proj-alpaca-r30-s0,L0.gateup,0,gateup,2048,848,0.4140625,0.9598789811134338
final-final,proj-c4-r30-s0,proj-alpaca-r30-s0,L0.gateup,0,gateup,2048,848,0.4140625,0.9514897465705872
init-init,proj-c4-r30-s0,proj-alpaca-r30-s0,L0.down,0,down,2048,848,0.4140625,0.8791229128837585
final-final,proj-c4-r30-s0,proj-alpaca-r30-s0,L0.down,0,down,2048,848,0.4140625,0.8724677562713623
init-init,proj-c4-r30-s0,proj-alpaca-r30-s0,L1.qkv,1,qkv,2048,1248,0.609375,0.9151225090026855
final-final,proj-c4-r30-s0,proj-alpaca-r30-s0,L1.qkv,1,qkv,2048,1248,0.609375,0.9093567132949829
init-init,proj-c4-r30-s0,proj-alpaca-r30-s0,L1.o,1,o,2048,1248,0.609375,0.9158732295036316
final-final,proj-c4-r30-s0,proj-alpaca-r30-s0,L1.o,1,o,2048,1248,0.609375,0.9110373854637146
init-init,proj-c4-r30-s0,proj-alpaca-r30-s0,L1.gateup,1,gateup,2048,848,0.4140625,0.8700970411300659
final-final,proj-c4-r30-s0,proj-alpaca-r30-s0,L1.gateup,1,gateup,2048,848,0.4140625,0.8639214038848877
init-init,proj-c4-r30-s0,proj-alpaca-r30-s0,L1.down,1,down,2048,848,0.4140625,0.8528000712394714
final-final,proj-c4-r30-s0,proj-alpaca-r30-s0,L1.down,1,down,2048,848,0.4140625,0.8466556668281555
init-init,proj-c4-r30-s0,proj-alpaca-r30-s0,L2.qkv,2,qkv,2048,1248,0.609375,0.9069112539291382
final-final,proj-c4-r30-s0,proj-alpaca-r30-s0,L2.qkv,2,qkv,2048,1248,0.609375,0.9018861651420593
init-init,proj-c4-r30-s0,proj-alpaca-r30-s0,L2.o,2,o,2048,1248,0.609375,0.9232855439186096
final-final,proj-c4-r30-s0,proj-alpaca-r30-s0,L2.o,2,o,2048,1248,0.609375,0.9183688163757324
init-init,proj-c4-r30-s0,proj-alpaca-r30-s0,L2.gateup,2,gateup,2048,848,0.4140625,0.8424738645553589
final-final,proj-c4-r30-s0,proj-alpaca-r30-s0,L2.gateup,2,gateup,2048,848,0.4140625,0.8363039493560791
init-init,proj-c4-r30-s0,proj-alpaca-r30-s0,L2.down,2,down,2048,848,0.4140625,0.8618916869163513
final-final,proj-c4-r30-s0,proj-alpaca-r30-s0,L2.down,2,down,2048,848,0.4140625,0.8555678129196167
init-init,proj-c4-r30-s0,proj-alpaca-r30-s0,L3.qkv,3,qkv,2048,1248,0.609375,0.9013848304748535
final-final,proj-c4-r30-s0,proj-alpaca-r30-s0,L3.qkv,3,qkv,2048,1248,0.609375,0.8978370428085327
init-init,proj-c4-r30-s0,proj-alpaca-r30-s0,L3.o,3,o,2048,1248,0.609375,0.8957991003990173
final-final,proj-c4-r30-s0,proj-alpaca-r30-s0,L3.o,3,o,2048,1248,0.609375,0.8909972906112671
init-init,proj-c4-r30-s0,proj-alpaca-r30-s0,L3.gateup,3,gateup,2048,848,0.4140625,0.8306620121002197
final-final,proj-c4-r30-s0,proj-alpaca-r30-s0,L3.gateup,3,gateup,2048,848,0.4140625,0.8243363499641418
init-init,proj-c4-r30-s0,proj-alpaca-r30-s0,L3.down,3,down,2048,848,0.4140625,0.8510909080505371
final-final,proj-c4-r30-s0,proj-alpaca-r30-s0,L3.down,3,down,2048,848,0.4140625,0.8445174098014832
init-init,proj-c4-r30-s0,proj-alpaca-r30-s0,L4.qkv,4,qkv,2048,1248,0.609375,0.8901208639144897
final-final,proj-c4-r30-s0,proj-alpaca-r30-s0,L4.qkv,4,qkv,2048,1248,0.609375,0.8868420124053955
init-init,proj-c4-r30-s0,proj-alpaca-r30-s0,L4.o,4,o,2048,1248,0.609375,0.8974877595901489
final-final,proj-c4-r30-s0,proj-alpaca-r30-s0,L4.o,4,o,2048,1248,0.609375,0.8931378126144409
init-init,proj-c4-r30-s0,proj-alpaca-r30-s0,L4.gateup,4,gateup,2048,848,0.4140625,0.813555896282196
final-final,proj-c4-r30-s0,proj-alpaca-r30-s0,L4.gateup,4,gateup,2048,848,0.4140625,0.8077169060707092
init-init,proj-c4-r30-s0,proj-alpaca-r30-s0,L4.down,4,down,2048,848,0.4140625,0.8482494354248047
final-final,proj-c4-r30-s0,proj-alpaca-r30-s0,L4.down,4,down,2048,848,0.4140625,0.8418364524841309
init-init,proj-c4-r30-s0,proj-alpaca-r30-s0,L5.qkv,5,qkv,2048,1248,0.609375,0.8886176943778992
final-final,proj-c4-r30-s0,proj-alpaca-r30-s0,L5.qkv,5,qkv,2048,1248,0.609375,0.8856239318847656
init-init,proj-c4-r30-s0,proj-alpaca-r30-s0,L5.o,5,o,2048,1248,0.609375,0.9077516198158264
final-final,proj-c4-r30-s0,proj-alpaca-r30-s0,L5.o,5,o,2048,1248,0.609375,0.9033161997795105
init-init,proj-c4-r30-s0,proj-alpaca-r30-s0,L5.gateup,5,gateup,2048,848,0.4140625,0.8018849492073059
final-final,proj-c4-r30-s0,proj-alpaca-r30-s0,L5.gateup,5,gateup,2048,848,0.4140625,0.7964446544647217
init-init,proj-c4-r30-s0,proj-alpaca-r30-s0,L5.down,5,down,2048,848,0.4140625,0.8602349758148193
final-final,proj-c4-r30-s0,proj-alpaca-r30-s0,L5.down,5,down,2048,848,0.4140625,0.8540488481521606
init-init,proj-c4-r30-s0,proj-alpaca-r30-s0,L6.qkv,6,qkv,2048,1248,0.609375,0.8940044641494751
final-final,proj-c4-r30-s0,proj-alpaca-r30-s0,L6.qkv,6,qkv,2048,1248,0.609375,0.890735924243927
init-init,proj-c4-r30-s0,proj-alpaca-r30-s0,L6.o,6,o,2048,1248,0.609375,0.908369243144989
final-final,proj-c4-r30-s0,proj-alpaca-r30-s0,L6.o,6,o,2048,1248,0.609375,0.9040513634681702
init-init,proj-c4-r30-s0,proj-alpaca-r30-s0,L6.gateup,6,gateup,2048,848,0.4140625,0.8019839525222778
final-final,proj-c4-r30-s0,proj-alpaca-r30-s0,L6.gateup,6,gateup,2048,848,0.4140625,0.796498715877533
init-init,proj-c4-r30-s0,proj-alpaca-r30-s0,L6.down,6,down,2048,848,0.4140625,0.8512282371520996
final-final,proj-c4-r30-s0,proj-alpaca-r30-s0,L6.down,6,down,2048,848,0.4140625,0.8449896574020386
init-init,proj-c4-r30-s0,proj-alpaca-r30-s0,L7.qkv,7,qkv,2048,1248,0.609375,0.8774560689926147
final-final,proj-c4-r30-s0,proj-alpaca-r30-s0,L7.qkv,7,qkv,2048,1248,0.609375,0.874504029750824
init-init,proj-c4-r30-s0,proj-alpaca-r30-s0,L7.o,7,o,2048,1248,0.609375,0.8894639611244202
final-final,proj-c4-r30-s0,proj-alpaca-r30-s0,L7.o,7,o,2048,1248,0.609375,0.8855111598968506
init-init,proj-c4-r30-s0,proj-alpaca-r30-s0,L7.gateup,7,gateup,2048,848,0.4140625,0.7867115139961243
final-final,proj-c4-r30-s0,proj-alpaca-r30-s0,L7.gateup,7,gateup,2048,848,0.4140625,0.7815197706222534
init-init,proj-c4-r30-s0,proj-alpaca-r30-s0,L7.down,7,down,2048,848,0.4140625,0.8538045287132263
final-final,proj-c4-r30-s0,proj-alpaca-r30-s0,L7.down,7,down,2048,848,0.4140625,0.8477299809455872
init-init,proj-c4-r30-s0,proj-alpaca-r30-s0,L8.qkv,8,qkv,2048,1248,0.609375,0.8795663714408875
final-final,proj-c4-r30-s0,proj-alpaca-r30-s0,L8.qkv,8,qkv,2048,1248,0.609375,0.8766533136367798
init-init,proj-c4-r30-s0,proj-alpaca-r30-s0,L8.o,8,o,2048,1248,0.609375,0.8678457140922546
final-final,proj-c4-r30-s0,proj-alpaca-r30-s0,L8.o,8,o,2048,1248,0.609375,0.8640897870063782
init-init,proj-c4-r30-s0,proj-alpaca-r30-s0,L8.gateup,8,gateup,2048,848,0.4140625,0.7713915109634399
final-final,proj-c4-r30-s0,proj-alpaca-r30-s0,L8.gateup,8,gateup,2048,848,0.4140625,0.7666457891464233
init-init,proj-c4-r30-s0,proj-alpaca-r30-s0,L8.down,8,down,2048,848,0.4140625,0.8501031398773193
final-final,proj-c4-r30-s0,proj-alpaca-r30-s0,L8.down,8,down,2048,848,0.4140625,0.8440060019493103
init-init,proj-c4-r30-s0,proj-alpaca-r30-s0,L9.qkv,9,qkv,2048,1248,0.609375,0.8796186447143555
final-final,proj-c4-r30-s0,proj-alpaca-r30-s0,L9.qkv,9,qkv,2048,1248,0.609375,0.8770580887794495
init-init,proj-c4-r30-s0,proj-alpaca-r30-s0,L9.o,9,o,2048,1248,0.609375,0.894252598285675
final-final,proj-c4-r30-s0,proj-alpaca-r30-s0,L9.o,9,o,2048,1248,0.609375,0.8903617858886719
init-init,proj-c4-r30-s0,proj-alpaca-r30-s0,L9.gateup,9,gateup,2048,848,0.4140625,0.7723385095596313
final-final,proj-c4-r30-s0,proj-alpaca-r30-s0,L9.gateup,9,gateup,2048,848,0.4140625,0.7672991156578064
init-init,proj-c4-r30-s0,proj-alpaca-r30-s0,L9.down,9,down,2048,848,0.4140625,0.8403142690658569
final-final,proj-c4-r30-s0,proj-alpaca-r30-s0,L9.down,9,down,2048,848,0.4140625,0.8347044587135315
init-init,proj-c4-r30-s0,proj-alpaca-r30-s0,L10.qkv,10,qkv,2048,1248,0.609375,0.8715161085128784
final-final,proj-c4-r30-s0,proj-alpaca-r30-s0,L10.qkv,10,qkv,2048,1248,0.609375,0.8685674667358398
init-init,proj-c4-r30-s0,proj-alpaca-r30-s0,L10.o,10,o,2048,1248,0.609375,0.880524754524231
final-final,proj-c4-r30-s0,proj-alpaca-r30-s0,L10.o,10,o,2048,1248,0.609375,0.8765771389007568
init-init,proj-c4-r30-s0,proj-alpaca-r30-s0,L10.gateup,10,gateup,2048,848,0.4140625,0.7596054077148438
final-final,proj-c4-r30-s0,proj-alpaca-r30-s0,L10.gateup,10,gateup,2048,848,0.4140625,0.7551252245903015
init-init,proj-c4-r30-s0,proj-alpaca-r30-s0,L10.down,10,down,2048,848,0.4140625,0.8353087306022644
final-final,proj-c4-r30-s0,proj-alpaca-r30-s0,L10.down,10,down,2048,848,0.4140625,0.8298972845077515
init-init,proj-c4-r30-s0,proj-alpaca-r30-s0,L11.qkv,11,qkv,2048,1248,0.609375,0.8811819553375244
final-final,proj-c4-r30-s0,proj-alpaca-r30-s0,L11.qkv,11,qkv,2048,1248,0.609375,0.8779754638671875
init-init,proj-c4-r30-s0,proj-alpaca-r30-s0,L11.o,11,o,2048,1248,0.609375,0.9101043939590454
final-final,proj-c4-r30-s0,proj-alpaca-r30-s0,L11.o,11,o,2048,1248,0.609375,0.9059411883354187
init-init,proj-c4-r30-s0,proj-alpaca-r30-s0,L11.gateup,11,gateup,2048,848,0.4140625,0.7669752240180969
final-final,proj-c4-r30-s0,proj-alpaca-r30-s0,L11.gateup,11,gateup,2048,848,0.4140625,0.7623165845870972
init-init,proj-c4-r30-s0,proj-alpaca-r30-s0,L11.down,11,down,2048,848,0.4140625,0.8477370142936707
final-final,proj-c4-r30-s0,proj-alpaca-r30-s0,L11.down,11,down,2048,848,0.4140625,0.8418499231338501
init-init,proj-c4-r30-s0,proj-alpaca-r30-s0,L12.qkv,12,qkv,2048,1248,0.609375,0.8738095164299011
final-final,proj-c4-r30-s0,proj-alpaca-r30-s0,L12.qkv,12,qkv,2048,1248,0.609375,0.8708993792533875
init-init,proj-c4-r30-s0,proj-alpaca-r30-s0,L12.o,12,o,2048,1248,0.609375,0.8912928700447083
final-final,proj-c4-r30-s0,proj-alpaca-r30-s0,L12.o,12,o,2048,1248,0.609375,0.8870571851730347
init-init,proj-c4-r30-s0,proj-alpaca-r30-s0,L12.gateup,12,gateup,2048,848,0.4140625,0.7627922296524048
final-final,proj-c4-r30-s0,proj-alpaca-r30-s0,L12.gateup,12,gateup,2048,848,0.4140625,0.7579187750816345
init-init,proj-c4-r30-s0,proj-alpaca-r30-s0,L12.down,12,down,2048,848,0.4140625,0.8534805178642273
final-final,proj-c4-r30-s0,proj-alpaca-r30-s0,L12.down,12,down,2048,848,0.4140625,0.8477423191070557
init-init,proj-c4-r30-s0,proj-alpaca-r30-s0,L13.qkv,13,qkv,2048,1248,0.609375,0.8758390545845032
final-final,proj-c4-r30-s0,proj-alpaca-r30-s0,L13.qkv,13,qkv,2048,1248,0.609375,0.8724685907363892
init-init,proj-c4-r30-s0,proj-alpaca-r30-s0,L13.o,13,o,2048,1248,0.609375,0.8998472094535828
final-final,proj-c4-r30-s0,proj-alpaca-r30-s0,L13.o,13,o,2048,1248,0.609375,0.8958025574684143
init-init,proj-c4-r30-s0,proj-alpaca-r30-s0,L13.gateup,13,gateup,2048,848,0.4140625,0.7592411041259766
final-final,proj-c4-r30-s0,proj-alpaca-r30-s0,L13.gateup,13,gateup,2048,848,0.4140625,0.7542227506637573
init-init,proj-c4-r30-s0,proj-alpaca-r30-s0,L13.down,13,down,2048,848,0.4140625,0.8569554686546326
final-final,proj-c4-r30-s0,proj-alpaca-r30-s0,L13.down,13,down,2048,848,0.4140625,0.8509243726730347
init-init,proj-c4-r30-s0,proj-alpaca-r30-s0,L14.qkv,14,qkv,2048,1248,0.609375,0.8741996884346008
final-final,proj-c4-r30-s0,proj-alpaca-r30-s0,L14.qkv,14,qkv,2048,1248,0.609375,0.8713389039039612
init-init,proj-c4-r30-s0,proj-alpaca-r30-s0,L14.o,14,o,2048,1248,0.609375,0.897513210773468
final-final,proj-c4-r30-s0,proj-alpaca-r30-s0,L14.o,14,o,2048,1248,0.609375,0.8936389088630676
init-init,proj-c4-r30-s0,proj-alpaca-r30-s0,L14.gateup,14,gateup,2048,848,0.4140625,0.7554934620857239
final-final,proj-c4-r30-s0,proj-alpaca-r30-s0,L14.gateup,14,gateup,2048,848,0.4140625,0.7509365677833557
init-init,proj-c4-r30-s0,proj-alpaca-r30-s0,L14.down,14,down,2048,848,0.4140625,0.8623855113983154
final-final,proj-c4-r30-s0,proj-alpaca-r30-s0,L14.down,14,down,2048,848,0.4140625,0.8562461137771606
init-init,proj-c4-r30-s0,proj-alpaca-r30-s0,L15.qkv,15,qkv,2048,1248,0.609375,0.8729454278945923
final-final,proj-c4-r30-s0,proj-alpaca-r30-s0,L15.qkv,15,qkv,2048,1248,0.609375,0.8703675866127014
init-init,proj-c4-r30-s0,proj-alpaca-r30-s0,L15.o,15,o,2048,1248,0.609375,0.8995301723480225
final-final,proj-c4-r30-s0,proj-alpaca-r30-s0,L15.o,15,o,2048,1248,0.609375,0.8953733444213867
init-init,proj-c4-r30-s0,proj-alpaca-r30-s0,L15.gateup,15,gateup,2048,848,0.4140625,0.7609264850616455
final-final,proj-c4-r30-s0,proj-alpaca-r30-s0,L15.gateup,15,gateup,2048,848,0.4140625,0.7563934326171875
init-init,proj-c4-r30-s0,proj-alpaca-r30-s0,L15.down,15,down,2048,848,0.4140625,0.8550688624382019
final-final,proj-c4-r30-s0,proj-alpaca-r30-s0,L15.down,15,down,2048,848,0.4140625,0.8493795990943909
init-init,proj-c4-r30-s0,proj-alpaca-r30-s0,L16.qkv,16,qkv,2048,1248,0.609375,0.8747938275337219
final-final,proj-c4-r30-s0,proj-alpaca-r30-s0,L16.qkv,16,qkv,2048,1248,0.609375,0.8721594214439392
init-init,proj-c4-r30-s0,proj-alpaca-r30-s0,L16.o,16,o,2048,1248,0.609375,0.903950035572052
final-final,proj-c4-r30-s0,proj-alpaca-r30-s0,L16.o,16,o,2048,1248,0.609375,0.8997796773910522
init-init,proj-c4-r30-s0,proj-alpaca-r30-s0,L16.gateup,16,gateup,2048,848,0.4140625,0.7628071904182434
final-final,proj-c4-r30-s0,proj-alpaca-r30-s0,L16.gateup,16,gateup,2048,848,0.4140625,0.7586078643798828
init-init,proj-c4-r30-s0,proj-alpaca-r30-s0,L16.down,16,down,2048,848,0.4140625,0.8538471460342407
final-final,proj-c4-r30-s0,proj-alpaca-r30-s0,L16.down,16,down,2048,848,0.4140625,0.8480989336967468
init-init,proj-c4-r30-s0,proj-alpaca-r30-s0,L17.qkv,17,qkv,2048,1248,0.609375,0.8688456416130066
final-final,proj-c4-r30-s0,proj-alpaca-r30-s0,L17.qkv,17,qkv,2048,1248,0.609375,0.8662849068641663
init-init,proj-c4-r30-s0,proj-alpaca-r30-s0,L17.o,17,o,2048,1248,0.609375,0.9100363254547119
final-final,proj-c4-r30-s0,proj-alpaca-r30-s0,L17.o,17,o,2048,1248,0.609375,0.9056838750839233
init-init,proj-c4-r30-s0,proj-alpaca-r30-s0,L17.gateup,17,gateup,2048,848,0.4140625,0.7775163650512695
final-final,proj-c4-r30-s0,proj-alpaca-r30-s0,L17.gateup,17,gateup,2048,848,0.4140625,0.7723008990287781
init-init,proj-c4-r30-s0,proj-alpaca-r30-s0,L17.down,17,down,2048,848,0.4140625,0.8475368022918701
final-final,proj-c4-r30-s0,proj-alpaca-r30-s0,L17.down,17,down,2048,848,0.4140625,0.8417936563491821
init-init,proj-c4-r30-s0,proj-alpaca-r30-s0,L18.qkv,18,qkv,2048,1248,0.609375,0.8726255297660828
final-final,proj-c4-r30-s0,proj-alpaca-r30-s0,L18.qkv,18,qkv,2048,1248,0.609375,0.8700653314590454
init-init,proj-c4-r30-s0,proj-alpaca-r30-s0,L18.o,18,o,2048,1248,0.609375,0.8916033506393433
final-final,proj-c4-r30-s0,proj-alpaca-r30-s0,L18.o,18,o,2048,1248,0.609375,0.8873764276504517
init-init,proj-c4-r30-s0,proj-alpaca-r30-s0,L18.gateup,18,gateup,2048,848,0.4140625,0.7673912048339844
final-final,proj-c4-r30-s0,proj-alpaca-r30-s0,L18.gateup,18,gateup,2048,848,0.4140625,0.7623481750488281
init-init,proj-c4-r30-s0,proj-alpaca-r30-s0,L18.down,18,down,2048,848,0.4140625,0.8387647867202759
final-final,proj-c4-r30-s0,proj-alpaca-r30-s0,L18.down,18,down,2048,848,0.4140625,0.833012580871582
init-init,proj-c4-r30-s0,proj-alpaca-r30-s0,L19.qkv,19,qkv,2048,1248,0.609375,0.8738819360733032
final-final,proj-c4-r30-s0,proj-alpaca-r30-s0,L19.qkv,19,qkv,2048,1248,0.609375,0.8715034127235413
init-init,proj-c4-r30-s0,proj-alpaca-r30-s0,L19.o,19,o,2048,1248,0.609375,0.9077997803688049
final-final,proj-c4-r30-s0,proj-alpaca-r30-s0,L19.o,19,o,2048,1248,0.609375,0.9034861326217651
init-init,proj-c4-r30-s0,proj-alpaca-r30-s0,L19.gateup,19,gateup,2048,848,0.4140625,0.7692440748214722
final-final,proj-c4-r30-s0,proj-alpaca-r30-s0,L19.gateup,19,gateup,2048,848,0.4140625,0.7643290758132935
init-init,proj-c4-r30-s0,proj-alpaca-r30-s0,L19.down,19,down,2048,848,0.4140625,0.8499770164489746
final-final,proj-c4-r30-s0,proj-alpaca-r30-s0,L19.down,19,down,2048,848,0.4140625,0.8440413475036621
init-init,proj-c4-r30-s0,proj-alpaca-r30-s0,L20.qkv,20,qkv,2048,1248,0.609375,0.8805835843086243
final-final,proj-c4-r30-s0,proj-alpaca-r30-s0,L20.qkv,20,qkv,2048,1248,0.609375,0.8782435059547424
init-init,proj-c4-r30-s0,proj-alpaca-r30-s0,L20.o,20,o,2048,1248,0.609375,0.8983903527259827
final-final,proj-c4-r30-s0,proj-alpaca-r30-s0,L20.o,20,o,2048,1248,0.609375,0.8934568166732788
init-init,proj-c4-r30-s0,proj-alpaca-r30-s0,L20.gateup,20,gateup,2048,848,0.4140625,0.7787531614303589
final-final,proj-c4-r30-s0,proj-alpaca-r30-s0,L20.gateup,20,gateup,2048,848,0.4140625,0.7734549045562744
init-init,proj-c4-r30-s0,proj-alpaca-r30-s0,L20.down,20,down,2048,848,0.4140625,0.8441953063011169
final-final,proj-c4-r30-s0,proj-alpaca-r30-s0,L20.down,20,down,2048,848,0.4140625,0.8376770615577698
init-init,proj-c4-r30-s0,proj-alpaca-r30-s0,L21.qkv,21,qkv,2048,1248,0.609375,0.8746987581253052
final-final,proj-c4-r30-s0,proj-alpaca-r30-s0,L21.qkv,21,qkv,2048,1248,0.609375,0.872250497341156
init-init,proj-c4-r30-s0,proj-alpaca-r30-s0,L21.o,21,o,2048,1248,0.609375,0.8975703120231628
final-final,proj-c4-r30-s0,proj-alpaca-r30-s0,L21.o,21,o,2048,1248,0.609375,0.8927254676818848
init-init,proj-c4-r30-s0,proj-alpaca-r30-s0,L21.gateup,21,gateup,2048,848,0.4140625,0.7766591310501099
final-final,proj-c4-r30-s0,proj-alpaca-r30-s0,L21.gateup,21,gateup,2048,848,0.4140625,0.7710900902748108
init-init,proj-c4-r30-s0,proj-alpaca-r30-s0,L21.down,21,down,2048,848,0.4140625,0.8322693705558777
final-final,proj-c4-r30-s0,proj-alpaca-r30-s0,L21.down,21,down,2048,848,0.4140625,0.8259119391441345
init-init,proj-c4-r30-s0,proj-alpaca-r30-s0,L22.qkv,22,qkv,2048,1248,0.609375,0.8763238787651062
final-final,proj-c4-r30-s0,proj-alpaca-r30-s0,L22.qkv,22,qkv,2048,1248,0.609375,0.8738704919815063
init-init,proj-c4-r30-s0,proj-alpaca-r30-s0,L22.o,22,o,2048,1248,0.609375,0.8823131918907166
final-final,proj-c4-r30-s0,proj-alpaca-r30-s0,L22.o,22,o,2048,1248,0.609375,0.8783090114593506
init-init,proj-c4-r30-s0,proj-alpaca-r30-s0,L22.gateup,22,gateup,2048,848,0.4140625,0.7742826342582703
final-final,proj-c4-r30-s0,proj-alpaca-r30-s0,L22.gateup,22,gateup,2048,848,0.4140625,0.7684755921363831
init-init,proj-c4-r30-s0,proj-alpaca-r30-s0,L22.down,22,down,2048,848,0.4140625,0.8300662040710449
final-final,proj-c4-r30-s0,proj-alpaca-r30-s0,L22.down,22,down,2048,848,0.4140625,0.8236590623855591
init-init,proj-c4-r30-s0,proj-alpaca-r30-s0,L23.qkv,23,qkv,2048,1248,0.609375,0.8730761408805847
final-final,proj-c4-r30-s0,proj-alpaca-r30-s0,L23.qkv,23,qkv,2048,1248,0.609375,0.8706956505775452
init-init,proj-c4-r30-s0,proj-alpaca-r30-s0,L23.o,23,o,2048,1248,0.609375,0.864222526550293
final-final,proj-c4-r30-s0,proj-alpaca-r30-s0,L23.o,23,o,2048,1248,0.609375,0.8599726557731628
init-init,proj-c4-r30-s0,proj-alpaca-r30-s0,L23.gateup,23,gateup,2048,848,0.4140625,0.7664006352424622
final-final,proj-c4-r30-s0,proj-alpaca-r30-s0,L23.gateup,23,gateup,2048,848,0.4140625,0.7602549195289612
init-init,proj-c4-r30-s0,proj-alpaca-r30-s0,L23.down,23,down,2048,848,0.4140625,0.8409163355827332
final-final,proj-c4-r30-s0,proj-alpaca-r30-s0,L23.down,23,down,2048,848,0.4140625,0.8343673944473267
init-init,proj-c4-r30-s0,proj-alpaca-r30-s0,L24.qkv,24,qkv,2048,1248,0.609375,0.8731306195259094
final-final,proj-c4-r30-s0,proj-alpaca-r30-s0,L24.qkv,24,qkv,2048,1248,0.609375,0.8705348372459412
init-init,proj-c4-r30-s0,proj-alpaca-r30-s0,L24.o,24,o,2048,1248,0.609375,0.8433039784431458
final-final,proj-c4-r30-s0,proj-alpaca-r30-s0,L24.o,24,o,2048,1248,0.609375,0.8395896553993225
init-init,proj-c4-r30-s0,proj-alpaca-r30-s0,L24.gateup,24,gateup,2048,848,0.4140625,0.7614416480064392
final-final,proj-c4-r30-s0,proj-alpaca-r30-s0,L24.gateup,24,gateup,2048,848,0.4140625,0.7554563283920288
init-init,proj-c4-r30-s0,proj-alpaca-r30-s0,L24.down,24,down,2048,848,0.4140625,0.8428028225898743
final-final,proj-c4-r30-s0,proj-alpaca-r30-s0,L24.down,24,down,2048,848,0.4140625,0.836860179901123
init-init,proj-c4-r30-s0,proj-alpaca-r30-s0,L25.qkv,25,qkv,2048,1248,0.609375,0.8738049268722534
final-final,proj-c4-r30-s0,proj-alpaca-r30-s0,L25.qkv,25,qkv,2048,1248,0.609375,0.8709955811500549
init-init,proj-c4-r30-s0,proj-alpaca-r30-s0,L25.o,25,o,2048,1248,0.609375,0.8161879777908325
final-final,proj-c4-r30-s0,proj-alpaca-r30-s0,L25.o,25,o,2048,1248,0.609375,0.8128993511199951
init-init,proj-c4-r30-s0,proj-alpaca-r30-s0,L25.gateup,25,gateup,2048,848,0.4140625,0.7559835314750671
final-final,proj-c4-r30-s0,proj-alpaca-r30-s0,L25.gateup,25,gateup,2048,848,0.4140625,0.7504831552505493
init-init,proj-c4-r30-s0,proj-alpaca-r30-s0,L25.down,25,down,2048,848,0.4140625,0.8414053320884705
final-final,proj-c4-r30-s0,proj-alpaca-r30-s0,L25.down,25,down,2048,848,0.4140625,0.8351808786392212
init-init,proj-c4-r30-s0,proj-alpaca-r30-s0,L26.qkv,26,qkv,2048,1248,0.609375,0.8753519654273987
final-final,proj-c4-r30-s0,proj-alpaca-r30-s0,L26.qkv,26,qkv,2048,1248,0.609375,0.8729371428489685
init-init,proj-c4-r30-s0,proj-alpaca-r30-s0,L26.o,26,o,2048,1248,0.609375,0.8222984075546265
final-final,proj-c4-r30-s0,proj-alpaca-r30-s0,L26.o,26,o,2048,1248,0.609375,0.8191675543785095
init-init,proj-c4-r30-s0,proj-alpaca-r30-s0,L26.gateup,26,gateup,2048,848,0.4140625,0.7511529922485352
final-final,proj-c4-r30-s0,proj-alpaca-r30-s0,L26.gateup,26,gateup,2048,848,0.4140625,0.7470839023590088
init-init,proj-c4-r30-s0,proj-alpaca-r30-s0,L26.down,26,down,2048,848,0.4140625,0.8405106663703918
final-final,proj-c4-r30-s0,proj-alpaca-r30-s0,L26.down,26,down,2048,848,0.4140625,0.8362504839897156
init-init,proj-c4-r30-s0,proj-alpaca-r30-s0,L27.qkv,27,qkv,2048,1248,0.609375,0.8408418297767639
final-final,proj-c4-r30-s0,proj-alpaca-r30-s0,L27.qkv,27,qkv,2048,1248,0.609375,0.8383082747459412
init-init,proj-c4-r30-s0,proj-alpaca-r30-s0,L27.o,27,o,2048,1248,0.609375,0.8911719918251038
final-final,proj-c4-r30-s0,proj-alpaca-r30-s0,L27.o,27,o,2048,1248,0.609375,0.8880126476287842
init-init,proj-c4-r30-s0,proj-alpaca-r30-s0,L27.gateup,27,gateup,2048,848,0.4140625,0.7330360412597656
final-final,proj-c4-r30-s0,proj-alpaca-r30-s0,L27.gateup,27,gateup,2048,848,0.4140625,0.7309099435806274
init-init,proj-c4-r30-s0,proj-alpaca-r30-s0,L27.down,27,down,2048,848,0.4140625,0.8278304934501648
final-final,proj-c4-r30-s0,proj-alpaca-r30-s0,L27.down,27,down,2048,848,0.4140625,0.8268316388130188
init-init,proj-c4-r30-s0,proj-selfgen-r30-s0,L0.qkv,0,qkv,2048,1248,0.609375,0.8521261215209961
final-final,proj-c4-r30-s0,proj-selfgen-r30-s0,L0.qkv,0,qkv,2048,1248,0.609375,0.8479170203208923
init-init,proj-c4-r30-s0,proj-selfgen-r30-s0,L0.o,0,o,2048,1248,0.609375,0.9252796769142151
final-final,proj-c4-r30-s0,proj-selfgen-r30-s0,L0.o,0,o,2048,1248,0.609375,0.9197003245353699
init-init,proj-c4-r30-s0,proj-selfgen-r30-s0,L0.gateup,0,gateup,2048,848,0.4140625,0.9381429553031921
final-final,proj-c4-r30-s0,proj-selfgen-r30-s0,L0.gateup,0,gateup,2048,848,0.4140625,0.9288827776908875
init-init,proj-c4-r30-s0,proj-selfgen-r30-s0,L0.down,0,down,2048,848,0.4140625,0.7989768981933594
final-final,proj-c4-r30-s0,proj-selfgen-r30-s0,L0.down,0,down,2048,848,0.4140625,0.7925119996070862
init-init,proj-c4-r30-s0,proj-selfgen-r30-s0,L1.qkv,1,qkv,2048,1248,0.609375,0.8664972186088562
final-final,proj-c4-r30-s0,proj-selfgen-r30-s0,L1.qkv,1,qkv,2048,1248,0.609375,0.860919177532196
init-init,proj-c4-r30-s0,proj-selfgen-r30-s0,L1.o,1,o,2048,1248,0.609375,0.8932616710662842
final-final,proj-c4-r30-s0,proj-selfgen-r30-s0,L1.o,1,o,2048,1248,0.609375,0.8876110911369324
init-init,proj-c4-r30-s0,proj-selfgen-r30-s0,L1.gateup,1,gateup,2048,848,0.4140625,0.7892767190933228
final-final,proj-c4-r30-s0,proj-selfgen-r30-s0,L1.gateup,1,gateup,2048,848,0.4140625,0.7831233739852905
init-init,proj-c4-r30-s0,proj-selfgen-r30-s0,L1.down,1,down,2048,848,0.4140625,0.7701178789138794
final-final,proj-c4-r30-s0,proj-selfgen-r30-s0,L1.down,1,down,2048,848,0.4140625,0.7642109990119934
init-init,proj-c4-r30-s0,proj-selfgen-r30-s0,L2.qkv,2,qkv,2048,1248,0.609375,0.862153947353363
final-final,proj-c4-r30-s0,proj-selfgen-r30-s0,L2.qkv,2,qkv,2048,1248,0.609375,0.857354998588562
init-init,proj-c4-r30-s0,proj-selfgen-r30-s0,L2.o,2,o,2048,1248,0.609375,0.9085339307785034
final-final,proj-c4-r30-s0,proj-selfgen-r30-s0,L2.o,2,o,2048,1248,0.609375,0.9028766751289368
init-init,proj-c4-r30-s0,proj-selfgen-r30-s0,L2.gateup,2,gateup,2048,848,0.4140625,0.756154477596283
final-final,proj-c4-r30-s0,proj-selfgen-r30-s0,L2.gateup,2,gateup,2048,848,0.4140625,0.7504815459251404
init-init,proj-c4-r30-s0,proj-selfgen-r30-s0,L2.down,2,down,2048,848,0.4140625,0.8446990847587585
final-final,proj-c4-r30-s0,proj-selfgen-r30-s0,L2.down,2,down,2048,848,0.4140625,0.8378546237945557
init-init,proj-c4-r30-s0,proj-selfgen-r30-s0,L3.qkv,3,qkv,2048,1248,0.609375,0.8694209456443787
final-final,proj-c4-r30-s0,proj-selfgen-r30-s0,L3.qkv,3,qkv,2048,1248,0.609375,0.865683913230896
init-init,proj-c4-r30-s0,proj-selfgen-r30-s0,L3.o,3,o,2048,1248,0.609375,0.8621052503585815
final-final,proj-c4-r30-s0,proj-selfgen-r30-s0,L3.o,3,o,2048,1248,0.609375,0.856395423412323
init-init,proj-c4-r30-s0,proj-selfgen-r30-s0,L3.gateup,3,gateup,2048,848,0.4140625,0.7678145170211792
final-final,proj-c4-r30-s0,proj-selfgen-r30-s0,L3.gateup,3,gateup,2048,848,0.4140625,0.761786699295044
init-init,proj-c4-r30-s0,proj-selfgen-r30-s0,L3.down,3,down,2048,848,0.4140625,0.8406478762626648
final-final,proj-c4-r30-s0,proj-selfgen-r30-s0,L3.down,3,down,2048,848,0.4140625,0.8330572247505188
init-init,proj-c4-r30-s0,proj-selfgen-r30-s0,L4.qkv,4,qkv,2048,1248,0.609375,0.8706406950950623
final-final,proj-c4-r30-s0,proj-selfgen-r30-s0,L4.qkv,4,qkv,2048,1248,0.609375,0.8669286966323853
init-init,proj-c4-r30-s0,proj-selfgen-r30-s0,L4.o,4,o,2048,1248,0.609375,0.8768535852432251
final-final,proj-c4-r30-s0,proj-selfgen-r30-s0,L4.o,4,o,2048,1248,0.609375,0.8716748952865601
init-init,proj-c4-r30-s0,proj-selfgen-r30-s0,L4.gateup,4,gateup,2048,848,0.4140625,0.7688062787055969
final-final,proj-c4-r30-s0,proj-selfgen-r30-s0,L4.gateup,4,gateup,2048,848,0.4140625,0.762951672077179
init-init,proj-c4-r30-s0,proj-selfgen-r30-s0,L4.down,4,down,2048,848,0.4140625,0.8267654180526733
final-final,proj-c4-r30-s0,proj-selfgen-r30-s0,L4.down,4,down,2048,848,0.4140625,0.8200597167015076
init-init,proj-c4-r30-s0,proj-selfgen-r30-s0,L5.qkv,5,qkv,2048,1248,0.609375,0.8703652620315552
final-final,proj-c4-r30-s0,proj-selfgen-r30-s0,L5.qkv,5,qkv,2048,1248,0.609375,0.867041289806366
init-init,proj-c4-r30-s0,proj-selfgen-r30-s0,L5.o,5,o,2048,1248,0.609375,0.9027785658836365
final-final,proj-c4-r30-s0,proj-selfgen-r30-s0,L5.o,5,o,2048,1248,0.609375,0.8972352147102356
init-init,proj-c4-r30-s0,proj-selfgen-r30-s0,L5.gateup,5,gateup,2048,848,0.4140625,0.7540174126625061
final-final,proj-c4-r30-s0,proj-selfgen-r30-s0,L5.gateup,5,gateup,2048,848,0.4140625,0.7483553886413574
init-init,proj-c4-r30-s0,proj-selfgen-r30-s0,L5.down,5,down,2048,848,0.4140625,0.8513244390487671
final-final,proj-c4-r30-s0,proj-selfgen-r30-s0,L5.down,5,down,2048,848,0.4140625,0.8441862463951111
init-init,proj-c4-r30-s0,proj-selfgen-r30-s0,L6.qkv,6,qkv,2048,1248,0.609375,0.8808987140655518
final-final,proj-c4-r30-s0,proj-selfgen-r30-s0,L6.qkv,6,qkv,2048,1248,0.609375,0.8770301938056946
init-init,proj-c4-r30-s0,proj-selfgen-r30-s0,L6.o,6,o,2048,1248,0.609375,0.8989997506141663
final-final,proj-c4-r30-s0,proj-selfgen-r30-s0,L6.o,6,o,2048,1248,0.609375,0.8934420347213745
init-init,proj-c4-r30-s0,proj-selfgen-r30-s0,L6.gateup,6,gateup,2048,848,0.4140625,0.7570047378540039
final-final,proj-c4-r30-s0,proj-selfgen-r30-s0,L6.gateup,6,gateup,2048,848,0.4140625,0.7514263391494751
init-init,proj-c4-r30-s0,proj-selfgen-r30-s0,L6.down,6,down,2048,848,0.4140625,0.8413016200065613
final-final,proj-c4-r30-s0,proj-selfgen-r30-s0,L6.down,6,down,2048,848,0.4140625,0.8342909812927246
init-init,proj-c4-r30-s0,proj-selfgen-r30-s0,L7.qkv,7,qkv,2048,1248,0.609375,0.8675845265388489
final-final,proj-c4-r30-s0,proj-selfgen-r30-s0,L7.qkv,7,qkv,2048,1248,0.609375,0.863924503326416
init-init,proj-c4-r30-s0,proj-selfgen-r30-s0,L7.o,7,o,2048,1248,0.609375,0.8991250395774841
final-final,proj-c4-r30-s0,proj-selfgen-r30-s0,L7.o,7,o,2048,1248,0.609375,0.8940467834472656
init-init,proj-c4-r30-s0,proj-selfgen-r30-s0,L7.gateup,7,gateup,2048,848,0.4140625,0.748630702495575
final-final,proj-c4-r30-s0,proj-selfgen-r30-s0,L7.gateup,7,gateup,2048,848,0.4140625,0.7429834008216858
init-init,proj-c4-r30-s0,proj-selfgen-r30-s0,L7.down,7,down,2048,848,0.4140625,0.8505358099937439
final-final,proj-c4-r30-s0,proj-selfgen-r30-s0,L7.down,7,down,2048,848,0.4140625,0.8437245488166809
init-init,proj-c4-r30-s0,proj-selfgen-r30-s0,L8.qkv,8,qkv,2048,1248,0.609375,0.8754739165306091
final-final,proj-c4-r30-s0,proj-selfgen-r30-s0,L8.qkv,8,qkv,2048,1248,0.609375,0.8718005418777466
init-init,proj-c4-r30-s0,proj-selfgen-r30-s0,L8.o,8,o,2048,1248,0.609375,0.8600878715515137
final-final,proj-c4-r30-s0,proj-selfgen-r30-s0,L8.o,8,o,2048,1248,0.609375,0.8549126982688904
init-init,proj-c4-r30-s0,proj-selfgen-r30-s0,L8.gateup,8,gateup,2048,848,0.4140625,0.7369050979614258
final-final,proj-c4-r30-s0,proj-selfgen-r30-s0,L8.gateup,8,gateup,2048,848,0.4140625,0.7317129969596863
init-init,proj-c4-r30-s0,proj-selfgen-r30-s0,L8.down,8,down,2048,848,0.4140625,0.8426355719566345
final-final,proj-c4-r30-s0,proj-selfgen-r30-s0,L8.down,8,down,2048,848,0.4140625,0.8360463380813599
init-init,proj-c4-r30-s0,proj-selfgen-r30-s0,L9.qkv,9,qkv,2048,1248,0.609375,0.8737863302230835
final-final,proj-c4-r30-s0,proj-selfgen-r30-s0,L9.qkv,9,qkv,2048,1248,0.609375,0.8705765008926392
init-init,proj-c4-r30-s0,proj-selfgen-r30-s0,L9.o,9,o,2048,1248,0.609375,0.891531229019165
final-final,proj-c4-r30-s0,proj-selfgen-r30-s0,L9.o,9,o,2048,1248,0.609375,0.886221170425415
init-init,proj-c4-r30-s0,proj-selfgen-r30-s0,L9.gateup,9,gateup,2048,848,0.4140625,0.7410579919815063
final-final,proj-c4-r30-s0,proj-selfgen-r30-s0,L9.gateup,9,gateup,2048,848,0.4140625,0.73561030626297
init-init,proj-c4-r30-s0,proj-selfgen-r30-s0,L9.down,9,down,2048,848,0.4140625,0.8312731981277466
final-final,proj-c4-r30-s0,proj-selfgen-r30-s0,L9.down,9,down,2048,848,0.4140625,0.8250752687454224
init-init,proj-c4-r30-s0,proj-selfgen-r30-s0,L10.qkv,10,qkv,2048,1248,0.609375,0.8653774857521057
final-final,proj-c4-r30-s0,proj-selfgen-r30-s0,L10.qkv,10,qkv,2048,1248,0.609375,0.861518383026123
init-init,proj-c4-r30-s0,proj-selfgen-r30-s0,L10.o,10,o,2048,1248,0.609375,0.9031254053115845
final-final,proj-c4-r30-s0,proj-selfgen-r30-s0,L10.o,10,o,2048,1248,0.609375,0.8974214196205139
init-init,proj-c4-r30-s0,proj-selfgen-r30-s0,L10.gateup,10,gateup,2048,848,0.4140625,0.7332204580307007
final-final,proj-c4-r30-s0,proj-selfgen-r30-s0,L10.gateup,10,gateup,2048,848,0.4140625,0.7283070087432861
init-init,proj-c4-r30-s0,proj-selfgen-r30-s0,L10.down,10,down,2048,848,0.4140625,0.8278155326843262
final-final,proj-c4-r30-s0,proj-selfgen-r30-s0,L10.down,10,down,2048,848,0.4140625,0.8218300342559814
init-init,proj-c4-r30-s0,proj-selfgen-r30-s0,L11.qkv,11,qkv,2048,1248,0.609375,0.8795449733734131
final-final,proj-c4-r30-s0,proj-selfgen-r30-s0,L11.qkv,11,qkv,2048,1248,0.609375,0.8752719163894653
init-init,proj-c4-r30-s0,proj-selfgen-r30-s0,L11.o,11,o,2048,1248,0.609375,0.9163514375686646
final-final,proj-c4-r30-s0,proj-selfgen-r30-s0,L11.o,11,o,2048,1248,0.609375,0.9107853174209595
init-init,proj-c4-r30-s0,proj-selfgen-r30-s0,L11.gateup,11,gateup,2048,848,0.4140625,0.7363637089729309
final-final,proj-c4-r30-s0,proj-selfgen-r30-s0,L11.gateup,11,gateup,2048,848,0.4140625,0.7307222485542297
init-init,proj-c4-r30-s0,proj-selfgen-r30-s0,L11.down,11,down,2048,848,0.4140625,0.8436258435249329
final-final,proj-c4-r30-s0,proj-selfgen-r30-s0,L11.down,11,down,2048,848,0.4140625,0.8369095921516418
init-init,proj-c4-r30-s0,proj-selfgen-r30-s0,L12.qkv,12,qkv,2048,1248,0.609375,0.8705816864967346
final-final,proj-c4-r30-s0,proj-selfgen-r30-s0,L12.qkv,12,qkv,2048,1248,0.609375,0.8667202591896057
init-init,proj-c4-r30-s0,proj-selfgen-r30-s0,L12.o,12,o,2048,1248,0.609375,0.8996036648750305
final-final,proj-c4-r30-s0,proj-selfgen-r30-s0,L12.o,12,o,2048,1248,0.609375,0.8938297629356384
init-init,proj-c4-r30-s0,proj-selfgen-r30-s0,L12.gateup,12,gateup,2048,848,0.4140625,0.7343028783798218
final-final,proj-c4-r30-s0,proj-selfgen-r30-s0,L12.gateup,12,gateup,2048,848,0.4140625,0.7286109328269958
init-init,proj-c4-r30-s0,proj-selfgen-r30-s0,L12.down,12,down,2048,848,0.4140625,0.8527731895446777
final-final,proj-c4-r30-s0,proj-selfgen-r30-s0,L12.down,12,down,2048,848,0.4140625,0.8461863994598389
init-init,proj-c4-r30-s0,proj-selfgen-r30-s0,L13.qkv,13,qkv,2048,1248,0.609375,0.876498281955719
final-final,proj-c4-r30-s0,proj-selfgen-r30-s0,L13.qkv,13,qkv,2048,1248,0.609375,0.8720217943191528
init-init,proj-c4-r30-s0,proj-selfgen-r30-s0,L13.o,13,o,2048,1248,0.609375,0.9096651673316956
final-final,proj-c4-r30-s0,proj-selfgen-r30-s0,L13.o,13,o,2048,1248,0.609375,0.9041208028793335
init-init,proj-c4-r30-s0,proj-selfgen-r30-s0,L13.gateup,13,gateup,2048,848,0.4140625,0.7353534698486328
final-final,proj-c4-r30-s0,proj-selfgen-r30-s0,L13.gateup,13,gateup,2048,848,0.4140625,0.729518711566925
init-init,proj-c4-r30-s0,proj-selfgen-r30-s0,L13.down,13,down,2048,848,0.4140625,0.855685830116272
final-final,proj-c4-r30-s0,proj-selfgen-r30-s0,L13.down,13,down,2048,848,0.4140625,0.8489593267440796
init-init,proj-c4-r30-s0,proj-selfgen-r30-s0,L14.qkv,14,qkv,2048,1248,0.609375,0.8765261769294739
final-final,proj-c4-r30-s0,proj-selfgen-r30-s0,L14.qkv,14,qkv,2048,1248,0.609375,0.8728333711624146
init-init,proj-c4-r30-s0,proj-selfgen-r30-s0,L14.o,14,o,2048,1248,0.609375,0.9065434336662292
final-final,proj-c4-r30-s0,proj-selfgen-r30-s0,L14.o,14,o,2048,1248,0.609375,0.9012863039970398
init-init,proj-c4-r30-s0,proj-selfgen-r30-s0,L14.gateup,14,gateup,2048,848,0.4140625,0.7347448468208313
final-final,proj-c4-r30-s0,proj-selfgen-r30-s0,L14.gateup,14,gateup,2048,848,0.4140625,0.7294740676879883
init-init,proj-c4-r30-s0,proj-selfgen-r30-s0,L14.down,14,down,2048,848,0.4140625,0.8584764003753662
final-final,proj-c4-r30-s0,proj-selfgen-r30-s0,L14.down,14,down,2048,848,0.4140625,0.8521295785903931
init-init,proj-c4-r30-s0,proj-selfgen-r30-s0,L15.qkv,15,qkv,2048,1248,0.609375,0.8763120770454407
final-final,proj-c4-r30-s0,proj-selfgen-r30-s0,L15.qkv,15,qkv,2048,1248,0.609375,0.8728928565979004
init-init,proj-c4-r30-s0,proj-selfgen-r30-s0,L15.o,15,o,2048,1248,0.609375,0.9032629132270813
final-final,proj-c4-r30-s0,proj-selfgen-r30-s0,L15.o,15,o,2048,1248,0.609375,0.8977516293525696
init-init,proj-c4-r30-s0,proj-selfgen-r30-s0,L15.gateup,15,gateup,2048,848,0.4140625,0.7416180372238159
final-final,proj-c4-r30-s0,proj-selfgen-r30-s0,L15.gateup,15,gateup,2048,848,0.4140625,0.7362614274024963
init-init,proj-c4-r30-s0,proj-selfgen-r30-s0,L15.down,15,down,2048,848,0.4140625,0.8446961045265198
final-final,proj-c4-r30-s0,proj-selfgen-r30-s0,L15.down,15,down,2048,848,0.4140625,0.8386282920837402
init-init,proj-c4-r30-s0,proj-selfgen-r30-s0,L16.qkv,16,qkv,2048,1248,0.609375,0.8771812319755554
final-final,proj-c4-r30-s0,proj-selfgen-r30-s0,L16.qkv,16,qkv,2048,1248,0.609375,0.8738380074501038
init-init,proj-c4-r30-s0,proj-selfgen-r30-s0,L16.o,16,o,2048,1248,0.609375,0.9037346839904785
final-final,proj-c4-r30-s0,proj-selfgen-r30-s0,L16.o,16,o,2048,1248,0.609375,0.8982301354408264
init-init,proj-c4-r30-s0,proj-selfgen-r30-s0,L16.gateup,16,gateup,2048,848,0.4140625,0.7427981495857239
final-final,proj-c4-r30-s0,proj-selfgen-r30-s0,L16.gateup,16,gateup,2048,848,0.4140625,0.7382815480232239
init-init,proj-c4-r30-s0,proj-selfgen-r30-s0,L16.down,16,down,2048,848,0.4140625,0.8327317237854004
final-final,proj-c4-r30-s0,proj-selfgen-r30-s0,L16.down,16,down,2048,848,0.4140625,0.8269427418708801
init-init,proj-c4-r30-s0,proj-selfgen-r30-s0,L17.qkv,17,qkv,2048,1248,0.609375,0.8594663739204407
final-final,proj-c4-r30-s0,proj-selfgen-r30-s0,L17.qkv,17,qkv,2048,1248,0.609375,0.8564411401748657
init-init,proj-c4-r30-s0,proj-selfgen-r30-s0,L17.o,17,o,2048,1248,0.609375,0.911418616771698
final-final,proj-c4-r30-s0,proj-selfgen-r30-s0,L17.o,17,o,2048,1248,0.609375,0.905875027179718
init-init,proj-c4-r30-s0,proj-selfgen-r30-s0,L17.gateup,17,gateup,2048,848,0.4140625,0.7468823194503784
final-final,proj-c4-r30-s0,proj-selfgen-r30-s0,L17.gateup,17,gateup,2048,848,0.4140625,0.7415787577629089
init-init,proj-c4-r30-s0,proj-selfgen-r30-s0,L17.down,17,down,2048,848,0.4140625,0.8078957200050354
final-final,proj-c4-r30-s0,proj-selfgen-r30-s0,L17.down,17,down,2048,848,0.4140625,0.8023792505264282
init-init,proj-c4-r30-s0,proj-selfgen-r30-s0,L18.qkv,18,qkv,2048,1248,0.609375,0.8603330850601196
final-final,proj-c4-r30-s0,proj-selfgen-r30-s0,L18.qkv,18,qkv,2048,1248,0.609375,0.8572790026664734
init-init,proj-c4-r30-s0,proj-selfgen-r30-s0,L18.o,18,o,2048,1248,0.609375,0.8800977468490601
final-final,proj-c4-r30-s0,proj-selfgen-r30-s0,L18.o,18,o,2048,1248,0.609375,0.8750218152999878
init-init,proj-c4-r30-s0,proj-selfgen-r30-s0,L18.gateup,18,gateup,2048,848,0.4140625,0.7210994958877563
final-final,proj-c4-r30-s0,proj-selfgen-r30-s0,L18.gateup,18,gateup,2048,848,0.4140625,0.7162523865699768
init-init,proj-c4-r30-s0,proj-selfgen-r30-s0,L18.down,18,down,2048,848,0.4140625,0.7980840802192688
final-final,proj-c4-r30-s0,proj-selfgen-r30-s0,L18.down,18,down,2048,848,0.4140625,0.7927172780036926
init-init,proj-c4-r30-s0,proj-selfgen-r30-s0,L19.qkv,19,qkv,2048,1248,0.609375,0.8570777773857117
final-final,proj-c4-r30-s0,proj-selfgen-r30-s0,L19.qkv,19,qkv,2048,1248,0.609375,0.8541967868804932
init-init,proj-c4-r30-s0,proj-selfgen-r30-s0,L19.o,19,o,2048,1248,0.609375,0.8913363218307495
final-final,proj-c4-r30-s0,proj-selfgen-r30-s0,L19.o,19,o,2048,1248,0.609375,0.8863617181777954
init-init,proj-c4-r30-s0,proj-selfgen-r30-s0,L19.gateup,19,gateup,2048,848,0.4140625,0.7175558805465698
final-final,proj-c4-r30-s0,proj-selfgen-r30-s0,L19.gateup,19,gateup,2048,848,0.4140625,0.7129866480827332
init-init,proj-c4-r30-s0,proj-selfgen-r30-s0,L19.down,19,down,2048,848,0.4140625,0.8080394268035889
final-final,proj-c4-r30-s0,proj-selfgen-r30-s0,L19.down,19,down,2048,848,0.4140625,0.802256166934967
init-init,proj-c4-r30-s0,proj-selfgen-r30-s0,L20.qkv,20,qkv,2048,1248,0.609375,0.861186683177948
final-final,proj-c4-r30-s0,proj-selfgen-r30-s0,L20.qkv,20,qkv,2048,1248,0.609375,0.8585222959518433
init-init,proj-c4-r30-s0,proj-selfgen-r30-s0,L20.o,20,o,2048,1248,0.609375,0.8743215799331665
final-final,proj-c4-r30-s0,proj-selfgen-r30-s0,L20.o,20,o,2048,1248,0.609375,0.868996262550354
init-init,proj-c4-r30-s0,proj-selfgen-r30-s0,L20.gateup,20,gateup,2048,848,0.4140625,0.716733992099762
final-final,proj-c4-r30-s0,proj-selfgen-r30-s0,L20.gateup,20,gateup,2048,848,0.4140625,0.7120190262794495
init-init,proj-c4-r30-s0,proj-selfgen-r30-s0,L20.down,20,down,2048,848,0.4140625,0.8026878833770752
final-final,proj-c4-r30-s0,proj-selfgen-r30-s0,L20.down,20,down,2048,848,0.4140625,0.7966776490211487
init-init,proj-c4-r30-s0,proj-selfgen-r30-s0,L21.qkv,21,qkv,2048,1248,0.609375,0.8535224795341492
final-final,proj-c4-r30-s0,proj-selfgen-r30-s0,L21.qkv,21,qkv,2048,1248,0.609375,0.8507483005523682
init-init,proj-c4-r30-s0,proj-selfgen-r30-s0,L21.o,21,o,2048,1248,0.609375,0.8757595419883728
final-final,proj-c4-r30-s0,proj-selfgen-r30-s0,L21.o,21,o,2048,1248,0.609375,0.8704190254211426
init-init,proj-c4-r30-s0,proj-selfgen-r30-s0,L21.gateup,21,gateup,2048,848,0.4140625,0.7063257694244385
final-final,proj-c4-r30-s0,proj-selfgen-r30-s0,L21.gateup,21,gateup,2048,848,0.4140625,0.7017121315002441
init-init,proj-c4-r30-s0,proj-selfgen-r30-s0,L21.down,21,down,2048,848,0.4140625,0.7846053838729858
final-final,proj-c4-r30-s0,proj-selfgen-r30-s0,L21.down,21,down,2048,848,0.4140625,0.7786421775817871
init-init,proj-c4-r30-s0,proj-selfgen-r30-s0,L22.qkv,22,qkv,2048,1248,0.609375,0.8521368503570557
final-final,proj-c4-r30-s0,proj-selfgen-r30-s0,L22.qkv,22,qkv,2048,1248,0.609375,0.8494671583175659
init-init,proj-c4-r30-s0,proj-selfgen-r30-s0,L22.o,22,o,2048,1248,0.609375,0.8518229126930237
final-final,proj-c4-r30-s0,proj-selfgen-r30-s0,L22.o,22,o,2048,1248,0.609375,0.8473324775695801
init-init,proj-c4-r30-s0,proj-selfgen-r30-s0,L22.gateup,22,gateup,2048,848,0.4140625,0.7040407061576843
final-final,proj-c4-r30-s0,proj-selfgen-r30-s0,L22.gateup,22,gateup,2048,848,0.4140625,0.6990510821342468
init-init,proj-c4-r30-s0,proj-selfgen-r30-s0,L22.down,22,down,2048,848,0.4140625,0.7770936489105225
final-final,proj-c4-r30-s0,proj-selfgen-r30-s0,L22.down,22,down,2048,848,0.4140625,0.7712513208389282
init-init,proj-c4-r30-s0,proj-selfgen-r30-s0,L23.qkv,23,qkv,2048,1248,0.609375,0.8475242257118225
final-final,proj-c4-r30-s0,proj-selfgen-r30-s0,L23.qkv,23,qkv,2048,1248,0.609375,0.8450620770454407
init-init,proj-c4-r30-s0,proj-selfgen-r30-s0,L23.o,23,o,2048,1248,0.609375,0.8522550463676453
final-final,proj-c4-r30-s0,proj-selfgen-r30-s0,L23.o,23,o,2048,1248,0.609375,0.8471964597702026
init-init,proj-c4-r30-s0,proj-selfgen-r30-s0,L23.gateup,23,gateup,2048,848,0.4140625,0.6913228631019592
final-final,proj-c4-r30-s0,proj-selfgen-r30-s0,L23.gateup,23,gateup,2048,848,0.4140625,0.6863237619400024
init-init,proj-c4-r30-s0,proj-selfgen-r30-s0,L23.down,23,down,2048,848,0.4140625,0.7895268797874451
final-final,proj-c4-r30-s0,proj-selfgen-r30-s0,L23.down,23,down,2048,848,0.4140625,0.7835139036178589
init-init,proj-c4-r30-s0,proj-selfgen-r30-s0,L24.qkv,24,qkv,2048,1248,0.609375,0.849148690700531
final-final,proj-c4-r30-s0,proj-selfgen-r30-s0,L24.qkv,24,qkv,2048,1248,0.609375,0.8463115096092224
init-init,proj-c4-r30-s0,proj-selfgen-r30-s0,L24.o,24,o,2048,1248,0.609375,0.8406389951705933
final-final,proj-c4-r30-s0,proj-selfgen-r30-s0,L24.o,24,o,2048,1248,0.609375,0.8360673785209656
init-init,proj-c4-r30-s0,proj-selfgen-r30-s0,L24.gateup,24,gateup,2048,848,0.4140625,0.6865947246551514
final-final,proj-c4-r30-s0,proj-selfgen-r30-s0,L24.gateup,24,gateup,2048,848,0.4140625,0.681808352470398
init-init,proj-c4-r30-s0,proj-selfgen-r30-s0,L24.down,24,down,2048,848,0.4140625,0.796011745929718
final-final,proj-c4-r30-s0,proj-selfgen-r30-s0,L24.down,24,down,2048,848,0.4140625,0.7904524803161621
init-init,proj-c4-r30-s0,proj-selfgen-r30-s0,L25.qkv,25,qkv,2048,1248,0.609375,0.8519967794418335
final-final,proj-c4-r30-s0,proj-selfgen-r30-s0,L25.qkv,25,qkv,2048,1248,0.609375,0.8490328788757324
init-init,proj-c4-r30-s0,proj-selfgen-r30-s0,L25.o,25,o,2048,1248,0.609375,0.8406909108161926
final-final,proj-c4-r30-s0,proj-selfgen-r30-s0,L25.o,25,o,2048,1248,0.609375,0.8358549475669861
init-init,proj-c4-r30-s0,proj-selfgen-r30-s0,L25.gateup,25,gateup,2048,848,0.4140625,0.6879525780677795
final-final,proj-c4-r30-s0,proj-selfgen-r30-s0,L25.gateup,25,gateup,2048,848,0.4140625,0.6834937334060669
init-init,proj-c4-r30-s0,proj-selfgen-r30-s0,L25.down,25,down,2048,848,0.4140625,0.7974797487258911
final-final,proj-c4-r30-s0,proj-selfgen-r30-s0,L25.down,25,down,2048,848,0.4140625,0.7918353080749512
init-init,proj-c4-r30-s0,proj-selfgen-r30-s0,L26.qkv,26,qkv,2048,1248,0.609375,0.8557747006416321
final-final,proj-c4-r30-s0,proj-selfgen-r30-s0,L26.qkv,26,qkv,2048,1248,0.609375,0.8531572222709656
init-init,proj-c4-r30-s0,proj-selfgen-r30-s0,L26.o,26,o,2048,1248,0.609375,0.8496545553207397
final-final,proj-c4-r30-s0,proj-selfgen-r30-s0,L26.o,26,o,2048,1248,0.609375,0.8455052375793457
init-init,proj-c4-r30-s0,proj-selfgen-r30-s0,L26.gateup,26,gateup,2048,848,0.4140625,0.6926834583282471
final-final,proj-c4-r30-s0,proj-selfgen-r30-s0,L26.gateup,26,gateup,2048,848,0.4140625,0.6894558072090149
init-init,proj-c4-r30-s0,proj-selfgen-r30-s0,L26.down,26,down,2048,848,0.4140625,0.7970516681671143
final-final,proj-c4-r30-s0,proj-selfgen-r30-s0,L26.down,26,down,2048,848,0.4140625,0.7932301759719849
init-init,proj-c4-r30-s0,proj-selfgen-r30-s0,L27.qkv,27,qkv,2048,1248,0.609375,0.8179327845573425
final-final,proj-c4-r30-s0,proj-selfgen-r30-s0,L27.qkv,27,qkv,2048,1248,0.609375,0.8153682947158813
init-init,proj-c4-r30-s0,proj-selfgen-r30-s0,L27.o,27,o,2048,1248,0.609375,0.8597365021705627
final-final,proj-c4-r30-s0,proj-selfgen-r30-s0,L27.o,27,o,2048,1248,0.609375,0.8564144372940063
init-init,proj-c4-r30-s0,proj-selfgen-r30-s0,L27.gateup,27,gateup,2048,848,0.4140625,0.6802398562431335
final-final,proj-c4-r30-s0,proj-selfgen-r30-s0,L27.gateup,27,gateup,2048,848,0.4140625,0.6780696511268616
init-init,proj-c4-r30-s0,proj-selfgen-r30-s0,L27.down,27,down,2048,848,0.4140625,0.8040302991867065
final-final,proj-c4-r30-s0,proj-selfgen-r30-s0,L27.down,27,down,2048,848,0.4140625,0.8027852177619934
init-init,proj-c4-r30-s0,proj-selfdoc-r30-s0,L0.qkv,0,qkv,2048,1248,0.609375,0.8552126884460449
final-final,proj-c4-r30-s0,proj-selfdoc-r30-s0,L0.qkv,0,qkv,2048,1248,0.609375,0.8507272005081177
init-init,proj-c4-r30-s0,proj-selfdoc-r30-s0,L0.o,0,o,2048,1248,0.609375,0.9281280636787415
final-final,proj-c4-r30-s0,proj-selfdoc-r30-s0,L0.o,0,o,2048,1248,0.609375,0.9221076369285583
init-init,proj-c4-r30-s0,proj-selfdoc-r30-s0,L0.gateup,0,gateup,2048,848,0.4140625,0.9405384063720703
final-final,proj-c4-r30-s0,proj-selfdoc-r30-s0,L0.gateup,0,gateup,2048,848,0.4140625,0.9304920434951782
init-init,proj-c4-r30-s0,proj-selfdoc-r30-s0,L0.down,0,down,2048,848,0.4140625,0.8032850027084351
final-final,proj-c4-r30-s0,proj-selfdoc-r30-s0,L0.down,0,down,2048,848,0.4140625,0.7966367602348328
init-init,proj-c4-r30-s0,proj-selfdoc-r30-s0,L1.qkv,1,qkv,2048,1248,0.609375,0.869804322719574
final-final,proj-c4-r30-s0,proj-selfdoc-r30-s0,L1.qkv,1,qkv,2048,1248,0.609375,0.8642727136611938
init-init,proj-c4-r30-s0,proj-selfdoc-r30-s0,L1.o,1,o,2048,1248,0.609375,0.8969908356666565
final-final,proj-c4-r30-s0,proj-selfdoc-r30-s0,L1.o,1,o,2048,1248,0.609375,0.8913829922676086
init-init,proj-c4-r30-s0,proj-selfdoc-r30-s0,L1.gateup,1,gateup,2048,848,0.4140625,0.7944726347923279
final-final,proj-c4-r30-s0,proj-selfdoc-r30-s0,L1.gateup,1,gateup,2048,848,0.4140625,0.7878544330596924
init-init,proj-c4-r30-s0,proj-selfdoc-r30-s0,L1.down,1,down,2048,848,0.4140625,0.7764570713043213
final-final,proj-c4-r30-s0,proj-selfdoc-r30-s0,L1.down,1,down,2048,848,0.4140625,0.7704418301582336
init-init,proj-c4-r30-s0,proj-selfdoc-r30-s0,L2.qkv,2,qkv,2048,1248,0.609375,0.8660027980804443
final-final,proj-c4-r30-s0,proj-selfdoc-r30-s0,L2.qkv,2,qkv,2048,1248,0.609375,0.8612403273582458
init-init,proj-c4-r30-s0,proj-selfdoc-r30-s0,L2.o,2,o,2048,1248,0.609375,0.9130077958106995
final-final,proj-c4-r30-s0,proj-selfdoc-r30-s0,L2.o,2,o,2048,1248,0.609375,0.9075431227684021
init-init,proj-c4-r30-s0,proj-selfdoc-r30-s0,L2.gateup,2,gateup,2048,848,0.4140625,0.7621691226959229
final-final,proj-c4-r30-s0,proj-selfdoc-r30-s0,L2.gateup,2,gateup,2048,848,0.4140625,0.7562227845191956
init-init,proj-c4-r30-s0,proj-selfdoc-r30-s0,L2.down,2,down,2048,848,0.4140625,0.8477994799613953
final-final,proj-c4-r30-s0,proj-selfdoc-r30-s0,L2.down,2,down,2048,848,0.4140625,0.8412280082702637
init-init,proj-c4-r30-s0,proj-selfdoc-r30-s0,L3.qkv,3,qkv,2048,1248,0.609375,0.8733444213867188
final-final,proj-c4-r30-s0,proj-selfdoc-r30-s0,L3.qkv,3,qkv,2048,1248,0.609375,0.8697245717048645
init-init,proj-c4-r30-s0,proj-selfdoc-r30-s0,L3.o,3,o,2048,1248,0.609375,0.8728694319725037
final-final,proj-c4-r30-s0,proj-selfdoc-r30-s0,L3.o,3,o,2048,1248,0.609375,0.8671466112136841
init-init,proj-c4-r30-s0,proj-selfdoc-r30-s0,L3.gateup,3,gateup,2048,848,0.4140625,0.7759120464324951
final-final,proj-c4-r30-s0,proj-selfdoc-r30-s0,L3.gateup,3,gateup,2048,848,0.4140625,0.7704007029533386
init-init,proj-c4-r30-s0,proj-selfdoc-r30-s0,L3.down,3,down,2048,848,0.4140625,0.8412324786186218
final-final,proj-c4-r30-s0,proj-selfdoc-r30-s0,L3.down,3,down,2048,848,0.4140625,0.8350251317024231
init-init,proj-c4-r30-s0,proj-selfdoc-r30-s0,L4.qkv,4,qkv,2048,1248,0.609375,0.8747527599334717
final-final,proj-c4-r30-s0,proj-selfdoc-r30-s0,L4.qkv,4,qkv,2048,1248,0.609375,0.8714571595191956
init-init,proj-c4-r30-s0,proj-selfdoc-r30-s0,L4.o,4,o,2048,1248,0.609375,0.8855667114257812
final-final,proj-c4-r30-s0,proj-selfdoc-r30-s0,L4.o,4,o,2048,1248,0.609375,0.8809266090393066
init-init,proj-c4-r30-s0,proj-selfdoc-r30-s0,L4.gateup,4,gateup,2048,848,0.4140625,0.7764500975608826
final-final,proj-c4-r30-s0,proj-selfdoc-r30-s0,L4.gateup,4,gateup,2048,848,0.4140625,0.7708181738853455
init-init,proj-c4-r30-s0,proj-selfdoc-r30-s0,L4.down,4,down,2048,848,0.4140625,0.8289913535118103
final-final,proj-c4-r30-s0,proj-selfdoc-r30-s0,L4.down,4,down,2048,848,0.4140625,0.8221981525421143
init-init,proj-c4-r30-s0,proj-selfdoc-r30-s0,L5.qkv,5,qkv,2048,1248,0.609375,0.8742406964302063
final-final,proj-c4-r30-s0,proj-selfdoc-r30-s0,L5.qkv,5,qkv,2048,1248,0.609375,0.8710191249847412
init-init,proj-c4-r30-s0,proj-selfdoc-r30-s0,L5.o,5,o,2048,1248,0.609375,0.909064769744873
final-final,proj-c4-r30-s0,proj-selfdoc-r30-s0,L5.o,5,o,2048,1248,0.609375,0.9038994908332825
init-init,proj-c4-r30-s0,proj-selfdoc-r30-s0,L5.gateup,5,gateup,2048,848,0.4140625,0.7626731395721436
final-final,proj-c4-r30-s0,proj-selfdoc-r30-s0,L5.gateup,5,gateup,2048,848,0.4140625,0.757157564163208
init-init,proj-c4-r30-s0,proj-selfdoc-r30-s0,L5.down,5,down,2048,848,0.4140625,0.8571462035179138
final-final,proj-c4-r30-s0,proj-selfdoc-r30-s0,L5.down,5,down,2048,848,0.4140625,0.8498985171318054
init-init,proj-c4-r30-s0,proj-selfdoc-r30-s0,L6.qkv,6,qkv,2048,1248,0.609375,0.8855299353599548
final-final,proj-c4-r30-s0,proj-selfdoc-r30-s0,L6.qkv,6,qkv,2048,1248,0.609375,0.8818583488464355
init-init,proj-c4-r30-s0,proj-selfdoc-r30-s0,L6.o,6,o,2048,1248,0.609375,0.9107409715652466
final-final,proj-c4-r30-s0,proj-selfdoc-r30-s0,L6.o,6,o,2048,1248,0.609375,0.9055782556533813
init-init,proj-c4-r30-s0,proj-selfdoc-r30-s0,L6.gateup,6,gateup,2048,848,0.4140625,0.767485499382019
final-final,proj-c4-r30-s0,proj-selfdoc-r30-s0,L6.gateup,6,gateup,2048,848,0.4140625,0.7620216608047485
init-init,proj-c4-r30-s0,proj-selfdoc-r30-s0,L6.down,6,down,2048,848,0.4140625,0.8480467200279236
final-final,proj-c4-r30-s0,proj-selfdoc-r30-s0,L6.down,6,down,2048,848,0.4140625,0.8411619067192078
init-init,proj-c4-r30-s0,proj-selfdoc-r30-s0,L7.qkv,7,qkv,2048,1248,0.609375,0.8730179071426392
final-final,proj-c4-r30-s0,proj-selfdoc-r30-s0,L7.qkv,7,qkv,2048,1248,0.609375,0.8695830702781677
init-init,proj-c4-r30-s0,proj-selfdoc-r30-s0,L7.o,7,o,2048,1248,0.609375,0.9095118641853333
final-final,proj-c4-r30-s0,proj-selfdoc-r30-s0,L7.o,7,o,2048,1248,0.609375,0.9046846032142639
init-init,proj-c4-r30-s0,proj-selfdoc-r30-s0,L7.gateup,7,gateup,2048,848,0.4140625,0.7611392140388489
final-final,proj-c4-r30-s0,proj-selfdoc-r30-s0,L7.gateup,7,gateup,2048,848,0.4140625,0.755816638469696
init-init,proj-c4-r30-s0,proj-selfdoc-r30-s0,L7.down,7,down,2048,848,0.4140625,0.856393575668335
final-final,proj-c4-r30-s0,proj-selfdoc-r30-s0,L7.down,7,down,2048,848,0.4140625,0.849738359451294
init-init,proj-c4-r30-s0,proj-selfdoc-r30-s0,L8.qkv,8,qkv,2048,1248,0.609375,0.8815605044364929
final-final,proj-c4-r30-s0,proj-selfdoc-r30-s0,L8.qkv,8,qkv,2048,1248,0.609375,0.8781133890151978
init-init,proj-c4-r30-s0,proj-selfdoc-r30-s0,L8.o,8,o,2048,1248,0.609375,0.8801222443580627
final-final,proj-c4-r30-s0,proj-selfdoc-r30-s0,L8.o,8,o,2048,1248,0.609375,0.8753675818443298
init-init,proj-c4-r30-s0,proj-selfdoc-r30-s0,L8.gateup,8,gateup,2048,848,0.4140625,0.7529777884483337
final-final,proj-c4-r30-s0,proj-selfdoc-r30-s0,L8.gateup,8,gateup,2048,848,0.4140625,0.747861921787262
init-init,proj-c4-r30-s0,proj-selfdoc-r30-s0,L8.down,8,down,2048,848,0.4140625,0.8513122797012329
final-final,proj-c4-r30-s0,proj-selfdoc-r30-s0,L8.down,8,down,2048,848,0.4140625,0.844539999961853
init-init,proj-c4-r30-s0,proj-selfdoc-r30-s0,L9.qkv,9,qkv,2048,1248,0.609375,0.8808413147926331
final-final,proj-c4-r30-s0,proj-selfdoc-r30-s0,L9.qkv,9,qkv,2048,1248,0.609375,0.8775836229324341
init-init,proj-c4-r30-s0,proj-selfdoc-r30-s0,L9.o,9,o,2048,1248,0.609375,0.9044805765151978
final-final,proj-c4-r30-s0,proj-selfdoc-r30-s0,L9.o,9,o,2048,1248,0.609375,0.8996157646179199
init-init,proj-c4-r30-s0,proj-selfdoc-r30-s0,L9.gateup,9,gateup,2048,848,0.4140625,0.7579458355903625
final-final,proj-c4-r30-s0,proj-selfdoc-r30-s0,L9.gateup,9,gateup,2048,848,0.4140625,0.752642035484314
init-init,proj-c4-r30-s0,proj-selfdoc-r30-s0,L9.down,9,down,2048,848,0.4140625,0.8395888209342957
final-final,proj-c4-r30-s0,proj-selfdoc-r30-s0,L9.down,9,down,2048,848,0.4140625,0.8333609104156494
init-init,proj-c4-r30-s0,proj-selfdoc-r30-s0,L10.qkv,10,qkv,2048,1248,0.609375,0.8730586171150208
final-final,proj-c4-r30-s0,proj-selfdoc-r30-s0,L10.qkv,10,qkv,2048,1248,0.609375,0.869430661201477
init-init,proj-c4-r30-s0,proj-selfdoc-r30-s0,L10.o,10,o,2048,1248,0.609375,0.9118752479553223
final-final,proj-c4-r30-s0,proj-selfdoc-r30-s0,L10.o,10,o,2048,1248,0.609375,0.9067153930664062
init-init,proj-c4-r30-s0,proj-selfdoc-r30-s0,L10.gateup,10,gateup,2048,848,0.4140625,0.7499935626983643
final-final,proj-c4-r30-s0,proj-selfdoc-r30-s0,L10.gateup,10,gateup,2048,848,0.4140625,0.7450836300849915
init-init,proj-c4-r30-s0,proj-selfdoc-r30-s0,L10.down,10,down,2048,848,0.4140625,0.8378308415412903
final-final,proj-c4-r30-s0,proj-selfdoc-r30-s0,L10.down,10,down,2048,848,0.4140625,0.8320189118385315
init-init,proj-c4-r30-s0,proj-selfdoc-r30-s0,L11.qkv,11,qkv,2048,1248,0.609375,0.8864257335662842
final-final,proj-c4-r30-s0,proj-selfdoc-r30-s0,L11.qkv,11,qkv,2048,1248,0.609375,0.882394552230835
init-init,proj-c4-r30-s0,proj-selfdoc-r30-s0,L11.o,11,o,2048,1248,0.609375,0.9281062483787537
final-final,proj-c4-r30-s0,proj-selfdoc-r30-s0,L11.o,11,o,2048,1248,0.609375,0.9232070446014404
init-init,proj-c4-r30-s0,proj-selfdoc-r30-s0,L11.gateup,11,gateup,2048,848,0.4140625,0.7555392384529114
final-final,proj-c4-r30-s0,proj-selfdoc-r30-s0,L11.gateup,11,gateup,2048,848,0.4140625,0.7501333951950073
init-init,proj-c4-r30-s0,proj-selfdoc-r30-s0,L11.down,11,down,2048,848,0.4140625,0.8536074757575989
final-final,proj-c4-r30-s0,proj-selfdoc-r30-s0,L11.down,11,down,2048,848,0.4140625,0.8471466302871704
init-init,proj-c4-r30-s0,proj-selfdoc-r30-s0,L12.qkv,12,qkv,2048,1248,0.609375,0.8794880509376526
final-final,proj-c4-r30-s0,proj-selfdoc-r30-s0,L12.qkv,12,qkv,2048,1248,0.609375,0.8758361339569092
init-init,proj-c4-r30-s0,proj-selfdoc-r30-s0,L12.o,12,o,2048,1248,0.609375,0.9146818518638611
final-final,proj-c4-r30-s0,proj-selfdoc-r30-s0,L12.o,12,o,2048,1248,0.609375,0.9094357490539551
init-init,proj-c4-r30-s0,proj-selfdoc-r30-s0,L12.gateup,12,gateup,2048,848,0.4140625,0.7532998919487
final-final,proj-c4-r30-s0,proj-selfdoc-r30-s0,L12.gateup,12,gateup,2048,848,0.4140625,0.7479318976402283
init-init,proj-c4-r30-s0,proj-selfdoc-r30-s0,L12.down,12,down,2048,848,0.4140625,0.8634405732154846
final-final,proj-c4-r30-s0,proj-selfdoc-r30-s0,L12.down,12,down,2048,848,0.4140625,0.85691237449646
init-init,proj-c4-r30-s0,proj-selfdoc-r30-s0,L13.qkv,13,qkv,2048,1248,0.609375,0.8853878974914551
final-final,proj-c4-r30-s0,proj-selfdoc-r30-s0,L13.qkv,13,qkv,2048,1248,0.609375,0.8813122510910034
init-init,proj-c4-r30-s0,proj-selfdoc-r30-s0,L13.o,13,o,2048,1248,0.609375,0.9246836304664612
final-final,proj-c4-r30-s0,proj-selfdoc-r30-s0,L13.o,13,o,2048,1248,0.609375,0.9196932911872864
init-init,proj-c4-r30-s0,proj-selfdoc-r30-s0,L13.gateup,13,gateup,2048,848,0.4140625,0.7547658681869507
final-final,proj-c4-r30-s0,proj-selfdoc-r30-s0,L13.gateup,13,gateup,2048,848,0.4140625,0.7494137287139893
init-init,proj-c4-r30-s0,proj-selfdoc-r30-s0,L13.down,13,down,2048,848,0.4140625,0.8670070767402649
final-final,proj-c4-r30-s0,proj-selfdoc-r30-s0,L13.down,13,down,2048,848,0.4140625,0.8603579998016357
init-init,proj-c4-r30-s0,proj-selfdoc-r30-s0,L14.qkv,14,qkv,2048,1248,0.609375,0.8864126205444336
final-final,proj-c4-r30-s0,proj-selfdoc-r30-s0,L14.qkv,14,qkv,2048,1248,0.609375,0.8830510973930359
init-init,proj-c4-r30-s0,proj-selfdoc-r30-s0,L14.o,14,o,2048,1248,0.609375,0.9232197403907776
final-final,proj-c4-r30-s0,proj-selfdoc-r30-s0,L14.o,14,o,2048,1248,0.609375,0.9185256958007812
init-init,proj-c4-r30-s0,proj-selfdoc-r30-s0,L14.gateup,14,gateup,2048,848,0.4140625,0.7553669214248657
final-final,proj-c4-r30-s0,proj-selfdoc-r30-s0,L14.gateup,14,gateup,2048,848,0.4140625,0.7507566213607788
init-init,proj-c4-r30-s0,proj-selfdoc-r30-s0,L14.down,14,down,2048,848,0.4140625,0.8704420924186707
final-final,proj-c4-r30-s0,proj-selfdoc-r30-s0,L14.down,14,down,2048,848,0.4140625,0.8639207482337952
init-init,proj-c4-r30-s0,proj-selfdoc-r30-s0,L15.qkv,15,qkv,2048,1248,0.609375,0.8863726258277893
final-final,proj-c4-r30-s0,proj-selfdoc-r30-s0,L15.qkv,15,qkv,2048,1248,0.609375,0.8831818699836731
init-init,proj-c4-r30-s0,proj-selfdoc-r30-s0,L15.o,15,o,2048,1248,0.609375,0.9211492538452148
final-final,proj-c4-r30-s0,proj-selfdoc-r30-s0,L15.o,15,o,2048,1248,0.609375,0.9160272479057312
init-init,proj-c4-r30-s0,proj-selfdoc-r30-s0,L15.gateup,15,gateup,2048,848,0.4140625,0.7634778618812561
final-final,proj-c4-r30-s0,proj-selfdoc-r30-s0,L15.gateup,15,gateup,2048,848,0.4140625,0.7584359645843506
init-init,proj-c4-r30-s0,proj-selfdoc-r30-s0,L15.down,15,down,2048,848,0.4140625,0.8548558354377747
final-final,proj-c4-r30-s0,proj-selfdoc-r30-s0,L15.down,15,down,2048,848,0.4140625,0.8484820127487183
init-init,proj-c4-r30-s0,proj-selfdoc-r30-s0,L16.qkv,16,qkv,2048,1248,0.609375,0.8873867392539978
final-final,proj-c4-r30-s0,proj-selfdoc-r30-s0,L16.qkv,16,qkv,2048,1248,0.609375,0.8840478658676147
init-init,proj-c4-r30-s0,proj-selfdoc-r30-s0,L16.o,16,o,2048,1248,0.609375,0.9200477600097656
final-final,proj-c4-r30-s0,proj-selfdoc-r30-s0,L16.o,16,o,2048,1248,0.609375,0.9146604537963867
init-init,proj-c4-r30-s0,proj-selfdoc-r30-s0,L16.gateup,16,gateup,2048,848,0.4140625,0.7642061710357666
final-final,proj-c4-r30-s0,proj-selfdoc-r30-s0,L16.gateup,16,gateup,2048,848,0.4140625,0.7593507766723633
init-init,proj-c4-r30-s0,proj-selfdoc-r30-s0,L16.down,16,down,2048,848,0.4140625,0.844538152217865
final-final,proj-c4-r30-s0,proj-selfdoc-r30-s0,L16.down,16,down,2048,848,0.4140625,0.8381836414337158
init-init,proj-c4-r30-s0,proj-selfdoc-r30-s0,L17.qkv,17,qkv,2048,1248,0.609375,0.870829164981842
final-final,proj-c4-r30-s0,proj-selfdoc-r30-s0,L17.qkv,17,qkv,2048,1248,0.609375,0.8675410151481628
init-init,proj-c4-r30-s0,proj-selfdoc-r30-s0,L17.o,17,o,2048,1248,0.609375,0.9215136766433716
final-final,proj-c4-r30-s0,proj-selfdoc-r30-s0,L17.o,17,o,2048,1248,0.609375,0.916107177734375
init-init,proj-c4-r30-s0,proj-selfdoc-r30-s0,L17.gateup,17,gateup,2048,848,0.4140625,0.7680281400680542
final-final,proj-c4-r30-s0,proj-selfdoc-r30-s0,L17.gateup,17,gateup,2048,848,0.4140625,0.7625882029533386
init-init,proj-c4-r30-s0,proj-selfdoc-r30-s0,L17.down,17,down,2048,848,0.4140625,0.8192082047462463
final-final,proj-c4-r30-s0,proj-selfdoc-r30-s0,L17.down,17,down,2048,848,0.4140625,0.8131541013717651
init-init,proj-c4-r30-s0,proj-selfdoc-r30-s0,L18.qkv,18,qkv,2048,1248,0.609375,0.8696750998497009
final-final,proj-c4-r30-s0,proj-selfdoc-r30-s0,L18.qkv,18,qkv,2048,1248,0.609375,0.8664158582687378
init-init,proj-c4-r30-s0,proj-selfdoc-r30-s0,L18.o,18,o,2048,1248,0.609375,0.8999172449111938
final-final,proj-c4-r30-s0,proj-selfdoc-r30-s0,L18.o,18,o,2048,1248,0.609375,0.8947712182998657
init-init,proj-c4-r30-s0,proj-selfdoc-r30-s0,L18.gateup,18,gateup,2048,848,0.4140625,0.7419828772544861
final-final,proj-c4-r30-s0,proj-selfdoc-r30-s0,L18.gateup,18,gateup,2048,848,0.4140625,0.7367607951164246
init-init,proj-c4-r30-s0,proj-selfdoc-r30-s0,L18.down,18,down,2048,848,0.4140625,0.8086391091346741
final-final,proj-c4-r30-s0,proj-selfdoc-r30-s0,L18.down,18,down,2048,848,0.4140625,0.8023840188980103
init-init,proj-c4-r30-s0,proj-selfdoc-r30-s0,L19.qkv,19,qkv,2048,1248,0.609375,0.8665286302566528
final-final,proj-c4-r30-s0,proj-selfdoc-r30-s0,L19.qkv,19,qkv,2048,1248,0.609375,0.8635432124137878
init-init,proj-c4-r30-s0,proj-selfdoc-r30-s0,L19.o,19,o,2048,1248,0.609375,0.905850350856781
final-final,proj-c4-r30-s0,proj-selfdoc-r30-s0,L19.o,19,o,2048,1248,0.609375,0.900789201259613
init-init,proj-c4-r30-s0,proj-selfdoc-r30-s0,L19.gateup,19,gateup,2048,848,0.4140625,0.7364282608032227
final-final,proj-c4-r30-s0,proj-selfdoc-r30-s0,L19.gateup,19,gateup,2048,848,0.4140625,0.7313981056213379
init-init,proj-c4-r30-s0,proj-selfdoc-r30-s0,L19.down,19,down,2048,848,0.4140625,0.8174383640289307
final-final,proj-c4-r30-s0,proj-selfdoc-r30-s0,L19.down,19,down,2048,848,0.4140625,0.811009407043457
init-init,proj-c4-r30-s0,proj-selfdoc-r30-s0,L20.qkv,20,qkv,2048,1248,0.609375,0.869783878326416
final-final,proj-c4-r30-s0,proj-selfdoc-r30-s0,L20.qkv,20,qkv,2048,1248,0.609375,0.8671171069145203
init-init,proj-c4-r30-s0,proj-selfdoc-r30-s0,L20.o,20,o,2048,1248,0.609375,0.8906148672103882
final-final,proj-c4-r30-s0,proj-selfdoc-r30-s0,L20.o,20,o,2048,1248,0.609375,0.8851554989814758
init-init,proj-c4-r30-s0,proj-selfdoc-r30-s0,L20.gateup,20,gateup,2048,848,0.4140625,0.7365676760673523
final-final,proj-c4-r30-s0,proj-selfdoc-r30-s0,L20.gateup,20,gateup,2048,848,0.4140625,0.73138028383255
init-init,proj-c4-r30-s0,proj-selfdoc-r30-s0,L20.down,20,down,2048,848,0.4140625,0.8134803771972656
final-final,proj-c4-r30-s0,proj-selfdoc-r30-s0,L20.down,20,down,2048,848,0.4140625,0.806479275226593
init-init,proj-c4-r30-s0,proj-selfdoc-r30-s0,L21.qkv,21,qkv,2048,1248,0.609375,0.8618133068084717
final-final,proj-c4-r30-s0,proj-selfdoc-r30-s0,L21.qkv,21,qkv,2048,1248,0.609375,0.8588849902153015
init-init,proj-c4-r30-s0,proj-selfdoc-r30-s0,L21.o,21,o,2048,1248,0.609375,0.8924363851547241
final-final,proj-c4-r30-s0,proj-selfdoc-r30-s0,L21.o,21,o,2048,1248,0.609375,0.8870088458061218
init-init,proj-c4-r30-s0,proj-selfdoc-r30-s0,L21.gateup,21,gateup,2048,848,0.4140625,0.7282208204269409
final-final,proj-c4-r30-s0,proj-selfdoc-r30-s0,L21.gateup,21,gateup,2048,848,0.4140625,0.722764253616333
init-init,proj-c4-r30-s0,proj-selfdoc-r30-s0,L21.down,21,down,2048,848,0.4140625,0.7939540147781372
final-final,proj-c4-r30-s0,proj-selfdoc-r30-s0,L21.down,21,down,2048,848,0.4140625,0.7871449589729309
init-init,proj-c4-r30-s0,proj-selfdoc-r30-s0,L22.qkv,22,qkv,2048,1248,0.609375,0.8613725304603577
final-final,proj-c4-r30-s0,proj-selfdoc-r30-s0,L22.qkv,22,qkv,2048,1248,0.609375,0.8586778044700623
init-init,proj-c4-r30-s0,proj-selfdoc-r30-s0,L22.o,22,o,2048,1248,0.609375,0.8711419105529785
final-final,proj-c4-r30-s0,proj-selfdoc-r30-s0,L22.o,22,o,2048,1248,0.609375,0.8664302229881287
init-init,proj-c4-r30-s0,proj-selfdoc-r30-s0,L22.gateup,22,gateup,2048,848,0.4140625,0.7236133813858032
final-final,proj-c4-r30-s0,proj-selfdoc-r30-s0,L22.gateup,22,gateup,2048,848,0.4140625,0.7179542779922485
init-init,proj-c4-r30-s0,proj-selfdoc-r30-s0,L22.down,22,down,2048,848,0.4140625,0.7862580418586731
final-final,proj-c4-r30-s0,proj-selfdoc-r30-s0,L22.down,22,down,2048,848,0.4140625,0.7797228097915649
init-init,proj-c4-r30-s0,proj-selfdoc-r30-s0,L23.qkv,23,qkv,2048,1248,0.609375,0.8558474183082581
final-final,proj-c4-r30-s0,proj-selfdoc-r30-s0,L23.qkv,23,qkv,2048,1248,0.609375,0.853215754032135
init-init,proj-c4-r30-s0,proj-selfdoc-r30-s0,L23.o,23,o,2048,1248,0.609375,0.8763595819473267
final-final,proj-c4-r30-s0,proj-selfdoc-r30-s0,L23.o,23,o,2048,1248,0.609375,0.8711460828781128
init-init,proj-c4-r30-s0,proj-selfdoc-r30-s0,L23.gateup,23,gateup,2048,848,0.4140625,0.7112461924552917
final-final,proj-c4-r30-s0,proj-selfdoc-r30-s0,L23.gateup,23,gateup,2048,848,0.4140625,0.7057660818099976
init-init,proj-c4-r30-s0,proj-selfdoc-r30-s0,L23.down,23,down,2048,848,0.4140625,0.7986557483673096
final-final,proj-c4-r30-s0,proj-selfdoc-r30-s0,L23.down,23,down,2048,848,0.4140625,0.7920213937759399
init-init,proj-c4-r30-s0,proj-selfdoc-r30-s0,L24.qkv,24,qkv,2048,1248,0.609375,0.8579696416854858
final-final,proj-c4-r30-s0,proj-selfdoc-r30-s0,L24.qkv,24,qkv,2048,1248,0.609375,0.8548583388328552
init-init,proj-c4-r30-s0,proj-selfdoc-r30-s0,L24.o,24,o,2048,1248,0.609375,0.8624345660209656
final-final,proj-c4-r30-s0,proj-selfdoc-r30-s0,L24.o,24,o,2048,1248,0.609375,0.8573583364486694
init-init,proj-c4-r30-s0,proj-selfdoc-r30-s0,L24.gateup,24,gateup,2048,848,0.4140625,0.7086390256881714
final-final,proj-c4-r30-s0,proj-selfdoc-r30-s0,L24.gateup,24,gateup,2048,848,0.4140625,0.7032344341278076
init-init,proj-c4-r30-s0,proj-selfdoc-r30-s0,L24.down,24,down,2048,848,0.4140625,0.8057880401611328
final-final,proj-c4-r30-s0,proj-selfdoc-r30-s0,L24.down,24,down,2048,848,0.4140625,0.7996269464492798
init-init,proj-c4-r30-s0,proj-selfdoc-r30-s0,L25.qkv,25,qkv,2048,1248,0.609375,0.8612256050109863
final-final,proj-c4-r30-s0,proj-selfdoc-r30-s0,L25.qkv,25,qkv,2048,1248,0.609375,0.8580877780914307
init-init,proj-c4-r30-s0,proj-selfdoc-r30-s0,L25.o,25,o,2048,1248,0.609375,0.8565278649330139
final-final,proj-c4-r30-s0,proj-selfdoc-r30-s0,L25.o,25,o,2048,1248,0.609375,0.8513110280036926
init-init,proj-c4-r30-s0,proj-selfdoc-r30-s0,L25.gateup,25,gateup,2048,848,0.4140625,0.7095409035682678
final-final,proj-c4-r30-s0,proj-selfdoc-r30-s0,L25.gateup,25,gateup,2048,848,0.4140625,0.7045134902000427
init-init,proj-c4-r30-s0,proj-selfdoc-r30-s0,L25.down,25,down,2048,848,0.4140625,0.8071619272232056
final-final,proj-c4-r30-s0,proj-selfdoc-r30-s0,L25.down,25,down,2048,848,0.4140625,0.8005346655845642
init-init,proj-c4-r30-s0,proj-selfdoc-r30-s0,L26.qkv,26,qkv,2048,1248,0.609375,0.8655019998550415
final-final,proj-c4-r30-s0,proj-selfdoc-r30-s0,L26.qkv,26,qkv,2048,1248,0.609375,0.8625997304916382
init-init,proj-c4-r30-s0,proj-selfdoc-r30-s0,L26.o,26,o,2048,1248,0.609375,0.8675480484962463
final-final,proj-c4-r30-s0,proj-selfdoc-r30-s0,L26.o,26,o,2048,1248,0.609375,0.8629258871078491
init-init,proj-c4-r30-s0,proj-selfdoc-r30-s0,L26.gateup,26,gateup,2048,848,0.4140625,0.7145324945449829
final-final,proj-c4-r30-s0,proj-selfdoc-r30-s0,L26.gateup,26,gateup,2048,848,0.4140625,0.710317850112915
init-init,proj-c4-r30-s0,proj-selfdoc-r30-s0,L26.down,26,down,2048,848,0.4140625,0.8073813319206238
final-final,proj-c4-r30-s0,proj-selfdoc-r30-s0,L26.down,26,down,2048,848,0.4140625,0.8028282523155212
init-init,proj-c4-r30-s0,proj-selfdoc-r30-s0,L27.qkv,27,qkv,2048,1248,0.609375,0.8303938508033752
final-final,proj-c4-r30-s0,proj-selfdoc-r30-s0,L27.qkv,27,qkv,2048,1248,0.609375,0.8273864984512329
init-init,proj-c4-r30-s0,proj-selfdoc-r30-s0,L27.o,27,o,2048,1248,0.609375,0.8771279454231262
final-final,proj-c4-r30-s0,proj-selfdoc-r30-s0,L27.o,27,o,2048,1248,0.609375,0.8731595873832703
init-init,proj-c4-r30-s0,proj-selfdoc-r30-s0,L27.gateup,27,gateup,2048,848,0.4140625,0.6999551653862
final-final,proj-c4-r30-s0,proj-selfdoc-r30-s0,L27.gateup,27,gateup,2048,848,0.4140625,0.697326123714447
init-init,proj-c4-r30-s0,proj-selfdoc-r30-s0,L27.down,27,down,2048,848,0.4140625,0.8136450052261353
final-final,proj-c4-r30-s0,proj-selfdoc-r30-s0,L27.down,27,down,2048,848,0.4140625,0.8123274445533752
init-init,proj-slimpajama-r30-s0,proj-alpaca-r30-s0,L0.qkv,0,qkv,2048,1248,0.609375,0.8659016489982605
final-final,proj-slimpajama-r30-s0,proj-alpaca-r30-s0,L0.qkv,0,qkv,2048,1248,0.609375,0.8627577424049377
init-init,proj-slimpajama-r30-s0,proj-alpaca-r30-s0,L0.o,0,o,2048,1248,0.609375,0.935023307800293
final-final,proj-slimpajama-r30-s0,proj-alpaca-r30-s0,L0.o,0,o,2048,1248,0.609375,0.9310946464538574
init-init,proj-slimpajama-r30-s0,proj-alpaca-r30-s0,L0.gateup,0,gateup,2048,848,0.4140625,0.9526660442352295
final-final,proj-slimpajama-r30-s0,proj-alpaca-r30-s0,L0.gateup,0,gateup,2048,848,0.4140625,0.9464536309242249
init-init,proj-slimpajama-r30-s0,proj-alpaca-r30-s0,L0.down,0,down,2048,848,0.4140625,0.8540558218955994
final-final,proj-slimpajama-r30-s0,proj-alpaca-r30-s0,L0.down,0,down,2048,848,0.4140625,0.8491856455802917
init-init,proj-slimpajama-r30-s0,proj-alpaca-r30-s0,L1.qkv,1,qkv,2048,1248,0.609375,0.9002034068107605
final-final,proj-slimpajama-r30-s0,proj-alpaca-r30-s0,L1.qkv,1,qkv,2048,1248,0.609375,0.8960831761360168
init-init,proj-slimpajama-r30-s0,proj-alpaca-r30-s0,L1.o,1,o,2048,1248,0.609375,0.9067281484603882
final-final,proj-slimpajama-r30-s0,proj-alpaca-r30-s0,L1.o,1,o,2048,1248,0.609375,0.9034269452095032
init-init,proj-slimpajama-r30-s0,proj-alpaca-r30-s0,L1.gateup,1,gateup,2048,848,0.4140625,0.8444846868515015
final-final,proj-slimpajama-r30-s0,proj-alpaca-r30-s0,L1.gateup,1,gateup,2048,848,0.4140625,0.8395711183547974
init-init,proj-slimpajama-r30-s0,proj-alpaca-r30-s0,L1.down,1,down,2048,848,0.4140625,0.8241125345230103
final-final,proj-slimpajama-r30-s0,proj-alpaca-r30-s0,L1.down,1,down,2048,848,0.4140625,0.8193038702011108
init-init,proj-slimpajama-r30-s0,proj-alpaca-r30-s0,L2.qkv,2,qkv,2048,1248,0.609375,0.8908781409263611
final-final,proj-slimpajama-r30-s0,proj-alpaca-r30-s0,L2.qkv,2,qkv,2048,1248,0.609375,0.8870176672935486
init-init,proj-slimpajama-r30-s0,proj-alpaca-r30-s0,L2.o,2,o,2048,1248,0.609375,0.9143557548522949
final-final,proj-slimpajama-r30-s0,proj-alpaca-r30-s0,L2.o,2,o,2048,1248,0.609375,0.9101603627204895
init-init,proj-slimpajama-r30-s0,proj-alpaca-r30-s0,L2.gateup,2,gateup,2048,848,0.4140625,0.8126739859580994
final-final,proj-slimpajama-r30-s0,proj-alpaca-r30-s0,L2.gateup,2,gateup,2048,848,0.4140625,0.8079548478126526
init-init,proj-slimpajama-r30-s0,proj-alpaca-r30-s0,L2.down,2,down,2048,848,0.4140625,0.8380194902420044
final-final,proj-slimpajama-r30-s0,proj-alpaca-r30-s0,L2.down,2,down,2048,848,0.4140625,0.8327745795249939
init-init,proj-slimpajama-r30-s0,proj-alpaca-r30-s0,L3.qkv,3,qkv,2048,1248,0.609375,0.8871924877166748
final-final,proj-slimpajama-r30-s0,proj-alpaca-r30-s0,L3.qkv,3,qkv,2048,1248,0.609375,0.8842762112617493
init-init,proj-slimpajama-r30-s0,proj-alpaca-r30-s0,L3.o,3,o,2048,1248,0.609375,0.8847911953926086
final-final,proj-slimpajama-r30-s0,proj-alpaca-r30-s0,L3.o,3,o,2048,1248,0.609375,0.8807730078697205
init-init,proj-slimpajama-r30-s0,proj-alpaca-r30-s0,L3.gateup,3,gateup,2048,848,0.4140625,0.802659809589386
final-final,proj-slimpajama-r30-s0,proj-alpaca-r30-s0,L3.gateup,3,gateup,2048,848,0.4140625,0.7976697683334351
init-init,proj-slimpajama-r30-s0,proj-alpaca-r30-s0,L3.down,3,down,2048,848,0.4140625,0.8358240127563477
final-final,proj-slimpajama-r30-s0,proj-alpaca-r30-s0,L3.down,3,down,2048,848,0.4140625,0.8304879665374756
init-init,proj-slimpajama-r30-s0,proj-alpaca-r30-s0,L4.qkv,4,qkv,2048,1248,0.609375,0.8777122497558594
final-final,proj-slimpajama-r30-s0,proj-alpaca-r30-s0,L4.qkv,4,qkv,2048,1248,0.609375,0.8749415278434753
init-init,proj-slimpajama-r30-s0,proj-alpaca-r30-s0,L4.o,4,o,2048,1248,0.609375,0.8881599307060242
final-final,proj-slimpajama-r30-s0,proj-alpaca-r30-s0,L4.o,4,o,2048,1248,0.609375,0.884455680847168
init-init,proj-slimpajama-r30-s0,proj-alpaca-r30-s0,L4.gateup,4,gateup,2048,848,0.4140625,0.7902875542640686
final-final,proj-slimpajama-r30-s0,proj-alpaca-r30-s0,L4.gateup,4,gateup,2048,848,0.4140625,0.7859025597572327
init-init,proj-slimpajama-r30-s0,proj-alpaca-r30-s0,L4.down,4,down,2048,848,0.4140625,0.8322690725326538
final-final,proj-slimpajama-r30-s0,proj-alpaca-r30-s0,L4.down,4,down,2048,848,0.4140625,0.8270694017410278
init-init,proj-slimpajama-r30-s0,proj-alpaca-r30-s0,L5.qkv,5,qkv,2048,1248,0.609375,0.8761866688728333
final-final,proj-slimpajama-r30-s0,proj-alpaca-r30-s0,L5.qkv,5,qkv,2048,1248,0.609375,0.8736135363578796
init-init,proj-slimpajama-r30-s0,proj-alpaca-r30-s0,L5.o,5,o,2048,1248,0.609375,0.9032334685325623
final-final,proj-slimpajama-r30-s0,proj-alpaca-r30-s0,L5.o,5,o,2048,1248,0.609375,0.8993611335754395
init-init,proj-slimpajama-r30-s0,proj-alpaca-r30-s0,L5.gateup,5,gateup,2048,848,0.4140625,0.7786226272583008
final-final,proj-slimpajama-r30-s0,proj-alpaca-r30-s0,L5.gateup,5,gateup,2048,848,0.4140625,0.7740864157676697
init-init,proj-slimpajama-r30-s0,proj-alpaca-r30-s0,L5.down,5,down,2048,848,0.4140625,0.8497289419174194
final-final,proj-slimpajama-r30-s0,proj-alpaca-r30-s0,L5.down,5,down,2048,848,0.4140625,0.8446223735809326
init-init,proj-slimpajama-r30-s0,proj-alpaca-r30-s0,L6.qkv,6,qkv,2048,1248,0.609375,0.8851449489593506
final-final,proj-slimpajama-r30-s0,proj-alpaca-r30-s0,L6.qkv,6,qkv,2048,1248,0.609375,0.8823381066322327
init-init,proj-slimpajama-r30-s0,proj-alpaca-r30-s0,L6.o,6,o,2048,1248,0.609375,0.9012671113014221
final-final,proj-slimpajama-r30-s0,proj-alpaca-r30-s0,L6.o,6,o,2048,1248,0.609375,0.8975111246109009
init-init,proj-slimpajama-r30-s0,proj-alpaca-r30-s0,L6.gateup,6,gateup,2048,848,0.4140625,0.782325029373169
final-final,proj-slimpajama-r30-s0,proj-alpaca-r30-s0,L6.gateup,6,gateup,2048,848,0.4140625,0.7779722213745117
init-init,proj-slimpajama-r30-s0,proj-alpaca-r30-s0,L6.down,6,down,2048,848,0.4140625,0.8430681824684143
final-final,proj-slimpajama-r30-s0,proj-alpaca-r30-s0,L6.down,6,down,2048,848,0.4140625,0.8378729224205017
init-init,proj-slimpajama-r30-s0,proj-alpaca-r30-s0,L7.qkv,7,qkv,2048,1248,0.609375,0.870075523853302
final-final,proj-slimpajama-r30-s0,proj-alpaca-r30-s0,L7.qkv,7,qkv,2048,1248,0.609375,0.8674743175506592
init-init,proj-slimpajama-r30-s0,proj-alpaca-r30-s0,L7.o,7,o,2048,1248,0.609375,0.8851121068000793
final-final,proj-slimpajama-r30-s0,proj-alpaca-r30-s0,L7.o,7,o,2048,1248,0.609375,0.8816210627555847
init-init,proj-slimpajama-r30-s0,proj-alpaca-r30-s0,L7.gateup,7,gateup,2048,848,0.4140625,0.7709166407585144
final-final,proj-slimpajama-r30-s0,proj-alpaca-r30-s0,L7.gateup,7,gateup,2048,848,0.4140625,0.7667083740234375
init-init,proj-slimpajama-r30-s0,proj-alpaca-r30-s0,L7.down,7,down,2048,848,0.4140625,0.8461452126502991
final-final,proj-slimpajama-r30-s0,proj-alpaca-r30-s0,L7.down,7,down,2048,848,0.4140625,0.841097891330719
init-init,proj-slimpajama-r30-s0,proj-alpaca-r30-s0,L8.qkv,8,qkv,2048,1248,0.609375,0.8729005455970764
final-final,proj-slimpajama-r30-s0,proj-alpaca-r30-s0,L8.qkv,8,qkv,2048,1248,0.609375,0.8704792857170105
init-init,proj-slimpajama-r30-s0,proj-alpaca-r30-s0,L8.o,8,o,2048,1248,0.609375,0.8574792146682739
final-final,proj-slimpajama-r30-s0,proj-alpaca-r30-s0,L8.o,8,o,2048,1248,0.609375,0.854343056678772
init-init,proj-slimpajama-r30-s0,proj-alpaca-r30-s0,L8.gateup,8,gateup,2048,848,0.4140625,0.7564103007316589
final-final,proj-slimpajama-r30-s0,proj-alpaca-r30-s0,L8.gateup,8,gateup,2048,848,0.4140625,0.752568244934082
init-init,proj-slimpajama-r30-s0,proj-alpaca-r30-s0,L8.down,8,down,2048,848,0.4140625,0.8415355682373047
final-final,proj-slimpajama-r30-s0,proj-alpaca-r30-s0,L8.down,8,down,2048,848,0.4140625,0.836503803730011
init-init,proj-slimpajama-r30-s0,proj-alpaca-r30-s0,L9.qkv,9,qkv,2048,1248,0.609375,0.8735228180885315
final-final,proj-slimpajama-r30-s0,proj-alpaca-r30-s0,L9.qkv,9,qkv,2048,1248,0.609375,0.8713418245315552
init-init,proj-slimpajama-r30-s0,proj-alpaca-r30-s0,L9.o,9,o,2048,1248,0.609375,0.8890513181686401
final-final,proj-slimpajama-r30-s0,proj-alpaca-r30-s0,L9.o,9,o,2048,1248,0.609375,0.8857834935188293
init-init,proj-slimpajama-r30-s0,proj-alpaca-r30-s0,L9.gateup,9,gateup,2048,848,0.4140625,0.7595066428184509
final-final,proj-slimpajama-r30-s0,proj-alpaca-r30-s0,L9.gateup,9,gateup,2048,848,0.4140625,0.7558779120445251
init-init,proj-slimpajama-r30-s0,proj-alpaca-r30-s0,L9.down,9,down,2048,848,0.4140625,0.8330692052841187
final-final,proj-slimpajama-r30-s0,proj-alpaca-r30-s0,L9.down,9,down,2048,848,0.4140625,0.8283462524414062
init-init,proj-slimpajama-r30-s0,proj-alpaca-r30-s0,L10.qkv,10,qkv,2048,1248,0.609375,0.8656100630760193
final-final,proj-slimpajama-r30-s0,proj-alpaca-r30-s0,L10.qkv,10,qkv,2048,1248,0.609375,0.863160252571106
init-init,proj-slimpajama-r30-s0,proj-alpaca-r30-s0,L10.o,10,o,2048,1248,0.609375,0.879567563533783
final-final,proj-slimpajama-r30-s0,proj-alpaca-r30-s0,L10.o,10,o,2048,1248,0.609375,0.8761558532714844
init-init,proj-slimpajama-r30-s0,proj-alpaca-r30-s0,L10.gateup,10,gateup,2048,848,0.4140625,0.7477496266365051
final-final,proj-slimpajama-r30-s0,proj-alpaca-r30-s0,L10.gateup,10,gateup,2048,848,0.4140625,0.7440649271011353
init-init,proj-slimpajama-r30-s0,proj-alpaca-r30-s0,L10.down,10,down,2048,848,0.4140625,0.8287602066993713
final-final,proj-slimpajama-r30-s0,proj-alpaca-r30-s0,L10.down,10,down,2048,848,0.4140625,0.8240233063697815
init-init,proj-slimpajama-r30-s0,proj-alpaca-r30-s0,L11.qkv,11,qkv,2048,1248,0.609375,0.8764214515686035
final-final,proj-slimpajama-r30-s0,proj-alpaca-r30-s0,L11.qkv,11,qkv,2048,1248,0.609375,0.8736666440963745
init-init,proj-slimpajama-r30-s0,proj-alpaca-r30-s0,L11.o,11,o,2048,1248,0.609375,0.9076229333877563
final-final,proj-slimpajama-r30-s0,proj-alpaca-r30-s0,L11.o,11,o,2048,1248,0.609375,0.904102623462677
init-init,proj-slimpajama-r30-s0,proj-alpaca-r30-s0,L11.gateup,11,gateup,2048,848,0.4140625,0.7556928396224976
final-final,proj-slimpajama-r30-s0,proj-alpaca-r30-s0,L11.gateup,11,gateup,2048,848,0.4140625,0.751913845539093
init-init,proj-slimpajama-r30-s0,proj-alpaca-r30-s0,L11.down,11,down,2048,848,0.4140625,0.8422736525535583
final-final,proj-slimpajama-r30-s0,proj-alpaca-r30-s0,L11.down,11,down,2048,848,0.4140625,0.8371389508247375
init-init,proj-slimpajama-r30-s0,proj-alpaca-r30-s0,L12.qkv,12,qkv,2048,1248,0.609375,0.8693941831588745
final-final,proj-slimpajama-r30-s0,proj-alpaca-r30-s0,L12.qkv,12,qkv,2048,1248,0.609375,0.8668692111968994
init-init,proj-slimpajama-r30-s0,proj-alpaca-r30-s0,L12.o,12,o,2048,1248,0.609375,0.8890976905822754
final-final,proj-slimpajama-r30-s0,proj-alpaca-r30-s0,L12.o,12,o,2048,1248,0.609375,0.8854517936706543
init-init,proj-slimpajama-r30-s0,proj-alpaca-r30-s0,L12.gateup,12,gateup,2048,848,0.4140625,0.7517151832580566
final-final,proj-slimpajama-r30-s0,proj-alpaca-r30-s0,L12.gateup,12,gateup,2048,848,0.4140625,0.7476879954338074
init-init,proj-slimpajama-r30-s0,proj-alpaca-r30-s0,L12.down,12,down,2048,848,0.4140625,0.8503005504608154
final-final,proj-slimpajama-r30-s0,proj-alpaca-r30-s0,L12.down,12,down,2048,848,0.4140625,0.8452549576759338
init-init,proj-slimpajama-r30-s0,proj-alpaca-r30-s0,L13.qkv,13,qkv,2048,1248,0.609375,0.8726391196250916
final-final,proj-slimpajama-r30-s0,proj-alpaca-r30-s0,L13.qkv,13,qkv,2048,1248,0.609375,0.8698159456253052
init-init,proj-slimpajama-r30-s0,proj-alpaca-r30-s0,L13.o,13,o,2048,1248,0.609375,0.899085521697998
final-final,proj-slimpajama-r30-s0,proj-alpaca-r30-s0,L13.o,13,o,2048,1248,0.609375,0.8955090045928955
init-init,proj-slimpajama-r30-s0,proj-alpaca-r30-s0,L13.gateup,13,gateup,2048,848,0.4140625,0.7495973706245422
final-final,proj-slimpajama-r30-s0,proj-alpaca-r30-s0,L13.gateup,13,gateup,2048,848,0.4140625,0.7455883622169495
init-init,proj-slimpajama-r30-s0,proj-alpaca-r30-s0,L13.down,13,down,2048,848,0.4140625,0.8560060858726501
final-final,proj-slimpajama-r30-s0,proj-alpaca-r30-s0,L13.down,13,down,2048,848,0.4140625,0.8508383631706238
init-init,proj-slimpajama-r30-s0,proj-alpaca-r30-s0,L14.qkv,14,qkv,2048,1248,0.609375,0.8713261485099792
final-final,proj-slimpajama-r30-s0,proj-alpaca-r30-s0,L14.qkv,14,qkv,2048,1248,0.609375,0.868807852268219
init-init,proj-slimpajama-r30-s0,proj-alpaca-r30-s0,L14.o,14,o,2048,1248,0.609375,0.8942344784736633
final-final,proj-slimpajama-r30-s0,proj-alpaca-r30-s0,L14.o,14,o,2048,1248,0.609375,0.8907900452613831
init-init,proj-slimpajama-r30-s0,proj-alpaca-r30-s0,L14.gateup,14,gateup,2048,848,0.4140625,0.7470237016677856
final-final,proj-slimpajama-r30-s0,proj-alpaca-r30-s0,L14.gateup,14,gateup,2048,848,0.4140625,0.7433325052261353
init-init,proj-slimpajama-r30-s0,proj-alpaca-r30-s0,L14.down,14,down,2048,848,0.4140625,0.8609652519226074
final-final,proj-slimpajama-r30-s0,proj-alpaca-r30-s0,L14.down,14,down,2048,848,0.4140625,0.8556919097900391
init-init,proj-slimpajama-r30-s0,proj-alpaca-r30-s0,L15.qkv,15,qkv,2048,1248,0.609375,0.8707447648048401
final-final,proj-slimpajama-r30-s0,proj-alpaca-r30-s0,L15.qkv,15,qkv,2048,1248,0.609375,0.8685093522071838
init-init,proj-slimpajama-r30-s0,proj-alpaca-r30-s0,L15.o,15,o,2048,1248,0.609375,0.8961921334266663
final-final,proj-slimpajama-r30-s0,proj-alpaca-r30-s0,L15.o,15,o,2048,1248,0.609375,0.8926419019699097
init-init,proj-slimpajama-r30-s0,proj-alpaca-r30-s0,L15.gateup,15,gateup,2048,848,0.4140625,0.7535386681556702
final-final,proj-slimpajama-r30-s0,proj-alpaca-r30-s0,L15.gateup,15,gateup,2048,848,0.4140625,0.7497560381889343
init-init,proj-slimpajama-r30-s0,proj-alpaca-r30-s0,L15.down,15,down,2048,848,0.4140625,0.8530597686767578
final-final,proj-slimpajama-r30-s0,proj-alpaca-r30-s0,L15.down,15,down,2048,848,0.4140625,0.8481027483940125
init-init,proj-slimpajama-r30-s0,proj-alpaca-r30-s0,L16.qkv,16,qkv,2048,1248,0.609375,0.8725094795227051
final-final,proj-slimpajama-r30-s0,proj-alpaca-r30-s0,L16.qkv,16,qkv,2048,1248,0.609375,0.870282769203186
init-init,proj-slimpajama-r30-s0,proj-alpaca-r30-s0,L16.o,16,o,2048,1248,0.609375,0.902356743812561
final-final,proj-slimpajama-r30-s0,proj-alpaca-r30-s0,L16.o,16,o,2048,1248,0.609375,0.898649275302887
init-init,proj-slimpajama-r30-s0,proj-alpaca-r30-s0,L16.gateup,16,gateup,2048,848,0.4140625,0.7565029859542847
final-final,proj-slimpajama-r30-s0,proj-alpaca-r30-s0,L16.gateup,16,gateup,2048,848,0.4140625,0.7530903220176697
init-init,proj-slimpajama-r30-s0,proj-alpaca-r30-s0,L16.down,16,down,2048,848,0.4140625,0.8500388860702515
final-final,proj-slimpajama-r30-s0,proj-alpaca-r30-s0,L16.down,16,down,2048,848,0.4140625,0.8452082872390747
init-init,proj-slimpajama-r30-s0,proj-alpaca-r30-s0,L17.qkv,17,qkv,2048,1248,0.609375,0.865582287311554
final-final,proj-slimpajama-r30-s0,proj-alpaca-r30-s0,L17.qkv,17,qkv,2048,1248,0.609375,0.8633149862289429
init-init,proj-slimpajama-r30-s0,proj-alpaca-r30-s0,L17.o,17,o,2048,1248,0.609375,0.9081994295120239
final-final,proj-slimpajama-r30-s0,proj-alpaca-r30-s0,L17.o,17,o,2048,1248,0.609375,0.904286801815033
init-init,proj-slimpajama-r30-s0,proj-alpaca-r30-s0,L17.gateup,17,gateup,2048,848,0.4140625,0.7695221900939941
final-final,proj-slimpajama-r30-s0,proj-alpaca-r30-s0,L17.gateup,17,gateup,2048,848,0.4140625,0.7655830979347229
init-init,proj-slimpajama-r30-s0,proj-alpaca-r30-s0,L17.down,17,down,2048,848,0.4140625,0.8405250906944275
final-final,proj-slimpajama-r30-s0,proj-alpaca-r30-s0,L17.down,17,down,2048,848,0.4140625,0.8356653451919556
init-init,proj-slimpajama-r30-s0,proj-alpaca-r30-s0,L18.qkv,18,qkv,2048,1248,0.609375,0.8674972057342529
final-final,proj-slimpajama-r30-s0,proj-alpaca-r30-s0,L18.qkv,18,qkv,2048,1248,0.609375,0.8654294013977051
init-init,proj-slimpajama-r30-s0,proj-alpaca-r30-s0,L18.o,18,o,2048,1248,0.609375,0.8891206383705139
final-final,proj-slimpajama-r30-s0,proj-alpaca-r30-s0,L18.o,18,o,2048,1248,0.609375,0.8853689432144165
init-init,proj-slimpajama-r30-s0,proj-alpaca-r30-s0,L18.gateup,18,gateup,2048,848,0.4140625,0.7553706765174866
final-final,proj-slimpajama-r30-s0,proj-alpaca-r30-s0,L18.gateup,18,gateup,2048,848,0.4140625,0.7515619397163391
init-init,proj-slimpajama-r30-s0,proj-alpaca-r30-s0,L18.down,18,down,2048,848,0.4140625,0.8282533884048462
final-final,proj-slimpajama-r30-s0,proj-alpaca-r30-s0,L18.down,18,down,2048,848,0.4140625,0.8234867453575134
init-init,proj-slimpajama-r30-s0,proj-alpaca-r30-s0,L19.qkv,19,qkv,2048,1248,0.609375,0.8672441244125366
final-final,proj-slimpajama-r30-s0,proj-alpaca-r30-s0,L19.qkv,19,qkv,2048,1248,0.609375,0.8651729822158813
init-init,proj-slimpajama-r30-s0,proj-alpaca-r30-s0,L19.o,19,o,2048,1248,0.609375,0.9064037799835205
final-final,proj-slimpajama-r30-s0,proj-alpaca-r30-s0,L19.o,19,o,2048,1248,0.609375,0.9024797081947327
init-init,proj-slimpajama-r30-s0,proj-alpaca-r30-s0,L19.gateup,19,gateup,2048,848,0.4140625,0.7524794936180115
final-final,proj-slimpajama-r30-s0,proj-alpaca-r30-s0,L19.gateup,19,gateup,2048,848,0.4140625,0.748430073261261
init-init,proj-slimpajama-r30-s0,proj-alpaca-r30-s0,L19.down,19,down,2048,848,0.4140625,0.8391919732093811
final-final,proj-slimpajama-r30-s0,proj-alpaca-r30-s0,L19.down,19,down,2048,848,0.4140625,0.8341408371925354
init-init,proj-slimpajama-r30-s0,proj-alpaca-r30-s0,L20.qkv,20,qkv,2048,1248,0.609375,0.8724527955055237
final-final,proj-slimpajama-r30-s0,proj-alpaca-r30-s0,L20.qkv,20,qkv,2048,1248,0.609375,0.8705413341522217
init-init,proj-slimpajama-r30-s0,proj-alpaca-r30-s0,L20.o,20,o,2048,1248,0.609375,0.8859961032867432
final-final,proj-slimpajama-r30-s0,proj-alpaca-r30-s0,L20.o,20,o,2048,1248,0.609375,0.8817219138145447
init-init,proj-slimpajama-r30-s0,proj-alpaca-r30-s0,L20.gateup,20,gateup,2048,848,0.4140625,0.7606111764907837
final-final,proj-slimpajama-r30-s0,proj-alpaca-r30-s0,L20.gateup,20,gateup,2048,848,0.4140625,0.7565954327583313
init-init,proj-slimpajama-r30-s0,proj-alpaca-r30-s0,L20.down,20,down,2048,848,0.4140625,0.8278035521507263
final-final,proj-slimpajama-r30-s0,proj-alpaca-r30-s0,L20.down,20,down,2048,848,0.4140625,0.8220083713531494
init-init,proj-slimpajama-r30-s0,proj-alpaca-r30-s0,L21.qkv,21,qkv,2048,1248,0.609375,0.8639489412307739
final-final,proj-slimpajama-r30-s0,proj-alpaca-r30-s0,L21.qkv,21,qkv,2048,1248,0.609375,0.8618752956390381
init-init,proj-slimpajama-r30-s0,proj-alpaca-r30-s0,L21.o,21,o,2048,1248,0.609375,0.8855593800544739
final-final,proj-slimpajama-r30-s0,proj-alpaca-r30-s0,L21.o,21,o,2048,1248,0.609375,0.8813018798828125
init-init,proj-slimpajama-r30-s0,proj-alpaca-r30-s0,L21.gateup,21,gateup,2048,848,0.4140625,0.7534507513046265
final-final,proj-slimpajama-r30-s0,proj-alpaca-r30-s0,L21.gateup,21,gateup,2048,848,0.4140625,0.7491409182548523
init-init,proj-slimpajama-r30-s0,proj-alpaca-r30-s0,L21.down,21,down,2048,848,0.4140625,0.808742880821228
final-final,proj-slimpajama-r30-s0,proj-alpaca-r30-s0,L21.down,21,down,2048,848,0.4140625,0.8029619455337524
init-init,proj-slimpajama-r30-s0,proj-alpaca-r30-s0,L22.qkv,22,qkv,2048,1248,0.609375,0.8634955883026123
final-final,proj-slimpajama-r30-s0,proj-alpaca-r30-s0,L22.qkv,22,qkv,2048,1248,0.609375,0.8613171577453613
init-init,proj-slimpajama-r30-s0,proj-alpaca-r30-s0,L22.o,22,o,2048,1248,0.609375,0.8702079653739929
final-final,proj-slimpajama-r30-s0,proj-alpaca-r30-s0,L22.o,22,o,2048,1248,0.609375,0.8664830923080444
init-init,proj-slimpajama-r30-s0,proj-alpaca-r30-s0,L22.gateup,22,gateup,2048,848,0.4140625,0.7488937377929688
final-final,proj-slimpajama-r30-s0,proj-alpaca-r30-s0,L22.gateup,22,gateup,2048,848,0.4140625,0.7440807819366455
init-init,proj-slimpajama-r30-s0,proj-alpaca-r30-s0,L22.down,22,down,2048,848,0.4140625,0.8057804107666016
final-final,proj-slimpajama-r30-s0,proj-alpaca-r30-s0,L22.down,22,down,2048,848,0.4140625,0.7997925877571106
init-init,proj-slimpajama-r30-s0,proj-alpaca-r30-s0,L23.qkv,23,qkv,2048,1248,0.609375,0.8588511347770691
final-final,proj-slimpajama-r30-s0,proj-alpaca-r30-s0,L23.qkv,23,qkv,2048,1248,0.609375,0.8567451238632202
init-init,proj-slimpajama-r30-s0,proj-alpaca-r30-s0,L23.o,23,o,2048,1248,0.609375,0.8488801717758179
final-final,proj-slimpajama-r30-s0,proj-alpaca-r30-s0,L23.o,23,o,2048,1248,0.609375,0.8449351191520691
init-init,proj-slimpajama-r30-s0,proj-alpaca-r30-s0,L23.gateup,23,gateup,2048,848,0.4140625,0.7379388809204102
final-final,proj-slimpajama-r30-s0,proj-alpaca-r30-s0,L23.gateup,23,gateup,2048,848,0.4140625,0.7330178618431091
init-init,proj-slimpajama-r30-s0,proj-alpaca-r30-s0,L23.down,23,down,2048,848,0.4140625,0.8133805394172668
final-final,proj-slimpajama-r30-s0,proj-alpaca-r30-s0,L23.down,23,down,2048,848,0.4140625,0.8072889447212219
init-init,proj-slimpajama-r30-s0,proj-alpaca-r30-s0,L24.qkv,24,qkv,2048,1248,0.609375,0.8583909273147583
final-final,proj-slimpajama-r30-s0,proj-alpaca-r30-s0,L24.qkv,24,qkv,2048,1248,0.609375,0.8560560345649719
init-init,proj-slimpajama-r30-s0,proj-alpaca-r30-s0,L24.o,24,o,2048,1248,0.609375,0.8363513350486755
final-final,proj-slimpajama-r30-s0,proj-alpaca-r30-s0,L24.o,24,o,2048,1248,0.609375,0.8327761292457581
init-init,proj-slimpajama-r30-s0,proj-alpaca-r30-s0,L24.gateup,24,gateup,2048,848,0.4140625,0.7301674485206604
final-final,proj-slimpajama-r30-s0,proj-alpaca-r30-s0,L24.gateup,24,gateup,2048,848,0.4140625,0.7254717946052551
init-init,proj-slimpajama-r30-s0,proj-alpaca-r30-s0,L24.down,24,down,2048,848,0.4140625,0.8136724829673767
final-final,proj-slimpajama-r30-s0,proj-alpaca-r30-s0,L24.down,24,down,2048,848,0.4140625,0.8081150650978088
init-init,proj-slimpajama-r30-s0,proj-alpaca-r30-s0,L25.qkv,25,qkv,2048,1248,0.609375,0.8580830097198486
final-final,proj-slimpajama-r30-s0,proj-alpaca-r30-s0,L25.qkv,25,qkv,2048,1248,0.609375,0.8555305600166321
init-init,proj-slimpajama-r30-s0,proj-alpaca-r30-s0,L25.o,25,o,2048,1248,0.609375,0.7998166084289551
final-final,proj-slimpajama-r30-s0,proj-alpaca-r30-s0,L25.o,25,o,2048,1248,0.609375,0.7967888116836548
init-init,proj-slimpajama-r30-s0,proj-alpaca-r30-s0,L25.gateup,25,gateup,2048,848,0.4140625,0.7250894904136658
final-final,proj-slimpajama-r30-s0,proj-alpaca-r30-s0,L25.gateup,25,gateup,2048,848,0.4140625,0.7201159596443176
init-init,proj-slimpajama-r30-s0,proj-alpaca-r30-s0,L25.down,25,down,2048,848,0.4140625,0.8043069243431091
final-final,proj-slimpajama-r30-s0,proj-alpaca-r30-s0,L25.down,25,down,2048,848,0.4140625,0.7986257672309875
init-init,proj-slimpajama-r30-s0,proj-alpaca-r30-s0,L26.qkv,26,qkv,2048,1248,0.609375,0.8595544695854187
final-final,proj-slimpajama-r30-s0,proj-alpaca-r30-s0,L26.qkv,26,qkv,2048,1248,0.609375,0.8574813604354858
init-init,proj-slimpajama-r30-s0,proj-alpaca-r30-s0,L26.o,26,o,2048,1248,0.609375,0.8179479837417603
final-final,proj-slimpajama-r30-s0,proj-alpaca-r30-s0,L26.o,26,o,2048,1248,0.609375,0.814780592918396
init-init,proj-slimpajama-r30-s0,proj-alpaca-r30-s0,L26.gateup,26,gateup,2048,848,0.4140625,0.7195090651512146
final-final,proj-slimpajama-r30-s0,proj-alpaca-r30-s0,L26.gateup,26,gateup,2048,848,0.4140625,0.7154444456100464
init-init,proj-slimpajama-r30-s0,proj-alpaca-r30-s0,L26.down,26,down,2048,848,0.4140625,0.7948362231254578
final-final,proj-slimpajama-r30-s0,proj-alpaca-r30-s0,L26.down,26,down,2048,848,0.4140625,0.7906298041343689
init-init,proj-slimpajama-r30-s0,proj-alpaca-r30-s0,L27.qkv,27,qkv,2048,1248,0.609375,0.8189767599105835
final-final,proj-slimpajama-r30-s0,proj-alpaca-r30-s0,L27.qkv,27,qkv,2048,1248,0.609375,0.8167077898979187
init-init,proj-slimpajama-r30-s0,proj-alpaca-r30-s0,L27.o,27,o,2048,1248,0.609375,0.8646724224090576
final-final,proj-slimpajama-r30-s0,proj-alpaca-r30-s0,L27.o,27,o,2048,1248,0.609375,0.8617343306541443
init-init,proj-slimpajama-r30-s0,proj-alpaca-r30-s0,L27.gateup,27,gateup,2048,848,0.4140625,0.6982008218765259
final-final,proj-slimpajama-r30-s0,proj-alpaca-r30-s0,L27.gateup,27,gateup,2048,848,0.4140625,0.6960732936859131
init-init,proj-slimpajama-r30-s0,proj-alpaca-r30-s0,L27.down,27,down,2048,848,0.4140625,0.787745475769043
final-final,proj-slimpajama-r30-s0,proj-alpaca-r30-s0,L27.down,27,down,2048,848,0.4140625,0.7867316603660583
init-init,proj-slimpajama-r30-s0,proj-selfgen-r30-s0,L0.qkv,0,qkv,2048,1248,0.609375,0.8880016803741455
final-final,proj-slimpajama-r30-s0,proj-selfgen-r30-s0,L0.qkv,0,qkv,2048,1248,0.609375,0.8835481405258179
init-init,proj-slimpajama-r30-s0,proj-selfgen-r30-s0,L0.o,0,o,2048,1248,0.609375,0.944385826587677
final-final,proj-slimpajama-r30-s0,proj-selfgen-r30-s0,L0.o,0,o,2048,1248,0.609375,0.939419686794281
init-init,proj-slimpajama-r30-s0,proj-selfgen-r30-s0,L0.gateup,0,gateup,2048,848,0.4140625,0.9541517496109009
final-final,proj-slimpajama-r30-s0,proj-selfgen-r30-s0,L0.gateup,0,gateup,2048,848,0.4140625,0.9465099573135376
init-init,proj-slimpajama-r30-s0,proj-selfgen-r30-s0,L0.down,0,down,2048,848,0.4140625,0.834178626537323
final-final,proj-slimpajama-r30-s0,proj-selfgen-r30-s0,L0.down,0,down,2048,848,0.4140625,0.828369140625
init-init,proj-slimpajama-r30-s0,proj-selfgen-r30-s0,L1.qkv,1,qkv,2048,1248,0.609375,0.9010730981826782
final-final,proj-slimpajama-r30-s0,proj-selfgen-r30-s0,L1.qkv,1,qkv,2048,1248,0.609375,0.8959854245185852
init-init,proj-slimpajama-r30-s0,proj-selfgen-r30-s0,L1.o,1,o,2048,1248,0.609375,0.9236871004104614
final-final,proj-slimpajama-r30-s0,proj-selfgen-r30-s0,L1.o,1,o,2048,1248,0.609375,0.9188814759254456
init-init,proj-slimpajama-r30-s0,proj-selfgen-r30-s0,L1.gateup,1,gateup,2048,848,0.4140625,0.83680260181427
final-final,proj-slimpajama-r30-s0,proj-selfgen-r30-s0,L1.gateup,1,gateup,2048,848,0.4140625,0.8306514024734497
init-init,proj-slimpajama-r30-s0,proj-selfgen-r30-s0,L1.down,1,down,2048,848,0.4140625,0.8088147044181824
final-final,proj-slimpajama-r30-s0,proj-selfgen-r30-s0,L1.down,1,down,2048,848,0.4140625,0.8032281398773193
init-init,proj-slimpajama-r30-s0,proj-selfgen-r30-s0,L2.qkv,2,qkv,2048,1248,0.609375,0.896104097366333
final-final,proj-slimpajama-r30-s0,proj-selfgen-r30-s0,L2.qkv,2,qkv,2048,1248,0.609375,0.8914419412612915
init-init,proj-slimpajama-r30-s0,proj-selfgen-r30-s0,L2.o,2,o,2048,1248,0.609375,0.9328910708427429
final-final,proj-slimpajama-r30-s0,proj-selfgen-r30-s0,L2.o,2,o,2048,1248,0.609375,0.927476167678833
init-init,proj-slimpajama-r30-s0,proj-selfgen-r30-s0,L2.gateup,2,gateup,2048,848,0.4140625,0.8050755858421326
final-final,proj-slimpajama-r30-s0,proj-selfgen-r30-s0,L2.gateup,2,gateup,2048,848,0.4140625,0.7993549704551697
init-init,proj-slimpajama-r30-s0,proj-selfgen-r30-s0,L2.down,2,down,2048,848,0.4140625,0.8666172623634338
final-final,proj-slimpajama-r30-s0,proj-selfgen-r30-s0,L2.down,2,down,2048,848,0.4140625,0.8601242899894714
init-init,proj-slimpajama-r30-s0,proj-selfgen-r30-s0,L3.qkv,3,qkv,2048,1248,0.609375,0.9005600214004517
final-final,proj-slimpajama-r30-s0,proj-selfgen-r30-s0,L3.qkv,3,qkv,2048,1248,0.609375,0.8968943953514099
init-init,proj-slimpajama-r30-s0,proj-selfgen-r30-s0,L3.o,3,o,2048,1248,0.609375,0.9014556407928467
final-final,proj-slimpajama-r30-s0,proj-selfgen-r30-s0,L3.o,3,o,2048,1248,0.609375,0.8957791328430176
init-init,proj-slimpajama-r30-s0,proj-selfgen-r30-s0,L3.gateup,3,gateup,2048,848,0.4140625,0.811672568321228
final-final,proj-slimpajama-r30-s0,proj-selfgen-r30-s0,L3.gateup,3,gateup,2048,848,0.4140625,0.8056223392486572
init-init,proj-slimpajama-r30-s0,proj-selfgen-r30-s0,L3.down,3,down,2048,848,0.4140625,0.8632239699363708
final-final,proj-slimpajama-r30-s0,proj-selfgen-r30-s0,L3.down,3,down,2048,848,0.4140625,0.8562913537025452
init-init,proj-slimpajama-r30-s0,proj-selfgen-r30-s0,L4.qkv,4,qkv,2048,1248,0.609375,0.8991463780403137
final-final,proj-slimpajama-r30-s0,proj-selfgen-r30-s0,L4.qkv,4,qkv,2048,1248,0.609375,0.89546799659729
init-init,proj-slimpajama-r30-s0,proj-selfgen-r30-s0,L4.o,4,o,2048,1248,0.609375,0.9058058261871338
final-final,proj-slimpajama-r30-s0,proj-selfgen-r30-s0,L4.o,4,o,2048,1248,0.609375,0.9007128477096558
init-init,proj-slimpajama-r30-s0,proj-selfgen-r30-s0,L4.gateup,4,gateup,2048,848,0.4140625,0.8110045194625854
final-final,proj-slimpajama-r30-s0,proj-selfgen-r30-s0,L4.gateup,4,gateup,2048,848,0.4140625,0.8052787184715271
init-init,proj-slimpajama-r30-s0,proj-selfgen-r30-s0,L4.down,4,down,2048,848,0.4140625,0.8546055555343628
final-final,proj-slimpajama-r30-s0,proj-selfgen-r30-s0,L4.down,4,down,2048,848,0.4140625,0.848468005657196
init-init,proj-slimpajama-r30-s0,proj-selfgen-r30-s0,L5.qkv,5,qkv,2048,1248,0.609375,0.8978064060211182
final-final,proj-slimpajama-r30-s0,proj-selfgen-r30-s0,L5.qkv,5,qkv,2048,1248,0.609375,0.8943557739257812
init-init,proj-slimpajama-r30-s0,proj-selfgen-r30-s0,L5.o,5,o,2048,1248,0.609375,0.9270759224891663
final-final,proj-slimpajama-r30-s0,proj-selfgen-r30-s0,L5.o,5,o,2048,1248,0.609375,0.9215598702430725
init-init,proj-slimpajama-r30-s0,proj-selfgen-r30-s0,L5.gateup,5,gateup,2048,848,0.4140625,0.7979353666305542
final-final,proj-slimpajama-r30-s0,proj-selfgen-r30-s0,L5.gateup,5,gateup,2048,848,0.4140625,0.7921066284179688
init-init,proj-slimpajama-r30-s0,proj-selfgen-r30-s0,L5.down,5,down,2048,848,0.4140625,0.8802188038825989
final-final,proj-slimpajama-r30-s0,proj-selfgen-r30-s0,L5.down,5,down,2048,848,0.4140625,0.873569905757904
init-init,proj-slimpajama-r30-s0,proj-selfgen-r30-s0,L6.qkv,6,qkv,2048,1248,0.609375,0.9089640974998474
final-final,proj-slimpajama-r30-s0,proj-selfgen-r30-s0,L6.qkv,6,qkv,2048,1248,0.609375,0.9049921631813049
init-init,proj-slimpajama-r30-s0,proj-selfgen-r30-s0,L6.o,6,o,2048,1248,0.609375,0.9286020994186401
final-final,proj-slimpajama-r30-s0,proj-selfgen-r30-s0,L6.o,6,o,2048,1248,0.609375,0.923014223575592
init-init,proj-slimpajama-r30-s0,proj-selfgen-r30-s0,L6.gateup,6,gateup,2048,848,0.4140625,0.802670419216156
final-final,proj-slimpajama-r30-s0,proj-selfgen-r30-s0,L6.gateup,6,gateup,2048,848,0.4140625,0.7970567941665649
init-init,proj-slimpajama-r30-s0,proj-selfgen-r30-s0,L6.down,6,down,2048,848,0.4140625,0.8720848560333252
final-final,proj-slimpajama-r30-s0,proj-selfgen-r30-s0,L6.down,6,down,2048,848,0.4140625,0.8657117486000061
init-init,proj-slimpajama-r30-s0,proj-selfgen-r30-s0,L7.qkv,7,qkv,2048,1248,0.609375,0.8986141681671143
final-final,proj-slimpajama-r30-s0,proj-selfgen-r30-s0,L7.qkv,7,qkv,2048,1248,0.609375,0.8948830962181091
init-init,proj-slimpajama-r30-s0,proj-selfgen-r30-s0,L7.o,7,o,2048,1248,0.609375,0.9170899987220764
final-final,proj-slimpajama-r30-s0,proj-selfgen-r30-s0,L7.o,7,o,2048,1248,0.609375,0.9121434092521667
init-init,proj-slimpajama-r30-s0,proj-selfgen-r30-s0,L7.gateup,7,gateup,2048,848,0.4140625,0.7949787378311157
final-final,proj-slimpajama-r30-s0,proj-selfgen-r30-s0,L7.gateup,7,gateup,2048,848,0.4140625,0.7893697023391724
init-init,proj-slimpajama-r30-s0,proj-selfgen-r30-s0,L7.down,7,down,2048,848,0.4140625,0.8777916431427002
final-final,proj-slimpajama-r30-s0,proj-selfgen-r30-s0,L7.down,7,down,2048,848,0.4140625,0.8716272711753845
init-init,proj-slimpajama-r30-s0,proj-selfgen-r30-s0,L8.qkv,8,qkv,2048,1248,0.609375,0.9046017527580261
final-final,proj-slimpajama-r30-s0,proj-selfgen-r30-s0,L8.qkv,8,qkv,2048,1248,0.609375,0.9009919762611389
init-init,proj-slimpajama-r30-s0,proj-selfgen-r30-s0,L8.o,8,o,2048,1248,0.609375,0.8975487947463989
final-final,proj-slimpajama-r30-s0,proj-selfgen-r30-s0,L8.o,8,o,2048,1248,0.609375,0.89247727394104
init-init,proj-slimpajama-r30-s0,proj-selfgen-r30-s0,L8.gateup,8,gateup,2048,848,0.4140625,0.7856964468955994
final-final,proj-slimpajama-r30-s0,proj-selfgen-r30-s0,L8.gateup,8,gateup,2048,848,0.4140625,0.7803716659545898
init-init,proj-slimpajama-r30-s0,proj-selfgen-r30-s0,L8.down,8,down,2048,848,0.4140625,0.871178925037384
final-final,proj-slimpajama-r30-s0,proj-selfgen-r30-s0,L8.down,8,down,2048,848,0.4140625,0.8652975559234619
init-init,proj-slimpajama-r30-s0,proj-selfgen-r30-s0,L9.qkv,9,qkv,2048,1248,0.609375,0.9028584361076355
final-final,proj-slimpajama-r30-s0,proj-selfgen-r30-s0,L9.qkv,9,qkv,2048,1248,0.609375,0.899682879447937
init-init,proj-slimpajama-r30-s0,proj-selfgen-r30-s0,L9.o,9,o,2048,1248,0.609375,0.906882107257843
final-final,proj-slimpajama-r30-s0,proj-selfgen-r30-s0,L9.o,9,o,2048,1248,0.609375,0.9020656943321228
init-init,proj-slimpajama-r30-s0,proj-selfgen-r30-s0,L9.gateup,9,gateup,2048,848,0.4140625,0.7873353958129883
final-final,proj-slimpajama-r30-s0,proj-selfgen-r30-s0,L9.gateup,9,gateup,2048,848,0.4140625,0.7822877764701843
init-init,proj-slimpajama-r30-s0,proj-selfgen-r30-s0,L9.down,9,down,2048,848,0.4140625,0.858180820941925
final-final,proj-slimpajama-r30-s0,proj-selfgen-r30-s0,L9.down,9,down,2048,848,0.4140625,0.8524523973464966
init-init,proj-slimpajama-r30-s0,proj-selfgen-r30-s0,L10.qkv,10,qkv,2048,1248,0.609375,0.8926922082901001
final-final,proj-slimpajama-r30-s0,proj-selfgen-r30-s0,L10.qkv,10,qkv,2048,1248,0.609375,0.8889365792274475
init-init,proj-slimpajama-r30-s0,proj-selfgen-r30-s0,L10.o,10,o,2048,1248,0.609375,0.9172948598861694
final-final,proj-slimpajama-r30-s0,proj-selfgen-r30-s0,L10.o,10,o,2048,1248,0.609375,0.9119845628738403
init-init,proj-slimpajama-r30-s0,proj-selfgen-r30-s0,L10.gateup,10,gateup,2048,848,0.4140625,0.7783011794090271
final-final,proj-slimpajama-r30-s0,proj-selfgen-r30-s0,L10.gateup,10,gateup,2048,848,0.4140625,0.7733355760574341
init-init,proj-slimpajama-r30-s0,proj-selfgen-r30-s0,L10.down,10,down,2048,848,0.4140625,0.8586754202842712
final-final,proj-slimpajama-r30-s0,proj-selfgen-r30-s0,L10.down,10,down,2048,848,0.4140625,0.8528971076011658
init-init,proj-slimpajama-r30-s0,proj-selfgen-r30-s0,L11.qkv,11,qkv,2048,1248,0.609375,0.9034236073493958
final-final,proj-slimpajama-r30-s0,proj-selfgen-r30-s0,L11.qkv,11,qkv,2048,1248,0.609375,0.8992544412612915
init-init,proj-slimpajama-r30-s0,proj-selfgen-r30-s0,L11.o,11,o,2048,1248,0.609375,0.9339045882225037
final-final,proj-slimpajama-r30-s0,proj-selfgen-r30-s0,L11.o,11,o,2048,1248,0.609375,0.9285626411437988
init-init,proj-slimpajama-r30-s0,proj-selfgen-r30-s0,L11.gateup,11,gateup,2048,848,0.4140625,0.7825100421905518
final-final,proj-slimpajama-r30-s0,proj-selfgen-r30-s0,L11.gateup,11,gateup,2048,848,0.4140625,0.7768030762672424
init-init,proj-slimpajama-r30-s0,proj-selfgen-r30-s0,L11.down,11,down,2048,848,0.4140625,0.872674822807312
final-final,proj-slimpajama-r30-s0,proj-selfgen-r30-s0,L11.down,11,down,2048,848,0.4140625,0.8663867712020874
init-init,proj-slimpajama-r30-s0,proj-selfgen-r30-s0,L12.qkv,12,qkv,2048,1248,0.609375,0.8969879150390625
final-final,proj-slimpajama-r30-s0,proj-selfgen-r30-s0,L12.qkv,12,qkv,2048,1248,0.609375,0.8931418061256409
init-init,proj-slimpajama-r30-s0,proj-selfgen-r30-s0,L12.o,12,o,2048,1248,0.609375,0.9196559190750122
final-final,proj-slimpajama-r30-s0,proj-selfgen-r30-s0,L12.o,12,o,2048,1248,0.609375,0.9141691327095032
init-init,proj-slimpajama-r30-s0,proj-selfgen-r30-s0,L12.gateup,12,gateup,2048,848,0.4140625,0.7818997502326965
final-final,proj-slimpajama-r30-s0,proj-selfgen-r30-s0,L12.gateup,12,gateup,2048,848,0.4140625,0.7760024070739746
init-init,proj-slimpajama-r30-s0,proj-selfgen-r30-s0,L12.down,12,down,2048,848,0.4140625,0.8820566534996033
final-final,proj-slimpajama-r30-s0,proj-selfgen-r30-s0,L12.down,12,down,2048,848,0.4140625,0.8759180307388306
init-init,proj-slimpajama-r30-s0,proj-selfgen-r30-s0,L13.qkv,13,qkv,2048,1248,0.609375,0.9028767347335815
final-final,proj-slimpajama-r30-s0,proj-selfgen-r30-s0,L13.qkv,13,qkv,2048,1248,0.609375,0.8985412120819092
init-init,proj-slimpajama-r30-s0,proj-selfgen-r30-s0,L13.o,13,o,2048,1248,0.609375,0.9270434379577637
final-final,proj-slimpajama-r30-s0,proj-selfgen-r30-s0,L13.o,13,o,2048,1248,0.609375,0.921780526638031
init-init,proj-slimpajama-r30-s0,proj-selfgen-r30-s0,L13.gateup,13,gateup,2048,848,0.4140625,0.7858512997627258
final-final,proj-slimpajama-r30-s0,proj-selfgen-r30-s0,L13.gateup,13,gateup,2048,848,0.4140625,0.7801689505577087
init-init,proj-slimpajama-r30-s0,proj-selfgen-r30-s0,L13.down,13,down,2048,848,0.4140625,0.886823832988739
final-final,proj-slimpajama-r30-s0,proj-selfgen-r30-s0,L13.down,13,down,2048,848,0.4140625,0.8806806206703186
init-init,proj-slimpajama-r30-s0,proj-selfgen-r30-s0,L14.qkv,14,qkv,2048,1248,0.609375,0.9022510647773743
final-final,proj-slimpajama-r30-s0,proj-selfgen-r30-s0,L14.qkv,14,qkv,2048,1248,0.609375,0.8986100554466248
init-init,proj-slimpajama-r30-s0,proj-selfgen-r30-s0,L14.o,14,o,2048,1248,0.609375,0.926869809627533
final-final,proj-slimpajama-r30-s0,proj-selfgen-r30-s0,L14.o,14,o,2048,1248,0.609375,0.9216846823692322
init-init,proj-slimpajama-r30-s0,proj-selfgen-r30-s0,L14.gateup,14,gateup,2048,848,0.4140625,0.7851505279541016
final-final,proj-slimpajama-r30-s0,proj-selfgen-r30-s0,L14.gateup,14,gateup,2048,848,0.4140625,0.7798662781715393
init-init,proj-slimpajama-r30-s0,proj-selfgen-r30-s0,L14.down,14,down,2048,848,0.4140625,0.8914635181427002
final-final,proj-slimpajama-r30-s0,proj-selfgen-r30-s0,L14.down,14,down,2048,848,0.4140625,0.885577380657196
init-init,proj-slimpajama-r30-s0,proj-selfgen-r30-s0,L15.qkv,15,qkv,2048,1248,0.609375,0.9029250741004944
final-final,proj-slimpajama-r30-s0,proj-selfgen-r30-s0,L15.qkv,15,qkv,2048,1248,0.609375,0.8995434045791626
init-init,proj-slimpajama-r30-s0,proj-selfgen-r30-s0,L15.o,15,o,2048,1248,0.609375,0.9206644892692566
final-final,proj-slimpajama-r30-s0,proj-selfgen-r30-s0,L15.o,15,o,2048,1248,0.609375,0.915418803691864
init-init,proj-slimpajama-r30-s0,proj-selfgen-r30-s0,L15.gateup,15,gateup,2048,848,0.4140625,0.7926446795463562
final-final,proj-slimpajama-r30-s0,proj-selfgen-r30-s0,L15.gateup,15,gateup,2048,848,0.4140625,0.7874162197113037
init-init,proj-slimpajama-r30-s0,proj-selfgen-r30-s0,L15.down,15,down,2048,848,0.4140625,0.8781463503837585
final-final,proj-slimpajama-r30-s0,proj-selfgen-r30-s0,L15.down,15,down,2048,848,0.4140625,0.8725367188453674
init-init,proj-slimpajama-r30-s0,proj-selfgen-r30-s0,L16.qkv,16,qkv,2048,1248,0.609375,0.9039811491966248
final-final,proj-slimpajama-r30-s0,proj-selfgen-r30-s0,L16.qkv,16,qkv,2048,1248,0.609375,0.9007260203361511
init-init,proj-slimpajama-r30-s0,proj-selfgen-r30-s0,L16.o,16,o,2048,1248,0.609375,0.9273529052734375
final-final,proj-slimpajama-r30-s0,proj-selfgen-r30-s0,L16.o,16,o,2048,1248,0.609375,0.9221134781837463
init-init,proj-slimpajama-r30-s0,proj-selfgen-r30-s0,L16.gateup,16,gateup,2048,848,0.4140625,0.7942477464675903
final-final,proj-slimpajama-r30-s0,proj-selfgen-r30-s0,L16.gateup,16,gateup,2048,848,0.4140625,0.7897500395774841
init-init,proj-slimpajama-r30-s0,proj-selfgen-r30-s0,L16.down,16,down,2048,848,0.4140625,0.8705856204032898
final-final,proj-slimpajama-r30-s0,proj-selfgen-r30-s0,L16.down,16,down,2048,848,0.4140625,0.8652616143226624
init-init,proj-slimpajama-r30-s0,proj-selfgen-r30-s0,L17.qkv,17,qkv,2048,1248,0.609375,0.8903965950012207
final-final,proj-slimpajama-r30-s0,proj-selfgen-r30-s0,L17.qkv,17,qkv,2048,1248,0.609375,0.8872165083885193
init-init,proj-slimpajama-r30-s0,proj-selfgen-r30-s0,L17.o,17,o,2048,1248,0.609375,0.9299386739730835
final-final,proj-slimpajama-r30-s0,proj-selfgen-r30-s0,L17.o,17,o,2048,1248,0.609375,0.924757182598114
init-init,proj-slimpajama-r30-s0,proj-selfgen-r30-s0,L17.gateup,17,gateup,2048,848,0.4140625,0.7988196611404419
final-final,proj-slimpajama-r30-s0,proj-selfgen-r30-s0,L17.gateup,17,gateup,2048,848,0.4140625,0.7938342094421387
init-init,proj-slimpajama-r30-s0,proj-selfgen-r30-s0,L17.down,17,down,2048,848,0.4140625,0.849658191204071
final-final,proj-slimpajama-r30-s0,proj-selfgen-r30-s0,L17.down,17,down,2048,848,0.4140625,0.844380795955658
init-init,proj-slimpajama-r30-s0,proj-selfgen-r30-s0,L18.qkv,18,qkv,2048,1248,0.609375,0.8924398422241211
final-final,proj-slimpajama-r30-s0,proj-selfgen-r30-s0,L18.qkv,18,qkv,2048,1248,0.609375,0.88941890001297
init-init,proj-slimpajama-r30-s0,proj-selfgen-r30-s0,L18.o,18,o,2048,1248,0.609375,0.9101448059082031
final-final,proj-slimpajama-r30-s0,proj-selfgen-r30-s0,L18.o,18,o,2048,1248,0.609375,0.9051763415336609
init-init,proj-slimpajama-r30-s0,proj-selfgen-r30-s0,L18.gateup,18,gateup,2048,848,0.4140625,0.7788086533546448
final-final,proj-slimpajama-r30-s0,proj-selfgen-r30-s0,L18.gateup,18,gateup,2048,848,0.4140625,0.7740508317947388
init-init,proj-slimpajama-r30-s0,proj-selfgen-r30-s0,L18.down,18,down,2048,848,0.4140625,0.841030478477478
final-final,proj-slimpajama-r30-s0,proj-selfgen-r30-s0,L18.down,18,down,2048,848,0.4140625,0.8359329104423523
init-init,proj-slimpajama-r30-s0,proj-selfgen-r30-s0,L19.qkv,19,qkv,2048,1248,0.609375,0.8895454406738281
final-final,proj-slimpajama-r30-s0,proj-selfgen-r30-s0,L19.qkv,19,qkv,2048,1248,0.609375,0.8865066766738892
init-init,proj-slimpajama-r30-s0,proj-selfgen-r30-s0,L19.o,19,o,2048,1248,0.609375,0.9145016670227051
final-final,proj-slimpajama-r30-s0,proj-selfgen-r30-s0,L19.o,19,o,2048,1248,0.609375,0.9096102714538574
init-init,proj-slimpajama-r30-s0,proj-selfgen-r30-s0,L19.gateup,19,gateup,2048,848,0.4140625,0.775605320930481
final-final,proj-slimpajama-r30-s0,proj-selfgen-r30-s0,L19.gateup,19,gateup,2048,848,0.4140625,0.7708434462547302
init-init,proj-slimpajama-r30-s0,proj-selfgen-r30-s0,L19.down,19,down,2048,848,0.4140625,0.8467709422111511
final-final,proj-slimpajama-r30-s0,proj-selfgen-r30-s0,L19.down,19,down,2048,848,0.4140625,0.8411780595779419
init-init,proj-slimpajama-r30-s0,proj-selfgen-r30-s0,L20.qkv,20,qkv,2048,1248,0.609375,0.8917055726051331
final-final,proj-slimpajama-r30-s0,proj-selfgen-r30-s0,L20.qkv,20,qkv,2048,1248,0.609375,0.8889091610908508
init-init,proj-slimpajama-r30-s0,proj-selfgen-r30-s0,L20.o,20,o,2048,1248,0.609375,0.9103057384490967
final-final,proj-slimpajama-r30-s0,proj-selfgen-r30-s0,L20.o,20,o,2048,1248,0.609375,0.9048286080360413
init-init,proj-slimpajama-r30-s0,proj-selfgen-r30-s0,L20.gateup,20,gateup,2048,848,0.4140625,0.7741428017616272
final-final,proj-slimpajama-r30-s0,proj-selfgen-r30-s0,L20.gateup,20,gateup,2048,848,0.4140625,0.7692459225654602
init-init,proj-slimpajama-r30-s0,proj-selfgen-r30-s0,L20.down,20,down,2048,848,0.4140625,0.8347976207733154
final-final,proj-slimpajama-r30-s0,proj-selfgen-r30-s0,L20.down,20,down,2048,848,0.4140625,0.8286784887313843
init-init,proj-slimpajama-r30-s0,proj-selfgen-r30-s0,L21.qkv,21,qkv,2048,1248,0.609375,0.8852490186691284
final-final,proj-slimpajama-r30-s0,proj-selfgen-r30-s0,L21.qkv,21,qkv,2048,1248,0.609375,0.8823609352111816
init-init,proj-slimpajama-r30-s0,proj-selfgen-r30-s0,L21.o,21,o,2048,1248,0.609375,0.9039118885993958
final-final,proj-slimpajama-r30-s0,proj-selfgen-r30-s0,L21.o,21,o,2048,1248,0.609375,0.8985472321510315
init-init,proj-slimpajama-r30-s0,proj-selfgen-r30-s0,L21.gateup,21,gateup,2048,848,0.4140625,0.7621005177497864
final-final,proj-slimpajama-r30-s0,proj-selfgen-r30-s0,L21.gateup,21,gateup,2048,848,0.4140625,0.7570104598999023
init-init,proj-slimpajama-r30-s0,proj-selfgen-r30-s0,L21.down,21,down,2048,848,0.4140625,0.8216376304626465
final-final,proj-slimpajama-r30-s0,proj-selfgen-r30-s0,L21.down,21,down,2048,848,0.4140625,0.8151953220367432
init-init,proj-slimpajama-r30-s0,proj-selfgen-r30-s0,L22.qkv,22,qkv,2048,1248,0.609375,0.8829419016838074
final-final,proj-slimpajama-r30-s0,proj-selfgen-r30-s0,L22.qkv,22,qkv,2048,1248,0.609375,0.8799636363983154
init-init,proj-slimpajama-r30-s0,proj-selfgen-r30-s0,L22.o,22,o,2048,1248,0.609375,0.8760520815849304
final-final,proj-slimpajama-r30-s0,proj-selfgen-r30-s0,L22.o,22,o,2048,1248,0.609375,0.8710969686508179
init-init,proj-slimpajama-r30-s0,proj-selfgen-r30-s0,L22.gateup,22,gateup,2048,848,0.4140625,0.7561517357826233
final-final,proj-slimpajama-r30-s0,proj-selfgen-r30-s0,L22.gateup,22,gateup,2048,848,0.4140625,0.7506759166717529
init-init,proj-slimpajama-r30-s0,proj-selfgen-r30-s0,L22.down,22,down,2048,848,0.4140625,0.8168174624443054
final-final,proj-slimpajama-r30-s0,proj-selfgen-r30-s0,L22.down,22,down,2048,848,0.4140625,0.8103499412536621
init-init,proj-slimpajama-r30-s0,proj-selfgen-r30-s0,L23.qkv,23,qkv,2048,1248,0.609375,0.878258466720581
final-final,proj-slimpajama-r30-s0,proj-selfgen-r30-s0,L23.qkv,23,qkv,2048,1248,0.609375,0.8754165172576904
init-init,proj-slimpajama-r30-s0,proj-selfgen-r30-s0,L23.o,23,o,2048,1248,0.609375,0.876036524772644
final-final,proj-slimpajama-r30-s0,proj-selfgen-r30-s0,L23.o,23,o,2048,1248,0.609375,0.8707438111305237
init-init,proj-slimpajama-r30-s0,proj-selfgen-r30-s0,L23.gateup,23,gateup,2048,848,0.4140625,0.7420952320098877
final-final,proj-slimpajama-r30-s0,proj-selfgen-r30-s0,L23.gateup,23,gateup,2048,848,0.4140625,0.736630916595459
init-init,proj-slimpajama-r30-s0,proj-selfgen-r30-s0,L23.down,23,down,2048,848,0.4140625,0.8265633583068848
final-final,proj-slimpajama-r30-s0,proj-selfgen-r30-s0,L23.down,23,down,2048,848,0.4140625,0.8199934363365173
init-init,proj-slimpajama-r30-s0,proj-selfgen-r30-s0,L24.qkv,24,qkv,2048,1248,0.609375,0.8783950805664062
final-final,proj-slimpajama-r30-s0,proj-selfgen-r30-s0,L24.qkv,24,qkv,2048,1248,0.609375,0.8753031492233276
init-init,proj-slimpajama-r30-s0,proj-selfgen-r30-s0,L24.o,24,o,2048,1248,0.609375,0.8607304096221924
final-final,proj-slimpajama-r30-s0,proj-selfgen-r30-s0,L24.o,24,o,2048,1248,0.609375,0.8558656573295593
init-init,proj-slimpajama-r30-s0,proj-selfgen-r30-s0,L24.gateup,24,gateup,2048,848,0.4140625,0.7341387867927551
final-final,proj-slimpajama-r30-s0,proj-selfgen-r30-s0,L24.gateup,24,gateup,2048,848,0.4140625,0.7287991046905518
init-init,proj-slimpajama-r30-s0,proj-selfgen-r30-s0,L24.down,24,down,2048,848,0.4140625,0.8287848830223083
final-final,proj-slimpajama-r30-s0,proj-selfgen-r30-s0,L24.down,24,down,2048,848,0.4140625,0.8228460550308228
init-init,proj-slimpajama-r30-s0,proj-selfgen-r30-s0,L25.qkv,25,qkv,2048,1248,0.609375,0.878237783908844
final-final,proj-slimpajama-r30-s0,proj-selfgen-r30-s0,L25.qkv,25,qkv,2048,1248,0.609375,0.874985933303833
init-init,proj-slimpajama-r30-s0,proj-selfgen-r30-s0,L25.o,25,o,2048,1248,0.609375,0.8591539263725281
final-final,proj-slimpajama-r30-s0,proj-selfgen-r30-s0,L25.o,25,o,2048,1248,0.609375,0.8539008498191833
init-init,proj-slimpajama-r30-s0,proj-selfgen-r30-s0,L25.gateup,25,gateup,2048,848,0.4140625,0.7318879961967468
final-final,proj-slimpajama-r30-s0,proj-selfgen-r30-s0,L25.gateup,25,gateup,2048,848,0.4140625,0.726728081703186
init-init,proj-slimpajama-r30-s0,proj-selfgen-r30-s0,L25.down,25,down,2048,848,0.4140625,0.8220298290252686
final-final,proj-slimpajama-r30-s0,proj-selfgen-r30-s0,L25.down,25,down,2048,848,0.4140625,0.8160015940666199
init-init,proj-slimpajama-r30-s0,proj-selfgen-r30-s0,L26.qkv,26,qkv,2048,1248,0.609375,0.8777638077735901
final-final,proj-slimpajama-r30-s0,proj-selfgen-r30-s0,L26.qkv,26,qkv,2048,1248,0.609375,0.8750084042549133
init-init,proj-slimpajama-r30-s0,proj-selfgen-r30-s0,L26.o,26,o,2048,1248,0.609375,0.8534448146820068
final-final,proj-slimpajama-r30-s0,proj-selfgen-r30-s0,L26.o,26,o,2048,1248,0.609375,0.8489788770675659
init-init,proj-slimpajama-r30-s0,proj-selfgen-r30-s0,L26.gateup,26,gateup,2048,848,0.4140625,0.7298470139503479
final-final,proj-slimpajama-r30-s0,proj-selfgen-r30-s0,L26.gateup,26,gateup,2048,848,0.4140625,0.7256577610969543
init-init,proj-slimpajama-r30-s0,proj-selfgen-r30-s0,L26.down,26,down,2048,848,0.4140625,0.8098459839820862
final-final,proj-slimpajama-r30-s0,proj-selfgen-r30-s0,L26.down,26,down,2048,848,0.4140625,0.8055473566055298
init-init,proj-slimpajama-r30-s0,proj-selfgen-r30-s0,L27.qkv,27,qkv,2048,1248,0.609375,0.8380095958709717
final-final,proj-slimpajama-r30-s0,proj-selfgen-r30-s0,L27.qkv,27,qkv,2048,1248,0.609375,0.8352813124656677
init-init,proj-slimpajama-r30-s0,proj-selfgen-r30-s0,L27.o,27,o,2048,1248,0.609375,0.8810282349586487
final-final,proj-slimpajama-r30-s0,proj-selfgen-r30-s0,L27.o,27,o,2048,1248,0.609375,0.8774091601371765
init-init,proj-slimpajama-r30-s0,proj-selfgen-r30-s0,L27.gateup,27,gateup,2048,848,0.4140625,0.7112054228782654
final-final,proj-slimpajama-r30-s0,proj-selfgen-r30-s0,L27.gateup,27,gateup,2048,848,0.4140625,0.7088086009025574
init-init,proj-slimpajama-r30-s0,proj-selfgen-r30-s0,L27.down,27,down,2048,848,0.4140625,0.8078466653823853
final-final,proj-slimpajama-r30-s0,proj-selfgen-r30-s0,L27.down,27,down,2048,848,0.4140625,0.8065522313117981
init-init,proj-slimpajama-r30-s0,proj-selfdoc-r30-s0,L0.qkv,0,qkv,2048,1248,0.609375,0.889549732208252
final-final,proj-slimpajama-r30-s0,proj-selfdoc-r30-s0,L0.qkv,0,qkv,2048,1248,0.609375,0.8848730325698853
init-init,proj-slimpajama-r30-s0,proj-selfdoc-r30-s0,L0.o,0,o,2048,1248,0.609375,0.946585476398468
final-final,proj-slimpajama-r30-s0,proj-selfdoc-r30-s0,L0.o,0,o,2048,1248,0.609375,0.9412744045257568
init-init,proj-slimpajama-r30-s0,proj-selfdoc-r30-s0,L0.gateup,0,gateup,2048,848,0.4140625,0.9566681981086731
final-final,proj-slimpajama-r30-s0,proj-selfdoc-r30-s0,L0.gateup,0,gateup,2048,848,0.4140625,0.9483232498168945
init-init,proj-slimpajama-r30-s0,proj-selfdoc-r30-s0,L0.down,0,down,2048,848,0.4140625,0.8371121287345886
final-final,proj-slimpajama-r30-s0,proj-selfdoc-r30-s0,L0.down,0,down,2048,848,0.4140625,0.8312274217605591
init-init,proj-slimpajama-r30-s0,proj-selfdoc-r30-s0,L1.qkv,1,qkv,2048,1248,0.609375,0.9031448364257812
final-final,proj-slimpajama-r30-s0,proj-selfdoc-r30-s0,L1.qkv,1,qkv,2048,1248,0.609375,0.898195743560791
init-init,proj-slimpajama-r30-s0,proj-selfdoc-r30-s0,L1.o,1,o,2048,1248,0.609375,0.9267664551734924
final-final,proj-slimpajama-r30-s0,proj-selfdoc-r30-s0,L1.o,1,o,2048,1248,0.609375,0.9220951199531555
init-init,proj-slimpajama-r30-s0,proj-selfdoc-r30-s0,L1.gateup,1,gateup,2048,848,0.4140625,0.8405298590660095
final-final,proj-slimpajama-r30-s0,proj-selfdoc-r30-s0,L1.gateup,1,gateup,2048,848,0.4140625,0.8340224027633667
init-init,proj-slimpajama-r30-s0,proj-selfdoc-r30-s0,L1.down,1,down,2048,848,0.4140625,0.8167268633842468
final-final,proj-slimpajama-r30-s0,proj-selfdoc-r30-s0,L1.down,1,down,2048,848,0.4140625,0.8110648989677429
init-init,proj-slimpajama-r30-s0,proj-selfdoc-r30-s0,L2.qkv,2,qkv,2048,1248,0.609375,0.8997663855552673
final-final,proj-slimpajama-r30-s0,proj-selfdoc-r30-s0,L2.qkv,2,qkv,2048,1248,0.609375,0.8952093124389648
init-init,proj-slimpajama-r30-s0,proj-selfdoc-r30-s0,L2.o,2,o,2048,1248,0.609375,0.9360711574554443
final-final,proj-slimpajama-r30-s0,proj-selfdoc-r30-s0,L2.o,2,o,2048,1248,0.609375,0.9309291243553162
init-init,proj-slimpajama-r30-s0,proj-selfdoc-r30-s0,L2.gateup,2,gateup,2048,848,0.4140625,0.8113402128219604
final-final,proj-slimpajama-r30-s0,proj-selfdoc-r30-s0,L2.gateup,2,gateup,2048,848,0.4140625,0.8054214715957642
init-init,proj-slimpajama-r30-s0,proj-selfdoc-r30-s0,L2.down,2,down,2048,848,0.4140625,0.8700264692306519
final-final,proj-slimpajama-r30-s0,proj-selfdoc-r30-s0,L2.down,2,down,2048,848,0.4140625,0.863886296749115
init-init,proj-slimpajama-r30-s0,proj-selfdoc-r30-s0,L3.qkv,3,qkv,2048,1248,0.609375,0.9043939113616943
final-final,proj-slimpajama-r30-s0,proj-selfdoc-r30-s0,L3.qkv,3,qkv,2048,1248,0.609375,0.9008896946907043
init-init,proj-slimpajama-r30-s0,proj-selfdoc-r30-s0,L3.o,3,o,2048,1248,0.609375,0.9100155830383301
final-final,proj-slimpajama-r30-s0,proj-selfdoc-r30-s0,L3.o,3,o,2048,1248,0.609375,0.9044695496559143
init-init,proj-slimpajama-r30-s0,proj-selfdoc-r30-s0,L3.gateup,3,gateup,2048,848,0.4140625,0.8196349143981934
final-final,proj-slimpajama-r30-s0,proj-selfdoc-r30-s0,L3.gateup,3,gateup,2048,848,0.4140625,0.8141887187957764
init-init,proj-slimpajama-r30-s0,proj-selfdoc-r30-s0,L3.down,3,down,2048,848,0.4140625,0.8667795658111572
final-final,proj-slimpajama-r30-s0,proj-selfdoc-r30-s0,L3.down,3,down,2048,848,0.4140625,0.8612875938415527
init-init,proj-slimpajama-r30-s0,proj-selfdoc-r30-s0,L4.qkv,4,qkv,2048,1248,0.609375,0.9040361046791077
final-final,proj-slimpajama-r30-s0,proj-selfdoc-r30-s0,L4.qkv,4,qkv,2048,1248,0.609375,0.9007482528686523
init-init,proj-slimpajama-r30-s0,proj-selfdoc-r30-s0,L4.o,4,o,2048,1248,0.609375,0.9136279225349426
final-final,proj-slimpajama-r30-s0,proj-selfdoc-r30-s0,L4.o,4,o,2048,1248,0.609375,0.9091838002204895
init-init,proj-slimpajama-r30-s0,proj-selfdoc-r30-s0,L4.gateup,4,gateup,2048,848,0.4140625,0.8201967477798462
final-final,proj-slimpajama-r30-s0,proj-selfdoc-r30-s0,L4.gateup,4,gateup,2048,848,0.4140625,0.8146624565124512
init-init,proj-slimpajama-r30-s0,proj-selfdoc-r30-s0,L4.down,4,down,2048,848,0.4140625,0.8594443798065186
final-final,proj-slimpajama-r30-s0,proj-selfdoc-r30-s0,L4.down,4,down,2048,848,0.4140625,0.8532606959342957
init-init,proj-slimpajama-r30-s0,proj-selfdoc-r30-s0,L5.qkv,5,qkv,2048,1248,0.609375,0.902665376663208
final-final,proj-slimpajama-r30-s0,proj-selfdoc-r30-s0,L5.qkv,5,qkv,2048,1248,0.609375,0.8993539214134216
init-init,proj-slimpajama-r30-s0,proj-selfdoc-r30-s0,L5.o,5,o,2048,1248,0.609375,0.9330093264579773
final-final,proj-slimpajama-r30-s0,proj-selfdoc-r30-s0,L5.o,5,o,2048,1248,0.609375,0.9279564023017883
init-init,proj-slimpajama-r30-s0,proj-selfdoc-r30-s0,L5.gateup,5,gateup,2048,848,0.4140625,0.8087136149406433
final-final,proj-slimpajama-r30-s0,proj-selfdoc-r30-s0,L5.gateup,5,gateup,2048,848,0.4140625,0.8030380010604858
init-init,proj-slimpajama-r30-s0,proj-selfdoc-r30-s0,L5.down,5,down,2048,848,0.4140625,0.8873675465583801
final-final,proj-slimpajama-r30-s0,proj-selfdoc-r30-s0,L5.down,5,down,2048,848,0.4140625,0.8806338310241699
init-init,proj-slimpajama-r30-s0,proj-selfdoc-r30-s0,L6.qkv,6,qkv,2048,1248,0.609375,0.9142051339149475
final-final,proj-slimpajama-r30-s0,proj-selfdoc-r30-s0,L6.qkv,6,qkv,2048,1248,0.609375,0.910513699054718
init-init,proj-slimpajama-r30-s0,proj-selfdoc-r30-s0,L6.o,6,o,2048,1248,0.609375,0.9370536208152771
final-final,proj-slimpajama-r30-s0,proj-selfdoc-r30-s0,L6.o,6,o,2048,1248,0.609375,0.9320070147514343
init-init,proj-slimpajama-r30-s0,proj-selfdoc-r30-s0,L6.gateup,6,gateup,2048,848,0.4140625,0.8147405982017517
final-final,proj-slimpajama-r30-s0,proj-selfdoc-r30-s0,L6.gateup,6,gateup,2048,848,0.4140625,0.8093021512031555
init-init,proj-slimpajama-r30-s0,proj-selfdoc-r30-s0,L6.down,6,down,2048,848,0.4140625,0.8792478442192078
final-final,proj-slimpajama-r30-s0,proj-selfdoc-r30-s0,L6.down,6,down,2048,848,0.4140625,0.873054027557373
init-init,proj-slimpajama-r30-s0,proj-selfdoc-r30-s0,L7.qkv,7,qkv,2048,1248,0.609375,0.9044486880302429
final-final,proj-slimpajama-r30-s0,proj-selfdoc-r30-s0,L7.qkv,7,qkv,2048,1248,0.609375,0.9009086489677429
init-init,proj-slimpajama-r30-s0,proj-selfdoc-r30-s0,L7.o,7,o,2048,1248,0.609375,0.9268922209739685
final-final,proj-slimpajama-r30-s0,proj-selfdoc-r30-s0,L7.o,7,o,2048,1248,0.609375,0.9222305417060852
init-init,proj-slimpajama-r30-s0,proj-selfdoc-r30-s0,L7.gateup,7,gateup,2048,848,0.4140625,0.808937668800354
final-final,proj-slimpajama-r30-s0,proj-selfdoc-r30-s0,L7.gateup,7,gateup,2048,848,0.4140625,0.8037070631980896
init-init,proj-slimpajama-r30-s0,proj-selfdoc-r30-s0,L7.down,7,down,2048,848,0.4140625,0.884279727935791
final-final,proj-slimpajama-r30-s0,proj-selfdoc-r30-s0,L7.down,7,down,2048,848,0.4140625,0.878226101398468
init-init,proj-slimpajama-r30-s0,proj-selfdoc-r30-s0,L8.qkv,8,qkv,2048,1248,0.609375,0.9110571146011353
final-final,proj-slimpajama-r30-s0,proj-selfdoc-r30-s0,L8.qkv,8,qkv,2048,1248,0.609375,0.9076417684555054
init-init,proj-slimpajama-r30-s0,proj-selfdoc-r30-s0,L8.o,8,o,2048,1248,0.609375,0.9127999544143677
final-final,proj-slimpajama-r30-s0,proj-selfdoc-r30-s0,L8.o,8,o,2048,1248,0.609375,0.908244788646698
init-init,proj-slimpajama-r30-s0,proj-selfdoc-r30-s0,L8.gateup,8,gateup,2048,848,0.4140625,0.8026177883148193
final-final,proj-slimpajama-r30-s0,proj-selfdoc-r30-s0,L8.gateup,8,gateup,2048,848,0.4140625,0.7974390387535095
init-init,proj-slimpajama-r30-s0,proj-selfdoc-r30-s0,L8.down,8,down,2048,848,0.4140625,0.881099283695221
final-final,proj-slimpajama-r30-s0,proj-selfdoc-r30-s0,L8.down,8,down,2048,848,0.4140625,0.8750457763671875
init-init,proj-slimpajama-r30-s0,proj-selfdoc-r30-s0,L9.qkv,9,qkv,2048,1248,0.609375,0.9100335240364075
final-final,proj-slimpajama-r30-s0,proj-selfdoc-r30-s0,L9.qkv,9,qkv,2048,1248,0.609375,0.9068061709403992
init-init,proj-slimpajama-r30-s0,proj-selfdoc-r30-s0,L9.o,9,o,2048,1248,0.609375,0.9178922772407532
final-final,proj-slimpajama-r30-s0,proj-selfdoc-r30-s0,L9.o,9,o,2048,1248,0.609375,0.9134431481361389
init-init,proj-slimpajama-r30-s0,proj-selfdoc-r30-s0,L9.gateup,9,gateup,2048,848,0.4140625,0.8054296970367432
final-final,proj-slimpajama-r30-s0,proj-selfdoc-r30-s0,L9.gateup,9,gateup,2048,848,0.4140625,0.8004805445671082
init-init,proj-slimpajama-r30-s0,proj-selfdoc-r30-s0,L9.down,9,down,2048,848,0.4140625,0.8679736256599426
final-final,proj-slimpajama-r30-s0,proj-selfdoc-r30-s0,L9.down,9,down,2048,848,0.4140625,0.8622652292251587
init-init,proj-slimpajama-r30-s0,proj-selfdoc-r30-s0,L10.qkv,10,qkv,2048,1248,0.609375,0.9007418751716614
final-final,proj-slimpajama-r30-s0,proj-selfdoc-r30-s0,L10.qkv,10,qkv,2048,1248,0.609375,0.8972594738006592
init-init,proj-slimpajama-r30-s0,proj-selfdoc-r30-s0,L10.o,10,o,2048,1248,0.609375,0.9259896278381348
final-final,proj-slimpajama-r30-s0,proj-selfdoc-r30-s0,L10.o,10,o,2048,1248,0.609375,0.9212344288825989
init-init,proj-slimpajama-r30-s0,proj-selfdoc-r30-s0,L10.gateup,10,gateup,2048,848,0.4140625,0.796570897102356
final-final,proj-slimpajama-r30-s0,proj-selfdoc-r30-s0,L10.gateup,10,gateup,2048,848,0.4140625,0.7916790843009949
init-init,proj-slimpajama-r30-s0,proj-selfdoc-r30-s0,L10.down,10,down,2048,848,0.4140625,0.8696611523628235
final-final,proj-slimpajama-r30-s0,proj-selfdoc-r30-s0,L10.down,10,down,2048,848,0.4140625,0.8640718460083008
init-init,proj-slimpajama-r30-s0,proj-selfdoc-r30-s0,L11.qkv,11,qkv,2048,1248,0.609375,0.9110624194145203
final-final,proj-slimpajama-r30-s0,proj-selfdoc-r30-s0,L11.qkv,11,qkv,2048,1248,0.609375,0.9071558713912964
init-init,proj-slimpajama-r30-s0,proj-selfdoc-r30-s0,L11.o,11,o,2048,1248,0.609375,0.9428445100784302
final-final,proj-slimpajama-r30-s0,proj-selfdoc-r30-s0,L11.o,11,o,2048,1248,0.609375,0.9383195042610168
init-init,proj-slimpajama-r30-s0,proj-selfdoc-r30-s0,L11.gateup,11,gateup,2048,848,0.4140625,0.8025864958763123
final-final,proj-slimpajama-r30-s0,proj-selfdoc-r30-s0,L11.gateup,11,gateup,2048,848,0.4140625,0.7973025441169739
init-init,proj-slimpajama-r30-s0,proj-selfdoc-r30-s0,L11.down,11,down,2048,848,0.4140625,0.882756233215332
final-final,proj-slimpajama-r30-s0,proj-selfdoc-r30-s0,L11.down,11,down,2048,848,0.4140625,0.8767263889312744
init-init,proj-slimpajama-r30-s0,proj-selfdoc-r30-s0,L12.qkv,12,qkv,2048,1248,0.609375,0.9061393141746521
final-final,proj-slimpajama-r30-s0,proj-selfdoc-r30-s0,L12.qkv,12,qkv,2048,1248,0.609375,0.9025409817695618
init-init,proj-slimpajama-r30-s0,proj-selfdoc-r30-s0,L12.o,12,o,2048,1248,0.609375,0.9316385984420776
final-final,proj-slimpajama-r30-s0,proj-selfdoc-r30-s0,L12.o,12,o,2048,1248,0.609375,0.9268999695777893
init-init,proj-slimpajama-r30-s0,proj-selfdoc-r30-s0,L12.gateup,12,gateup,2048,848,0.4140625,0.8016369342803955
final-final,proj-slimpajama-r30-s0,proj-selfdoc-r30-s0,L12.gateup,12,gateup,2048,848,0.4140625,0.7963451147079468
init-init,proj-slimpajama-r30-s0,proj-selfdoc-r30-s0,L12.down,12,down,2048,848,0.4140625,0.8925734162330627
final-final,proj-slimpajama-r30-s0,proj-selfdoc-r30-s0,L12.down,12,down,2048,848,0.4140625,0.8865262866020203
init-init,proj-slimpajama-r30-s0,proj-selfdoc-r30-s0,L13.qkv,13,qkv,2048,1248,0.609375,0.9118438959121704
final-final,proj-slimpajama-r30-s0,proj-selfdoc-r30-s0,L13.qkv,13,qkv,2048,1248,0.609375,0.9079087972640991
init-init,proj-slimpajama-r30-s0,proj-selfdoc-r30-s0,L13.o,13,o,2048,1248,0.609375,0.9402990341186523
final-final,proj-slimpajama-r30-s0,proj-selfdoc-r30-s0,L13.o,13,o,2048,1248,0.609375,0.9356825351715088
init-init,proj-slimpajama-r30-s0,proj-selfdoc-r30-s0,L13.gateup,13,gateup,2048,848,0.4140625,0.8062002062797546
final-final,proj-slimpajama-r30-s0,proj-selfdoc-r30-s0,L13.gateup,13,gateup,2048,848,0.4140625,0.8011311888694763
init-init,proj-slimpajama-r30-s0,proj-selfdoc-r30-s0,L13.down,13,down,2048,848,0.4140625,0.8981248736381531
final-final,proj-slimpajama-r30-s0,proj-selfdoc-r30-s0,L13.down,13,down,2048,848,0.4140625,0.892058789730072
init-init,proj-slimpajama-r30-s0,proj-selfdoc-r30-s0,L14.qkv,14,qkv,2048,1248,0.609375,0.9119636416435242
final-final,proj-slimpajama-r30-s0,proj-selfdoc-r30-s0,L14.qkv,14,qkv,2048,1248,0.609375,0.9087123274803162
init-init,proj-slimpajama-r30-s0,proj-selfdoc-r30-s0,L14.o,14,o,2048,1248,0.609375,0.9397541284561157
final-final,proj-slimpajama-r30-s0,proj-selfdoc-r30-s0,L14.o,14,o,2048,1248,0.609375,0.935428261756897
init-init,proj-slimpajama-r30-s0,proj-selfdoc-r30-s0,L14.gateup,14,gateup,2048,848,0.4140625,0.8058294653892517
final-final,proj-slimpajama-r30-s0,proj-selfdoc-r30-s0,L14.gateup,14,gateup,2048,848,0.4140625,0.8013660907745361
init-init,proj-slimpajama-r30-s0,proj-selfdoc-r30-s0,L14.down,14,down,2048,848,0.4140625,0.9025735259056091
final-final,proj-slimpajama-r30-s0,proj-selfdoc-r30-s0,L14.down,14,down,2048,848,0.4140625,0.8966500759124756
init-init,proj-slimpajama-r30-s0,proj-selfdoc-r30-s0,L15.qkv,15,qkv,2048,1248,0.609375,0.9126037359237671
final-final,proj-slimpajama-r30-s0,proj-selfdoc-r30-s0,L15.qkv,15,qkv,2048,1248,0.609375,0.9095171689987183
init-init,proj-slimpajama-r30-s0,proj-selfdoc-r30-s0,L15.o,15,o,2048,1248,0.609375,0.9354493618011475
final-final,proj-slimpajama-r30-s0,proj-selfdoc-r30-s0,L15.o,15,o,2048,1248,0.609375,0.9307688474655151
init-init,proj-slimpajama-r30-s0,proj-selfdoc-r30-s0,L15.gateup,15,gateup,2048,848,0.4140625,0.8144792914390564
final-final,proj-slimpajama-r30-s0,proj-selfdoc-r30-s0,L15.gateup,15,gateup,2048,848,0.4140625,0.8096954822540283
init-init,proj-slimpajama-r30-s0,proj-selfdoc-r30-s0,L15.down,15,down,2048,848,0.4140625,0.8886120915412903
final-final,proj-slimpajama-r30-s0,proj-selfdoc-r30-s0,L15.down,15,down,2048,848,0.4140625,0.882647693157196
init-init,proj-slimpajama-r30-s0,proj-selfdoc-r30-s0,L16.qkv,16,qkv,2048,1248,0.609375,0.914094865322113
final-final,proj-slimpajama-r30-s0,proj-selfdoc-r30-s0,L16.qkv,16,qkv,2048,1248,0.609375,0.9108297824859619
init-init,proj-slimpajama-r30-s0,proj-selfdoc-r30-s0,L16.o,16,o,2048,1248,0.609375,0.9409555196762085
final-final,proj-slimpajama-r30-s0,proj-selfdoc-r30-s0,L16.o,16,o,2048,1248,0.609375,0.9359716176986694
init-init,proj-slimpajama-r30-s0,proj-selfdoc-r30-s0,L16.gateup,16,gateup,2048,848,0.4140625,0.8158003687858582
final-final,proj-slimpajama-r30-s0,proj-selfdoc-r30-s0,L16.gateup,16,gateup,2048,848,0.4140625,0.8109341263771057
init-init,proj-slimpajama-r30-s0,proj-selfdoc-r30-s0,L16.down,16,down,2048,848,0.4140625,0.8820610642433167
final-final,proj-slimpajama-r30-s0,proj-selfdoc-r30-s0,L16.down,16,down,2048,848,0.4140625,0.87618088722229
init-init,proj-slimpajama-r30-s0,proj-selfdoc-r30-s0,L17.qkv,17,qkv,2048,1248,0.609375,0.9013280868530273
final-final,proj-slimpajama-r30-s0,proj-selfdoc-r30-s0,L17.qkv,17,qkv,2048,1248,0.609375,0.8978930711746216
init-init,proj-slimpajama-r30-s0,proj-selfdoc-r30-s0,L17.o,17,o,2048,1248,0.609375,0.9387481808662415
final-final,proj-slimpajama-r30-s0,proj-selfdoc-r30-s0,L17.o,17,o,2048,1248,0.609375,0.9337418675422668
init-init,proj-slimpajama-r30-s0,proj-selfdoc-r30-s0,L17.gateup,17,gateup,2048,848,0.4140625,0.8197110891342163
final-final,proj-slimpajama-r30-s0,proj-selfdoc-r30-s0,L17.gateup,17,gateup,2048,848,0.4140625,0.8147302269935608
init-init,proj-slimpajama-r30-s0,proj-selfdoc-r30-s0,L17.down,17,down,2048,848,0.4140625,0.8611486554145813
final-final,proj-slimpajama-r30-s0,proj-selfdoc-r30-s0,L17.down,17,down,2048,848,0.4140625,0.8552704453468323
init-init,proj-slimpajama-r30-s0,proj-selfdoc-r30-s0,L18.qkv,18,qkv,2048,1248,0.609375,0.9016585946083069
final-final,proj-slimpajama-r30-s0,proj-selfdoc-r30-s0,L18.qkv,18,qkv,2048,1248,0.609375,0.8984435796737671
init-init,proj-slimpajama-r30-s0,proj-selfdoc-r30-s0,L18.o,18,o,2048,1248,0.609375,0.9267181158065796
final-final,proj-slimpajama-r30-s0,proj-selfdoc-r30-s0,L18.o,18,o,2048,1248,0.609375,0.9218001961708069
init-init,proj-slimpajama-r30-s0,proj-selfdoc-r30-s0,L18.gateup,18,gateup,2048,848,0.4140625,0.7995310425758362
final-final,proj-slimpajama-r30-s0,proj-selfdoc-r30-s0,L18.gateup,18,gateup,2048,848,0.4140625,0.7944625616073608
init-init,proj-slimpajama-r30-s0,proj-selfdoc-r30-s0,L18.down,18,down,2048,848,0.4140625,0.8517223000526428
final-final,proj-slimpajama-r30-s0,proj-selfdoc-r30-s0,L18.down,18,down,2048,848,0.4140625,0.8456281423568726
init-init,proj-slimpajama-r30-s0,proj-selfdoc-r30-s0,L19.qkv,19,qkv,2048,1248,0.609375,0.8987841606140137
final-final,proj-slimpajama-r30-s0,proj-selfdoc-r30-s0,L19.qkv,19,qkv,2048,1248,0.609375,0.8956829309463501
init-init,proj-slimpajama-r30-s0,proj-selfdoc-r30-s0,L19.o,19,o,2048,1248,0.609375,0.9276270866394043
final-final,proj-slimpajama-r30-s0,proj-selfdoc-r30-s0,L19.o,19,o,2048,1248,0.609375,0.9227755665779114
init-init,proj-slimpajama-r30-s0,proj-selfdoc-r30-s0,L19.gateup,19,gateup,2048,848,0.4140625,0.794091522693634
final-final,proj-slimpajama-r30-s0,proj-selfdoc-r30-s0,L19.gateup,19,gateup,2048,848,0.4140625,0.7887284159660339
init-init,proj-slimpajama-r30-s0,proj-selfdoc-r30-s0,L19.down,19,down,2048,848,0.4140625,0.8579104542732239
final-final,proj-slimpajama-r30-s0,proj-selfdoc-r30-s0,L19.down,19,down,2048,848,0.4140625,0.8516536951065063
init-init,proj-slimpajama-r30-s0,proj-selfdoc-r30-s0,L20.qkv,20,qkv,2048,1248,0.609375,0.9002763032913208
final-final,proj-slimpajama-r30-s0,proj-selfdoc-r30-s0,L20.qkv,20,qkv,2048,1248,0.609375,0.8974530100822449
init-init,proj-slimpajama-r30-s0,proj-selfdoc-r30-s0,L20.o,20,o,2048,1248,0.609375,0.923855721950531
final-final,proj-slimpajama-r30-s0,proj-selfdoc-r30-s0,L20.o,20,o,2048,1248,0.609375,0.9184181094169617
init-init,proj-slimpajama-r30-s0,proj-selfdoc-r30-s0,L20.gateup,20,gateup,2048,848,0.4140625,0.7946191430091858
final-final,proj-slimpajama-r30-s0,proj-selfdoc-r30-s0,L20.gateup,20,gateup,2048,848,0.4140625,0.7892174124717712
init-init,proj-slimpajama-r30-s0,proj-selfdoc-r30-s0,L20.down,20,down,2048,848,0.4140625,0.8464522361755371
final-final,proj-slimpajama-r30-s0,proj-selfdoc-r30-s0,L20.down,20,down,2048,848,0.4140625,0.8392713665962219
init-init,proj-slimpajama-r30-s0,proj-selfdoc-r30-s0,L21.qkv,21,qkv,2048,1248,0.609375,0.8934575915336609
final-final,proj-slimpajama-r30-s0,proj-selfdoc-r30-s0,L21.qkv,21,qkv,2048,1248,0.609375,0.8903370499610901
init-init,proj-slimpajama-r30-s0,proj-selfdoc-r30-s0,L21.o,21,o,2048,1248,0.609375,0.9180139303207397
final-final,proj-slimpajama-r30-s0,proj-selfdoc-r30-s0,L21.o,21,o,2048,1248,0.609375,0.9126296639442444
init-init,proj-slimpajama-r30-s0,proj-selfdoc-r30-s0,L21.gateup,21,gateup,2048,848,0.4140625,0.7840836644172668
final-final,proj-slimpajama-r30-s0,proj-selfdoc-r30-s0,L21.gateup,21,gateup,2048,848,0.4140625,0.7782178521156311
init-init,proj-slimpajama-r30-s0,proj-selfdoc-r30-s0,L21.down,21,down,2048,848,0.4140625,0.8317381739616394
final-final,proj-slimpajama-r30-s0,proj-selfdoc-r30-s0,L21.down,21,down,2048,848,0.4140625,0.8244170546531677
init-init,proj-slimpajama-r30-s0,proj-selfdoc-r30-s0,L22.qkv,22,qkv,2048,1248,0.609375,0.8912122845649719
final-final,proj-slimpajama-r30-s0,proj-selfdoc-r30-s0,L22.qkv,22,qkv,2048,1248,0.609375,0.8882641792297363
init-init,proj-slimpajama-r30-s0,proj-selfdoc-r30-s0,L22.o,22,o,2048,1248,0.609375,0.8947396278381348
final-final,proj-slimpajama-r30-s0,proj-selfdoc-r30-s0,L22.o,22,o,2048,1248,0.609375,0.8896482586860657
init-init,proj-slimpajama-r30-s0,proj-selfdoc-r30-s0,L22.gateup,22,gateup,2048,848,0.4140625,0.7765322923660278
final-final,proj-slimpajama-r30-s0,proj-selfdoc-r30-s0,L22.gateup,22,gateup,2048,848,0.4140625,0.770319938659668
init-init,proj-slimpajama-r30-s0,proj-selfdoc-r30-s0,L22.down,22,down,2048,848,0.4140625,0.8271785378456116
final-final,proj-slimpajama-r30-s0,proj-selfdoc-r30-s0,L22.down,22,down,2048,848,0.4140625,0.8200044631958008
init-init,proj-slimpajama-r30-s0,proj-selfdoc-r30-s0,L23.qkv,23,qkv,2048,1248,0.609375,0.886347770690918
final-final,proj-slimpajama-r30-s0,proj-selfdoc-r30-s0,L23.qkv,23,qkv,2048,1248,0.609375,0.8833606839179993
init-init,proj-slimpajama-r30-s0,proj-selfdoc-r30-s0,L23.o,23,o,2048,1248,0.609375,0.8969265222549438
final-final,proj-slimpajama-r30-s0,proj-selfdoc-r30-s0,L23.o,23,o,2048,1248,0.609375,0.8915884494781494
init-init,proj-slimpajama-r30-s0,proj-selfdoc-r30-s0,L23.gateup,23,gateup,2048,848,0.4140625,0.7636475563049316
final-final,proj-slimpajama-r30-s0,proj-selfdoc-r30-s0,L23.gateup,23,gateup,2048,848,0.4140625,0.7577438354492188
init-init,proj-slimpajama-r30-s0,proj-selfdoc-r30-s0,L23.down,23,down,2048,848,0.4140625,0.8381146192550659
final-final,proj-slimpajama-r30-s0,proj-selfdoc-r30-s0,L23.down,23,down,2048,848,0.4140625,0.8308468461036682
init-init,proj-slimpajama-r30-s0,proj-selfdoc-r30-s0,L24.qkv,24,qkv,2048,1248,0.609375,0.8870507478713989
final-final,proj-slimpajama-r30-s0,proj-selfdoc-r30-s0,L24.qkv,24,qkv,2048,1248,0.609375,0.883670449256897
init-init,proj-slimpajama-r30-s0,proj-selfdoc-r30-s0,L24.o,24,o,2048,1248,0.609375,0.8827043175697327
final-final,proj-slimpajama-r30-s0,proj-selfdoc-r30-s0,L24.o,24,o,2048,1248,0.609375,0.8773594498634338
init-init,proj-slimpajama-r30-s0,proj-selfdoc-r30-s0,L24.gateup,24,gateup,2048,848,0.4140625,0.7588891386985779
final-final,proj-slimpajama-r30-s0,proj-selfdoc-r30-s0,L24.gateup,24,gateup,2048,848,0.4140625,0.7530180811882019
init-init,proj-slimpajama-r30-s0,proj-selfdoc-r30-s0,L24.down,24,down,2048,848,0.4140625,0.8410933017730713
final-final,proj-slimpajama-r30-s0,proj-selfdoc-r30-s0,L24.down,24,down,2048,848,0.4140625,0.8344611525535583
init-init,proj-slimpajama-r30-s0,proj-selfdoc-r30-s0,L25.qkv,25,qkv,2048,1248,0.609375,0.8874932527542114
final-final,proj-slimpajama-r30-s0,proj-selfdoc-r30-s0,L25.qkv,25,qkv,2048,1248,0.609375,0.8840475678443909
init-init,proj-slimpajama-r30-s0,proj-selfdoc-r30-s0,L25.o,25,o,2048,1248,0.609375,0.8759020566940308
final-final,proj-slimpajama-r30-s0,proj-selfdoc-r30-s0,L25.o,25,o,2048,1248,0.609375,0.8703703284263611
init-init,proj-slimpajama-r30-s0,proj-selfdoc-r30-s0,L25.gateup,25,gateup,2048,848,0.4140625,0.7557256817817688
final-final,proj-slimpajama-r30-s0,proj-selfdoc-r30-s0,L25.gateup,25,gateup,2048,848,0.4140625,0.7499832510948181
init-init,proj-slimpajama-r30-s0,proj-selfdoc-r30-s0,L25.down,25,down,2048,848,0.4140625,0.8359812498092651
final-final,proj-slimpajama-r30-s0,proj-selfdoc-r30-s0,L25.down,25,down,2048,848,0.4140625,0.8288974761962891
init-init,proj-slimpajama-r30-s0,proj-selfdoc-r30-s0,L26.qkv,26,qkv,2048,1248,0.609375,0.8877415060997009
final-final,proj-slimpajama-r30-s0,proj-selfdoc-r30-s0,L26.qkv,26,qkv,2048,1248,0.609375,0.8846378922462463
init-init,proj-slimpajama-r30-s0,proj-selfdoc-r30-s0,L26.o,26,o,2048,1248,0.609375,0.8709712028503418
final-final,proj-slimpajama-r30-s0,proj-selfdoc-r30-s0,L26.o,26,o,2048,1248,0.609375,0.8660187721252441
init-init,proj-slimpajama-r30-s0,proj-selfdoc-r30-s0,L26.gateup,26,gateup,2048,848,0.4140625,0.7534210681915283
final-final,proj-slimpajama-r30-s0,proj-selfdoc-r30-s0,L26.gateup,26,gateup,2048,848,0.4140625,0.748183012008667
init-init,proj-slimpajama-r30-s0,proj-selfdoc-r30-s0,L26.down,26,down,2048,848,0.4140625,0.8263176083564758
final-final,proj-slimpajama-r30-s0,proj-selfdoc-r30-s0,L26.down,26,down,2048,848,0.4140625,0.8213027715682983
init-init,proj-slimpajama-r30-s0,proj-selfdoc-r30-s0,L27.qkv,27,qkv,2048,1248,0.609375,0.8513084650039673
final-final,proj-slimpajama-r30-s0,proj-selfdoc-r30-s0,L27.qkv,27,qkv,2048,1248,0.609375,0.8480972051620483
init-init,proj-slimpajama-r30-s0,proj-selfdoc-r30-s0,L27.o,27,o,2048,1248,0.609375,0.8948843479156494
final-final,proj-slimpajama-r30-s0,proj-selfdoc-r30-s0,L27.o,27,o,2048,1248,0.609375,0.8907538056373596
init-init,proj-slimpajama-r30-s0,proj-selfdoc-r30-s0,L27.gateup,27,gateup,2048,848,0.4140625,0.7327107787132263
final-final,proj-slimpajama-r30-s0,proj-selfdoc-r30-s0,L27.gateup,27,gateup,2048,848,0.4140625,0.7297493815422058
init-init,proj-slimpajama-r30-s0,proj-selfdoc-r30-s0,L27.down,27,down,2048,848,0.4140625,0.8225462436676025
final-final,proj-slimpajama-r30-s0,proj-selfdoc-r30-s0,L27.down,27,down,2048,848,0.4140625,0.8211312890052795
init-init,proj-alpaca-r30-s0,proj-selfgen-r30-s0,L0.qkv,0,qkv,2048,1248,0.609375,0.8350681662559509
final-final,proj-alpaca-r30-s0,proj-selfgen-r30-s0,L0.qkv,0,qkv,2048,1248,0.609375,0.8315871953964233
init-init,proj-alpaca-r30-s0,proj-selfgen-r30-s0,L0.o,0,o,2048,1248,0.609375,0.9154005646705627
final-final,proj-alpaca-r30-s0,proj-selfgen-r30-s0,L0.o,0,o,2048,1248,0.609375,0.9109858870506287
init-init,proj-alpaca-r30-s0,proj-selfgen-r30-s0,L0.gateup,0,gateup,2048,848,0.4140625,0.935746431350708
final-final,proj-alpaca-r30-s0,proj-selfgen-r30-s0,L0.gateup,0,gateup,2048,848,0.4140625,0.9283605813980103
init-init,proj-alpaca-r30-s0,proj-selfgen-r30-s0,L0.down,0,down,2048,848,0.4140625,0.7960241436958313
final-final,proj-alpaca-r30-s0,proj-selfgen-r30-s0,L0.down,0,down,2048,848,0.4140625,0.7907146215438843
init-init,proj-alpaca-r30-s0,proj-selfgen-r30-s0,L1.qkv,1,qkv,2048,1248,0.609375,0.8633131384849548
final-final,proj-alpaca-r30-s0,proj-selfgen-r30-s0,L1.qkv,1,qkv,2048,1248,0.609375,0.8589422702789307
init-init,proj-alpaca-r30-s0,proj-selfgen-r30-s0,L1.o,1,o,2048,1248,0.609375,0.8871769309043884
final-final,proj-alpaca-r30-s0,proj-selfgen-r30-s0,L1.o,1,o,2048,1248,0.609375,0.8828794360160828
init-init,proj-alpaca-r30-s0,proj-selfgen-r30-s0,L1.gateup,1,gateup,2048,848,0.4140625,0.7864174246788025
final-final,proj-alpaca-r30-s0,proj-selfgen-r30-s0,L1.gateup,1,gateup,2048,848,0.4140625,0.7810339331626892
init-init,proj-alpaca-r30-s0,proj-selfgen-r30-s0,L1.down,1,down,2048,848,0.4140625,0.768715500831604
final-final,proj-alpaca-r30-s0,proj-selfgen-r30-s0,L1.down,1,down,2048,848,0.4140625,0.7635064125061035
init-init,proj-alpaca-r30-s0,proj-selfgen-r30-s0,L2.qkv,2,qkv,2048,1248,0.609375,0.8586790561676025
final-final,proj-alpaca-r30-s0,proj-selfgen-r30-s0,L2.qkv,2,qkv,2048,1248,0.609375,0.8545767068862915
init-init,proj-alpaca-r30-s0,proj-selfgen-r30-s0,L2.o,2,o,2048,1248,0.609375,0.8977193832397461
final-final,proj-alpaca-r30-s0,proj-selfgen-r30-s0,L2.o,2,o,2048,1248,0.609375,0.8930427432060242
init-init,proj-alpaca-r30-s0,proj-selfgen-r30-s0,L2.gateup,2,gateup,2048,848,0.4140625,0.754350483417511
final-final,proj-alpaca-r30-s0,proj-selfgen-r30-s0,L2.gateup,2,gateup,2048,848,0.4140625,0.7493727207183838
init-init,proj-alpaca-r30-s0,proj-selfgen-r30-s0,L2.down,2,down,2048,848,0.4140625,0.8179212212562561
final-final,proj-alpaca-r30-s0,proj-selfgen-r30-s0,L2.down,2,down,2048,848,0.4140625,0.8120362162590027
init-init,proj-alpaca-r30-s0,proj-selfgen-r30-s0,L3.qkv,3,qkv,2048,1248,0.609375,0.8595927357673645
final-final,proj-alpaca-r30-s0,proj-selfgen-r30-s0,L3.qkv,3,qkv,2048,1248,0.609375,0.8563485145568848
init-init,proj-alpaca-r30-s0,proj-selfgen-r30-s0,L3.o,3,o,2048,1248,0.609375,0.8559385538101196
final-final,proj-alpaca-r30-s0,proj-selfgen-r30-s0,L3.o,3,o,2048,1248,0.609375,0.8512368202209473
init-init,proj-alpaca-r30-s0,proj-selfgen-r30-s0,L3.gateup,3,gateup,2048,848,0.4140625,0.7546613812446594
final-final,proj-alpaca-r30-s0,proj-selfgen-r30-s0,L3.gateup,3,gateup,2048,848,0.4140625,0.7495104074478149
init-init,proj-alpaca-r30-s0,proj-selfgen-r30-s0,L3.down,3,down,2048,848,0.4140625,0.8221511840820312
final-final,proj-alpaca-r30-s0,proj-selfgen-r30-s0,L3.down,3,down,2048,848,0.4140625,0.8156858086585999
init-init,proj-alpaca-r30-s0,proj-selfgen-r30-s0,L4.qkv,4,qkv,2048,1248,0.609375,0.8562782406806946
final-final,proj-alpaca-r30-s0,proj-selfgen-r30-s0,L4.qkv,4,qkv,2048,1248,0.609375,0.85304194688797
init-init,proj-alpaca-r30-s0,proj-selfgen-r30-s0,L4.o,4,o,2048,1248,0.609375,0.860462486743927
final-final,proj-alpaca-r30-s0,proj-selfgen-r30-s0,L4.o,4,o,2048,1248,0.609375,0.8563060164451599
init-init,proj-alpaca-r30-s0,proj-selfgen-r30-s0,L4.gateup,4,gateup,2048,848,0.4140625,0.7496031522750854
final-final,proj-alpaca-r30-s0,proj-selfgen-r30-s0,L4.gateup,4,gateup,2048,848,0.4140625,0.7446463108062744
init-init,proj-alpaca-r30-s0,proj-selfgen-r30-s0,L4.down,4,down,2048,848,0.4140625,0.8165773749351501
final-final,proj-alpaca-r30-s0,proj-selfgen-r30-s0,L4.down,4,down,2048,848,0.4140625,0.8104293346405029
init-init,proj-alpaca-r30-s0,proj-selfgen-r30-s0,L5.qkv,5,qkv,2048,1248,0.609375,0.8588572144508362
final-final,proj-alpaca-r30-s0,proj-selfgen-r30-s0,L5.qkv,5,qkv,2048,1248,0.609375,0.8558923006057739
init-init,proj-alpaca-r30-s0,proj-selfgen-r30-s0,L5.o,5,o,2048,1248,0.609375,0.8892121911048889
final-final,proj-alpaca-r30-s0,proj-selfgen-r30-s0,L5.o,5,o,2048,1248,0.609375,0.8847004771232605
init-init,proj-alpaca-r30-s0,proj-selfgen-r30-s0,L5.gateup,5,gateup,2048,848,0.4140625,0.7429713010787964
final-final,proj-alpaca-r30-s0,proj-selfgen-r30-s0,L5.gateup,5,gateup,2048,848,0.4140625,0.7380768656730652
init-init,proj-alpaca-r30-s0,proj-selfgen-r30-s0,L5.down,5,down,2048,848,0.4140625,0.8333837985992432
final-final,proj-alpaca-r30-s0,proj-selfgen-r30-s0,L5.down,5,down,2048,848,0.4140625,0.8273634910583496
init-init,proj-alpaca-r30-s0,proj-selfgen-r30-s0,L6.qkv,6,qkv,2048,1248,0.609375,0.8689666986465454
final-final,proj-alpaca-r30-s0,proj-selfgen-r30-s0,L6.qkv,6,qkv,2048,1248,0.609375,0.8657313585281372
init-init,proj-alpaca-r30-s0,proj-selfgen-r30-s0,L6.o,6,o,2048,1248,0.609375,0.8839130997657776
final-final,proj-alpaca-r30-s0,proj-selfgen-r30-s0,L6.o,6,o,2048,1248,0.609375,0.8795434832572937
init-init,proj-alpaca-r30-s0,proj-selfgen-r30-s0,L6.gateup,6,gateup,2048,848,0.4140625,0.7458406686782837
final-final,proj-alpaca-r30-s0,proj-selfgen-r30-s0,L6.gateup,6,gateup,2048,848,0.4140625,0.7411516904830933
init-init,proj-alpaca-r30-s0,proj-selfgen-r30-s0,L6.down,6,down,2048,848,0.4140625,0.8288684487342834
final-final,proj-alpaca-r30-s0,proj-selfgen-r30-s0,L6.down,6,down,2048,848,0.4140625,0.8226573467254639
init-init,proj-alpaca-r30-s0,proj-selfgen-r30-s0,L7.qkv,7,qkv,2048,1248,0.609375,0.8551305532455444
final-final,proj-alpaca-r30-s0,proj-selfgen-r30-s0,L7.qkv,7,qkv,2048,1248,0.609375,0.8520936369895935
init-init,proj-alpaca-r30-s0,proj-selfgen-r30-s0,L7.o,7,o,2048,1248,0.609375,0.8612643480300903
final-final,proj-alpaca-r30-s0,proj-selfgen-r30-s0,L7.o,7,o,2048,1248,0.609375,0.8573904633522034
init-init,proj-alpaca-r30-s0,proj-selfgen-r30-s0,L7.gateup,7,gateup,2048,848,0.4140625,0.7341068983078003
final-final,proj-alpaca-r30-s0,proj-selfgen-r30-s0,L7.gateup,7,gateup,2048,848,0.4140625,0.7294889092445374
init-init,proj-alpaca-r30-s0,proj-selfgen-r30-s0,L7.down,7,down,2048,848,0.4140625,0.8363503813743591
final-final,proj-alpaca-r30-s0,proj-selfgen-r30-s0,L7.down,7,down,2048,848,0.4140625,0.8302955627441406
init-init,proj-alpaca-r30-s0,proj-selfgen-r30-s0,L8.qkv,8,qkv,2048,1248,0.609375,0.8589043617248535
final-final,proj-alpaca-r30-s0,proj-selfgen-r30-s0,L8.qkv,8,qkv,2048,1248,0.609375,0.8559181094169617
init-init,proj-alpaca-r30-s0,proj-selfgen-r30-s0,L8.o,8,o,2048,1248,0.609375,0.8305709958076477
final-final,proj-alpaca-r30-s0,proj-selfgen-r30-s0,L8.o,8,o,2048,1248,0.609375,0.8268696665763855
init-init,proj-alpaca-r30-s0,proj-selfgen-r30-s0,L8.gateup,8,gateup,2048,848,0.4140625,0.719089150428772
final-final,proj-alpaca-r30-s0,proj-selfgen-r30-s0,L8.gateup,8,gateup,2048,848,0.4140625,0.7149348258972168
init-init,proj-alpaca-r30-s0,proj-selfgen-r30-s0,L8.down,8,down,2048,848,0.4140625,0.8275318741798401
final-final,proj-alpaca-r30-s0,proj-selfgen-r30-s0,L8.down,8,down,2048,848,0.4140625,0.8216233849525452
init-init,proj-alpaca-r30-s0,proj-selfgen-r30-s0,L9.qkv,9,qkv,2048,1248,0.609375,0.8592297434806824
final-final,proj-alpaca-r30-s0,proj-selfgen-r30-s0,L9.qkv,9,qkv,2048,1248,0.609375,0.856531023979187
init-init,proj-alpaca-r30-s0,proj-selfgen-r30-s0,L9.o,9,o,2048,1248,0.609375,0.8666523694992065
final-final,proj-alpaca-r30-s0,proj-selfgen-r30-s0,L9.o,9,o,2048,1248,0.609375,0.862746000289917
init-init,proj-alpaca-r30-s0,proj-selfgen-r30-s0,L9.gateup,9,gateup,2048,848,0.4140625,0.7229158282279968
final-final,proj-alpaca-r30-s0,proj-selfgen-r30-s0,L9.gateup,9,gateup,2048,848,0.4140625,0.7185633182525635
init-init,proj-alpaca-r30-s0,proj-selfgen-r30-s0,L9.down,9,down,2048,848,0.4140625,0.8183385729789734
final-final,proj-alpaca-r30-s0,proj-selfgen-r30-s0,L9.down,9,down,2048,848,0.4140625,0.8127656579017639
init-init,proj-alpaca-r30-s0,proj-selfgen-r30-s0,L10.qkv,10,qkv,2048,1248,0.609375,0.8520246744155884
final-final,proj-alpaca-r30-s0,proj-selfgen-r30-s0,L10.qkv,10,qkv,2048,1248,0.609375,0.8489863276481628
init-init,proj-alpaca-r30-s0,proj-selfgen-r30-s0,L10.o,10,o,2048,1248,0.609375,0.8678827881813049
final-final,proj-alpaca-r30-s0,proj-selfgen-r30-s0,L10.o,10,o,2048,1248,0.609375,0.8638154864311218
init-init,proj-alpaca-r30-s0,proj-selfgen-r30-s0,L10.gateup,10,gateup,2048,848,0.4140625,0.7118660807609558
final-final,proj-alpaca-r30-s0,proj-selfgen-r30-s0,L10.gateup,10,gateup,2048,848,0.4140625,0.7078436017036438
init-init,proj-alpaca-r30-s0,proj-selfgen-r30-s0,L10.down,10,down,2048,848,0.4140625,0.8123724460601807
final-final,proj-alpaca-r30-s0,proj-selfgen-r30-s0,L10.down,10,down,2048,848,0.4140625,0.8069673776626587
init-init,proj-alpaca-r30-s0,proj-selfgen-r30-s0,L11.qkv,11,qkv,2048,1248,0.609375,0.8658978343009949
final-final,proj-alpaca-r30-s0,proj-selfgen-r30-s0,L11.qkv,11,qkv,2048,1248,0.609375,0.8624905347824097
init-init,proj-alpaca-r30-s0,proj-selfgen-r30-s0,L11.o,11,o,2048,1248,0.609375,0.8933829665184021
final-final,proj-alpaca-r30-s0,proj-selfgen-r30-s0,L11.o,11,o,2048,1248,0.609375,0.889036238193512
init-init,proj-alpaca-r30-s0,proj-selfgen-r30-s0,L11.gateup,11,gateup,2048,848,0.4140625,0.7172061204910278
final-final,proj-alpaca-r30-s0,proj-selfgen-r30-s0,L11.gateup,11,gateup,2048,848,0.4140625,0.7129882574081421
init-init,proj-alpaca-r30-s0,proj-selfgen-r30-s0,L11.down,11,down,2048,848,0.4140625,0.8285082578659058
final-final,proj-alpaca-r30-s0,proj-selfgen-r30-s0,L11.down,11,down,2048,848,0.4140625,0.8226991891860962
init-init,proj-alpaca-r30-s0,proj-selfgen-r30-s0,L12.qkv,12,qkv,2048,1248,0.609375,0.8559134006500244
final-final,proj-alpaca-r30-s0,proj-selfgen-r30-s0,L12.qkv,12,qkv,2048,1248,0.609375,0.8528324961662292
init-init,proj-alpaca-r30-s0,proj-selfgen-r30-s0,L12.o,12,o,2048,1248,0.609375,0.8764908909797668
final-final,proj-alpaca-r30-s0,proj-selfgen-r30-s0,L12.o,12,o,2048,1248,0.609375,0.8721166849136353
init-init,proj-alpaca-r30-s0,proj-selfgen-r30-s0,L12.gateup,12,gateup,2048,848,0.4140625,0.7153542041778564
final-final,proj-alpaca-r30-s0,proj-selfgen-r30-s0,L12.gateup,12,gateup,2048,848,0.4140625,0.7108823657035828
init-init,proj-alpaca-r30-s0,proj-selfgen-r30-s0,L12.down,12,down,2048,848,0.4140625,0.8383200168609619
final-final,proj-alpaca-r30-s0,proj-selfgen-r30-s0,L12.down,12,down,2048,848,0.4140625,0.8325563669204712
init-init,proj-alpaca-r30-s0,proj-selfgen-r30-s0,L13.qkv,13,qkv,2048,1248,0.609375,0.8595343232154846
final-final,proj-alpaca-r30-s0,proj-selfgen-r30-s0,L13.qkv,13,qkv,2048,1248,0.609375,0.8560786247253418
init-init,proj-alpaca-r30-s0,proj-selfgen-r30-s0,L13.o,13,o,2048,1248,0.609375,0.8829144239425659
final-final,proj-alpaca-r30-s0,proj-selfgen-r30-s0,L13.o,13,o,2048,1248,0.609375,0.8786468505859375
init-init,proj-alpaca-r30-s0,proj-selfgen-r30-s0,L13.gateup,13,gateup,2048,848,0.4140625,0.7131916880607605
final-final,proj-alpaca-r30-s0,proj-selfgen-r30-s0,L13.gateup,13,gateup,2048,848,0.4140625,0.7087870836257935
init-init,proj-alpaca-r30-s0,proj-selfgen-r30-s0,L13.down,13,down,2048,848,0.4140625,0.8408768773078918
final-final,proj-alpaca-r30-s0,proj-selfgen-r30-s0,L13.down,13,down,2048,848,0.4140625,0.8349047899246216
init-init,proj-alpaca-r30-s0,proj-selfgen-r30-s0,L14.qkv,14,qkv,2048,1248,0.609375,0.85805344581604
final-final,proj-alpaca-r30-s0,proj-selfgen-r30-s0,L14.qkv,14,qkv,2048,1248,0.609375,0.855075478553772
init-init,proj-alpaca-r30-s0,proj-selfgen-r30-s0,L14.o,14,o,2048,1248,0.609375,0.8753788471221924
final-final,proj-alpaca-r30-s0,proj-selfgen-r30-s0,L14.o,14,o,2048,1248,0.609375,0.8714213371276855
init-init,proj-alpaca-r30-s0,proj-selfgen-r30-s0,L14.gateup,14,gateup,2048,848,0.4140625,0.711337685585022
final-final,proj-alpaca-r30-s0,proj-selfgen-r30-s0,L14.gateup,14,gateup,2048,848,0.4140625,0.707312822341919
init-init,proj-alpaca-r30-s0,proj-selfgen-r30-s0,L14.down,14,down,2048,848,0.4140625,0.8401097655296326
final-final,proj-alpaca-r30-s0,proj-selfgen-r30-s0,L14.down,14,down,2048,848,0.4140625,0.8341812491416931
init-init,proj-alpaca-r30-s0,proj-selfgen-r30-s0,L15.qkv,15,qkv,2048,1248,0.609375,0.8545852303504944
final-final,proj-alpaca-r30-s0,proj-selfgen-r30-s0,L15.qkv,15,qkv,2048,1248,0.609375,0.8517428636550903
init-init,proj-alpaca-r30-s0,proj-selfgen-r30-s0,L15.o,15,o,2048,1248,0.609375,0.87607342004776
final-final,proj-alpaca-r30-s0,proj-selfgen-r30-s0,L15.o,15,o,2048,1248,0.609375,0.8718469142913818
init-init,proj-alpaca-r30-s0,proj-selfgen-r30-s0,L15.gateup,15,gateup,2048,848,0.4140625,0.7147809863090515
final-final,proj-alpaca-r30-s0,proj-selfgen-r30-s0,L15.gateup,15,gateup,2048,848,0.4140625,0.7107325196266174
init-init,proj-alpaca-r30-s0,proj-selfgen-r30-s0,L15.down,15,down,2048,848,0.4140625,0.8305396437644958
final-final,proj-alpaca-r30-s0,proj-selfgen-r30-s0,L15.down,15,down,2048,848,0.4140625,0.8247877359390259
init-init,proj-alpaca-r30-s0,proj-selfgen-r30-s0,L16.qkv,16,qkv,2048,1248,0.609375,0.8552709817886353
final-final,proj-alpaca-r30-s0,proj-selfgen-r30-s0,L16.qkv,16,qkv,2048,1248,0.609375,0.8524000644683838
init-init,proj-alpaca-r30-s0,proj-selfgen-r30-s0,L16.o,16,o,2048,1248,0.609375,0.8750304579734802
final-final,proj-alpaca-r30-s0,proj-selfgen-r30-s0,L16.o,16,o,2048,1248,0.609375,0.8706315755844116
init-init,proj-alpaca-r30-s0,proj-selfgen-r30-s0,L16.gateup,16,gateup,2048,848,0.4140625,0.7150618433952332
final-final,proj-alpaca-r30-s0,proj-selfgen-r30-s0,L16.gateup,16,gateup,2048,848,0.4140625,0.7113233208656311
init-init,proj-alpaca-r30-s0,proj-selfgen-r30-s0,L16.down,16,down,2048,848,0.4140625,0.8178952932357788
final-final,proj-alpaca-r30-s0,proj-selfgen-r30-s0,L16.down,16,down,2048,848,0.4140625,0.8124149441719055
init-init,proj-alpaca-r30-s0,proj-selfgen-r30-s0,L17.qkv,17,qkv,2048,1248,0.609375,0.8432019948959351
final-final,proj-alpaca-r30-s0,proj-selfgen-r30-s0,L17.qkv,17,qkv,2048,1248,0.609375,0.8405699133872986
init-init,proj-alpaca-r30-s0,proj-selfgen-r30-s0,L17.o,17,o,2048,1248,0.609375,0.8940361142158508
final-final,proj-alpaca-r30-s0,proj-selfgen-r30-s0,L17.o,17,o,2048,1248,0.609375,0.8891099095344543
init-init,proj-alpaca-r30-s0,proj-selfgen-r30-s0,L17.gateup,17,gateup,2048,848,0.4140625,0.722987949848175
final-final,proj-alpaca-r30-s0,proj-selfgen-r30-s0,L17.gateup,17,gateup,2048,848,0.4140625,0.718720018863678
init-init,proj-alpaca-r30-s0,proj-selfgen-r30-s0,L17.down,17,down,2048,848,0.4140625,0.8009499907493591
final-final,proj-alpaca-r30-s0,proj-selfgen-r30-s0,L17.down,17,down,2048,848,0.4140625,0.7955535650253296
init-init,proj-alpaca-r30-s0,proj-selfgen-r30-s0,L18.qkv,18,qkv,2048,1248,0.609375,0.8415284752845764
final-final,proj-alpaca-r30-s0,proj-selfgen-r30-s0,L18.qkv,18,qkv,2048,1248,0.609375,0.8389757871627808
init-init,proj-alpaca-r30-s0,proj-selfgen-r30-s0,L18.o,18,o,2048,1248,0.609375,0.8632341027259827
final-final,proj-alpaca-r30-s0,proj-selfgen-r30-s0,L18.o,18,o,2048,1248,0.609375,0.858845055103302
init-init,proj-alpaca-r30-s0,proj-selfgen-r30-s0,L18.gateup,18,gateup,2048,848,0.4140625,0.7004938721656799
final-final,proj-alpaca-r30-s0,proj-selfgen-r30-s0,L18.gateup,18,gateup,2048,848,0.4140625,0.6965030431747437
init-init,proj-alpaca-r30-s0,proj-selfgen-r30-s0,L18.down,18,down,2048,848,0.4140625,0.7906416654586792
final-final,proj-alpaca-r30-s0,proj-selfgen-r30-s0,L18.down,18,down,2048,848,0.4140625,0.7853912115097046
init-init,proj-alpaca-r30-s0,proj-selfgen-r30-s0,L19.qkv,19,qkv,2048,1248,0.609375,0.8400689959526062
final-final,proj-alpaca-r30-s0,proj-selfgen-r30-s0,L19.qkv,19,qkv,2048,1248,0.609375,0.8376377820968628
init-init,proj-alpaca-r30-s0,proj-selfgen-r30-s0,L19.o,19,o,2048,1248,0.609375,0.8818868398666382
final-final,proj-alpaca-r30-s0,proj-selfgen-r30-s0,L19.o,19,o,2048,1248,0.609375,0.8773705959320068
init-init,proj-alpaca-r30-s0,proj-selfgen-r30-s0,L19.gateup,19,gateup,2048,848,0.4140625,0.6970586180686951
final-final,proj-alpaca-r30-s0,proj-selfgen-r30-s0,L19.gateup,19,gateup,2048,848,0.4140625,0.6931602954864502
init-init,proj-alpaca-r30-s0,proj-selfgen-r30-s0,L19.down,19,down,2048,848,0.4140625,0.7979369163513184
final-final,proj-alpaca-r30-s0,proj-selfgen-r30-s0,L19.down,19,down,2048,848,0.4140625,0.7924346327781677
init-init,proj-alpaca-r30-s0,proj-selfgen-r30-s0,L20.qkv,20,qkv,2048,1248,0.609375,0.8467753529548645
final-final,proj-alpaca-r30-s0,proj-selfgen-r30-s0,L20.qkv,20,qkv,2048,1248,0.609375,0.8443986773490906
init-init,proj-alpaca-r30-s0,proj-selfgen-r30-s0,L20.o,20,o,2048,1248,0.609375,0.8498177528381348
final-final,proj-alpaca-r30-s0,proj-selfgen-r30-s0,L20.o,20,o,2048,1248,0.609375,0.8451592922210693
init-init,proj-alpaca-r30-s0,proj-selfgen-r30-s0,L20.gateup,20,gateup,2048,848,0.4140625,0.7010911107063293
final-final,proj-alpaca-r30-s0,proj-selfgen-r30-s0,L20.gateup,20,gateup,2048,848,0.4140625,0.6968582272529602
init-init,proj-alpaca-r30-s0,proj-selfgen-r30-s0,L20.down,20,down,2048,848,0.4140625,0.7838373780250549
final-final,proj-alpaca-r30-s0,proj-selfgen-r30-s0,L20.down,20,down,2048,848,0.4140625,0.778232991695404
init-init,proj-alpaca-r30-s0,proj-selfgen-r30-s0,L21.qkv,21,qkv,2048,1248,0.609375,0.8379639983177185
final-final,proj-alpaca-r30-s0,proj-selfgen-r30-s0,L21.qkv,21,qkv,2048,1248,0.609375,0.8355949521064758
init-init,proj-alpaca-r30-s0,proj-selfgen-r30-s0,L21.o,21,o,2048,1248,0.609375,0.8593335151672363
final-final,proj-alpaca-r30-s0,proj-selfgen-r30-s0,L21.o,21,o,2048,1248,0.609375,0.8546054363250732
init-init,proj-alpaca-r30-s0,proj-selfgen-r30-s0,L21.gateup,21,gateup,2048,848,0.4140625,0.6890411972999573
final-final,proj-alpaca-r30-s0,proj-selfgen-r30-s0,L21.gateup,21,gateup,2048,848,0.4140625,0.6848131418228149
init-init,proj-alpaca-r30-s0,proj-selfgen-r30-s0,L21.down,21,down,2048,848,0.4140625,0.7667374610900879
final-final,proj-alpaca-r30-s0,proj-selfgen-r30-s0,L21.down,21,down,2048,848,0.4140625,0.7610909938812256
init-init,proj-alpaca-r30-s0,proj-selfgen-r30-s0,L22.qkv,22,qkv,2048,1248,0.609375,0.8387866020202637
final-final,proj-alpaca-r30-s0,proj-selfgen-r30-s0,L22.qkv,22,qkv,2048,1248,0.609375,0.8362715244293213
init-init,proj-alpaca-r30-s0,proj-selfgen-r30-s0,L22.o,22,o,2048,1248,0.609375,0.8154097199440002
final-final,proj-alpaca-r30-s0,proj-selfgen-r30-s0,L22.o,22,o,2048,1248,0.609375,0.8118878602981567
init-init,proj-alpaca-r30-s0,proj-selfgen-r30-s0,L22.gateup,22,gateup,2048,848,0.4140625,0.688202977180481
final-final,proj-alpaca-r30-s0,proj-selfgen-r30-s0,L22.gateup,22,gateup,2048,848,0.4140625,0.6836476922035217
init-init,proj-alpaca-r30-s0,proj-selfgen-r30-s0,L22.down,22,down,2048,848,0.4140625,0.7662658095359802
final-final,proj-alpaca-r30-s0,proj-selfgen-r30-s0,L22.down,22,down,2048,848,0.4140625,0.7605697512626648
init-init,proj-alpaca-r30-s0,proj-selfgen-r30-s0,L23.qkv,23,qkv,2048,1248,0.609375,0.834597110748291
final-final,proj-alpaca-r30-s0,proj-selfgen-r30-s0,L23.qkv,23,qkv,2048,1248,0.609375,0.832256019115448
init-init,proj-alpaca-r30-s0,proj-selfgen-r30-s0,L23.o,23,o,2048,1248,0.609375,0.7962046265602112
final-final,proj-alpaca-r30-s0,proj-selfgen-r30-s0,L23.o,23,o,2048,1248,0.609375,0.7925418019294739
init-init,proj-alpaca-r30-s0,proj-selfgen-r30-s0,L23.gateup,23,gateup,2048,848,0.4140625,0.6767619848251343
final-final,proj-alpaca-r30-s0,proj-selfgen-r30-s0,L23.gateup,23,gateup,2048,848,0.4140625,0.6723378300666809
init-init,proj-alpaca-r30-s0,proj-selfgen-r30-s0,L23.down,23,down,2048,848,0.4140625,0.7797706723213196
final-final,proj-alpaca-r30-s0,proj-selfgen-r30-s0,L23.down,23,down,2048,848,0.4140625,0.7738100290298462
init-init,proj-alpaca-r30-s0,proj-selfgen-r30-s0,L24.qkv,24,qkv,2048,1248,0.609375,0.8357717990875244
final-final,proj-alpaca-r30-s0,proj-selfgen-r30-s0,L24.qkv,24,qkv,2048,1248,0.609375,0.833231508731842
init-init,proj-alpaca-r30-s0,proj-selfgen-r30-s0,L24.o,24,o,2048,1248,0.609375,0.775623083114624
final-final,proj-alpaca-r30-s0,proj-selfgen-r30-s0,L24.o,24,o,2048,1248,0.609375,0.7723861336708069
init-init,proj-alpaca-r30-s0,proj-selfgen-r30-s0,L24.gateup,24,gateup,2048,848,0.4140625,0.6706385612487793
final-final,proj-alpaca-r30-s0,proj-selfgen-r30-s0,L24.gateup,24,gateup,2048,848,0.4140625,0.6665048003196716
init-init,proj-alpaca-r30-s0,proj-selfgen-r30-s0,L24.down,24,down,2048,848,0.4140625,0.7829356789588928
final-final,proj-alpaca-r30-s0,proj-selfgen-r30-s0,L24.down,24,down,2048,848,0.4140625,0.7776210308074951
init-init,proj-alpaca-r30-s0,proj-selfgen-r30-s0,L25.qkv,25,qkv,2048,1248,0.609375,0.8364737033843994
final-final,proj-alpaca-r30-s0,proj-selfgen-r30-s0,L25.qkv,25,qkv,2048,1248,0.609375,0.8336968421936035
init-init,proj-alpaca-r30-s0,proj-selfgen-r30-s0,L25.o,25,o,2048,1248,0.609375,0.7381486296653748
final-final,proj-alpaca-r30-s0,proj-selfgen-r30-s0,L25.o,25,o,2048,1248,0.609375,0.7358285784721375
init-init,proj-alpaca-r30-s0,proj-selfgen-r30-s0,L25.gateup,25,gateup,2048,848,0.4140625,0.6672975420951843
final-final,proj-alpaca-r30-s0,proj-selfgen-r30-s0,L25.gateup,25,gateup,2048,848,0.4140625,0.6632961630821228
init-init,proj-alpaca-r30-s0,proj-selfgen-r30-s0,L25.down,25,down,2048,848,0.4140625,0.7824928164482117
final-final,proj-alpaca-r30-s0,proj-selfgen-r30-s0,L25.down,25,down,2048,848,0.4140625,0.7769789695739746
init-init,proj-alpaca-r30-s0,proj-selfgen-r30-s0,L26.qkv,26,qkv,2048,1248,0.609375,0.838895857334137
final-final,proj-alpaca-r30-s0,proj-selfgen-r30-s0,L26.qkv,26,qkv,2048,1248,0.609375,0.8365899920463562
init-init,proj-alpaca-r30-s0,proj-selfgen-r30-s0,L26.o,26,o,2048,1248,0.609375,0.7625318765640259
final-final,proj-alpaca-r30-s0,proj-selfgen-r30-s0,L26.o,26,o,2048,1248,0.609375,0.7598235607147217
init-init,proj-alpaca-r30-s0,proj-selfgen-r30-s0,L26.gateup,26,gateup,2048,848,0.4140625,0.6666759252548218
final-final,proj-alpaca-r30-s0,proj-selfgen-r30-s0,L26.gateup,26,gateup,2048,848,0.4140625,0.6637744903564453
init-init,proj-alpaca-r30-s0,proj-selfgen-r30-s0,L26.down,26,down,2048,848,0.4140625,0.7790457010269165
final-final,proj-alpaca-r30-s0,proj-selfgen-r30-s0,L26.down,26,down,2048,848,0.4140625,0.7750430107116699
init-init,proj-alpaca-r30-s0,proj-selfgen-r30-s0,L27.qkv,27,qkv,2048,1248,0.609375,0.7942719459533691
final-final,proj-alpaca-r30-s0,proj-selfgen-r30-s0,L27.qkv,27,qkv,2048,1248,0.609375,0.7920682430267334
init-init,proj-alpaca-r30-s0,proj-selfgen-r30-s0,L27.o,27,o,2048,1248,0.609375,0.8358326554298401
final-final,proj-alpaca-r30-s0,proj-selfgen-r30-s0,L27.o,27,o,2048,1248,0.609375,0.8328941464424133
init-init,proj-alpaca-r30-s0,proj-selfgen-r30-s0,L27.gateup,27,gateup,2048,848,0.4140625,0.6558203101158142
final-final,proj-alpaca-r30-s0,proj-selfgen-r30-s0,L27.gateup,27,gateup,2048,848,0.4140625,0.6540040373802185
init-init,proj-alpaca-r30-s0,proj-selfgen-r30-s0,L27.down,27,down,2048,848,0.4140625,0.7697370648384094
final-final,proj-alpaca-r30-s0,proj-selfgen-r30-s0,L27.down,27,down,2048,848,0.4140625,0.7685627341270447
init-init,proj-alpaca-r30-s0,proj-selfdoc-r30-s0,L0.qkv,0,qkv,2048,1248,0.609375,0.8404797315597534
final-final,proj-alpaca-r30-s0,proj-selfdoc-r30-s0,L0.qkv,0,qkv,2048,1248,0.609375,0.8366540670394897
init-init,proj-alpaca-r30-s0,proj-selfdoc-r30-s0,L0.o,0,o,2048,1248,0.609375,0.9195392727851868
final-final,proj-alpaca-r30-s0,proj-selfdoc-r30-s0,L0.o,0,o,2048,1248,0.609375,0.9146347045898438
init-init,proj-alpaca-r30-s0,proj-selfdoc-r30-s0,L0.gateup,0,gateup,2048,848,0.4140625,0.938893735408783
final-final,proj-alpaca-r30-s0,proj-selfdoc-r30-s0,L0.gateup,0,gateup,2048,848,0.4140625,0.9307021498680115
init-init,proj-alpaca-r30-s0,proj-selfdoc-r30-s0,L0.down,0,down,2048,848,0.4140625,0.8029091358184814
final-final,proj-alpaca-r30-s0,proj-selfdoc-r30-s0,L0.down,0,down,2048,848,0.4140625,0.7974447011947632
init-init,proj-alpaca-r30-s0,proj-selfdoc-r30-s0,L1.qkv,1,qkv,2048,1248,0.609375,0.868837833404541
final-final,proj-alpaca-r30-s0,proj-selfdoc-r30-s0,L1.qkv,1,qkv,2048,1248,0.609375,0.8644337058067322
init-init,proj-alpaca-r30-s0,proj-selfdoc-r30-s0,L1.o,1,o,2048,1248,0.609375,0.8938902020454407
final-final,proj-alpaca-r30-s0,proj-selfdoc-r30-s0,L1.o,1,o,2048,1248,0.609375,0.8895646929740906
init-init,proj-alpaca-r30-s0,proj-selfdoc-r30-s0,L1.gateup,1,gateup,2048,848,0.4140625,0.7954031229019165
final-final,proj-alpaca-r30-s0,proj-selfdoc-r30-s0,L1.gateup,1,gateup,2048,848,0.4140625,0.7895992994308472
init-init,proj-alpaca-r30-s0,proj-selfdoc-r30-s0,L1.down,1,down,2048,848,0.4140625,0.7831684350967407
final-final,proj-alpaca-r30-s0,proj-selfdoc-r30-s0,L1.down,1,down,2048,848,0.4140625,0.7778204083442688
init-init,proj-alpaca-r30-s0,proj-selfdoc-r30-s0,L2.qkv,2,qkv,2048,1248,0.609375,0.8653674125671387
final-final,proj-alpaca-r30-s0,proj-selfdoc-r30-s0,L2.qkv,2,qkv,2048,1248,0.609375,0.8613293170928955
init-init,proj-alpaca-r30-s0,proj-selfdoc-r30-s0,L2.o,2,o,2048,1248,0.609375,0.9069790840148926
final-final,proj-alpaca-r30-s0,proj-selfdoc-r30-s0,L2.o,2,o,2048,1248,0.609375,0.9025509357452393
init-init,proj-alpaca-r30-s0,proj-selfdoc-r30-s0,L2.gateup,2,gateup,2048,848,0.4140625,0.7661430835723877
final-final,proj-alpaca-r30-s0,proj-selfdoc-r30-s0,L2.gateup,2,gateup,2048,848,0.4140625,0.7609190344810486
init-init,proj-alpaca-r30-s0,proj-selfdoc-r30-s0,L2.down,2,down,2048,848,0.4140625,0.826633095741272
final-final,proj-alpaca-r30-s0,proj-selfdoc-r30-s0,L2.down,2,down,2048,848,0.4140625,0.8210699558258057
init-init,proj-alpaca-r30-s0,proj-selfdoc-r30-s0,L3.qkv,3,qkv,2048,1248,0.609375,0.8669506311416626
final-final,proj-alpaca-r30-s0,proj-selfdoc-r30-s0,L3.qkv,3,qkv,2048,1248,0.609375,0.8637980818748474
init-init,proj-alpaca-r30-s0,proj-selfdoc-r30-s0,L3.o,3,o,2048,1248,0.609375,0.8690738081932068
final-final,proj-alpaca-r30-s0,proj-selfdoc-r30-s0,L3.o,3,o,2048,1248,0.609375,0.864474356174469
init-init,proj-alpaca-r30-s0,proj-selfdoc-r30-s0,L3.gateup,3,gateup,2048,848,0.4140625,0.7681897878646851
final-final,proj-alpaca-r30-s0,proj-selfdoc-r30-s0,L3.gateup,3,gateup,2048,848,0.4140625,0.7634682059288025
init-init,proj-alpaca-r30-s0,proj-selfdoc-r30-s0,L3.down,3,down,2048,848,0.4140625,0.8293154239654541
final-final,proj-alpaca-r30-s0,proj-selfdoc-r30-s0,L3.down,3,down,2048,848,0.4140625,0.8240187168121338
init-init,proj-alpaca-r30-s0,proj-selfdoc-r30-s0,L4.qkv,4,qkv,2048,1248,0.609375,0.8642523288726807
final-final,proj-alpaca-r30-s0,proj-selfdoc-r30-s0,L4.qkv,4,qkv,2048,1248,0.609375,0.8614016771316528
init-init,proj-alpaca-r30-s0,proj-selfdoc-r30-s0,L4.o,4,o,2048,1248,0.609375,0.8741095066070557
final-final,proj-alpaca-r30-s0,proj-selfdoc-r30-s0,L4.o,4,o,2048,1248,0.609375,0.8704531788825989
init-init,proj-alpaca-r30-s0,proj-selfdoc-r30-s0,L4.gateup,4,gateup,2048,848,0.4140625,0.7636098265647888
final-final,proj-alpaca-r30-s0,proj-selfdoc-r30-s0,L4.gateup,4,gateup,2048,848,0.4140625,0.7587841749191284
init-init,proj-alpaca-r30-s0,proj-selfdoc-r30-s0,L4.down,4,down,2048,848,0.4140625,0.8235402703285217
final-final,proj-alpaca-r30-s0,proj-selfdoc-r30-s0,L4.down,4,down,2048,848,0.4140625,0.8172755837440491
init-init,proj-alpaca-r30-s0,proj-selfdoc-r30-s0,L5.qkv,5,qkv,2048,1248,0.609375,0.8660503625869751
final-final,proj-alpaca-r30-s0,proj-selfdoc-r30-s0,L5.qkv,5,qkv,2048,1248,0.609375,0.8631895184516907
init-init,proj-alpaca-r30-s0,proj-selfdoc-r30-s0,L5.o,5,o,2048,1248,0.609375,0.8984608054161072
final-final,proj-alpaca-r30-s0,proj-selfdoc-r30-s0,L5.o,5,o,2048,1248,0.609375,0.8943811058998108
init-init,proj-alpaca-r30-s0,proj-selfdoc-r30-s0,L5.gateup,5,gateup,2048,848,0.4140625,0.7568653225898743
final-final,proj-alpaca-r30-s0,proj-selfdoc-r30-s0,L5.gateup,5,gateup,2048,848,0.4140625,0.7521392107009888
init-init,proj-alpaca-r30-s0,proj-selfdoc-r30-s0,L5.down,5,down,2048,848,0.4140625,0.8424671292304993
final-final,proj-alpaca-r30-s0,proj-selfdoc-r30-s0,L5.down,5,down,2048,848,0.4140625,0.8364206552505493
init-init,proj-alpaca-r30-s0,proj-selfdoc-r30-s0,L6.qkv,6,qkv,2048,1248,0.609375,0.8761330842971802
final-final,proj-alpaca-r30-s0,proj-selfdoc-r30-s0,L6.qkv,6,qkv,2048,1248,0.609375,0.8730659484863281
init-init,proj-alpaca-r30-s0,proj-selfdoc-r30-s0,L6.o,6,o,2048,1248,0.609375,0.8970499634742737
final-final,proj-alpaca-r30-s0,proj-selfdoc-r30-s0,L6.o,6,o,2048,1248,0.609375,0.8931161165237427
init-init,proj-alpaca-r30-s0,proj-selfdoc-r30-s0,L6.gateup,6,gateup,2048,848,0.4140625,0.7606357336044312
final-final,proj-alpaca-r30-s0,proj-selfdoc-r30-s0,L6.gateup,6,gateup,2048,848,0.4140625,0.7559758424758911
init-init,proj-alpaca-r30-s0,proj-selfdoc-r30-s0,L6.down,6,down,2048,848,0.4140625,0.838641345500946
final-final,proj-alpaca-r30-s0,proj-selfdoc-r30-s0,L6.down,6,down,2048,848,0.4140625,0.8325673937797546
init-init,proj-alpaca-r30-s0,proj-selfdoc-r30-s0,L7.qkv,7,qkv,2048,1248,0.609375,0.8635040521621704
final-final,proj-alpaca-r30-s0,proj-selfdoc-r30-s0,L7.qkv,7,qkv,2048,1248,0.609375,0.860565185546875
init-init,proj-alpaca-r30-s0,proj-selfdoc-r30-s0,L7.o,7,o,2048,1248,0.609375,0.8761534094810486
final-final,proj-alpaca-r30-s0,proj-selfdoc-r30-s0,L7.o,7,o,2048,1248,0.609375,0.8725168108940125
init-init,proj-alpaca-r30-s0,proj-selfdoc-r30-s0,L7.gateup,7,gateup,2048,848,0.4140625,0.7523179650306702
final-final,proj-alpaca-r30-s0,proj-selfdoc-r30-s0,L7.gateup,7,gateup,2048,848,0.4140625,0.7479345798492432
init-init,proj-alpaca-r30-s0,proj-selfdoc-r30-s0,L7.down,7,down,2048,848,0.4140625,0.8450117707252502
final-final,proj-alpaca-r30-s0,proj-selfdoc-r30-s0,L7.down,7,down,2048,848,0.4140625,0.8390827775001526
init-init,proj-alpaca-r30-s0,proj-selfdoc-r30-s0,L8.qkv,8,qkv,2048,1248,0.609375,0.8676116466522217
final-final,proj-alpaca-r30-s0,proj-selfdoc-r30-s0,L8.qkv,8,qkv,2048,1248,0.609375,0.864840567111969
init-init,proj-alpaca-r30-s0,proj-selfdoc-r30-s0,L8.o,8,o,2048,1248,0.609375,0.8504685759544373
final-final,proj-alpaca-r30-s0,proj-selfdoc-r30-s0,L8.o,8,o,2048,1248,0.609375,0.8471406102180481
init-init,proj-alpaca-r30-s0,proj-selfdoc-r30-s0,L8.gateup,8,gateup,2048,848,0.4140625,0.7391969561576843
final-final,proj-alpaca-r30-s0,proj-selfdoc-r30-s0,L8.gateup,8,gateup,2048,848,0.4140625,0.7350975275039673
init-init,proj-alpaca-r30-s0,proj-selfdoc-r30-s0,L8.down,8,down,2048,848,0.4140625,0.8386372923851013
final-final,proj-alpaca-r30-s0,proj-selfdoc-r30-s0,L8.down,8,down,2048,848,0.4140625,0.8325471878051758
init-init,proj-alpaca-r30-s0,proj-selfdoc-r30-s0,L9.qkv,9,qkv,2048,1248,0.609375,0.8684900999069214
final-final,proj-alpaca-r30-s0,proj-selfdoc-r30-s0,L9.qkv,9,qkv,2048,1248,0.609375,0.8657608032226562
init-init,proj-alpaca-r30-s0,proj-selfdoc-r30-s0,L9.o,9,o,2048,1248,0.609375,0.881280779838562
final-final,proj-alpaca-r30-s0,proj-selfdoc-r30-s0,L9.o,9,o,2048,1248,0.609375,0.8778023719787598
init-init,proj-alpaca-r30-s0,proj-selfdoc-r30-s0,L9.gateup,9,gateup,2048,848,0.4140625,0.7429985404014587
final-final,proj-alpaca-r30-s0,proj-selfdoc-r30-s0,L9.gateup,9,gateup,2048,848,0.4140625,0.7386903762817383
init-init,proj-alpaca-r30-s0,proj-selfdoc-r30-s0,L9.down,9,down,2048,848,0.4140625,0.8297135233879089
final-final,proj-alpaca-r30-s0,proj-selfdoc-r30-s0,L9.down,9,down,2048,848,0.4140625,0.8241169452667236
init-init,proj-alpaca-r30-s0,proj-selfdoc-r30-s0,L10.qkv,10,qkv,2048,1248,0.609375,0.8617824912071228
final-final,proj-alpaca-r30-s0,proj-selfdoc-r30-s0,L10.qkv,10,qkv,2048,1248,0.609375,0.8589076399803162
init-init,proj-alpaca-r30-s0,proj-selfdoc-r30-s0,L10.o,10,o,2048,1248,0.609375,0.878182053565979
final-final,proj-alpaca-r30-s0,proj-selfdoc-r30-s0,L10.o,10,o,2048,1248,0.609375,0.8746214509010315
init-init,proj-alpaca-r30-s0,proj-selfdoc-r30-s0,L10.gateup,10,gateup,2048,848,0.4140625,0.7326446771621704
final-final,proj-alpaca-r30-s0,proj-selfdoc-r30-s0,L10.gateup,10,gateup,2048,848,0.4140625,0.7286444902420044
init-init,proj-alpaca-r30-s0,proj-selfdoc-r30-s0,L10.down,10,down,2048,848,0.4140625,0.8240061402320862
final-final,proj-alpaca-r30-s0,proj-selfdoc-r30-s0,L10.down,10,down,2048,848,0.4140625,0.8187776803970337
init-init,proj-alpaca-r30-s0,proj-selfdoc-r30-s0,L11.qkv,11,qkv,2048,1248,0.609375,0.8747135996818542
final-final,proj-alpaca-r30-s0,proj-selfdoc-r30-s0,L11.qkv,11,qkv,2048,1248,0.609375,0.8715863227844238
init-init,proj-alpaca-r30-s0,proj-selfdoc-r30-s0,L11.o,11,o,2048,1248,0.609375,0.9083927273750305
final-final,proj-alpaca-r30-s0,proj-selfdoc-r30-s0,L11.o,11,o,2048,1248,0.609375,0.9047939777374268
init-init,proj-alpaca-r30-s0,proj-selfdoc-r30-s0,L11.gateup,11,gateup,2048,848,0.4140625,0.7404171228408813
final-final,proj-alpaca-r30-s0,proj-selfdoc-r30-s0,L11.gateup,11,gateup,2048,848,0.4140625,0.7364743947982788
init-init,proj-alpaca-r30-s0,proj-selfdoc-r30-s0,L11.down,11,down,2048,848,0.4140625,0.840353786945343
final-final,proj-alpaca-r30-s0,proj-selfdoc-r30-s0,L11.down,11,down,2048,848,0.4140625,0.8348388671875
init-init,proj-alpaca-r30-s0,proj-selfdoc-r30-s0,L12.qkv,12,qkv,2048,1248,0.609375,0.8668029308319092
final-final,proj-alpaca-r30-s0,proj-selfdoc-r30-s0,L12.qkv,12,qkv,2048,1248,0.609375,0.8639596104621887
init-init,proj-alpaca-r30-s0,proj-selfdoc-r30-s0,L12.o,12,o,2048,1248,0.609375,0.8925182819366455
final-final,proj-alpaca-r30-s0,proj-selfdoc-r30-s0,L12.o,12,o,2048,1248,0.609375,0.8888170123100281
init-init,proj-alpaca-r30-s0,proj-selfdoc-r30-s0,L12.gateup,12,gateup,2048,848,0.4140625,0.7384006977081299
final-final,proj-alpaca-r30-s0,proj-selfdoc-r30-s0,L12.gateup,12,gateup,2048,848,0.4140625,0.7344731688499451
init-init,proj-alpaca-r30-s0,proj-selfdoc-r30-s0,L12.down,12,down,2048,848,0.4140625,0.8494877219200134
final-final,proj-alpaca-r30-s0,proj-selfdoc-r30-s0,L12.down,12,down,2048,848,0.4140625,0.8438300490379333
init-init,proj-alpaca-r30-s0,proj-selfdoc-r30-s0,L13.qkv,13,qkv,2048,1248,0.609375,0.8699064254760742
final-final,proj-alpaca-r30-s0,proj-selfdoc-r30-s0,L13.qkv,13,qkv,2048,1248,0.609375,0.8667692542076111
init-init,proj-alpaca-r30-s0,proj-selfdoc-r30-s0,L13.o,13,o,2048,1248,0.609375,0.8966706395149231
final-final,proj-alpaca-r30-s0,proj-selfdoc-r30-s0,L13.o,13,o,2048,1248,0.609375,0.8930085301399231
init-init,proj-alpaca-r30-s0,proj-selfdoc-r30-s0,L13.gateup,13,gateup,2048,848,0.4140625,0.7356701493263245
final-final,proj-alpaca-r30-s0,proj-selfdoc-r30-s0,L13.gateup,13,gateup,2048,848,0.4140625,0.7317441701889038
init-init,proj-alpaca-r30-s0,proj-selfdoc-r30-s0,L13.down,13,down,2048,848,0.4140625,0.8519972562789917
final-final,proj-alpaca-r30-s0,proj-selfdoc-r30-s0,L13.down,13,down,2048,848,0.4140625,0.846105694770813
init-init,proj-alpaca-r30-s0,proj-selfdoc-r30-s0,L14.qkv,14,qkv,2048,1248,0.609375,0.8687348961830139
final-final,proj-alpaca-r30-s0,proj-selfdoc-r30-s0,L14.qkv,14,qkv,2048,1248,0.609375,0.8660784959793091
init-init,proj-alpaca-r30-s0,proj-selfdoc-r30-s0,L14.o,14,o,2048,1248,0.609375,0.8950914144515991
final-final,proj-alpaca-r30-s0,proj-selfdoc-r30-s0,L14.o,14,o,2048,1248,0.609375,0.8916906118392944
init-init,proj-alpaca-r30-s0,proj-selfdoc-r30-s0,L14.gateup,14,gateup,2048,848,0.4140625,0.7342817187309265
final-final,proj-alpaca-r30-s0,proj-selfdoc-r30-s0,L14.gateup,14,gateup,2048,848,0.4140625,0.7309049963951111
init-init,proj-alpaca-r30-s0,proj-selfdoc-r30-s0,L14.down,14,down,2048,848,0.4140625,0.8510727882385254
final-final,proj-alpaca-r30-s0,proj-selfdoc-r30-s0,L14.down,14,down,2048,848,0.4140625,0.8451291918754578
init-init,proj-alpaca-r30-s0,proj-selfdoc-r30-s0,L15.qkv,15,qkv,2048,1248,0.609375,0.8650411367416382
final-final,proj-alpaca-r30-s0,proj-selfdoc-r30-s0,L15.qkv,15,qkv,2048,1248,0.609375,0.8625003099441528
init-init,proj-alpaca-r30-s0,proj-selfdoc-r30-s0,L15.o,15,o,2048,1248,0.609375,0.8930031061172485
final-final,proj-alpaca-r30-s0,proj-selfdoc-r30-s0,L15.o,15,o,2048,1248,0.609375,0.8892307877540588
init-init,proj-alpaca-r30-s0,proj-selfdoc-r30-s0,L15.gateup,15,gateup,2048,848,0.4140625,0.7377656102180481
final-final,proj-alpaca-r30-s0,proj-selfdoc-r30-s0,L15.gateup,15,gateup,2048,848,0.4140625,0.7341616749763489
init-init,proj-alpaca-r30-s0,proj-selfdoc-r30-s0,L15.down,15,down,2048,848,0.4140625,0.8404228091239929
final-final,proj-alpaca-r30-s0,proj-selfdoc-r30-s0,L15.down,15,down,2048,848,0.4140625,0.8344401121139526
init-init,proj-alpaca-r30-s0,proj-selfdoc-r30-s0,L16.qkv,16,qkv,2048,1248,0.609375,0.8654247522354126
final-final,proj-alpaca-r30-s0,proj-selfdoc-r30-s0,L16.qkv,16,qkv,2048,1248,0.609375,0.8626104593276978
init-init,proj-alpaca-r30-s0,proj-selfdoc-r30-s0,L16.o,16,o,2048,1248,0.609375,0.8929682970046997
final-final,proj-alpaca-r30-s0,proj-selfdoc-r30-s0,L16.o,16,o,2048,1248,0.609375,0.8886892795562744
init-init,proj-alpaca-r30-s0,proj-selfdoc-r30-s0,L16.gateup,16,gateup,2048,848,0.4140625,0.7370758056640625
final-final,proj-alpaca-r30-s0,proj-selfdoc-r30-s0,L16.gateup,16,gateup,2048,848,0.4140625,0.7330614328384399
init-init,proj-alpaca-r30-s0,proj-selfdoc-r30-s0,L16.down,16,down,2048,848,0.4140625,0.8291423320770264
final-final,proj-alpaca-r30-s0,proj-selfdoc-r30-s0,L16.down,16,down,2048,848,0.4140625,0.8231444358825684
init-init,proj-alpaca-r30-s0,proj-selfdoc-r30-s0,L17.qkv,17,qkv,2048,1248,0.609375,0.8548098206520081
final-final,proj-alpaca-r30-s0,proj-selfdoc-r30-s0,L17.qkv,17,qkv,2048,1248,0.609375,0.8519936800003052
init-init,proj-alpaca-r30-s0,proj-selfdoc-r30-s0,L17.o,17,o,2048,1248,0.609375,0.9053074717521667
final-final,proj-alpaca-r30-s0,proj-selfdoc-r30-s0,L17.o,17,o,2048,1248,0.609375,0.9006548523902893
init-init,proj-alpaca-r30-s0,proj-selfdoc-r30-s0,L17.gateup,17,gateup,2048,848,0.4140625,0.743831217288971
final-final,proj-alpaca-r30-s0,proj-selfdoc-r30-s0,L17.gateup,17,gateup,2048,848,0.4140625,0.7393952012062073
init-init,proj-alpaca-r30-s0,proj-selfdoc-r30-s0,L17.down,17,down,2048,848,0.4140625,0.8126975297927856
final-final,proj-alpaca-r30-s0,proj-selfdoc-r30-s0,L17.down,17,down,2048,848,0.4140625,0.806745707988739
init-init,proj-alpaca-r30-s0,proj-selfdoc-r30-s0,L18.qkv,18,qkv,2048,1248,0.609375,0.8519622683525085
final-final,proj-alpaca-r30-s0,proj-selfdoc-r30-s0,L18.qkv,18,qkv,2048,1248,0.609375,0.8492075800895691
init-init,proj-alpaca-r30-s0,proj-selfdoc-r30-s0,L18.o,18,o,2048,1248,0.609375,0.8787075281143188
final-final,proj-alpaca-r30-s0,proj-selfdoc-r30-s0,L18.o,18,o,2048,1248,0.609375,0.8744264245033264
init-init,proj-alpaca-r30-s0,proj-selfdoc-r30-s0,L18.gateup,18,gateup,2048,848,0.4140625,0.7216336131095886
final-final,proj-alpaca-r30-s0,proj-selfdoc-r30-s0,L18.gateup,18,gateup,2048,848,0.4140625,0.7172178030014038
init-init,proj-alpaca-r30-s0,proj-selfdoc-r30-s0,L18.down,18,down,2048,848,0.4140625,0.8011515140533447
final-final,proj-alpaca-r30-s0,proj-selfdoc-r30-s0,L18.down,18,down,2048,848,0.4140625,0.7950143218040466
init-init,proj-alpaca-r30-s0,proj-selfdoc-r30-s0,L19.qkv,19,qkv,2048,1248,0.609375,0.8499916195869446
final-final,proj-alpaca-r30-s0,proj-selfdoc-r30-s0,L19.qkv,19,qkv,2048,1248,0.609375,0.8474569320678711
init-init,proj-alpaca-r30-s0,proj-selfdoc-r30-s0,L19.o,19,o,2048,1248,0.609375,0.8941944241523743
final-final,proj-alpaca-r30-s0,proj-selfdoc-r30-s0,L19.o,19,o,2048,1248,0.609375,0.8896873593330383
init-init,proj-alpaca-r30-s0,proj-selfdoc-r30-s0,L19.gateup,19,gateup,2048,848,0.4140625,0.7164410352706909
final-final,proj-alpaca-r30-s0,proj-selfdoc-r30-s0,L19.gateup,19,gateup,2048,848,0.4140625,0.7120530009269714
init-init,proj-alpaca-r30-s0,proj-selfdoc-r30-s0,L19.down,19,down,2048,848,0.4140625,0.8089303374290466
final-final,proj-alpaca-r30-s0,proj-selfdoc-r30-s0,L19.down,19,down,2048,848,0.4140625,0.8026136159896851
init-init,proj-alpaca-r30-s0,proj-selfdoc-r30-s0,L20.qkv,20,qkv,2048,1248,0.609375,0.8560804724693298
final-final,proj-alpaca-r30-s0,proj-selfdoc-r30-s0,L20.qkv,20,qkv,2048,1248,0.609375,0.8536527752876282
init-init,proj-alpaca-r30-s0,proj-selfdoc-r30-s0,L20.o,20,o,2048,1248,0.609375,0.866867184638977
final-final,proj-alpaca-r30-s0,proj-selfdoc-r30-s0,L20.o,20,o,2048,1248,0.609375,0.8621589541435242
init-init,proj-alpaca-r30-s0,proj-selfdoc-r30-s0,L20.gateup,20,gateup,2048,848,0.4140625,0.7211569547653198
final-final,proj-alpaca-r30-s0,proj-selfdoc-r30-s0,L20.gateup,20,gateup,2048,848,0.4140625,0.7164081931114197
init-init,proj-alpaca-r30-s0,proj-selfdoc-r30-s0,L20.down,20,down,2048,848,0.4140625,0.7973913550376892
final-final,proj-alpaca-r30-s0,proj-selfdoc-r30-s0,L20.down,20,down,2048,848,0.4140625,0.7906665802001953
init-init,proj-alpaca-r30-s0,proj-selfdoc-r30-s0,L21.qkv,21,qkv,2048,1248,0.609375,0.8474975824356079
final-final,proj-alpaca-r30-s0,proj-selfdoc-r30-s0,L21.qkv,21,qkv,2048,1248,0.609375,0.844883382320404
init-init,proj-alpaca-r30-s0,proj-selfdoc-r30-s0,L21.o,21,o,2048,1248,0.609375,0.8736247420310974
final-final,proj-alpaca-r30-s0,proj-selfdoc-r30-s0,L21.o,21,o,2048,1248,0.609375,0.8688792586326599
init-init,proj-alpaca-r30-s0,proj-selfdoc-r30-s0,L21.gateup,21,gateup,2048,848,0.4140625,0.7112032175064087
final-final,proj-alpaca-r30-s0,proj-selfdoc-r30-s0,L21.gateup,21,gateup,2048,848,0.4140625,0.7062345147132874
init-init,proj-alpaca-r30-s0,proj-selfdoc-r30-s0,L21.down,21,down,2048,848,0.4140625,0.7792572975158691
final-final,proj-alpaca-r30-s0,proj-selfdoc-r30-s0,L21.down,21,down,2048,848,0.4140625,0.7727861404418945
init-init,proj-alpaca-r30-s0,proj-selfdoc-r30-s0,L22.qkv,22,qkv,2048,1248,0.609375,0.848849356174469
final-final,proj-alpaca-r30-s0,proj-selfdoc-r30-s0,L22.qkv,22,qkv,2048,1248,0.609375,0.8463181853294373
init-init,proj-alpaca-r30-s0,proj-selfdoc-r30-s0,L22.o,22,o,2048,1248,0.609375,0.8368878364562988
final-final,proj-alpaca-r30-s0,proj-selfdoc-r30-s0,L22.o,22,o,2048,1248,0.609375,0.8332058191299438
init-init,proj-alpaca-r30-s0,proj-selfdoc-r30-s0,L22.gateup,22,gateup,2048,848,0.4140625,0.7086052298545837
final-final,proj-alpaca-r30-s0,proj-selfdoc-r30-s0,L22.gateup,22,gateup,2048,848,0.4140625,0.7034430503845215
init-init,proj-alpaca-r30-s0,proj-selfdoc-r30-s0,L22.down,22,down,2048,848,0.4140625,0.7793883085250854
final-final,proj-alpaca-r30-s0,proj-selfdoc-r30-s0,L22.down,22,down,2048,848,0.4140625,0.772811233997345
init-init,proj-alpaca-r30-s0,proj-selfdoc-r30-s0,L23.qkv,23,qkv,2048,1248,0.609375,0.8440365791320801
final-final,proj-alpaca-r30-s0,proj-selfdoc-r30-s0,L23.qkv,23,qkv,2048,1248,0.609375,0.8415336012840271
init-init,proj-alpaca-r30-s0,proj-selfdoc-r30-s0,L23.o,23,o,2048,1248,0.609375,0.8259903192520142
final-final,proj-alpaca-r30-s0,proj-selfdoc-r30-s0,L23.o,23,o,2048,1248,0.609375,0.8219721913337708
init-init,proj-alpaca-r30-s0,proj-selfdoc-r30-s0,L23.gateup,23,gateup,2048,848,0.4140625,0.6981258392333984
final-final,proj-alpaca-r30-s0,proj-selfdoc-r30-s0,L23.gateup,23,gateup,2048,848,0.4140625,0.6931582093238831
init-init,proj-alpaca-r30-s0,proj-selfdoc-r30-s0,L23.down,23,down,2048,848,0.4140625,0.7913360595703125
final-final,proj-alpaca-r30-s0,proj-selfdoc-r30-s0,L23.down,23,down,2048,848,0.4140625,0.7847477197647095
init-init,proj-alpaca-r30-s0,proj-selfdoc-r30-s0,L24.qkv,24,qkv,2048,1248,0.609375,0.8449316024780273
final-final,proj-alpaca-r30-s0,proj-selfdoc-r30-s0,L24.qkv,24,qkv,2048,1248,0.609375,0.8421881198883057
init-init,proj-alpaca-r30-s0,proj-selfdoc-r30-s0,L24.o,24,o,2048,1248,0.609375,0.8040310144424438
final-final,proj-alpaca-r30-s0,proj-selfdoc-r30-s0,L24.o,24,o,2048,1248,0.609375,0.8003235459327698
init-init,proj-alpaca-r30-s0,proj-selfdoc-r30-s0,L24.gateup,24,gateup,2048,848,0.4140625,0.6937001347541809
final-final,proj-alpaca-r30-s0,proj-selfdoc-r30-s0,L24.gateup,24,gateup,2048,848,0.4140625,0.6888501048088074
init-init,proj-alpaca-r30-s0,proj-selfdoc-r30-s0,L24.down,24,down,2048,848,0.4140625,0.793290913105011
final-final,proj-alpaca-r30-s0,proj-selfdoc-r30-s0,L24.down,24,down,2048,848,0.4140625,0.7872795462608337
init-init,proj-alpaca-r30-s0,proj-selfdoc-r30-s0,L25.qkv,25,qkv,2048,1248,0.609375,0.8459761142730713
final-final,proj-alpaca-r30-s0,proj-selfdoc-r30-s0,L25.qkv,25,qkv,2048,1248,0.609375,0.8429957032203674
init-init,proj-alpaca-r30-s0,proj-selfdoc-r30-s0,L25.o,25,o,2048,1248,0.609375,0.7570480108261108
final-final,proj-alpaca-r30-s0,proj-selfdoc-r30-s0,L25.o,25,o,2048,1248,0.609375,0.754406750202179
init-init,proj-alpaca-r30-s0,proj-selfdoc-r30-s0,L25.gateup,25,gateup,2048,848,0.4140625,0.6899276971817017
final-final,proj-alpaca-r30-s0,proj-selfdoc-r30-s0,L25.gateup,25,gateup,2048,848,0.4140625,0.685463547706604
init-init,proj-alpaca-r30-s0,proj-selfdoc-r30-s0,L25.down,25,down,2048,848,0.4140625,0.7931782007217407
final-final,proj-alpaca-r30-s0,proj-selfdoc-r30-s0,L25.down,25,down,2048,848,0.4140625,0.7867295145988464
init-init,proj-alpaca-r30-s0,proj-selfdoc-r30-s0,L26.qkv,26,qkv,2048,1248,0.609375,0.8487809300422668
final-final,proj-alpaca-r30-s0,proj-selfdoc-r30-s0,L26.qkv,26,qkv,2048,1248,0.609375,0.84619140625
init-init,proj-alpaca-r30-s0,proj-selfdoc-r30-s0,L26.o,26,o,2048,1248,0.609375,0.7840217351913452
final-final,proj-alpaca-r30-s0,proj-selfdoc-r30-s0,L26.o,26,o,2048,1248,0.609375,0.7809737920761108
init-init,proj-alpaca-r30-s0,proj-selfdoc-r30-s0,L26.gateup,26,gateup,2048,848,0.4140625,0.6891909241676331
final-final,proj-alpaca-r30-s0,proj-selfdoc-r30-s0,L26.gateup,26,gateup,2048,848,0.4140625,0.6853447556495667
init-init,proj-alpaca-r30-s0,proj-selfdoc-r30-s0,L26.down,26,down,2048,848,0.4140625,0.7900631427764893
final-final,proj-alpaca-r30-s0,proj-selfdoc-r30-s0,L26.down,26,down,2048,848,0.4140625,0.785417914390564
init-init,proj-alpaca-r30-s0,proj-selfdoc-r30-s0,L27.qkv,27,qkv,2048,1248,0.609375,0.8072465062141418
final-final,proj-alpaca-r30-s0,proj-selfdoc-r30-s0,L27.qkv,27,qkv,2048,1248,0.609375,0.8045172095298767
init-init,proj-alpaca-r30-s0,proj-selfdoc-r30-s0,L27.o,27,o,2048,1248,0.609375,0.853050172328949
final-final,proj-alpaca-r30-s0,proj-selfdoc-r30-s0,L27.o,27,o,2048,1248,0.609375,0.8495446443557739
init-init,proj-alpaca-r30-s0,proj-selfdoc-r30-s0,L27.gateup,27,gateup,2048,848,0.4140625,0.6749784350395203
final-final,proj-alpaca-r30-s0,proj-selfdoc-r30-s0,L27.gateup,27,gateup,2048,848,0.4140625,0.6727762818336487
init-init,proj-alpaca-r30-s0,proj-selfdoc-r30-s0,L27.down,27,down,2048,848,0.4140625,0.7794218063354492
final-final,proj-alpaca-r30-s0,proj-selfdoc-r30-s0,L27.down,27,down,2048,848,0.4140625,0.7781866192817688
init-init,proj-selfgen-r30-s0,proj-selfdoc-r30-s0,L0.qkv,0,qkv,2048,1248,0.609375,0.9703965783119202
final-final,proj-selfgen-r30-s0,proj-selfdoc-r30-s0,L0.qkv,0,qkv,2048,1248,0.609375,0.9628434181213379
init-init,proj-selfgen-r30-s0,proj-selfdoc-r30-s0,L0.o,0,o,2048,1248,0.609375,0.983328640460968
final-final,proj-selfgen-r30-s0,proj-selfdoc-r30-s0,L0.o,0,o,2048,1248,0.609375,0.9765092134475708
init-init,proj-selfgen-r30-s0,proj-selfdoc-r30-s0,L0.gateup,0,gateup,2048,848,0.4140625,0.9861437678337097
final-final,proj-selfgen-r30-s0,proj-selfdoc-r30-s0,L0.gateup,0,gateup,2048,848,0.4140625,0.976362943649292
init-init,proj-selfgen-r30-s0,proj-selfdoc-r30-s0,L0.down,0,down,2048,848,0.4140625,0.9579435586929321
final-final,proj-selfgen-r30-s0,proj-selfdoc-r30-s0,L0.down,0,down,2048,848,0.4140625,0.9493897557258606
init-init,proj-selfgen-r30-s0,proj-selfdoc-r30-s0,L1.qkv,1,qkv,2048,1248,0.609375,0.9791090488433838
final-final,proj-selfgen-r30-s0,proj-selfdoc-r30-s0,L1.qkv,1,qkv,2048,1248,0.609375,0.9719954133033752
init-init,proj-selfgen-r30-s0,proj-selfdoc-r30-s0,L1.o,1,o,2048,1248,0.609375,0.9731861352920532
final-final,proj-selfgen-r30-s0,proj-selfdoc-r30-s0,L1.o,1,o,2048,1248,0.609375,0.966325044631958
init-init,proj-selfgen-r30-s0,proj-selfdoc-r30-s0,L1.gateup,1,gateup,2048,848,0.4140625,0.9610536694526672
final-final,proj-selfgen-r30-s0,proj-selfdoc-r30-s0,L1.gateup,1,gateup,2048,848,0.4140625,0.951464056968689
init-init,proj-selfgen-r30-s0,proj-selfdoc-r30-s0,L1.down,1,down,2048,848,0.4140625,0.9321202635765076
final-final,proj-selfgen-r30-s0,proj-selfdoc-r30-s0,L1.down,1,down,2048,848,0.4140625,0.9239798784255981
init-init,proj-selfgen-r30-s0,proj-selfdoc-r30-s0,L2.qkv,2,qkv,2048,1248,0.609375,0.9776560664176941
final-final,proj-selfgen-r30-s0,proj-selfdoc-r30-s0,L2.qkv,2,qkv,2048,1248,0.609375,0.9710195660591125
init-init,proj-selfgen-r30-s0,proj-selfdoc-r30-s0,L2.o,2,o,2048,1248,0.609375,0.9743501543998718
final-final,proj-selfgen-r30-s0,proj-selfdoc-r30-s0,L2.o,2,o,2048,1248,0.609375,0.9675637483596802
init-init,proj-selfgen-r30-s0,proj-selfdoc-r30-s0,L2.gateup,2,gateup,2048,848,0.4140625,0.950411856174469
final-final,proj-selfgen-r30-s0,proj-selfdoc-r30-s0,L2.gateup,2,gateup,2048,848,0.4140625,0.9411460161209106
init-init,proj-selfgen-r30-s0,proj-selfdoc-r30-s0,L2.down,2,down,2048,848,0.4140625,0.9485901594161987
final-final,proj-selfgen-r30-s0,proj-selfdoc-r30-s0,L2.down,2,down,2048,848,0.4140625,0.9405173659324646
init-init,proj-selfgen-r30-s0,proj-selfdoc-r30-s0,L3.qkv,3,qkv,2048,1248,0.609375,0.9772207140922546
final-final,proj-selfgen-r30-s0,proj-selfdoc-r30-s0,L3.qkv,3,qkv,2048,1248,0.609375,0.9720447659492493
init-init,proj-selfgen-r30-s0,proj-selfdoc-r30-s0,L3.o,3,o,2048,1248,0.609375,0.962248682975769
final-final,proj-selfgen-r30-s0,proj-selfdoc-r30-s0,L3.o,3,o,2048,1248,0.609375,0.9546409249305725
init-init,proj-selfgen-r30-s0,proj-selfdoc-r30-s0,L3.gateup,3,gateup,2048,848,0.4140625,0.9465070366859436
final-final,proj-selfgen-r30-s0,proj-selfdoc-r30-s0,L3.gateup,3,gateup,2048,848,0.4140625,0.9378342628479004
init-init,proj-selfgen-r30-s0,proj-selfdoc-r30-s0,L3.down,3,down,2048,848,0.4140625,0.9547328948974609
final-final,proj-selfgen-r30-s0,proj-selfdoc-r30-s0,L3.down,3,down,2048,848,0.4140625,0.9464430809020996
init-init,proj-selfgen-r30-s0,proj-selfdoc-r30-s0,L4.qkv,4,qkv,2048,1248,0.609375,0.9746896624565125
final-final,proj-selfgen-r30-s0,proj-selfdoc-r30-s0,L4.qkv,4,qkv,2048,1248,0.609375,0.9695804715156555
init-init,proj-selfgen-r30-s0,proj-selfdoc-r30-s0,L4.o,4,o,2048,1248,0.609375,0.9652588963508606
final-final,proj-selfgen-r30-s0,proj-selfdoc-r30-s0,L4.o,4,o,2048,1248,0.609375,0.9590467214584351
init-init,proj-selfgen-r30-s0,proj-selfdoc-r30-s0,L4.gateup,4,gateup,2048,848,0.4140625,0.9436023831367493
final-final,proj-selfgen-r30-s0,proj-selfdoc-r30-s0,L4.gateup,4,gateup,2048,848,0.4140625,0.9346722960472107
init-init,proj-selfgen-r30-s0,proj-selfdoc-r30-s0,L4.down,4,down,2048,848,0.4140625,0.9563043117523193
final-final,proj-selfgen-r30-s0,proj-selfdoc-r30-s0,L4.down,4,down,2048,848,0.4140625,0.9477179050445557
init-init,proj-selfgen-r30-s0,proj-selfdoc-r30-s0,L5.qkv,5,qkv,2048,1248,0.609375,0.9739254713058472
final-final,proj-selfgen-r30-s0,proj-selfdoc-r30-s0,L5.qkv,5,qkv,2048,1248,0.609375,0.9688454866409302
init-init,proj-selfgen-r30-s0,proj-selfdoc-r30-s0,L5.o,5,o,2048,1248,0.609375,0.9769448637962341
final-final,proj-selfgen-r30-s0,proj-selfdoc-r30-s0,L5.o,5,o,2048,1248,0.609375,0.9702244400978088
init-init,proj-selfgen-r30-s0,proj-selfdoc-r30-s0,L5.gateup,5,gateup,2048,848,0.4140625,0.9372725486755371
final-final,proj-selfgen-r30-s0,proj-selfdoc-r30-s0,L5.gateup,5,gateup,2048,848,0.4140625,0.9286231398582458
init-init,proj-selfgen-r30-s0,proj-selfdoc-r30-s0,L5.down,5,down,2048,848,0.4140625,0.963350772857666
final-final,proj-selfgen-r30-s0,proj-selfdoc-r30-s0,L5.down,5,down,2048,848,0.4140625,0.9546583890914917
init-init,proj-selfgen-r30-s0,proj-selfdoc-r30-s0,L6.qkv,6,qkv,2048,1248,0.609375,0.9780453443527222
final-final,proj-selfgen-r30-s0,proj-selfdoc-r30-s0,L6.qkv,6,qkv,2048,1248,0.609375,0.9725621938705444
init-init,proj-selfgen-r30-s0,proj-selfdoc-r30-s0,L6.o,6,o,2048,1248,0.609375,0.9725664854049683
final-final,proj-selfgen-r30-s0,proj-selfdoc-r30-s0,L6.o,6,o,2048,1248,0.609375,0.9658976197242737
init-init,proj-selfgen-r30-s0,proj-selfdoc-r30-s0,L6.gateup,6,gateup,2048,848,0.4140625,0.9402009844779968
final-final,proj-selfgen-r30-s0,proj-selfdoc-r30-s0,L6.gateup,6,gateup,2048,848,0.4140625,0.9317251443862915
init-init,proj-selfgen-r30-s0,proj-selfdoc-r30-s0,L6.down,6,down,2048,848,0.4140625,0.9612923264503479
final-final,proj-selfgen-r30-s0,proj-selfdoc-r30-s0,L6.down,6,down,2048,848,0.4140625,0.9529390335083008
init-init,proj-selfgen-r30-s0,proj-selfdoc-r30-s0,L7.qkv,7,qkv,2048,1248,0.609375,0.9745166897773743
final-final,proj-selfgen-r30-s0,proj-selfdoc-r30-s0,L7.qkv,7,qkv,2048,1248,0.609375,0.9693167209625244
init-init,proj-selfgen-r30-s0,proj-selfdoc-r30-s0,L7.o,7,o,2048,1248,0.609375,0.9682615399360657
final-final,proj-selfgen-r30-s0,proj-selfdoc-r30-s0,L7.o,7,o,2048,1248,0.609375,0.9621249437332153
init-init,proj-selfgen-r30-s0,proj-selfdoc-r30-s0,L7.gateup,7,gateup,2048,848,0.4140625,0.9373613595962524
final-final,proj-selfgen-r30-s0,proj-selfdoc-r30-s0,L7.gateup,7,gateup,2048,848,0.4140625,0.9290783405303955
init-init,proj-selfgen-r30-s0,proj-selfdoc-r30-s0,L7.down,7,down,2048,848,0.4140625,0.9595850706100464
final-final,proj-selfgen-r30-s0,proj-selfdoc-r30-s0,L7.down,7,down,2048,848,0.4140625,0.951593816280365
init-init,proj-selfgen-r30-s0,proj-selfdoc-r30-s0,L8.qkv,8,qkv,2048,1248,0.609375,0.9766839742660522
final-final,proj-selfgen-r30-s0,proj-selfdoc-r30-s0,L8.qkv,8,qkv,2048,1248,0.609375,0.9716114401817322
init-init,proj-selfgen-r30-s0,proj-selfdoc-r30-s0,L8.o,8,o,2048,1248,0.609375,0.9562681317329407
final-final,proj-selfgen-r30-s0,proj-selfdoc-r30-s0,L8.o,8,o,2048,1248,0.609375,0.9500079154968262
init-init,proj-selfgen-r30-s0,proj-selfdoc-r30-s0,L8.gateup,8,gateup,2048,848,0.4140625,0.928569495677948
final-final,proj-selfgen-r30-s0,proj-selfdoc-r30-s0,L8.gateup,8,gateup,2048,848,0.4140625,0.9204533696174622
init-init,proj-selfgen-r30-s0,proj-selfdoc-r30-s0,L8.down,8,down,2048,848,0.4140625,0.9588220119476318
final-final,proj-selfgen-r30-s0,proj-selfdoc-r30-s0,L8.down,8,down,2048,848,0.4140625,0.9508711695671082
init-init,proj-selfgen-r30-s0,proj-selfdoc-r30-s0,L9.qkv,9,qkv,2048,1248,0.609375,0.975344181060791
final-final,proj-selfgen-r30-s0,proj-selfdoc-r30-s0,L9.qkv,9,qkv,2048,1248,0.609375,0.9704983234405518
init-init,proj-selfgen-r30-s0,proj-selfdoc-r30-s0,L9.o,9,o,2048,1248,0.609375,0.9583343267440796
final-final,proj-selfgen-r30-s0,proj-selfdoc-r30-s0,L9.o,9,o,2048,1248,0.609375,0.9523258805274963
init-init,proj-selfgen-r30-s0,proj-selfdoc-r30-s0,L9.gateup,9,gateup,2048,848,0.4140625,0.9259116649627686
final-final,proj-selfgen-r30-s0,proj-selfdoc-r30-s0,L9.gateup,9,gateup,2048,848,0.4140625,0.9176737070083618
init-init,proj-selfgen-r30-s0,proj-selfdoc-r30-s0,L9.down,9,down,2048,848,0.4140625,0.9534265398979187
final-final,proj-selfgen-r30-s0,proj-selfdoc-r30-s0,L9.down,9,down,2048,848,0.4140625,0.9455829858779907
init-init,proj-selfgen-r30-s0,proj-selfdoc-r30-s0,L10.qkv,10,qkv,2048,1248,0.609375,0.9707735776901245
final-final,proj-selfgen-r30-s0,proj-selfdoc-r30-s0,L10.qkv,10,qkv,2048,1248,0.609375,0.9652490019798279
init-init,proj-selfgen-r30-s0,proj-selfdoc-r30-s0,L10.o,10,o,2048,1248,0.609375,0.9665892124176025
final-final,proj-selfgen-r30-s0,proj-selfdoc-r30-s0,L10.o,10,o,2048,1248,0.609375,0.9603033065795898
init-init,proj-selfgen-r30-s0,proj-selfdoc-r30-s0,L10.gateup,10,gateup,2048,848,0.4140625,0.9200928211212158
final-final,proj-selfgen-r30-s0,proj-selfdoc-r30-s0,L10.gateup,10,gateup,2048,848,0.4140625,0.9121491312980652
init-init,proj-selfgen-r30-s0,proj-selfdoc-r30-s0,L10.down,10,down,2048,848,0.4140625,0.9562110900878906
final-final,proj-selfgen-r30-s0,proj-selfdoc-r30-s0,L10.down,10,down,2048,848,0.4140625,0.9487168192863464
init-init,proj-selfgen-r30-s0,proj-selfdoc-r30-s0,L11.qkv,11,qkv,2048,1248,0.609375,0.9746667146682739
final-final,proj-selfgen-r30-s0,proj-selfdoc-r30-s0,L11.qkv,11,qkv,2048,1248,0.609375,0.9687815308570862
init-init,proj-selfgen-r30-s0,proj-selfdoc-r30-s0,L11.o,11,o,2048,1248,0.609375,0.9704990983009338
final-final,proj-selfgen-r30-s0,proj-selfdoc-r30-s0,L11.o,11,o,2048,1248,0.609375,0.9644676446914673
init-init,proj-selfgen-r30-s0,proj-selfdoc-r30-s0,L11.gateup,11,gateup,2048,848,0.4140625,0.920550525188446
final-final,proj-selfgen-r30-s0,proj-selfdoc-r30-s0,L11.gateup,11,gateup,2048,848,0.4140625,0.9123933911323547
init-init,proj-selfgen-r30-s0,proj-selfdoc-r30-s0,L11.down,11,down,2048,848,0.4140625,0.9595593214035034
final-final,proj-selfgen-r30-s0,proj-selfdoc-r30-s0,L11.down,11,down,2048,848,0.4140625,0.9516695141792297
init-init,proj-selfgen-r30-s0,proj-selfdoc-r30-s0,L12.qkv,12,qkv,2048,1248,0.609375,0.9711644053459167
final-final,proj-selfgen-r30-s0,proj-selfdoc-r30-s0,L12.qkv,12,qkv,2048,1248,0.609375,0.9658303260803223
init-init,proj-selfgen-r30-s0,proj-selfdoc-r30-s0,L12.o,12,o,2048,1248,0.609375,0.9644407033920288
final-final,proj-selfgen-r30-s0,proj-selfdoc-r30-s0,L12.o,12,o,2048,1248,0.609375,0.9580929279327393
init-init,proj-selfgen-r30-s0,proj-selfdoc-r30-s0,L12.gateup,12,gateup,2048,848,0.4140625,0.920701801776886
final-final,proj-selfgen-r30-s0,proj-selfdoc-r30-s0,L12.gateup,12,gateup,2048,848,0.4140625,0.912662148475647
init-init,proj-selfgen-r30-s0,proj-selfdoc-r30-s0,L12.down,12,down,2048,848,0.4140625,0.9637935161590576
final-final,proj-selfgen-r30-s0,proj-selfdoc-r30-s0,L12.down,12,down,2048,848,0.4140625,0.9560611844062805
init-init,proj-selfgen-r30-s0,proj-selfdoc-r30-s0,L13.qkv,13,qkv,2048,1248,0.609375,0.9740363955497742
final-final,proj-selfgen-r30-s0,proj-selfdoc-r30-s0,L13.qkv,13,qkv,2048,1248,0.609375,0.9681703448295593
init-init,proj-selfgen-r30-s0,proj-selfdoc-r30-s0,L13.o,13,o,2048,1248,0.609375,0.968725860118866
final-final,proj-selfgen-r30-s0,proj-selfdoc-r30-s0,L13.o,13,o,2048,1248,0.609375,0.9627383351325989
init-init,proj-selfgen-r30-s0,proj-selfdoc-r30-s0,L13.gateup,13,gateup,2048,848,0.4140625,0.9241516590118408
final-final,proj-selfgen-r30-s0,proj-selfdoc-r30-s0,L13.gateup,13,gateup,2048,848,0.4140625,0.9162356853485107
init-init,proj-selfgen-r30-s0,proj-selfdoc-r30-s0,L13.down,13,down,2048,848,0.4140625,0.9683536887168884
final-final,proj-selfgen-r30-s0,proj-selfdoc-r30-s0,L13.down,13,down,2048,848,0.4140625,0.9606415629386902
init-init,proj-selfgen-r30-s0,proj-selfdoc-r30-s0,L14.qkv,14,qkv,2048,1248,0.609375,0.9736988544464111
final-final,proj-selfgen-r30-s0,proj-selfdoc-r30-s0,L14.qkv,14,qkv,2048,1248,0.609375,0.9688099026679993
init-init,proj-selfgen-r30-s0,proj-selfdoc-r30-s0,L14.o,14,o,2048,1248,0.609375,0.9661180377006531
final-final,proj-selfgen-r30-s0,proj-selfdoc-r30-s0,L14.o,14,o,2048,1248,0.609375,0.9605619311332703
init-init,proj-selfgen-r30-s0,proj-selfdoc-r30-s0,L14.gateup,14,gateup,2048,848,0.4140625,0.9242955446243286
final-final,proj-selfgen-r30-s0,proj-selfdoc-r30-s0,L14.gateup,14,gateup,2048,848,0.4140625,0.9171686172485352
init-init,proj-selfgen-r30-s0,proj-selfdoc-r30-s0,L14.down,14,down,2048,848,0.4140625,0.9706913232803345
final-final,proj-selfgen-r30-s0,proj-selfdoc-r30-s0,L14.down,14,down,2048,848,0.4140625,0.963200032711029
init-init,proj-selfgen-r30-s0,proj-selfdoc-r30-s0,L15.qkv,15,qkv,2048,1248,0.609375,0.9742224216461182
final-final,proj-selfgen-r30-s0,proj-selfdoc-r30-s0,L15.qkv,15,qkv,2048,1248,0.609375,0.969382107257843
init-init,proj-selfgen-r30-s0,proj-selfdoc-r30-s0,L15.o,15,o,2048,1248,0.609375,0.9648586511611938
final-final,proj-selfgen-r30-s0,proj-selfdoc-r30-s0,L15.o,15,o,2048,1248,0.609375,0.958713948726654
init-init,proj-selfgen-r30-s0,proj-selfdoc-r30-s0,L15.gateup,15,gateup,2048,848,0.4140625,0.9274542331695557
final-final,proj-selfgen-r30-s0,proj-selfdoc-r30-s0,L15.gateup,15,gateup,2048,848,0.4140625,0.9201701879501343
init-init,proj-selfgen-r30-s0,proj-selfdoc-r30-s0,L15.down,15,down,2048,848,0.4140625,0.9699541926383972
final-final,proj-selfgen-r30-s0,proj-selfdoc-r30-s0,L15.down,15,down,2048,848,0.4140625,0.9621328711509705
init-init,proj-selfgen-r30-s0,proj-selfdoc-r30-s0,L16.qkv,16,qkv,2048,1248,0.609375,0.9749719500541687
final-final,proj-selfgen-r30-s0,proj-selfdoc-r30-s0,L16.qkv,16,qkv,2048,1248,0.609375,0.9698728322982788
init-init,proj-selfgen-r30-s0,proj-selfdoc-r30-s0,L16.o,16,o,2048,1248,0.609375,0.9698004126548767
final-final,proj-selfgen-r30-s0,proj-selfdoc-r30-s0,L16.o,16,o,2048,1248,0.609375,0.9632756114006042
init-init,proj-selfgen-r30-s0,proj-selfdoc-r30-s0,L16.gateup,16,gateup,2048,848,0.4140625,0.9282041192054749
final-final,proj-selfgen-r30-s0,proj-selfdoc-r30-s0,L16.gateup,16,gateup,2048,848,0.4140625,0.9205358624458313
init-init,proj-selfgen-r30-s0,proj-selfdoc-r30-s0,L16.down,16,down,2048,848,0.4140625,0.9678592681884766
final-final,proj-selfgen-r30-s0,proj-selfdoc-r30-s0,L16.down,16,down,2048,848,0.4140625,0.9602707624435425
init-init,proj-selfgen-r30-s0,proj-selfdoc-r30-s0,L17.qkv,17,qkv,2048,1248,0.609375,0.9703678488731384
final-final,proj-selfgen-r30-s0,proj-selfdoc-r30-s0,L17.qkv,17,qkv,2048,1248,0.609375,0.9650530815124512
init-init,proj-selfgen-r30-s0,proj-selfdoc-r30-s0,L17.o,17,o,2048,1248,0.609375,0.9697235226631165
final-final,proj-selfgen-r30-s0,proj-selfdoc-r30-s0,L17.o,17,o,2048,1248,0.609375,0.9632673859596252
init-init,proj-selfgen-r30-s0,proj-selfdoc-r30-s0,L17.gateup,17,gateup,2048,848,0.4140625,0.9318020939826965
final-final,proj-selfgen-r30-s0,proj-selfdoc-r30-s0,L17.gateup,17,gateup,2048,848,0.4140625,0.9242565631866455
init-init,proj-selfgen-r30-s0,proj-selfdoc-r30-s0,L17.down,17,down,2048,848,0.4140625,0.9660176634788513
final-final,proj-selfgen-r30-s0,proj-selfdoc-r30-s0,L17.down,17,down,2048,848,0.4140625,0.9579983353614807
init-init,proj-selfgen-r30-s0,proj-selfdoc-r30-s0,L18.qkv,18,qkv,2048,1248,0.609375,0.9732591509819031
final-final,proj-selfgen-r30-s0,proj-selfdoc-r30-s0,L18.qkv,18,qkv,2048,1248,0.609375,0.9680684804916382
init-init,proj-selfgen-r30-s0,proj-selfdoc-r30-s0,L18.o,18,o,2048,1248,0.609375,0.9665539264678955
final-final,proj-selfgen-r30-s0,proj-selfdoc-r30-s0,L18.o,18,o,2048,1248,0.609375,0.9598894715309143
init-init,proj-selfgen-r30-s0,proj-selfdoc-r30-s0,L18.gateup,18,gateup,2048,848,0.4140625,0.928666889667511
final-final,proj-selfgen-r30-s0,proj-selfdoc-r30-s0,L18.gateup,18,gateup,2048,848,0.4140625,0.9200772643089294
init-init,proj-selfgen-r30-s0,proj-selfdoc-r30-s0,L18.down,18,down,2048,848,0.4140625,0.9651399254798889
final-final,proj-selfgen-r30-s0,proj-selfdoc-r30-s0,L18.down,18,down,2048,848,0.4140625,0.9568355083465576
init-init,proj-selfgen-r30-s0,proj-selfdoc-r30-s0,L19.qkv,19,qkv,2048,1248,0.609375,0.9736024141311646
final-final,proj-selfgen-r30-s0,proj-selfdoc-r30-s0,L19.qkv,19,qkv,2048,1248,0.609375,0.9685424566268921
init-init,proj-selfgen-r30-s0,proj-selfdoc-r30-s0,L19.o,19,o,2048,1248,0.609375,0.9689639210700989
final-final,proj-selfgen-r30-s0,proj-selfdoc-r30-s0,L19.o,19,o,2048,1248,0.609375,0.9625142812728882
init-init,proj-selfgen-r30-s0,proj-selfdoc-r30-s0,L19.gateup,19,gateup,2048,848,0.4140625,0.9301071166992188
final-final,proj-selfgen-r30-s0,proj-selfdoc-r30-s0,L19.gateup,19,gateup,2048,848,0.4140625,0.9215376377105713
init-init,proj-selfgen-r30-s0,proj-selfdoc-r30-s0,L19.down,19,down,2048,848,0.4140625,0.9670299291610718
final-final,proj-selfgen-r30-s0,proj-selfdoc-r30-s0,L19.down,19,down,2048,848,0.4140625,0.9584880471229553
init-init,proj-selfgen-r30-s0,proj-selfdoc-r30-s0,L20.qkv,20,qkv,2048,1248,0.609375,0.9738280773162842
final-final,proj-selfgen-r30-s0,proj-selfdoc-r30-s0,L20.qkv,20,qkv,2048,1248,0.609375,0.9689628481864929
init-init,proj-selfgen-r30-s0,proj-selfdoc-r30-s0,L20.o,20,o,2048,1248,0.609375,0.9667425155639648
final-final,proj-selfgen-r30-s0,proj-selfdoc-r30-s0,L20.o,20,o,2048,1248,0.609375,0.9593595266342163
init-init,proj-selfgen-r30-s0,proj-selfdoc-r30-s0,L20.gateup,20,gateup,2048,848,0.4140625,0.9313687086105347
final-final,proj-selfgen-r30-s0,proj-selfdoc-r30-s0,L20.gateup,20,gateup,2048,848,0.4140625,0.9223383665084839
init-init,proj-selfgen-r30-s0,proj-selfdoc-r30-s0,L20.down,20,down,2048,848,0.4140625,0.9580321311950684
final-final,proj-selfgen-r30-s0,proj-selfdoc-r30-s0,L20.down,20,down,2048,848,0.4140625,0.9490048289299011
init-init,proj-selfgen-r30-s0,proj-selfdoc-r30-s0,L21.qkv,21,qkv,2048,1248,0.609375,0.9718902111053467
final-final,proj-selfgen-r30-s0,proj-selfdoc-r30-s0,L21.qkv,21,qkv,2048,1248,0.609375,0.9668383598327637
init-init,proj-selfgen-r30-s0,proj-selfdoc-r30-s0,L21.o,21,o,2048,1248,0.609375,0.9616228938102722
final-final,proj-selfgen-r30-s0,proj-selfdoc-r30-s0,L21.o,21,o,2048,1248,0.609375,0.9546309113502502
init-init,proj-selfgen-r30-s0,proj-selfdoc-r30-s0,L21.gateup,21,gateup,2048,848,0.4140625,0.9234580397605896
final-final,proj-selfgen-r30-s0,proj-selfdoc-r30-s0,L21.gateup,21,gateup,2048,848,0.4140625,0.9139789938926697
init-init,proj-selfgen-r30-s0,proj-selfdoc-r30-s0,L21.down,21,down,2048,848,0.4140625,0.9467629790306091
final-final,proj-selfgen-r30-s0,proj-selfdoc-r30-s0,L21.down,21,down,2048,848,0.4140625,0.9374226927757263
init-init,proj-selfgen-r30-s0,proj-selfdoc-r30-s0,L22.qkv,22,qkv,2048,1248,0.609375,0.9675679206848145
final-final,proj-selfgen-r30-s0,proj-selfdoc-r30-s0,L22.qkv,22,qkv,2048,1248,0.609375,0.9627873301506042
init-init,proj-selfgen-r30-s0,proj-selfdoc-r30-s0,L22.o,22,o,2048,1248,0.609375,0.9537092447280884
final-final,proj-selfgen-r30-s0,proj-selfdoc-r30-s0,L22.o,22,o,2048,1248,0.609375,0.9468223452568054
init-init,proj-selfgen-r30-s0,proj-selfdoc-r30-s0,L22.gateup,22,gateup,2048,848,0.4140625,0.9175202250480652
final-final,proj-selfgen-r30-s0,proj-selfdoc-r30-s0,L22.gateup,22,gateup,2048,848,0.4140625,0.9077768921852112
init-init,proj-selfgen-r30-s0,proj-selfdoc-r30-s0,L22.down,22,down,2048,848,0.4140625,0.9392372369766235
final-final,proj-selfgen-r30-s0,proj-selfdoc-r30-s0,L22.down,22,down,2048,848,0.4140625,0.929992139339447
init-init,proj-selfgen-r30-s0,proj-selfdoc-r30-s0,L23.qkv,23,qkv,2048,1248,0.609375,0.9659033417701721
final-final,proj-selfgen-r30-s0,proj-selfdoc-r30-s0,L23.qkv,23,qkv,2048,1248,0.609375,0.9610609412193298
init-init,proj-selfgen-r30-s0,proj-selfdoc-r30-s0,L23.o,23,o,2048,1248,0.609375,0.9493969678878784
final-final,proj-selfgen-r30-s0,proj-selfdoc-r30-s0,L23.o,23,o,2048,1248,0.609375,0.9421688318252563
init-init,proj-selfgen-r30-s0,proj-selfdoc-r30-s0,L23.gateup,23,gateup,2048,848,0.4140625,0.9067785739898682
final-final,proj-selfgen-r30-s0,proj-selfdoc-r30-s0,L23.gateup,23,gateup,2048,848,0.4140625,0.8969653844833374
init-init,proj-selfgen-r30-s0,proj-selfdoc-r30-s0,L23.down,23,down,2048,848,0.4140625,0.9426242113113403
final-final,proj-selfgen-r30-s0,proj-selfdoc-r30-s0,L23.down,23,down,2048,848,0.4140625,0.9336235523223877
init-init,proj-selfgen-r30-s0,proj-selfdoc-r30-s0,L24.qkv,24,qkv,2048,1248,0.609375,0.965846836566925
final-final,proj-selfgen-r30-s0,proj-selfdoc-r30-s0,L24.qkv,24,qkv,2048,1248,0.609375,0.9604249000549316
init-init,proj-selfgen-r30-s0,proj-selfdoc-r30-s0,L24.o,24,o,2048,1248,0.609375,0.9335018396377563
final-final,proj-selfgen-r30-s0,proj-selfdoc-r30-s0,L24.o,24,o,2048,1248,0.609375,0.926627516746521
init-init,proj-selfgen-r30-s0,proj-selfdoc-r30-s0,L24.gateup,24,gateup,2048,848,0.4140625,0.8966037034988403
final-final,proj-selfgen-r30-s0,proj-selfdoc-r30-s0,L24.gateup,24,gateup,2048,848,0.4140625,0.8872052431106567
init-init,proj-selfgen-r30-s0,proj-selfdoc-r30-s0,L24.down,24,down,2048,848,0.4140625,0.9451261162757874
final-final,proj-selfgen-r30-s0,proj-selfdoc-r30-s0,L24.down,24,down,2048,848,0.4140625,0.9371417760848999
init-init,proj-selfgen-r30-s0,proj-selfdoc-r30-s0,L25.qkv,25,qkv,2048,1248,0.609375,0.9635326862335205
final-final,proj-selfgen-r30-s0,proj-selfdoc-r30-s0,L25.qkv,25,qkv,2048,1248,0.609375,0.9580404758453369
init-init,proj-selfgen-r30-s0,proj-selfdoc-r30-s0,L25.o,25,o,2048,1248,0.609375,0.925661563873291
final-final,proj-selfgen-r30-s0,proj-selfdoc-r30-s0,L25.o,25,o,2048,1248,0.609375,0.9185045957565308
init-init,proj-selfgen-r30-s0,proj-selfdoc-r30-s0,L25.gateup,25,gateup,2048,848,0.4140625,0.889136791229248
final-final,proj-selfgen-r30-s0,proj-selfdoc-r30-s0,L25.gateup,25,gateup,2048,848,0.4140625,0.8806611895561218
init-init,proj-selfgen-r30-s0,proj-selfdoc-r30-s0,L25.down,25,down,2048,848,0.4140625,0.944105327129364
final-final,proj-selfgen-r30-s0,proj-selfdoc-r30-s0,L25.down,25,down,2048,848,0.4140625,0.9356599450111389
init-init,proj-selfgen-r30-s0,proj-selfdoc-r30-s0,L26.qkv,26,qkv,2048,1248,0.609375,0.9605303406715393
final-final,proj-selfgen-r30-s0,proj-selfdoc-r30-s0,L26.qkv,26,qkv,2048,1248,0.609375,0.9557452201843262
init-init,proj-selfgen-r30-s0,proj-selfdoc-r30-s0,L26.o,26,o,2048,1248,0.609375,0.9141830205917358
final-final,proj-selfgen-r30-s0,proj-selfdoc-r30-s0,L26.o,26,o,2048,1248,0.609375,0.9080538749694824
init-init,proj-selfgen-r30-s0,proj-selfdoc-r30-s0,L26.gateup,26,gateup,2048,848,0.4140625,0.8821184039115906
final-final,proj-selfgen-r30-s0,proj-selfdoc-r30-s0,L26.gateup,26,gateup,2048,848,0.4140625,0.8753546476364136
init-init,proj-selfgen-r30-s0,proj-selfdoc-r30-s0,L26.down,26,down,2048,848,0.4140625,0.9384331703186035
final-final,proj-selfgen-r30-s0,proj-selfdoc-r30-s0,L26.down,26,down,2048,848,0.4140625,0.9329161047935486
init-init,proj-selfgen-r30-s0,proj-selfdoc-r30-s0,L27.qkv,27,qkv,2048,1248,0.609375,0.9390794634819031
final-final,proj-selfgen-r30-s0,proj-selfdoc-r30-s0,L27.qkv,27,qkv,2048,1248,0.609375,0.9343230724334717
init-init,proj-selfgen-r30-s0,proj-selfdoc-r30-s0,L27.o,27,o,2048,1248,0.609375,0.9613171219825745
final-final,proj-selfgen-r30-s0,proj-selfdoc-r30-s0,L27.o,27,o,2048,1248,0.609375,0.9560447335243225
init-init,proj-selfgen-r30-s0,proj-selfdoc-r30-s0,L27.gateup,27,gateup,2048,848,0.4140625,0.8741128444671631
final-final,proj-selfgen-r30-s0,proj-selfdoc-r30-s0,L27.gateup,27,gateup,2048,848,0.4140625,0.8699579238891602
init-init,proj-selfgen-r30-s0,proj-selfdoc-r30-s0,L27.down,27,down,2048,848,0.4140625,0.9263464212417603
final-final,proj-selfgen-r30-s0,proj-selfdoc-r30-s0,L27.down,27,down,2048,848,0.4140625,0.9247446656227112
