pair,a,b,unit,block,kind,d,k,chance,overlap
init-final,proj-wikitext2-r50-s0,proj-wikitext2-r50-s0,L0.qkv,0,qkv,2048,1496,0.73046875,0.9972838163375854
init-final,proj-wikitext2-r50-s0,proj-wikitext2-r50-s0,L0.o,0,o,2048,1496,0.73046875,0.9976722002029419
init-final,proj-wikitext2-r50-s0,proj-wikitext2-r50-s0,L0.gateup,0,gateup,2048,1165,0.56884765625,0.9924526214599609
init-final,proj-wikitext2-r50-s0,proj-wikitext2-r50-s0,L0.down,0,down,2048,1165,0.56884765625,0.9962583780288696
init-final,proj-wikitext2-r50-s0,proj-wikitext2-r50-s0,L1.qkv,1,qkv,2048,1496,0.73046875,0.998335599899292
init-final,proj-wikitext2-r50-s0,proj-wikitext2-r50-s0,L1.o,1,o,2048,1496,0.73046875,0.9970349073410034
init-final,proj-wikitext2-r50-s0,proj-wikitext2-r50-s0,L1.gateup,1,gateup,2048,1165,0.56884765625,0.9939394593238831
init-final,proj-wikitext2-r50-s0,proj-wikitext2-r50-s0,L1.down,1,down,2048,1165,0.56884765625,0.9966210126876831
init-final,proj-wikitext2-r50-s0,proj-wikitext2-r50-s0,L2.qkv,2,qkv,2048,1496,0.73046875,0.9982637763023376
init-final,proj-wikitext2-r50-s0,proj-wikitext2-r50-s0,L2.o,2,o,2048,1496,0.73046875,0.9968945980072021
init-final,proj-wikitext2-r50-s0,proj-wikitext2-r50-s0,L2.gateup,2,gateup,2048,1165,0.56884765625,0.994411051273346
init-final,proj-wikitext2-r50-s0,proj-wikitext2-r50-s0,L2.down,2,down,2048,1165,0.56884765625,0.9961393475532532
init-final,proj-wikitext2-r50-s0,proj-wikitext2-r50-s0,L3.qkv,3,qkv,2048,1496,0.73046875,0.9982637763023376
init-final,proj-wikitext2-r50-s0,proj-wikitext2-r50-s0,L3.o,3,o,2048,1496,0.73046875,0.9969699382781982
init-final,proj-wikitext2-r50-s0,proj-wikitext2-r50-s0,L3.gateup,3,gateup,2048,1165,0.56884765625,0.9951292276382446
init-final,proj-wikitext2-r50-s0,proj-wikitext2-r50-s0,L3.down,3,down,2048,1165,0.56884765625,0.9966374635696411
init-final,proj-wikitext2-r50-s0,proj-wikitext2-r50-s0,L4.qkv,4,qkv,2048,1496,0.73046875,0.9981288313865662
init-final,proj-wikitext2-r50-s0,proj-wikitext2-r50-s0,L4.o,4,o,2048,1496,0.73046875,0.9974656105041504
init-final,proj-wikitext2-r50-s0,proj-wikitext2-r50-s0,L4.gateup,4,gateup,2048,1165,0.56884765625,0.9955775141716003
init-final,proj-wikitext2-r50-s0,proj-wikitext2-r50-s0,L4.down,4,down,2048,1165,0.56884765625,0.9967330098152161
init-final,proj-wikitext2-r50-s0,proj-wikitext2-r50-s0,L5.qkv,5,qkv,2048,1496,0.73046875,0.9980232119560242
init-final,proj-wikitext2-r50-s0,proj-wikitext2-r50-s0,L5.o,5,o,2048,1496,0.73046875,0.9973193407058716
init-final,proj-wikitext2-r50-s0,proj-wikitext2-r50-s0,L5.gateup,5,gateup,2048,1165,0.56884765625,0.99537193775177
init-final,proj-wikitext2-r50-s0,proj-wikitext2-r50-s0,L5.down,5,down,2048,1165,0.56884765625,0.9967921376228333
init-final,proj-wikitext2-r50-s0,proj-wikitext2-r50-s0,L6.qkv,6,qkv,2048,1496,0.73046875,0.9980970621109009
init-final,proj-wikitext2-r50-s0,proj-wikitext2-r50-s0,L6.o,6,o,2048,1496,0.73046875,0.9975808262825012
init-final,proj-wikitext2-r50-s0,proj-wikitext2-r50-s0,L6.gateup,6,gateup,2048,1165,0.56884765625,0.9956199526786804
init-final,proj-wikitext2-r50-s0,proj-wikitext2-r50-s0,L6.down,6,down,2048,1165,0.56884765625,0.9965507984161377
init-final,proj-wikitext2-r50-s0,proj-wikitext2-r50-s0,L7.qkv,7,qkv,2048,1496,0.73046875,0.9980583786964417
init-final,proj-wikitext2-r50-s0,proj-wikitext2-r50-s0,L7.o,7,o,2048,1496,0.73046875,0.9976344704627991
init-final,proj-wikitext2-r50-s0,proj-wikitext2-r50-s0,L7.gateup,7,gateup,2048,1165,0.56884765625,0.9954522848129272
init-final,proj-wikitext2-r50-s0,proj-wikitext2-r50-s0,L7.down,7,down,2048,1165,0.56884765625,0.996562123298645
init-final,proj-wikitext2-r50-s0,proj-wikitext2-r50-s0,L8.qkv,8,qkv,2048,1496,0.73046875,0.9977574944496155
init-final,proj-wikitext2-r50-s0,proj-wikitext2-r50-s0,L8.o,8,o,2048,1496,0.73046875,0.9976817965507507
init-final,proj-wikitext2-r50-s0,proj-wikitext2-r50-s0,L8.gateup,8,gateup,2048,1165,0.56884765625,0.9954013824462891
init-final,proj-wikitext2-r50-s0,proj-wikitext2-r50-s0,L8.down,8,down,2048,1165,0.56884765625,0.9960187673568726
init-final,proj-wikitext2-r50-s0,proj-wikitext2-r50-s0,L9.qkv,9,qkv,2048,1496,0.73046875,0.9976372718811035
init-final,proj-wikitext2-r50-s0,proj-wikitext2-r50-s0,L9.o,9,o,2048,1496,0.73046875,0.9973958134651184
init-final,proj-wikitext2-r50-s0,proj-wikitext2-r50-s0,L9.gateup,9,gateup,2048,1165,0.56884765625,0.9951270222663879
init-final,proj-wikitext2-r50-s0,proj-wikitext2-r50-s0,L9.down,9,down,2048,1165,0.56884765625,0.9954709410667419
init-final,proj-wikitext2-r50-s0,proj-wikitext2-r50-s0,L10.qkv,10,qkv,2048,1496,0.73046875,0.9972997903823853
init-final,proj-wikitext2-r50-s0,proj-wikitext2-r50-s0,L10.o,10,o,2048,1496,0.73046875,0.997150719165802
init-final,proj-wikitext2-r50-s0,proj-wikitext2-r50-s0,L10.gateup,10,gateup,2048,1165,0.56884765625,0.9944457411766052
init-final,proj-wikitext2-r50-s0,proj-wikitext2-r50-s0,L10.down,10,down,2048,1165,0.56884765625,0.9949124455451965
init-final,proj-wikitext2-r50-s0,proj-wikitext2-r50-s0,L11.qkv,11,qkv,2048,1496,0.73046875,0.9974071383476257
init-final,proj-wikitext2-r50-s0,proj-wikitext2-r50-s0,L11.o,11,o,2048,1496,0.73046875,0.9966350793838501
init-final,proj-wikitext2-r50-s0,proj-wikitext2-r50-s0,L11.gateup,11,gateup,2048,1165,0.56884765625,0.9941110610961914
init-final,proj-wikitext2-r50-s0,proj-wikitext2-r50-s0,L11.down,11,down,2048,1165,0.56884765625,0.9951946139335632
init-final,proj-wikitext2-r50-s0,proj-wikitext2-r50-s0,L12.qkv,12,qkv,2048,1496,0.73046875,0.9978719353675842
init-final,proj-wikitext2-r50-s0,proj-wikitext2-r50-s0,L12.o,12,o,2048,1496,0.73046875,0.997137725353241
init-final,proj-wikitext2-r50-s0,proj-wikitext2-r50-s0,L12.gateup,12,gateup,2048,1165,0.56884765625,0.9936841130256653
init-final,proj-wikitext2-r50-s0,proj-wikitext2-r50-s0,L12.down,12,down,2048,1165,0.56884765625,0.9949235916137695
init-final,proj-wikitext2-r50-s0,proj-wikitext2-r50-s0,L13.qkv,13,qkv,2048,1496,0.73046875,0.9978519678115845
init-final,proj-wikitext2-r50-s0,proj-wikitext2-r50-s0,L13.o,13,o,2048,1496,0.73046875,0.9972478151321411
init-final,proj-wikitext2-r50-s0,proj-wikitext2-r50-s0,L13.gateup,13,gateup,2048,1165,0.56884765625,0.9937810301780701
init-final,proj-wikitext2-r50-s0,proj-wikitext2-r50-s0,L13.down,13,down,2048,1165,0.56884765625,0.99556565284729
init-final,proj-wikitext2-r50-s0,proj-wikitext2-r50-s0,L14.qkv,14,qkv,2048,1496,0.73046875,0.998103141784668
init-final,proj-wikitext2-r50-s0,proj-wikitext2-r50-s0,L14.o,14,o,2048,1496,0.73046875,0.9969216585159302
init-final,proj-wikitext2-r50-s0,proj-wikitext2-r50-s0,L14.gateup,14,gateup,2048,1165,0.56884765625,0.9947376847267151
init-final,proj-wikitext2-r50-s0,proj-wikitext2-r50-s0,L14.down,14,down,2048,1165,0.56884765625,0.9962077736854553
init-final,proj-wikitext2-r50-s0,proj-wikitext2-r50-s0,L15.qkv,15,qkv,2048,1496,0.73046875,0.9981468319892883
init-final,proj-wikitext2-r50-s0,proj-wikitext2-r50-s0,L15.o,15,o,2048,1496,0.73046875,0.9973055124282837
init-final,proj-wikitext2-r50-s0,proj-wikitext2-r50-s0,L15.gateup,15,gateup,2048,1165,0.56884765625,0.9971883296966553
init-final,proj-wikitext2-r50-s0,proj-wikitext2-r50-s0,L15.down,15,down,2048,1165,0.56884765625,0.9988804459571838
init-final,proj-c4-r50-s0,proj-c4-r50-s0,L0.qkv,0,qkv,2048,1496,0.73046875,0.9978557825088501
init-final,proj-c4-r50-s0,proj-c4-r50-s0,L0.o,0,o,2048,1496,0.73046875,0.9978266358375549
init-final,proj-c4-r50-s0,proj-c4-r50-s0,L0.gateup,0,gateup,2048,1165,0.56884765625,0.9927290081977844
init-final,proj-c4-r50-s0,proj-c4-r50-s0,L0.down,0,down,2048,1165,0.56884765625,0.9968615174293518
init-final,proj-c4-r50-s0,proj-c4-r50-s0,L1.qkv,1,qkv,2048,1496,0.73046875,0.9986012578010559
init-final,proj-c4-r50-s0,proj-c4-r50-s0,L1.o,1,o,2048,1496,0.73046875,0.997455894947052
init-final,proj-c4-r50-s0,proj-c4-r50-s0,L1.gateup,1,gateup,2048,1165,0.56884765625,0.9947581887245178
init-final,proj-c4-r50-s0,proj-c4-r50-s0,L1.down,1,down,2048,1165,0.56884765625,0.9972112774848938
init-final,proj-c4-r50-s0,proj-c4-r50-s0,L2.qkv,2,qkv,2048,1496,0.73046875,0.9984070658683777
init-final,proj-c4-r50-s0,proj-c4-r50-s0,L2.o,2,o,2048,1496,0.73046875,0.9972620606422424
init-final,proj-c4-r50-s0,proj-c4-r50-s0,L2.gateup,2,gateup,2048,1165,0.56884765625,0.9952433705329895
init-final,proj-c4-r50-s0,proj-c4-r50-s0,L2.down,2,down,2048,1165,0.56884765625,0.9965009689331055
init-final,proj-c4-r50-s0,proj-c4-r50-s0,L3.qkv,3,qkv,2048,1496,0.73046875,0.9984683394432068
init-final,proj-c4-r50-s0,proj-c4-r50-s0,L3.o,3,o,2048,1496,0.73046875,0.9971830248832703
init-final,proj-c4-r50-s0,proj-c4-r50-s0,L3.gateup,3,gateup,2048,1165,0.56884765625,0.9954171776771545
init-final,proj-c4-r50-s0,proj-c4-r50-s0,L3.down,3,down,2048,1165,0.56884765625,0.996797502040863
init-final,proj-c4-r50-s0,proj-c4-r50-s0,L4.qkv,4,qkv,2048,1496,0.73046875,0.998323917388916
init-final,proj-c4-r50-s0,proj-c4-r50-s0,L4.o,4,o,2048,1496,0.73046875,0.9975050687789917
init-final,proj-c4-r50-s0,proj-c4-r50-s0,L4.gateup,4,gateup,2048,1165,0.56884765625,0.9957477450370789
init-final,proj-c4-r50-s0,proj-c4-r50-s0,L4.down,4,down,2048,1165,0.56884765625,0.9968618154525757
init-final,proj-c4-r50-s0,proj-c4-r50-s0,L5.qkv,5,qkv,2048,1496,0.73046875,0.99809730052948
init-final,proj-c4-r50-s0,proj-c4-r50-s0,L5.o,5,o,2048,1496,0.73046875,0.9974300861358643
init-final,proj-c4-r50-s0,proj-c4-r50-s0,L5.gateup,5,gateup,2048,1165,0.56884765625,0.995671808719635
init-final,proj-c4-r50-s0,proj-c4-r50-s0,L5.down,5,down,2048,1165,0.56884765625,0.9968377947807312
init-final,proj-c4-r50-s0,proj-c4-r50-s0,L6.qkv,6,qkv,2048,1496,0.73046875,0.9981286525726318
init-final,proj-c4-r50-s0,proj-c4-r50-s0,L6.o,6,o,2048,1496,0.73046875,0.9976335763931274
init-final,proj-c4-r50-s0,proj-c4-r50-s0,L6.gateup,6,gateup,2048,1165,0.56884765625,0.9958099126815796
init-final,proj-c4-r50-s0,proj-c4-r50-s0,L6.down,6,down,2048,1165,0.56884765625,0.9965673685073853
init-final,proj-c4-r50-s0,proj-c4-r50-s0,L7.qkv,7,qkv,2048,1496,0.73046875,0.9980754256248474
init-final,proj-c4-r50-s0,proj-c4-r50-s0,L7.o,7,o,2048,1496,0.73046875,0.9976634383201599
init-final,proj-c4-r50-s0,proj-c4-r50-s0,L7.gateup,7,gateup,2048,1165,0.56884765625,0.9954941868782043
init-final,proj-c4-r50-s0,proj-c4-r50-s0,L7.down,7,down,2048,1165,0.56884765625,0.9965381622314453
init-final,proj-c4-r50-s0,proj-c4-r50-s0,L8.qkv,8,qkv,2048,1496,0.73046875,0.9977379441261292
init-final,proj-c4-r50-s0,proj-c4-r50-s0,L8.o,8,o,2048,1496,0.73046875,0.9975202083587646
init-final,proj-c4-r50-s0,proj-c4-r50-s0,L8.gateup,8,gateup,2048,1165,0.56884765625,0.9954286217689514
init-final,proj-c4-r50-s0,proj-c4-r50-s0,L8.down,8,down,2048,1165,0.56884765625,0.9959244132041931
init-final,proj-c4-r50-s0,proj-c4-r50-s0,L9.qkv,9,qkv,2048,1496,0.73046875,0.9977198243141174
init-final,proj-c4-r50-s0,proj-c4-r50-s0,L9.o,9,o,2048,1496,0.73046875,0.9972387552261353
init-final,proj-c4-r50-s0,proj-c4-r50-s0,L9.gateup,9,gateup,2048,1165,0.56884765625,0.9951713681221008
init-final,proj-c4-r50-s0,proj-c4-r50-s0,L9.down,9,down,2048,1165,0.56884765625,0.9955044984817505
init-final,proj-c4-r50-s0,proj-c4-r50-s0,L10.qkv,10,qkv,2048,1496,0.73046875,0.9972058534622192
init-final,proj-c4-r50-s0,proj-c4-r50-s0,L10.o,10,o,2048,1496,0.73046875,0.9970938563346863
init-final,proj-c4-r50-s0,proj-c4-r50-s0,L10.gateup,10,gateup,2048,1165,0.56884765625,0.994473397731781
init-final,proj-c4-r50-s0,proj-c4-r50-s0,L10.down,10,down,2048,1165,0.56884765625,0.9950130581855774
init-final,proj-c4-r50-s0,proj-c4-r50-s0,L11.qkv,11,qkv,2048,1496,0.73046875,0.9972671270370483
init-final,proj-c4-r50-s0,proj-c4-r50-s0,L11.o,11,o,2048,1496,0.73046875,0.9965534210205078
init-final,proj-c4-r50-s0,proj-c4-r50-s0,L11.gateup,11,gateup,2048,1165,0.56884765625,0.994061291217804
init-final,proj-c4-r50-s0,proj-c4-r50-s0,L11.down,11,down,2048,1165,0.56884765625,0.9952979683876038
init-final,proj-c4-r50-s0,proj-c4-r50-s0,L12.qkv,12,qkv,2048,1496,0.73046875,0.9976199865341187
init-final,proj-c4-r50-s0,proj-c4-r50-s0,L12.o,12,o,2048,1496,0.73046875,0.9969525337219238
init-final,proj-c4-r50-s0,proj-c4-r50-s0,L12.gateup,12,gateup,2048,1165,0.56884765625,0.9935134053230286
init-final,proj-c4-r50-s0,proj-c4-r50-s0,L12.down,12,down,2048,1165,0.56884765625,0.9948824644088745
init-final,proj-c4-r50-s0,proj-c4-r50-s0,L13.qkv,13,qkv,2048,1496,0.73046875,0.9976288080215454
init-final,proj-c4-r50-s0,proj-c4-r50-s0,L13.o,13,o,2048,1496,0.73046875,0.9969555139541626
init-final,proj-c4-r50-s0,proj-c4-r50-s0,L13.gateup,13,gateup,2048,1165,0.56884765625,0.9938056468963623
init-final,proj-c4-r50-s0,proj-c4-r50-s0,L13.down,13,down,2048,1165,0.56884765625,0.9954695701599121
init-final,proj-c4-r50-s0,proj-c4-r50-s0,L14.qkv,14,qkv,2048,1496,0.73046875,0.9978086352348328
init-final,proj-c4-r50-s0,proj-c4-r50-s0,L14.o,14,o,2048,1496,0.73046875,0.9965130090713501
init-final,proj-c4-r50-s0,proj-c4-r50-s0,L14.gateup,14,gateup,2048,1165,0.56884765625,0.9946058392524719
init-final,proj-c4-r50-s0,proj-c4-r50-s0,L14.down,14,down,2048,1165,0.56884765625,0.9961092472076416
init-final,proj-c4-r50-s0,proj-c4-r50-s0,L15.qkv,15,qkv,2048,1496,0.73046875,0.9978955984115601
init-final,proj-c4-r50-s0,proj-c4-r50-s0,L15.o,15,o,2048,1496,0.73046875,0.9969724416732788
init-final,proj-c4-r50-s0,proj-c4-r50-s0,L15.gateup,15,gateup,2048,1165,0.56884765625,0.9969862699508667
init-final,proj-c4-r50-s0,proj-c4-r50-s0,L15.down,15,down,2048,1165,0.56884765625,0.9986675977706909
init-final,proj-slimpajama-r50-s0,proj-slimpajama-r50-s0,L0.qkv,0,qkv,2048,1496,0.73046875,0.9977525472640991
init-final,proj-slimpajama-r50-s0,proj-slimpajama-r50-s0,L0.o,0,o,2048,1496,0.73046875,0.997604489326477
init-final,proj-slimpajama-r50-s0,proj-slimpajama-r50-s0,L0.gateup,0,gateup,2048,1165,0.56884765625,0.9930102825164795
init-final,proj-slimpajama-r50-s0,proj-slimpajama-r50-s0,L0.down,0,down,2048,1165,0.56884765625,0.9967175126075745
init-final,proj-slimpajama-r50-s0,proj-slimpajama-r50-s0,L1.qkv,1,qkv,2048,1496,0.73046875,0.9984630346298218
init-final,proj-slimpajama-r50-s0,proj-slimpajama-r50-s0,L1.o,1,o,2048,1496,0.73046875,0.997277021408081
init-final,proj-slimpajama-r50-s0,proj-slimpajama-r50-s0,L1.gateup,1,gateup,2048,1165,0.56884765625,0.9949724078178406
init-final,proj-slimpajama-r50-s0,proj-slimpajama-r50-s0,L1.down,1,down,2048,1165,0.56884765625,0.9970596432685852
init-final,proj-slimpajama-r50-s0,proj-slimpajama-r50-s0,L2.qkv,2,qkv,2048,1496,0.73046875,0.9982665777206421
init-final,proj-slimpajama-r50-s0,proj-slimpajama-r50-s0,L2.o,2,o,2048,1496,0.73046875,0.9969868659973145
init-final,proj-slimpajama-r50-s0,proj-slimpajama-r50-s0,L2.gateup,2,gateup,2048,1165,0.56884765625,0.9953523278236389
init-final,proj-slimpajama-r50-s0,proj-slimpajama-r50-s0,L2.down,2,down,2048,1165,0.56884765625,0.9966639876365662
init-final,proj-slimpajama-r50-s0,proj-slimpajama-r50-s0,L3.qkv,3,qkv,2048,1496,0.73046875,0.9983153343200684
init-final,proj-slimpajama-r50-s0,proj-slimpajama-r50-s0,L3.o,3,o,2048,1496,0.73046875,0.997096836566925
init-final,proj-slimpajama-r50-s0,proj-slimpajama-r50-s0,L3.gateup,3,gateup,2048,1165,0.56884765625,0.9956962466239929
init-final,proj-slimpajama-r50-s0,proj-slimpajama-r50-s0,L3.down,3,down,2048,1165,0.56884765625,0.9969265460968018
init-final,proj-slimpajama-r50-s0,proj-slimpajama-r50-s0,L4.qkv,4,qkv,2048,1496,0.73046875,0.9982096552848816
init-final,proj-slimpajama-r50-s0,proj-slimpajama-r50-s0,L4.o,4,o,2048,1496,0.73046875,0.9973976016044617
init-final,proj-slimpajama-r50-s0,proj-slimpajama-r50-s0,L4.gateup,4,gateup,2048,1165,0.56884765625,0.996044933795929
init-final,proj-slimpajama-r50-s0,proj-slimpajama-r50-s0,L4.down,4,down,2048,1165,0.56884765625,0.9969810247421265
init-final,proj-slimpajama-r50-s0,proj-slimpajama-r50-s0,L5.qkv,5,qkv,2048,1496,0.73046875,0.9980261921882629
init-final,proj-slimpajama-r50-s0,proj-slimpajama-r50-s0,L5.o,5,o,2048,1496,0.73046875,0.9972296357154846
init-final,proj-slimpajama-r50-s0,proj-slimpajama-r50-s0,L5.gateup,5,gateup,2048,1165,0.56884765625,0.9958741664886475
init-final,proj-slimpajama-r50-s0,proj-slimpajama-r50-s0,L5.down,5,down,2048,1165,0.56884765625,0.9969257116317749
init-final,proj-slimpajama-r50-s0,proj-slimpajama-r50-s0,L6.qkv,6,qkv,2048,1496,0.73046875,0.9980101585388184
init-final,proj-slimpajama-r50-s0,proj-slimpajama-r50-s0,L6.o,6,o,2048,1496,0.73046875,0.997461199760437
init-final,proj-slimpajama-r50-s0,proj-slimpajama-r50-s0,L6.gateup,6,gateup,2048,1165,0.56884765625,0.9959303140640259
init-final,proj-slimpajama-r50-s0,proj-slimpajama-r50-s0,L6.down,6,down,2048,1165,0.56884765625,0.9966898560523987
init-final,proj-slimpajama-r50-s0,proj-slimpajama-r50-s0,L7.qkv,7,qkv,2048,1496,0.73046875,0.9979581236839294
init-final,proj-slimpajama-r50-s0,proj-slimpajama-r50-s0,L7.o,7,o,2048,1496,0.73046875,0.9974827170372009
init-final,proj-slimpajama-r50-s0,proj-slimpajama-r50-s0,L7.gateup,7,gateup,2048,1165,0.56884765625,0.995846688747406
init-final,proj-slimpajama-r50-s0,proj-slimpajama-r50-s0,L7.down,7,down,2048,1165,0.56884765625,0.9967479109764099
init-final,proj-slimpajama-r50-s0,proj-slimpajama-r50-s0,L8.qkv,8,qkv,2048,1496,0.73046875,0.9978799223899841
init-final,proj-slimpajama-r50-s0,proj-slimpajama-r50-s0,L8.o,8,o,2048,1496,0.73046875,0.9975057244300842
init-final,proj-slimpajama-r50-s0,proj-slimpajama-r50-s0,L8.gateup,8,gateup,2048,1165,0.56884765625,0.9958548545837402
init-final,proj-slimpajama-r50-s0,proj-slimpajama-r50-s0,L8.down,8,down,2048,1165,0.56884765625,0.9962335228919983
init-final,proj-slimpajama-r50-s0,proj-slimpajama-r50-s0,L9.qkv,9,qkv,2048,1496,0.73046875,0.9977170825004578
init-final,proj-slimpajama-r50-s0,proj-slimpajama-r50-s0,L9.o,9,o,2048,1496,0.73046875,0.9971711039543152
init-final,proj-slimpajama-r50-s0,proj-slimpajama-r50-s0,L9.gateup,9,gateup,2048,1165,0.56884765625,0.995847761631012
init-final,proj-slimpajama-r50-s0,proj-slimpajama-r50-s0,L9.down,9,down,2048,1165,0.56884765625,0.9959645867347717
init-final,proj-slimpajama-r50-s0,proj-slimpajama-r50-s0,L10.qkv,10,qkv,2048,1496,0.73046875,0.9973489046096802
init-final,proj-slimpajama-r50-s0,proj-slimpajama-r50-s0,L10.o,10,o,2048,1496,0.73046875,0.9970798492431641
init-final,proj-slimpajama-r50-s0,proj-slimpajama-r50-s0,L10.gateup,10,gateup,2048,1165,0.56884765625,0.9952635765075684
init-final,proj-slimpajama-r50-s0,proj-slimpajama-r50-s0,L10.down,10,down,2048,1165,0.56884765625,0.9955432415008545
init-final,proj-slimpajama-r50-s0,proj-slimpajama-r50-s0,L11.qkv,11,qkv,2048,1496,0.73046875,0.9974606037139893
init-final,proj-slimpajama-r50-s0,proj-slimpajama-r50-s0,L11.o,11,o,2048,1496,0.73046875,0.9966809749603271
init-final,proj-slimpajama-r50-s0,proj-slimpajama-r50-s0,L11.gateup,11,gateup,2048,1165,0.56884765625,0.99494868516922
init-final,proj-slimpajama-r50-s0,proj-slimpajama-r50-s0,L11.down,11,down,2048,1165,0.56884765625,0.9958110451698303
init-final,proj-slimpajama-r50-s0,proj-slimpajama-r50-s0,L12.qkv,12,qkv,2048,1496,0.73046875,0.997833251953125
init-final,proj-slimpajama-r50-s0,proj-slimpajama-r50-s0,L12.o,12,o,2048,1496,0.73046875,0.9968718886375427
init-final,proj-slimpajama-r50-s0,proj-slimpajama-r50-s0,L12.gateup,12,gateup,2048,1165,0.56884765625,0.9945306181907654
init-final,proj-slimpajama-r50-s0,proj-slimpajama-r50-s0,L12.down,12,down,2048,1165,0.56884765625,0.9954177141189575
init-final,proj-slimpajama-r50-s0,proj-slimpajama-r50-s0,L13.qkv,13,qkv,2048,1496,0.73046875,0.9978267550468445
init-final,proj-slimpajama-r50-s0,proj-slimpajama-r50-s0,L13.o,13,o,2048,1496,0.73046875,0.9968951940536499
init-final,proj-slimpajama-r50-s0,proj-slimpajama-r50-s0,L13.gateup,13,gateup,2048,1165,0.56884765625,0.9945290684700012
init-final,proj-slimpajama-r50-s0,proj-slimpajama-r50-s0,L13.down,13,down,2048,1165,0.56884765625,0.9955838918685913
init-final,proj-slimpajama-r50-s0,proj-slimpajama-r50-s0,L14.qkv,14,qkv,2048,1496,0.73046875,0.9978506565093994
init-final,proj-slimpajama-r50-s0,proj-slimpajama-r50-s0,L14.o,14,o,2048,1496,0.73046875,0.9964046478271484
init-final,proj-slimpajama-r50-s0,proj-slimpajama-r50-s0,L14.gateup,14,gateup,2048,1165,0.56884765625,0.9949542880058289
init-final,proj-slimpajama-r50-s0,proj-slimpajama-r50-s0,L14.down,14,down,2048,1165,0.56884765625,0.9959703087806702
init-final,proj-slimpajama-r50-s0,proj-slimpajama-r50-s0,L15.qkv,15,qkv,2048,1496,0.73046875,0.9977559447288513
init-final,proj-slimpajama-r50-s0,proj-slimpajama-r50-s0,L15.o,15,o,2048,1496,0.73046875,0.9966976642608643
init-final,proj-slimpajama-r50-s0,proj-slimpajama-r50-s0,L15.gateup,15,gateup,2048,1165,0.56884765625,0.9967317581176758
init-final,proj-slimpajama-r50-s0,proj-slimpajama-r50-s0,L15.down,15,down,2048,1165,0.56884765625,0.9983817934989929
init-final,proj-alpaca-r50-s0,proj-alpaca-r50-s0,L0.qkv,0,qkv,2048,1496,0.73046875,0.9972925782203674
init-final,proj-alpaca-r50-s0,proj-alpaca-r50-s0,L0.o,0,o,2048,1496,0.73046875,0.9976290464401245
init-final,proj-alpaca-r50-s0,proj-alpaca-r50-s0,L0.gateup,0,gateup,2048,1165,0.56884765625,0.9923941493034363
init-final,proj-alpaca-r50-s0,proj-alpaca-r50-s0,L0.down,0,down,2048,1165,0.56884765625,0.996529221534729
init-final,proj-alpaca-r50-s0,proj-alpaca-r50-s0,L1.qkv,1,qkv,2048,1496,0.73046875,0.9982127547264099
init-final,proj-alpaca-r50-s0,proj-alpaca-r50-s0,L1.o,1,o,2048,1496,0.73046875,0.9969877600669861
init-final,proj-alpaca-r50-s0,proj-alpaca-r50-s0,L1.gateup,1,gateup,2048,1165,0.56884765625,0.9942257404327393
init-final,proj-alpaca-r50-s0,proj-alpaca-r50-s0,L1.down,1,down,2048,1165,0.56884765625,0.9967421293258667
init-final,proj-alpaca-r50-s0,proj-alpaca-r50-s0,L2.qkv,2,qkv,2048,1496,0.73046875,0.9982106685638428
init-final,proj-alpaca-r50-s0,proj-alpaca-r50-s0,L2.o,2,o,2048,1496,0.73046875,0.9968556761741638
init-final,proj-alpaca-r50-s0,proj-alpaca-r50-s0,L2.gateup,2,gateup,2048,1165,0.56884765625,0.9945908784866333
init-final,proj-alpaca-r50-s0,proj-alpaca-r50-s0,L2.down,2,down,2048,1165,0.56884765625,0.9960938692092896
init-final,proj-alpaca-r50-s0,proj-alpaca-r50-s0,L3.qkv,3,qkv,2048,1496,0.73046875,0.9982893466949463
init-final,proj-alpaca-r50-s0,proj-alpaca-r50-s0,L3.o,3,o,2048,1496,0.73046875,0.9969490766525269
init-final,proj-alpaca-r50-s0,proj-alpaca-r50-s0,L3.gateup,3,gateup,2048,1165,0.56884765625,0.9950612187385559
init-final,proj-alpaca-r50-s0,proj-alpaca-r50-s0,L3.down,3,down,2048,1165,0.56884765625,0.9965210556983948
init-final,proj-alpaca-r50-s0,proj-alpaca-r50-s0,L4.qkv,4,qkv,2048,1496,0.73046875,0.998336911201477
init-final,proj-alpaca-r50-s0,proj-alpaca-r50-s0,L4.o,4,o,2048,1496,0.73046875,0.9974555373191833
init-final,proj-alpaca-r50-s0,proj-alpaca-r50-s0,L4.gateup,4,gateup,2048,1165,0.56884765625,0.9955140948295593
init-final,proj-alpaca-r50-s0,proj-alpaca-r50-s0,L4.down,4,down,2048,1165,0.56884765625,0.9966970086097717
init-final,proj-alpaca-r50-s0,proj-alpaca-r50-s0,L5.qkv,5,qkv,2048,1496,0.73046875,0.9980860352516174
init-final,proj-alpaca-r50-s0,proj-alpaca-r50-s0,L5.o,5,o,2048,1496,0.73046875,0.997348427772522
init-final,proj-alpaca-r50-s0,proj-alpaca-r50-s0,L5.gateup,5,gateup,2048,1165,0.56884765625,0.9954843521118164
init-final,proj-alpaca-r50-s0,proj-alpaca-r50-s0,L5.down,5,down,2048,1165,0.56884765625,0.9967616200447083
init-final,proj-alpaca-r50-s0,proj-alpaca-r50-s0,L6.qkv,6,qkv,2048,1496,0.73046875,0.9981988072395325
init-final,proj-alpaca-r50-s0,proj-alpaca-r50-s0,L6.o,6,o,2048,1496,0.73046875,0.9975890517234802
init-final,proj-alpaca-r50-s0,proj-alpaca-r50-s0,L6.gateup,6,gateup,2048,1165,0.56884765625,0.9957970976829529
init-final,proj-alpaca-r50-s0,proj-alpaca-r50-s0,L6.down,6,down,2048,1165,0.56884765625,0.9966078400611877
init-final,proj-alpaca-r50-s0,proj-alpaca-r50-s0,L7.qkv,7,qkv,2048,1496,0.73046875,0.998248279094696
init-final,proj-alpaca-r50-s0,proj-alpaca-r50-s0,L7.o,7,o,2048,1496,0.73046875,0.9977542757987976
init-final,proj-alpaca-r50-s0,proj-alpaca-r50-s0,L7.gateup,7,gateup,2048,1165,0.56884765625,0.9955847263336182
init-final,proj-alpaca-r50-s0,proj-alpaca-r50-s0,L7.down,7,down,2048,1165,0.56884765625,0.9965448379516602
init-final,proj-alpaca-r50-s0,proj-alpaca-r50-s0,L8.qkv,8,qkv,2048,1496,0.73046875,0.9976874589920044
init-final,proj-alpaca-r50-s0,proj-alpaca-r50-s0,L8.o,8,o,2048,1496,0.73046875,0.9975432753562927
init-final,proj-alpaca-r50-s0,proj-alpaca-r50-s0,L8.gateup,8,gateup,2048,1165,0.56884765625,0.9954352974891663
init-final,proj-alpaca-r50-s0,proj-alpaca-r50-s0,L8.down,8,down,2048,1165,0.56884765625,0.9959570169448853
init-final,proj-alpaca-r50-s0,proj-alpaca-r50-s0,L9.qkv,9,qkv,2048,1496,0.73046875,0.9977700114250183
init-final,proj-alpaca-r50-s0,proj-alpaca-r50-s0,L9.o,9,o,2048,1496,0.73046875,0.9972167015075684
init-final,proj-alpaca-r50-s0,proj-alpaca-r50-s0,L9.gateup,9,gateup,2048,1165,0.56884765625,0.994992733001709
init-final,proj-alpaca-r50-s0,proj-alpaca-r50-s0,L9.down,9,down,2048,1165,0.56884765625,0.9955452084541321
init-final,proj-alpaca-r50-s0,proj-alpaca-r50-s0,L10.qkv,10,qkv,2048,1496,0.73046875,0.997222363948822
init-final,proj-alpaca-r50-s0,proj-alpaca-r50-s0,L10.o,10,o,2048,1496,0.73046875,0.9970703125
init-final,proj-alpaca-r50-s0,proj-alpaca-r50-s0,L10.gateup,10,gateup,2048,1165,0.56884765625,0.9943757653236389
init-final,proj-alpaca-r50-s0,proj-alpaca-r50-s0,L10.down,10,down,2048,1165,0.56884765625,0.9951196908950806
init-final,proj-alpaca-r50-s0,proj-alpaca-r50-s0,L11.qkv,11,qkv,2048,1496,0.73046875,0.9970571398735046
init-final,proj-alpaca-r50-s0,proj-alpaca-r50-s0,L11.o,11,o,2048,1496,0.73046875,0.9963334798812866
init-final,proj-alpaca-r50-s0,proj-alpaca-r50-s0,L11.gateup,11,gateup,2048,1165,0.56884765625,0.9941779375076294
init-final,proj-alpaca-r50-s0,proj-alpaca-r50-s0,L11.down,11,down,2048,1165,0.56884765625,0.9952659606933594
init-final,proj-alpaca-r50-s0,proj-alpaca-r50-s0,L12.qkv,12,qkv,2048,1496,0.73046875,0.9975934028625488
init-final,proj-alpaca-r50-s0,proj-alpaca-r50-s0,L12.o,12,o,2048,1496,0.73046875,0.9968470931053162
init-final,proj-alpaca-r50-s0,proj-alpaca-r50-s0,L12.gateup,12,gateup,2048,1165,0.56884765625,0.9940301775932312
init-final,proj-alpaca-r50-s0,proj-alpaca-r50-s0,L12.down,12,down,2048,1165,0.56884765625,0.9949505925178528
init-final,proj-alpaca-r50-s0,proj-alpaca-r50-s0,L13.qkv,13,qkv,2048,1496,0.73046875,0.997395932674408
init-final,proj-alpaca-r50-s0,proj-alpaca-r50-s0,L13.o,13,o,2048,1496,0.73046875,0.9970176219940186
init-final,proj-alpaca-r50-s0,proj-alpaca-r50-s0,L13.gateup,13,gateup,2048,1165,0.56884765625,0.9941164255142212
init-final,proj-alpaca-r50-s0,proj-alpaca-r50-s0,L13.down,13,down,2048,1165,0.56884765625,0.995471179485321
init-final,proj-alpaca-r50-s0,proj-alpaca-r50-s0,L14.qkv,14,qkv,2048,1496,0.73046875,0.9979639649391174
init-final,proj-alpaca-r50-s0,proj-alpaca-r50-s0,L14.o,14,o,2048,1496,0.73046875,0.9963828921318054
init-final,proj-alpaca-r50-s0,proj-alpaca-r50-s0,L14.gateup,14,gateup,2048,1165,0.56884765625,0.9948369860649109
init-final,proj-alpaca-r50-s0,proj-alpaca-r50-s0,L14.down,14,down,2048,1165,0.56884765625,0.9965514540672302
init-final,proj-alpaca-r50-s0,proj-alpaca-r50-s0,L15.qkv,15,qkv,2048,1496,0.73046875,0.9980784058570862
init-final,proj-alpaca-r50-s0,proj-alpaca-r50-s0,L15.o,15,o,2048,1496,0.73046875,0.9970381855964661
init-final,proj-alpaca-r50-s0,proj-alpaca-r50-s0,L15.gateup,15,gateup,2048,1165,0.56884765625,0.9970857501029968
init-final,proj-alpaca-r50-s0,proj-alpaca-r50-s0,L15.down,15,down,2048,1165,0.56884765625,0.9984943270683289
init-final,proj-selfgen-r50-s0,proj-selfgen-r50-s0,L0.qkv,0,qkv,2048,1496,0.73046875,0.9975671172142029
init-final,proj-selfgen-r50-s0,proj-selfgen-r50-s0,L0.o,0,o,2048,1496,0.73046875,0.997355043888092
init-final,proj-selfgen-r50-s0,proj-selfgen-r50-s0,L0.gateup,0,gateup,2048,1165,0.56884765625,0.9940078854560852
init-final,proj-selfgen-r50-s0,proj-selfgen-r50-s0,L0.down,0,down,2048,1165,0.56884765625,0.9967911839485168
init-final,proj-selfgen-r50-s0,proj-selfgen-r50-s0,L1.qkv,1,qkv,2048,1496,0.73046875,0.9979589581489563
init-final,proj-selfgen-r50-s0,proj-selfgen-r50-s0,L1.o,1,o,2048,1496,0.73046875,0.9971457123756409
init-final,proj-selfgen-r50-s0,proj-selfgen-r50-s0,L1.gateup,1,gateup,2048,1165,0.56884765625,0.9952605366706848
init-final,proj-selfgen-r50-s0,proj-selfgen-r50-s0,L1.down,1,down,2048,1165,0.56884765625,0.9971633553504944
init-final,proj-selfgen-r50-s0,proj-selfgen-r50-s0,L2.qkv,2,qkv,2048,1496,0.73046875,0.9980238676071167
init-final,proj-selfgen-r50-s0,proj-selfgen-r50-s0,L2.o,2,o,2048,1496,0.73046875,0.9967631697654724
init-final,proj-selfgen-r50-s0,proj-selfgen-r50-s0,L2.gateup,2,gateup,2048,1165,0.56884765625,0.995546817779541
init-final,proj-selfgen-r50-s0,proj-selfgen-r50-s0,L2.down,2,down,2048,1165,0.56884765625,0.9968945980072021
init-final,proj-selfgen-r50-s0,proj-selfgen-r50-s0,L3.qkv,3,qkv,2048,1496,0.73046875,0.9980179071426392
init-final,proj-selfgen-r50-s0,proj-selfgen-r50-s0,L3.o,3,o,2048,1496,0.73046875,0.9969673752784729
init-final,proj-selfgen-r50-s0,proj-selfgen-r50-s0,L3.gateup,3,gateup,2048,1165,0.56884765625,0.9960315227508545
init-final,proj-selfgen-r50-s0,proj-selfgen-r50-s0,L3.down,3,down,2048,1165,0.56884765625,0.997166633605957
init-final,proj-selfgen-r50-s0,proj-selfgen-r50-s0,L4.qkv,4,qkv,2048,1496,0.73046875,0.9978869557380676
init-final,proj-selfgen-r50-s0,proj-selfgen-r50-s0,L4.o,4,o,2048,1496,0.73046875,0.9972144365310669
init-final,proj-selfgen-r50-s0,proj-selfgen-r50-s0,L4.gateup,4,gateup,2048,1165,0.56884765625,0.9961302280426025
init-final,proj-selfgen-r50-s0,proj-selfgen-r50-s0,L4.down,4,down,2048,1165,0.56884765625,0.997077226638794
init-final,proj-selfgen-r50-s0,proj-selfgen-r50-s0,L5.qkv,5,qkv,2048,1496,0.73046875,0.9976680278778076
init-final,proj-selfgen-r50-s0,proj-selfgen-r50-s0,L5.o,5,o,2048,1496,0.73046875,0.9971963763237
init-final,proj-selfgen-r50-s0,proj-selfgen-r50-s0,L5.gateup,5,gateup,2048,1165,0.56884765625,0.9961948990821838
init-final,proj-selfgen-r50-s0,proj-selfgen-r50-s0,L5.down,5,down,2048,1165,0.56884765625,0.9972220659255981
init-final,proj-selfgen-r50-s0,proj-selfgen-r50-s0,L6.qkv,6,qkv,2048,1496,0.73046875,0.997685432434082
init-final,proj-selfgen-r50-s0,proj-selfgen-r50-s0,L6.o,6,o,2048,1496,0.73046875,0.9973033666610718
init-final,proj-selfgen-r50-s0,proj-selfgen-r50-s0,L6.gateup,6,gateup,2048,1165,0.56884765625,0.9962630867958069
init-final,proj-selfgen-r50-s0,proj-selfgen-r50-s0,L6.down,6,down,2048,1165,0.56884765625,0.9970690608024597
init-final,proj-selfgen-r50-s0,proj-selfgen-r50-s0,L7.qkv,7,qkv,2048,1496,0.73046875,0.9973869919776917
init-final,proj-selfgen-r50-s0,proj-selfgen-r50-s0,L7.o,7,o,2048,1496,0.73046875,0.9973610639572144
init-final,proj-selfgen-r50-s0,proj-selfgen-r50-s0,L7.gateup,7,gateup,2048,1165,0.56884765625,0.9963951110839844
init-final,proj-selfgen-r50-s0,proj-selfgen-r50-s0,L7.down,7,down,2048,1165,0.56884765625,0.9972274899482727
init-final,proj-selfgen-r50-s0,proj-selfgen-r50-s0,L8.qkv,8,qkv,2048,1496,0.73046875,0.9974457025527954
init-final,proj-selfgen-r50-s0,proj-selfgen-r50-s0,L8.o,8,o,2048,1496,0.73046875,0.9973281025886536
init-final,proj-selfgen-r50-s0,proj-selfgen-r50-s0,L8.gateup,8,gateup,2048,1165,0.56884765625,0.996624767780304
init-final,proj-selfgen-r50-s0,proj-selfgen-r50-s0,L8.down,8,down,2048,1165,0.56884765625,0.9971281886100769
init-final,proj-selfgen-r50-s0,proj-selfgen-r50-s0,L9.qkv,9,qkv,2048,1496,0.73046875,0.997592568397522
init-final,proj-selfgen-r50-s0,proj-selfgen-r50-s0,L9.o,9,o,2048,1496,0.73046875,0.9971824288368225
init-final,proj-selfgen-r50-s0,proj-selfgen-r50-s0,L9.gateup,9,gateup,2048,1165,0.56884765625,0.9963525533676147
init-final,proj-selfgen-r50-s0,proj-selfgen-r50-s0,L9.down,9,down,2048,1165,0.56884765625,0.9968318343162537
init-final,proj-selfgen-r50-s0,proj-selfgen-r50-s0,L10.qkv,10,qkv,2048,1496,0.73046875,0.9973035454750061
init-final,proj-selfgen-r50-s0,proj-selfgen-r50-s0,L10.o,10,o,2048,1496,0.73046875,0.9972389340400696
init-final,proj-selfgen-r50-s0,proj-selfgen-r50-s0,L10.gateup,10,gateup,2048,1165,0.56884765625,0.995949387550354
init-final,proj-selfgen-r50-s0,proj-selfgen-r50-s0,L10.down,10,down,2048,1165,0.56884765625,0.9964750409126282
init-final,proj-selfgen-r50-s0,proj-selfgen-r50-s0,L11.qkv,11,qkv,2048,1496,0.73046875,0.9974333047866821
init-final,proj-selfgen-r50-s0,proj-selfgen-r50-s0,L11.o,11,o,2048,1496,0.73046875,0.9969287514686584
init-final,proj-selfgen-r50-s0,proj-selfgen-r50-s0,L11.gateup,11,gateup,2048,1165,0.56884765625,0.9957773089408875
init-final,proj-selfgen-r50-s0,proj-selfgen-r50-s0,L11.down,11,down,2048,1165,0.56884765625,0.9965749382972717
init-final,proj-selfgen-r50-s0,proj-selfgen-r50-s0,L12.qkv,12,qkv,2048,1496,0.73046875,0.9975948333740234
init-final,proj-selfgen-r50-s0,proj-selfgen-r50-s0,L12.o,12,o,2048,1496,0.73046875,0.9967947006225586
init-final,proj-selfgen-r50-s0,proj-selfgen-r50-s0,L12.gateup,12,gateup,2048,1165,0.56884765625,0.9953023195266724
init-final,proj-selfgen-r50-s0,proj-selfgen-r50-s0,L12.down,12,down,2048,1165,0.56884765625,0.996340811252594
init-final,proj-selfgen-r50-s0,proj-selfgen-r50-s0,L13.qkv,13,qkv,2048,1496,0.73046875,0.9976423978805542
init-final,proj-selfgen-r50-s0,proj-selfgen-r50-s0,L13.o,13,o,2048,1496,0.73046875,0.9973275065422058
init-final,proj-selfgen-r50-s0,proj-selfgen-r50-s0,L13.gateup,13,gateup,2048,1165,0.56884765625,0.9954796433448792
init-final,proj-selfgen-r50-s0,proj-selfgen-r50-s0,L13.down,13,down,2048,1165,0.56884765625,0.996642529964447
init-final,proj-selfgen-r50-s0,proj-selfgen-r50-s0,L14.qkv,14,qkv,2048,1496,0.73046875,0.9976441264152527
init-final,proj-selfgen-r50-s0,proj-selfgen-r50-s0,L14.o,14,o,2048,1496,0.73046875,0.9970341920852661
init-final,proj-selfgen-r50-s0,proj-selfgen-r50-s0,L14.gateup,14,gateup,2048,1165,0.56884765625,0.9960102438926697
init-final,proj-selfgen-r50-s0,proj-selfgen-r50-s0,L14.down,14,down,2048,1165,0.56884765625,0.9971637725830078
init-final,proj-selfgen-r50-s0,proj-selfgen-r50-s0,L15.qkv,15,qkv,2048,1496,0.73046875,0.9979994297027588
init-final,proj-selfgen-r50-s0,proj-selfgen-r50-s0,L15.o,15,o,2048,1496,0.73046875,0.9972105026245117
init-final,proj-selfgen-r50-s0,proj-selfgen-r50-s0,L15.gateup,15,gateup,2048,1165,0.56884765625,0.9974491000175476
init-final,proj-selfgen-r50-s0,proj-selfgen-r50-s0,L15.down,15,down,2048,1165,0.56884765625,0.998977780342102
init-final,proj-selfdoc-r50-s0,proj-selfdoc-r50-s0,L0.qkv,0,qkv,2048,1496,0.73046875,0.9972697496414185
init-final,proj-selfdoc-r50-s0,proj-selfdoc-r50-s0,L0.o,0,o,2048,1496,0.73046875,0.9973652362823486
init-final,proj-selfdoc-r50-s0,proj-selfdoc-r50-s0,L0.gateup,0,gateup,2048,1165,0.56884765625,0.9914495348930359
init-final,proj-selfdoc-r50-s0,proj-selfdoc-r50-s0,L0.down,0,down,2048,1165,0.56884765625,0.9965173006057739
init-final,proj-selfdoc-r50-s0,proj-selfdoc-r50-s0,L1.qkv,1,qkv,2048,1496,0.73046875,0.9984462261199951
init-final,proj-selfdoc-r50-s0,proj-selfdoc-r50-s0,L1.o,1,o,2048,1496,0.73046875,0.9971631765365601
init-final,proj-selfdoc-r50-s0,proj-selfdoc-r50-s0,L1.gateup,1,gateup,2048,1165,0.56884765625,0.9939331412315369
init-final,proj-selfdoc-r50-s0,proj-selfdoc-r50-s0,L1.down,1,down,2048,1165,0.56884765625,0.9969645142555237
init-final,proj-selfdoc-r50-s0,proj-selfdoc-r50-s0,L2.qkv,2,qkv,2048,1496,0.73046875,0.9982939958572388
init-final,proj-selfdoc-r50-s0,proj-selfdoc-r50-s0,L2.o,2,o,2048,1496,0.73046875,0.9968717098236084
init-final,proj-selfdoc-r50-s0,proj-selfdoc-r50-s0,L2.gateup,2,gateup,2048,1165,0.56884765625,0.9946869611740112
init-final,proj-selfdoc-r50-s0,proj-selfdoc-r50-s0,L2.down,2,down,2048,1165,0.56884765625,0.9964650869369507
init-final,proj-selfdoc-r50-s0,proj-selfdoc-r50-s0,L3.qkv,3,qkv,2048,1496,0.73046875,0.998414158821106
init-final,proj-selfdoc-r50-s0,proj-selfdoc-r50-s0,L3.o,3,o,2048,1496,0.73046875,0.997005045413971
init-final,proj-selfdoc-r50-s0,proj-selfdoc-r50-s0,L3.gateup,3,gateup,2048,1165,0.56884765625,0.9950853586196899
init-final,proj-selfdoc-r50-s0,proj-selfdoc-r50-s0,L3.down,3,down,2048,1165,0.56884765625,0.9968459010124207
init-final,proj-selfdoc-r50-s0,proj-selfdoc-r50-s0,L4.qkv,4,qkv,2048,1496,0.73046875,0.9983388781547546
init-final,proj-selfdoc-r50-s0,proj-selfdoc-r50-s0,L4.o,4,o,2048,1496,0.73046875,0.997356116771698
init-final,proj-selfdoc-r50-s0,proj-selfdoc-r50-s0,L4.gateup,4,gateup,2048,1165,0.56884765625,0.9955624938011169
init-final,proj-selfdoc-r50-s0,proj-selfdoc-r50-s0,L4.down,4,down,2048,1165,0.56884765625,0.9968758225440979
init-final,proj-selfdoc-r50-s0,proj-selfdoc-r50-s0,L5.qkv,5,qkv,2048,1496,0.73046875,0.9980888366699219
init-final,proj-selfdoc-r50-s0,proj-selfdoc-r50-s0,L5.o,5,o,2048,1496,0.73046875,0.9974238276481628
init-final,proj-selfdoc-r50-s0,proj-selfdoc-r50-s0,L5.gateup,5,gateup,2048,1165,0.56884765625,0.9955015182495117
init-final,proj-selfdoc-r50-s0,proj-selfdoc-r50-s0,L5.down,5,down,2048,1165,0.56884765625,0.9969490766525269
init-final,proj-selfdoc-r50-s0,proj-selfdoc-r50-s0,L6.qkv,6,qkv,2048,1496,0.73046875,0.9981719851493835
init-final,proj-selfdoc-r50-s0,proj-selfdoc-r50-s0,L6.o,6,o,2048,1496,0.73046875,0.9976082444190979
init-final,proj-selfdoc-r50-s0,proj-selfdoc-r50-s0,L6.gateup,6,gateup,2048,1165,0.56884765625,0.9958062171936035
init-final,proj-selfdoc-r50-s0,proj-selfdoc-r50-s0,L6.down,6,down,2048,1165,0.56884765625,0.9967061281204224
init-final,proj-selfdoc-r50-s0,proj-selfdoc-r50-s0,L7.qkv,7,qkv,2048,1496,0.73046875,0.998235285282135
init-final,proj-selfdoc-r50-s0,proj-selfdoc-r50-s0,L7.o,7,o,2048,1496,0.73046875,0.9976410865783691
init-final,proj-selfdoc-r50-s0,proj-selfdoc-r50-s0,L7.gateup,7,gateup,2048,1165,0.56884765625,0.9956668615341187
init-final,proj-selfdoc-r50-s0,proj-selfdoc-r50-s0,L7.down,7,down,2048,1165,0.56884765625,0.9968260526657104
init-final,proj-selfdoc-r50-s0,proj-selfdoc-r50-s0,L8.qkv,8,qkv,2048,1496,0.73046875,0.9979683756828308
init-final,proj-selfdoc-r50-s0,proj-selfdoc-r50-s0,L8.o,8,o,2048,1496,0.73046875,0.9976078867912292
init-final,proj-selfdoc-r50-s0,proj-selfdoc-r50-s0,L8.gateup,8,gateup,2048,1165,0.56884765625,0.9956490397453308
init-final,proj-selfdoc-r50-s0,proj-selfdoc-r50-s0,L8.down,8,down,2048,1165,0.56884765625,0.996228814125061
init-final,proj-selfdoc-r50-s0,proj-selfdoc-r50-s0,L9.qkv,9,qkv,2048,1496,0.73046875,0.9979754090309143
init-final,proj-selfdoc-r50-s0,proj-selfdoc-r50-s0,L9.o,9,o,2048,1496,0.73046875,0.9972527623176575
init-final,proj-selfdoc-r50-s0,proj-selfdoc-r50-s0,L9.gateup,9,gateup,2048,1165,0.56884765625,0.9953248500823975
init-final,proj-selfdoc-r50-s0,proj-selfdoc-r50-s0,L9.down,9,down,2048,1165,0.56884765625,0.9956963062286377
init-final,proj-selfdoc-r50-s0,proj-selfdoc-r50-s0,L10.qkv,10,qkv,2048,1496,0.73046875,0.9972524642944336
init-final,proj-selfdoc-r50-s0,proj-selfdoc-r50-s0,L10.o,10,o,2048,1496,0.73046875,0.9969562292098999
init-final,proj-selfdoc-r50-s0,proj-selfdoc-r50-s0,L10.gateup,10,gateup,2048,1165,0.56884765625,0.9946035742759705
init-final,proj-selfdoc-r50-s0,proj-selfdoc-r50-s0,L10.down,10,down,2048,1165,0.56884765625,0.9951333403587341
init-final,proj-selfdoc-r50-s0,proj-selfdoc-r50-s0,L11.qkv,11,qkv,2048,1496,0.73046875,0.9973539710044861
init-final,proj-selfdoc-r50-s0,proj-selfdoc-r50-s0,L11.o,11,o,2048,1496,0.73046875,0.9964225888252258
init-final,proj-selfdoc-r50-s0,proj-selfdoc-r50-s0,L11.gateup,11,gateup,2048,1165,0.56884765625,0.9940158128738403
init-final,proj-selfdoc-r50-s0,proj-selfdoc-r50-s0,L11.down,11,down,2048,1165,0.56884765625,0.9952446222305298
init-final,proj-selfdoc-r50-s0,proj-selfdoc-r50-s0,L12.qkv,12,qkv,2048,1496,0.73046875,0.9977978467941284
init-final,proj-selfdoc-r50-s0,proj-selfdoc-r50-s0,L12.o,12,o,2048,1496,0.73046875,0.9965242147445679
init-final,proj-selfdoc-r50-s0,proj-selfdoc-r50-s0,L12.gateup,12,gateup,2048,1165,0.56884765625,0.9931307435035706
init-final,proj-selfdoc-r50-s0,proj-selfdoc-r50-s0,L12.down,12,down,2048,1165,0.56884765625,0.9946586489677429
init-final,proj-selfdoc-r50-s0,proj-selfdoc-r50-s0,L13.qkv,13,qkv,2048,1496,0.73046875,0.9977359175682068
init-final,proj-selfdoc-r50-s0,proj-selfdoc-r50-s0,L13.o,13,o,2048,1496,0.73046875,0.9965471029281616
init-final,proj-selfdoc-r50-s0,proj-selfdoc-r50-s0,L13.gateup,13,gateup,2048,1165,0.56884765625,0.9931821227073669
init-final,proj-selfdoc-r50-s0,proj-selfdoc-r50-s0,L13.down,13,down,2048,1165,0.56884765625,0.9950599670410156
init-final,proj-selfdoc-r50-s0,proj-selfdoc-r50-s0,L14.qkv,14,qkv,2048,1496,0.73046875,0.9978440403938293
init-final,proj-selfdoc-r50-s0,proj-selfdoc-r50-s0,L14.o,14,o,2048,1496,0.73046875,0.9959908127784729
init-final,proj-selfdoc-r50-s0,proj-selfdoc-r50-s0,L14.gateup,14,gateup,2048,1165,0.56884765625,0.9940723180770874
init-final,proj-selfdoc-r50-s0,proj-selfdoc-r50-s0,L14.down,14,down,2048,1165,0.56884765625,0.9957178235054016
init-final,proj-selfdoc-r50-s0,proj-selfdoc-r50-s0,L15.qkv,15,qkv,2048,1496,0.73046875,0.9979571104049683
init-final,proj-selfdoc-r50-s0,proj-selfdoc-r50-s0,L15.o,15,o,2048,1496,0.73046875,0.9964962005615234
init-final,proj-selfdoc-r50-s0,proj-selfdoc-r50-s0,L15.gateup,15,gateup,2048,1165,0.56884765625,0.9967094659805298
init-final,proj-selfdoc-r50-s0,proj-selfdoc-r50-s0,L15.down,15,down,2048,1165,0.56884765625,0.9985636472702026
init-init,proj-wikitext2-r50-s0,proj-c4-r50-s0,L0.qkv,0,qkv,2048,1496,0.73046875,0.9411861896514893
final-final,proj-wikitext2-r50-s0,proj-c4-r50-s0,L0.qkv,0,qkv,2048,1496,0.73046875,0.9386110305786133
init-init,proj-wikitext2-r50-s0,proj-c4-r50-s0,L0.o,0,o,2048,1496,0.73046875,0.9521543383598328
final-final,proj-wikitext2-r50-s0,proj-c4-r50-s0,L0.o,0,o,2048,1496,0.73046875,0.9493511319160461
init-init,proj-wikitext2-r50-s0,proj-c4-r50-s0,L0.gateup,0,gateup,2048,1165,0.56884765625,0.8403640985488892
final-final,proj-wikitext2-r50-s0,proj-c4-r50-s0,L0.gateup,0,gateup,2048,1165,0.56884765625,0.8355903625488281
init-init,proj-wikitext2-r50-s0,proj-c4-r50-s0,L0.down,0,down,2048,1165,0.56884765625,0.8811054229736328
final-final,proj-wikitext2-r50-s0,proj-c4-r50-s0,L0.down,0,down,2048,1165,0.56884765625,0.8772443532943726
init-init,proj-wikitext2-r50-s0,proj-c4-r50-s0,L1.qkv,1,qkv,2048,1496,0.73046875,0.9439465999603271
final-final,proj-wikitext2-r50-s0,proj-c4-r50-s0,L1.qkv,1,qkv,2048,1496,0.73046875,0.9421843886375427
init-init,proj-wikitext2-r50-s0,proj-c4-r50-s0,L1.o,1,o,2048,1496,0.73046875,0.9455248117446899
final-final,proj-wikitext2-r50-s0,proj-c4-r50-s0,L1.o,1,o,2048,1496,0.73046875,0.9417204260826111
init-init,proj-wikitext2-r50-s0,proj-c4-r50-s0,L1.gateup,1,gateup,2048,1165,0.56884765625,0.8576511144638062
final-final,proj-wikitext2-r50-s0,proj-c4-r50-s0,L1.gateup,1,gateup,2048,1165,0.56884765625,0.8515320420265198
init-init,proj-wikitext2-r50-s0,proj-c4-r50-s0,L1.down,1,down,2048,1165,0.56884765625,0.884476363658905
final-final,proj-wikitext2-r50-s0,proj-c4-r50-s0,L1.down,1,down,2048,1165,0.56884765625,0.8808797001838684
init-init,proj-wikitext2-r50-s0,proj-c4-r50-s0,L2.qkv,2,qkv,2048,1496,0.73046875,0.9426565170288086
final-final,proj-wikitext2-r50-s0,proj-c4-r50-s0,L2.qkv,2,qkv,2048,1496,0.73046875,0.9407239556312561
init-init,proj-wikitext2-r50-s0,proj-c4-r50-s0,L2.o,2,o,2048,1496,0.73046875,0.9293681979179382
final-final,proj-wikitext2-r50-s0,proj-c4-r50-s0,L2.o,2,o,2048,1496,0.73046875,0.9254684448242188
init-init,proj-wikitext2-r50-s0,proj-c4-r50-s0,L2.gateup,2,gateup,2048,1165,0.56884765625,0.8497717976570129
final-final,proj-wikitext2-r50-s0,proj-c4-r50-s0,L2.gateup,2,gateup,2048,1165,0.56884765625,0.8443703651428223
init-init,proj-wikitext2-r50-s0,proj-c4-r50-s0,L2.down,2,down,2048,1165,0.56884765625,0.8896933197975159
final-final,proj-wikitext2-r50-s0,proj-c4-r50-s0,L2.down,2,down,2048,1165,0.56884765625,0.8853338360786438
init-init,proj-wikitext2-r50-s0,proj-c4-r50-s0,L3.qkv,3,qkv,2048,1496,0.73046875,0.9350965619087219
final-final,proj-wikitext2-r50-s0,proj-c4-r50-s0,L3.qkv,3,qkv,2048,1496,0.73046875,0.9332595467567444
init-init,proj-wikitext2-r50-s0,proj-c4-r50-s0,L3.o,3,o,2048,1496,0.73046875,0.9359822869300842
final-final,proj-wikitext2-r50-s0,proj-c4-r50-s0,L3.o,3,o,2048,1496,0.73046875,0.9318250417709351
init-init,proj-wikitext2-r50-s0,proj-c4-r50-s0,L3.gateup,3,gateup,2048,1165,0.56884765625,0.8498640060424805
final-final,proj-wikitext2-r50-s0,proj-c4-r50-s0,L3.gateup,3,gateup,2048,1165,0.56884765625,0.8445563912391663
init-init,proj-wikitext2-r50-s0,proj-c4-r50-s0,L3.down,3,down,2048,1165,0.56884765625,0.883921205997467
final-final,proj-wikitext2-r50-s0,proj-c4-r50-s0,L3.down,3,down,2048,1165,0.56884765625,0.8798331618309021
init-init,proj-wikitext2-r50-s0,proj-c4-r50-s0,L4.qkv,4,qkv,2048,1496,0.73046875,0.9291538596153259
final-final,proj-wikitext2-r50-s0,proj-c4-r50-s0,L4.qkv,4,qkv,2048,1496,0.73046875,0.9271126389503479
init-init,proj-wikitext2-r50-s0,proj-c4-r50-s0,L4.o,4,o,2048,1496,0.73046875,0.9334079623222351
final-final,proj-wikitext2-r50-s0,proj-c4-r50-s0,L4.o,4,o,2048,1496,0.73046875,0.9299558401107788
init-init,proj-wikitext2-r50-s0,proj-c4-r50-s0,L4.gateup,4,gateup,2048,1165,0.56884765625,0.8291581273078918
final-final,proj-wikitext2-r50-s0,proj-c4-r50-s0,L4.gateup,4,gateup,2048,1165,0.56884765625,0.8246467113494873
init-init,proj-wikitext2-r50-s0,proj-c4-r50-s0,L4.down,4,down,2048,1165,0.56884765625,0.8792417645454407
final-final,proj-wikitext2-r50-s0,proj-c4-r50-s0,L4.down,4,down,2048,1165,0.56884765625,0.8752542734146118
init-init,proj-wikitext2-r50-s0,proj-c4-r50-s0,L5.qkv,5,qkv,2048,1496,0.73046875,0.9330744743347168
final-final,proj-wikitext2-r50-s0,proj-c4-r50-s0,L5.qkv,5,qkv,2048,1496,0.73046875,0.9308863282203674
init-init,proj-wikitext2-r50-s0,proj-c4-r50-s0,L5.o,5,o,2048,1496,0.73046875,0.9502056837081909
final-final,proj-wikitext2-r50-s0,proj-c4-r50-s0,L5.o,5,o,2048,1496,0.73046875,0.9463997483253479
init-init,proj-wikitext2-r50-s0,proj-c4-r50-s0,L5.gateup,5,gateup,2048,1165,0.56884765625,0.8225372433662415
final-final,proj-wikitext2-r50-s0,proj-c4-r50-s0,L5.gateup,5,gateup,2048,1165,0.56884765625,0.8180707693099976
init-init,proj-wikitext2-r50-s0,proj-c4-r50-s0,L5.down,5,down,2048,1165,0.56884765625,0.889962375164032
final-final,proj-wikitext2-r50-s0,proj-c4-r50-s0,L5.down,5,down,2048,1165,0.56884765625,0.8859102725982666
init-init,proj-wikitext2-r50-s0,proj-c4-r50-s0,L6.qkv,6,qkv,2048,1496,0.73046875,0.9314484596252441
final-final,proj-wikitext2-r50-s0,proj-c4-r50-s0,L6.qkv,6,qkv,2048,1496,0.73046875,0.9292676448822021
init-init,proj-wikitext2-r50-s0,proj-c4-r50-s0,L6.o,6,o,2048,1496,0.73046875,0.9526416063308716
final-final,proj-wikitext2-r50-s0,proj-c4-r50-s0,L6.o,6,o,2048,1496,0.73046875,0.9490602016448975
init-init,proj-wikitext2-r50-s0,proj-c4-r50-s0,L6.gateup,6,gateup,2048,1165,0.56884765625,0.8352732062339783
final-final,proj-wikitext2-r50-s0,proj-c4-r50-s0,L6.gateup,6,gateup,2048,1165,0.56884765625,0.8309311866760254
init-init,proj-wikitext2-r50-s0,proj-c4-r50-s0,L6.down,6,down,2048,1165,0.56884765625,0.90279620885849
final-final,proj-wikitext2-r50-s0,proj-c4-r50-s0,L6.down,6,down,2048,1165,0.56884765625,0.8982878923416138
init-init,proj-wikitext2-r50-s0,proj-c4-r50-s0,L7.qkv,7,qkv,2048,1496,0.73046875,0.9335518479347229
final-final,proj-wikitext2-r50-s0,proj-c4-r50-s0,L7.qkv,7,qkv,2048,1496,0.73046875,0.931357741355896
init-init,proj-wikitext2-r50-s0,proj-c4-r50-s0,L7.o,7,o,2048,1496,0.73046875,0.9491371512413025
final-final,proj-wikitext2-r50-s0,proj-c4-r50-s0,L7.o,7,o,2048,1496,0.73046875,0.9456671476364136
init-init,proj-wikitext2-r50-s0,proj-c4-r50-s0,L7.gateup,7,gateup,2048,1165,0.56884765625,0.8399680256843567
final-final,proj-wikitext2-r50-s0,proj-c4-r50-s0,L7.gateup,7,gateup,2048,1165,0.56884765625,0.8356427550315857
init-init,proj-wikitext2-r50-s0,proj-c4-r50-s0,L7.down,7,down,2048,1165,0.56884765625,0.9070315957069397
final-final,proj-wikitext2-r50-s0,proj-c4-r50-s0,L7.down,7,down,2048,1165,0.56884765625,0.9025256633758545
init-init,proj-wikitext2-r50-s0,proj-c4-r50-s0,L8.qkv,8,qkv,2048,1496,0.73046875,0.9336036443710327
final-final,proj-wikitext2-r50-s0,proj-c4-r50-s0,L8.qkv,8,qkv,2048,1496,0.73046875,0.9310986995697021
init-init,proj-wikitext2-r50-s0,proj-c4-r50-s0,L8.o,8,o,2048,1496,0.73046875,0.9540020227432251
final-final,proj-wikitext2-r50-s0,proj-c4-r50-s0,L8.o,8,o,2048,1496,0.73046875,0.9505413174629211
init-init,proj-wikitext2-r50-s0,proj-c4-r50-s0,L8.gateup,8,gateup,2048,1165,0.56884765625,0.8480430841445923
final-final,proj-wikitext2-r50-s0,proj-c4-r50-s0,L8.gateup,8,gateup,2048,1165,0.56884765625,0.8435994982719421
init-init,proj-wikitext2-r50-s0,proj-c4-r50-s0,L8.down,8,down,2048,1165,0.56884765625,0.8991110324859619
final-final,proj-wikitext2-r50-s0,proj-c4-r50-s0,L8.down,8,down,2048,1165,0.56884765625,0.8943393230438232
init-init,proj-wikitext2-r50-s0,proj-c4-r50-s0,L9.qkv,9,qkv,2048,1496,0.73046875,0.929194986820221
final-final,proj-wikitext2-r50-s0,proj-c4-r50-s0,L9.qkv,9,qkv,2048,1496,0.73046875,0.9268242716789246
init-init,proj-wikitext2-r50-s0,proj-c4-r50-s0,L9.o,9,o,2048,1496,0.73046875,0.9483230113983154
final-final,proj-wikitext2-r50-s0,proj-c4-r50-s0,L9.o,9,o,2048,1496,0.73046875,0.9446706175804138
init-init,proj-wikitext2-r50-s0,proj-c4-r50-s0,L9.gateup,9,gateup,2048,1165,0.56884765625,0.8496314883232117
final-final,proj-wikitext2-r50-s0,proj-c4-r50-s0,L9.gateup,9,gateup,2048,1165,0.56884765625,0.8449041247367859
init-init,proj-wikitext2-r50-s0,proj-c4-r50-s0,L9.down,9,down,2048,1165,0.56884765625,0.8868168592453003
final-final,proj-wikitext2-r50-s0,proj-c4-r50-s0,L9.down,9,down,2048,1165,0.56884765625,0.881360650062561
init-init,proj-wikitext2-r50-s0,proj-c4-r50-s0,L10.qkv,10,qkv,2048,1496,0.73046875,0.9262754321098328
final-final,proj-wikitext2-r50-s0,proj-c4-r50-s0,L10.qkv,10,qkv,2048,1496,0.73046875,0.9237263202667236
init-init,proj-wikitext2-r50-s0,proj-c4-r50-s0,L10.o,10,o,2048,1496,0.73046875,0.9561276435852051
final-final,proj-wikitext2-r50-s0,proj-c4-r50-s0,L10.o,10,o,2048,1496,0.73046875,0.9521594047546387
init-init,proj-wikitext2-r50-s0,proj-c4-r50-s0,L10.gateup,10,gateup,2048,1165,0.56884765625,0.8310638070106506
final-final,proj-wikitext2-r50-s0,proj-c4-r50-s0,L10.gateup,10,gateup,2048,1165,0.56884765625,0.8262736201286316
init-init,proj-wikitext2-r50-s0,proj-c4-r50-s0,L10.down,10,down,2048,1165,0.56884765625,0.8861093521118164
final-final,proj-wikitext2-r50-s0,proj-c4-r50-s0,L10.down,10,down,2048,1165,0.56884765625,0.8800209164619446
init-init,proj-wikitext2-r50-s0,proj-c4-r50-s0,L11.qkv,11,qkv,2048,1496,0.73046875,0.9171673059463501
final-final,proj-wikitext2-r50-s0,proj-c4-r50-s0,L11.qkv,11,qkv,2048,1496,0.73046875,0.9148845076560974
init-init,proj-wikitext2-r50-s0,proj-c4-r50-s0,L11.o,11,o,2048,1496,0.73046875,0.9351580142974854
final-final,proj-wikitext2-r50-s0,proj-c4-r50-s0,L11.o,11,o,2048,1496,0.73046875,0.9307058453559875
init-init,proj-wikitext2-r50-s0,proj-c4-r50-s0,L11.gateup,11,gateup,2048,1165,0.56884765625,0.8255905508995056
final-final,proj-wikitext2-r50-s0,proj-c4-r50-s0,L11.gateup,11,gateup,2048,1165,0.56884765625,0.8204628825187683
init-init,proj-wikitext2-r50-s0,proj-c4-r50-s0,L11.down,11,down,2048,1165,0.56884765625,0.8728440403938293
final-final,proj-wikitext2-r50-s0,proj-c4-r50-s0,L11.down,11,down,2048,1165,0.56884765625,0.8670464754104614
init-init,proj-wikitext2-r50-s0,proj-c4-r50-s0,L12.qkv,12,qkv,2048,1496,0.73046875,0.9172683954238892
final-final,proj-wikitext2-r50-s0,proj-c4-r50-s0,L12.qkv,12,qkv,2048,1496,0.73046875,0.9151422381401062
init-init,proj-wikitext2-r50-s0,proj-c4-r50-s0,L12.o,12,o,2048,1496,0.73046875,0.930908739566803
final-final,proj-wikitext2-r50-s0,proj-c4-r50-s0,L12.o,12,o,2048,1496,0.73046875,0.9270797371864319
init-init,proj-wikitext2-r50-s0,proj-c4-r50-s0,L12.gateup,12,gateup,2048,1165,0.56884765625,0.8147741556167603
final-final,proj-wikitext2-r50-s0,proj-c4-r50-s0,L12.gateup,12,gateup,2048,1165,0.56884765625,0.8088870048522949
init-init,proj-wikitext2-r50-s0,proj-c4-r50-s0,L12.down,12,down,2048,1165,0.56884765625,0.8778378963470459
final-final,proj-wikitext2-r50-s0,proj-c4-r50-s0,L12.down,12,down,2048,1165,0.56884765625,0.8714229464530945
init-init,proj-wikitext2-r50-s0,proj-c4-r50-s0,L13.qkv,13,qkv,2048,1496,0.73046875,0.9176816940307617
final-final,proj-wikitext2-r50-s0,proj-c4-r50-s0,L13.qkv,13,qkv,2048,1496,0.73046875,0.9154013991355896
init-init,proj-wikitext2-r50-s0,proj-c4-r50-s0,L13.o,13,o,2048,1496,0.73046875,0.91602623462677
final-final,proj-wikitext2-r50-s0,proj-c4-r50-s0,L13.o,13,o,2048,1496,0.73046875,0.9127314686775208
init-init,proj-wikitext2-r50-s0,proj-c4-r50-s0,L13.gateup,13,gateup,2048,1165,0.56884765625,0.8118594884872437
final-final,proj-wikitext2-r50-s0,proj-c4-r50-s0,L13.gateup,13,gateup,2048,1165,0.56884765625,0.8058088421821594
init-init,proj-wikitext2-r50-s0,proj-c4-r50-s0,L13.down,13,down,2048,1165,0.56884765625,0.8739833235740662
final-final,proj-wikitext2-r50-s0,proj-c4-r50-s0,L13.down,13,down,2048,1165,0.56884765625,0.8683122396469116
init-init,proj-wikitext2-r50-s0,proj-c4-r50-s0,L14.qkv,14,qkv,2048,1496,0.73046875,0.9210343956947327
final-final,proj-wikitext2-r50-s0,proj-c4-r50-s0,L14.qkv,14,qkv,2048,1496,0.73046875,0.9189977049827576
init-init,proj-wikitext2-r50-s0,proj-c4-r50-s0,L14.o,14,o,2048,1496,0.73046875,0.9165173172950745
final-final,proj-wikitext2-r50-s0,proj-c4-r50-s0,L14.o,14,o,2048,1496,0.73046875,0.911891520023346
init-init,proj-wikitext2-r50-s0,proj-c4-r50-s0,L14.gateup,14,gateup,2048,1165,0.56884765625,0.8119860291481018
final-final,proj-wikitext2-r50-s0,proj-c4-r50-s0,L14.gateup,14,gateup,2048,1165,0.56884765625,0.8067442774772644
init-init,proj-wikitext2-r50-s0,proj-c4-r50-s0,L14.down,14,down,2048,1165,0.56884765625,0.8741515278816223
final-final,proj-wikitext2-r50-s0,proj-c4-r50-s0,L14.down,14,down,2048,1165,0.56884765625,0.8691155314445496
init-init,proj-wikitext2-r50-s0,proj-c4-r50-s0,L15.qkv,15,qkv,2048,1496,0.73046875,0.9197369813919067
final-final,proj-wikitext2-r50-s0,proj-c4-r50-s0,L15.qkv,15,qkv,2048,1496,0.73046875,0.9179060459136963
init-init,proj-wikitext2-r50-s0,proj-c4-r50-s0,L15.o,15,o,2048,1496,0.73046875,0.9379355311393738
final-final,proj-wikitext2-r50-s0,proj-c4-r50-s0,L15.o,15,o,2048,1496,0.73046875,0.9339848756790161
init-init,proj-wikitext2-r50-s0,proj-c4-r50-s0,L15.gateup,15,gateup,2048,1165,0.56884765625,0.802172839641571
final-final,proj-wikitext2-r50-s0,proj-c4-r50-s0,L15.gateup,15,gateup,2048,1165,0.56884765625,0.7993300557136536
init-init,proj-wikitext2-r50-s0,proj-c4-r50-s0,L15.down,15,down,2048,1165,0.56884765625,0.880301296710968
final-final,proj-wikitext2-r50-s0,proj-c4-r50-s0,L15.down,15,down,2048,1165,0.56884765625,0.8784680962562561
init-init,proj-wikitext2-r50-s0,proj-slimpajama-r50-s0,L0.qkv,0,qkv,2048,1496,0.73046875,0.9392825961112976
final-final,proj-wikitext2-r50-s0,proj-slimpajama-r50-s0,L0.qkv,0,qkv,2048,1496,0.73046875,0.9365583658218384
init-init,proj-wikitext2-r50-s0,proj-slimpajama-r50-s0,L0.o,0,o,2048,1496,0.73046875,0.9411759972572327
final-final,proj-wikitext2-r50-s0,proj-slimpajama-r50-s0,L0.o,0,o,2048,1496,0.73046875,0.9383051991462708
init-init,proj-wikitext2-r50-s0,proj-slimpajama-r50-s0,L0.gateup,0,gateup,2048,1165,0.56884765625,0.8349572420120239
final-final,proj-wikitext2-r50-s0,proj-slimpajama-r50-s0,L0.gateup,0,gateup,2048,1165,0.56884765625,0.8300017714500427
init-init,proj-wikitext2-r50-s0,proj-slimpajama-r50-s0,L0.down,0,down,2048,1165,0.56884765625,0.8698580861091614
final-final,proj-wikitext2-r50-s0,proj-slimpajama-r50-s0,L0.down,0,down,2048,1165,0.56884765625,0.8659190535545349
init-init,proj-wikitext2-r50-s0,proj-slimpajama-r50-s0,L1.qkv,1,qkv,2048,1496,0.73046875,0.9394440054893494
final-final,proj-wikitext2-r50-s0,proj-slimpajama-r50-s0,L1.qkv,1,qkv,2048,1496,0.73046875,0.937626302242279
init-init,proj-wikitext2-r50-s0,proj-slimpajama-r50-s0,L1.o,1,o,2048,1496,0.73046875,0.9449042677879333
final-final,proj-wikitext2-r50-s0,proj-slimpajama-r50-s0,L1.o,1,o,2048,1496,0.73046875,0.9409089088439941
init-init,proj-wikitext2-r50-s0,proj-slimpajama-r50-s0,L1.gateup,1,gateup,2048,1165,0.56884765625,0.8468931317329407
final-final,proj-wikitext2-r50-s0,proj-slimpajama-r50-s0,L1.gateup,1,gateup,2048,1165,0.56884765625,0.8409019708633423
init-init,proj-wikitext2-r50-s0,proj-slimpajama-r50-s0,L1.down,1,down,2048,1165,0.56884765625,0.8820083141326904
final-final,proj-wikitext2-r50-s0,proj-slimpajama-r50-s0,L1.down,1,down,2048,1165,0.56884765625,0.8782988786697388
init-init,proj-wikitext2-r50-s0,proj-slimpajama-r50-s0,L2.qkv,2,qkv,2048,1496,0.73046875,0.9388781785964966
final-final,proj-wikitext2-r50-s0,proj-slimpajama-r50-s0,L2.qkv,2,qkv,2048,1496,0.73046875,0.9368583559989929
init-init,proj-wikitext2-r50-s0,proj-slimpajama-r50-s0,L2.o,2,o,2048,1496,0.73046875,0.9199500679969788
final-final,proj-wikitext2-r50-s0,proj-slimpajama-r50-s0,L2.o,2,o,2048,1496,0.73046875,0.9159155488014221
init-init,proj-wikitext2-r50-s0,proj-slimpajama-r50-s0,L2.gateup,2,gateup,2048,1165,0.56884765625,0.8374597430229187
final-final,proj-wikitext2-r50-s0,proj-slimpajama-r50-s0,L2.gateup,2,gateup,2048,1165,0.56884765625,0.8321888446807861
init-init,proj-wikitext2-r50-s0,proj-slimpajama-r50-s0,L2.down,2,down,2048,1165,0.56884765625,0.8888330459594727
final-final,proj-wikitext2-r50-s0,proj-slimpajama-r50-s0,L2.down,2,down,2048,1165,0.56884765625,0.8845166563987732
init-init,proj-wikitext2-r50-s0,proj-slimpajama-r50-s0,L3.qkv,3,qkv,2048,1496,0.73046875,0.9321742653846741
final-final,proj-wikitext2-r50-s0,proj-slimpajama-r50-s0,L3.qkv,3,qkv,2048,1496,0.73046875,0.9302345514297485
init-init,proj-wikitext2-r50-s0,proj-slimpajama-r50-s0,L3.o,3,o,2048,1496,0.73046875,0.935573160648346
final-final,proj-wikitext2-r50-s0,proj-slimpajama-r50-s0,L3.o,3,o,2048,1496,0.73046875,0.9312917590141296
init-init,proj-wikitext2-r50-s0,proj-slimpajama-r50-s0,L3.gateup,3,gateup,2048,1165,0.56884765625,0.841953456401825
final-final,proj-wikitext2-r50-s0,proj-slimpajama-r50-s0,L3.gateup,3,gateup,2048,1165,0.56884765625,0.8368412256240845
init-init,proj-wikitext2-r50-s0,proj-slimpajama-r50-s0,L3.down,3,down,2048,1165,0.56884765625,0.8872114419937134
final-final,proj-wikitext2-r50-s0,proj-slimpajama-r50-s0,L3.down,3,down,2048,1165,0.56884765625,0.8831287622451782
init-init,proj-wikitext2-r50-s0,proj-slimpajama-r50-s0,L4.qkv,4,qkv,2048,1496,0.73046875,0.9284552335739136
final-final,proj-wikitext2-r50-s0,proj-slimpajama-r50-s0,L4.qkv,4,qkv,2048,1496,0.73046875,0.9263219237327576
init-init,proj-wikitext2-r50-s0,proj-slimpajama-r50-s0,L4.o,4,o,2048,1496,0.73046875,0.9338988065719604
final-final,proj-wikitext2-r50-s0,proj-slimpajama-r50-s0,L4.o,4,o,2048,1496,0.73046875,0.9303643107414246
init-init,proj-wikitext2-r50-s0,proj-slimpajama-r50-s0,L4.gateup,4,gateup,2048,1165,0.56884765625,0.8270835280418396
final-final,proj-wikitext2-r50-s0,proj-slimpajama-r50-s0,L4.gateup,4,gateup,2048,1165,0.56884765625,0.8228673338890076
init-init,proj-wikitext2-r50-s0,proj-slimpajama-r50-s0,L4.down,4,down,2048,1165,0.56884765625,0.885168731212616
final-final,proj-wikitext2-r50-s0,proj-slimpajama-r50-s0,L4.down,4,down,2048,1165,0.56884765625,0.8811366558074951
init-init,proj-wikitext2-r50-s0,proj-slimpajama-r50-s0,L5.qkv,5,qkv,2048,1496,0.73046875,0.9338890910148621
final-final,proj-wikitext2-r50-s0,proj-slimpajama-r50-s0,L5.qkv,5,qkv,2048,1496,0.73046875,0.9316074848175049
init-init,proj-wikitext2-r50-s0,proj-slimpajama-r50-s0,L5.o,5,o,2048,1496,0.73046875,0.9536169171333313
final-final,proj-wikitext2-r50-s0,proj-slimpajama-r50-s0,L5.o,5,o,2048,1496,0.73046875,0.9495771527290344
init-init,proj-wikitext2-r50-s0,proj-slimpajama-r50-s0,L5.gateup,5,gateup,2048,1165,0.56884765625,0.824982225894928
final-final,proj-wikitext2-r50-s0,proj-slimpajama-r50-s0,L5.gateup,5,gateup,2048,1165,0.56884765625,0.8205261826515198
init-init,proj-wikitext2-r50-s0,proj-slimpajama-r50-s0,L5.down,5,down,2048,1165,0.56884765625,0.8968807458877563
final-final,proj-wikitext2-r50-s0,proj-slimpajama-r50-s0,L5.down,5,down,2048,1165,0.56884765625,0.8927382230758667
init-init,proj-wikitext2-r50-s0,proj-slimpajama-r50-s0,L6.qkv,6,qkv,2048,1496,0.73046875,0.9337413907051086
final-final,proj-wikitext2-r50-s0,proj-slimpajama-r50-s0,L6.qkv,6,qkv,2048,1496,0.73046875,0.9313836693763733
init-init,proj-wikitext2-r50-s0,proj-slimpajama-r50-s0,L6.o,6,o,2048,1496,0.73046875,0.9570474028587341
final-final,proj-wikitext2-r50-s0,proj-slimpajama-r50-s0,L6.o,6,o,2048,1496,0.73046875,0.9532927870750427
init-init,proj-wikitext2-r50-s0,proj-slimpajama-r50-s0,L6.gateup,6,gateup,2048,1165,0.56884765625,0.8382622599601746
final-final,proj-wikitext2-r50-s0,proj-slimpajama-r50-s0,L6.gateup,6,gateup,2048,1165,0.56884765625,0.8338449001312256
init-init,proj-wikitext2-r50-s0,proj-slimpajama-r50-s0,L6.down,6,down,2048,1165,0.56884765625,0.9087978601455688
final-final,proj-wikitext2-r50-s0,proj-slimpajama-r50-s0,L6.down,6,down,2048,1165,0.56884765625,0.9042229056358337
init-init,proj-wikitext2-r50-s0,proj-slimpajama-r50-s0,L7.qkv,7,qkv,2048,1496,0.73046875,0.9356629252433777
final-final,proj-wikitext2-r50-s0,proj-slimpajama-r50-s0,L7.qkv,7,qkv,2048,1496,0.73046875,0.9332787394523621
init-init,proj-wikitext2-r50-s0,proj-slimpajama-r50-s0,L7.o,7,o,2048,1496,0.73046875,0.9509628415107727
final-final,proj-wikitext2-r50-s0,proj-slimpajama-r50-s0,L7.o,7,o,2048,1496,0.73046875,0.9473819732666016
init-init,proj-wikitext2-r50-s0,proj-slimpajama-r50-s0,L7.gateup,7,gateup,2048,1165,0.56884765625,0.8424348831176758
final-final,proj-wikitext2-r50-s0,proj-slimpajama-r50-s0,L7.gateup,7,gateup,2048,1165,0.56884765625,0.8380392789840698
init-init,proj-wikitext2-r50-s0,proj-slimpajama-r50-s0,L7.down,7,down,2048,1165,0.56884765625,0.9119489789009094
final-final,proj-wikitext2-r50-s0,proj-slimpajama-r50-s0,L7.down,7,down,2048,1165,0.56884765625,0.9074301719665527
init-init,proj-wikitext2-r50-s0,proj-slimpajama-r50-s0,L8.qkv,8,qkv,2048,1496,0.73046875,0.9359995126724243
final-final,proj-wikitext2-r50-s0,proj-slimpajama-r50-s0,L8.qkv,8,qkv,2048,1496,0.73046875,0.9334467053413391
init-init,proj-wikitext2-r50-s0,proj-slimpajama-r50-s0,L8.o,8,o,2048,1496,0.73046875,0.9565392136573792
final-final,proj-wikitext2-r50-s0,proj-slimpajama-r50-s0,L8.o,8,o,2048,1496,0.73046875,0.9529383182525635
init-init,proj-wikitext2-r50-s0,proj-slimpajama-r50-s0,L8.gateup,8,gateup,2048,1165,0.56884765625,0.8489801287651062
final-final,proj-wikitext2-r50-s0,proj-slimpajama-r50-s0,L8.gateup,8,gateup,2048,1165,0.56884765625,0.8446168899536133
init-init,proj-wikitext2-r50-s0,proj-slimpajama-r50-s0,L8.down,8,down,2048,1165,0.56884765625,0.9045917391777039
final-final,proj-wikitext2-r50-s0,proj-slimpajama-r50-s0,L8.down,8,down,2048,1165,0.56884765625,0.8998260498046875
init-init,proj-wikitext2-r50-s0,proj-slimpajama-r50-s0,L9.qkv,9,qkv,2048,1496,0.73046875,0.9304676651954651
final-final,proj-wikitext2-r50-s0,proj-slimpajama-r50-s0,L9.qkv,9,qkv,2048,1496,0.73046875,0.92792809009552
init-init,proj-wikitext2-r50-s0,proj-slimpajama-r50-s0,L9.o,9,o,2048,1496,0.73046875,0.9497405290603638
final-final,proj-wikitext2-r50-s0,proj-slimpajama-r50-s0,L9.o,9,o,2048,1496,0.73046875,0.9460288882255554
init-init,proj-wikitext2-r50-s0,proj-slimpajama-r50-s0,L9.gateup,9,gateup,2048,1165,0.56884765625,0.8502382040023804
final-final,proj-wikitext2-r50-s0,proj-slimpajama-r50-s0,L9.gateup,9,gateup,2048,1165,0.56884765625,0.845704197883606
init-init,proj-wikitext2-r50-s0,proj-slimpajama-r50-s0,L9.down,9,down,2048,1165,0.56884765625,0.8917480707168579
final-final,proj-wikitext2-r50-s0,proj-slimpajama-r50-s0,L9.down,9,down,2048,1165,0.56884765625,0.8863721489906311
init-init,proj-wikitext2-r50-s0,proj-slimpajama-r50-s0,L10.qkv,10,qkv,2048,1496,0.73046875,0.9272139668464661
final-final,proj-wikitext2-r50-s0,proj-slimpajama-r50-s0,L10.qkv,10,qkv,2048,1496,0.73046875,0.9245983362197876
init-init,proj-wikitext2-r50-s0,proj-slimpajama-r50-s0,L10.o,10,o,2048,1496,0.73046875,0.9553298950195312
final-final,proj-wikitext2-r50-s0,proj-slimpajama-r50-s0,L10.o,10,o,2048,1496,0.73046875,0.9513497948646545
init-init,proj-wikitext2-r50-s0,proj-slimpajama-r50-s0,L10.gateup,10,gateup,2048,1165,0.56884765625,0.8280872106552124
final-final,proj-wikitext2-r50-s0,proj-slimpajama-r50-s0,L10.gateup,10,gateup,2048,1165,0.56884765625,0.8237223029136658
init-init,proj-wikitext2-r50-s0,proj-slimpajama-r50-s0,L10.down,10,down,2048,1165,0.56884765625,0.8880132436752319
final-final,proj-wikitext2-r50-s0,proj-slimpajama-r50-s0,L10.down,10,down,2048,1165,0.56884765625,0.8820438385009766
init-init,proj-wikitext2-r50-s0,proj-slimpajama-r50-s0,L11.qkv,11,qkv,2048,1496,0.73046875,0.9167429208755493
final-final,proj-wikitext2-r50-s0,proj-slimpajama-r50-s0,L11.qkv,11,qkv,2048,1496,0.73046875,0.9143800735473633
init-init,proj-wikitext2-r50-s0,proj-slimpajama-r50-s0,L11.o,11,o,2048,1496,0.73046875,0.9348431825637817
final-final,proj-wikitext2-r50-s0,proj-slimpajama-r50-s0,L11.o,11,o,2048,1496,0.73046875,0.930446207523346
init-init,proj-wikitext2-r50-s0,proj-slimpajama-r50-s0,L11.gateup,11,gateup,2048,1165,0.56884765625,0.8216801881790161
final-final,proj-wikitext2-r50-s0,proj-slimpajama-r50-s0,L11.gateup,11,gateup,2048,1165,0.56884765625,0.8170356154441833
init-init,proj-wikitext2-r50-s0,proj-slimpajama-r50-s0,L11.down,11,down,2048,1165,0.56884765625,0.8740128874778748
final-final,proj-wikitext2-r50-s0,proj-slimpajama-r50-s0,L11.down,11,down,2048,1165,0.56884765625,0.8684096932411194
init-init,proj-wikitext2-r50-s0,proj-slimpajama-r50-s0,L12.qkv,12,qkv,2048,1496,0.73046875,0.915639340877533
final-final,proj-wikitext2-r50-s0,proj-slimpajama-r50-s0,L12.qkv,12,qkv,2048,1496,0.73046875,0.9135891795158386
init-init,proj-wikitext2-r50-s0,proj-slimpajama-r50-s0,L12.o,12,o,2048,1496,0.73046875,0.9246261715888977
final-final,proj-wikitext2-r50-s0,proj-slimpajama-r50-s0,L12.o,12,o,2048,1496,0.73046875,0.9207800030708313
init-init,proj-wikitext2-r50-s0,proj-slimpajama-r50-s0,L12.gateup,12,gateup,2048,1165,0.56884765625,0.8064125776290894
final-final,proj-wikitext2-r50-s0,proj-slimpajama-r50-s0,L12.gateup,12,gateup,2048,1165,0.56884765625,0.8013806343078613
init-init,proj-wikitext2-r50-s0,proj-slimpajama-r50-s0,L12.down,12,down,2048,1165,0.56884765625,0.875101625919342
final-final,proj-wikitext2-r50-s0,proj-slimpajama-r50-s0,L12.down,12,down,2048,1165,0.56884765625,0.8689097166061401
init-init,proj-wikitext2-r50-s0,proj-slimpajama-r50-s0,L13.qkv,13,qkv,2048,1496,0.73046875,0.9157106876373291
final-final,proj-wikitext2-r50-s0,proj-slimpajama-r50-s0,L13.qkv,13,qkv,2048,1496,0.73046875,0.9135409593582153
init-init,proj-wikitext2-r50-s0,proj-slimpajama-r50-s0,L13.o,13,o,2048,1496,0.73046875,0.9147225022315979
final-final,proj-wikitext2-r50-s0,proj-slimpajama-r50-s0,L13.o,13,o,2048,1496,0.73046875,0.9113516807556152
init-init,proj-wikitext2-r50-s0,proj-slimpajama-r50-s0,L13.gateup,13,gateup,2048,1165,0.56884765625,0.8009548783302307
final-final,proj-wikitext2-r50-s0,proj-slimpajama-r50-s0,L13.gateup,13,gateup,2048,1165,0.56884765625,0.7956029176712036
init-init,proj-wikitext2-r50-s0,proj-slimpajama-r50-s0,L13.down,13,down,2048,1165,0.56884765625,0.8677241802215576
final-final,proj-wikitext2-r50-s0,proj-slimpajama-r50-s0,L13.down,13,down,2048,1165,0.56884765625,0.8620794415473938
init-init,proj-wikitext2-r50-s0,proj-slimpajama-r50-s0,L14.qkv,14,qkv,2048,1496,0.73046875,0.9190682172775269
final-final,proj-wikitext2-r50-s0,proj-slimpajama-r50-s0,L14.qkv,14,qkv,2048,1496,0.73046875,0.917027473449707
init-init,proj-wikitext2-r50-s0,proj-slimpajama-r50-s0,L14.o,14,o,2048,1496,0.73046875,0.912631630897522
final-final,proj-wikitext2-r50-s0,proj-slimpajama-r50-s0,L14.o,14,o,2048,1496,0.73046875,0.9079557657241821
init-init,proj-wikitext2-r50-s0,proj-slimpajama-r50-s0,L14.gateup,14,gateup,2048,1165,0.56884765625,0.8011302947998047
final-final,proj-wikitext2-r50-s0,proj-slimpajama-r50-s0,L14.gateup,14,gateup,2048,1165,0.56884765625,0.7962411046028137
init-init,proj-wikitext2-r50-s0,proj-slimpajama-r50-s0,L14.down,14,down,2048,1165,0.56884765625,0.8660954833030701
final-final,proj-wikitext2-r50-s0,proj-slimpajama-r50-s0,L14.down,14,down,2048,1165,0.56884765625,0.8611016273498535
init-init,proj-wikitext2-r50-s0,proj-slimpajama-r50-s0,L15.qkv,15,qkv,2048,1496,0.73046875,0.9181420803070068
final-final,proj-wikitext2-r50-s0,proj-slimpajama-r50-s0,L15.qkv,15,qkv,2048,1496,0.73046875,0.9162253737449646
init-init,proj-wikitext2-r50-s0,proj-slimpajama-r50-s0,L15.o,15,o,2048,1496,0.73046875,0.9356663227081299
final-final,proj-wikitext2-r50-s0,proj-slimpajama-r50-s0,L15.o,15,o,2048,1496,0.73046875,0.9315685629844666
init-init,proj-wikitext2-r50-s0,proj-slimpajama-r50-s0,L15.gateup,15,gateup,2048,1165,0.56884765625,0.7941797971725464
final-final,proj-wikitext2-r50-s0,proj-slimpajama-r50-s0,L15.gateup,15,gateup,2048,1165,0.56884765625,0.7912197113037109
init-init,proj-wikitext2-r50-s0,proj-slimpajama-r50-s0,L15.down,15,down,2048,1165,0.56884765625,0.8756418824195862
final-final,proj-wikitext2-r50-s0,proj-slimpajama-r50-s0,L15.down,15,down,2048,1165,0.56884765625,0.8735920190811157
init-init,proj-wikitext2-r50-s0,proj-alpaca-r50-s0,L0.qkv,0,qkv,2048,1496,0.73046875,0.9107217192649841
final-final,proj-wikitext2-r50-s0,proj-alpaca-r50-s0,L0.qkv,0,qkv,2048,1496,0.73046875,0.9084818959236145
init-init,proj-wikitext2-r50-s0,proj-alpaca-r50-s0,L0.o,0,o,2048,1496,0.73046875,0.9372692704200745
final-final,proj-wikitext2-r50-s0,proj-alpaca-r50-s0,L0.o,0,o,2048,1496,0.73046875,0.9343992471694946
init-init,proj-wikitext2-r50-s0,proj-alpaca-r50-s0,L0.gateup,0,gateup,2048,1165,0.56884765625,0.7821784019470215
final-final,proj-wikitext2-r50-s0,proj-alpaca-r50-s0,L0.gateup,0,gateup,2048,1165,0.56884765625,0.7786162495613098
init-init,proj-wikitext2-r50-s0,proj-alpaca-r50-s0,L0.down,0,down,2048,1165,0.56884765625,0.835690438747406
final-final,proj-wikitext2-r50-s0,proj-alpaca-r50-s0,L0.down,0,down,2048,1165,0.56884765625,0.8320987224578857
init-init,proj-wikitext2-r50-s0,proj-alpaca-r50-s0,L1.qkv,1,qkv,2048,1496,0.73046875,0.9166114926338196
final-final,proj-wikitext2-r50-s0,proj-alpaca-r50-s0,L1.qkv,1,qkv,2048,1496,0.73046875,0.9149514436721802
init-init,proj-wikitext2-r50-s0,proj-alpaca-r50-s0,L1.o,1,o,2048,1496,0.73046875,0.9203647971153259
final-final,proj-wikitext2-r50-s0,proj-alpaca-r50-s0,L1.o,1,o,2048,1496,0.73046875,0.9167106747627258
init-init,proj-wikitext2-r50-s0,proj-alpaca-r50-s0,L1.gateup,1,gateup,2048,1165,0.56884765625,0.8048297762870789
final-final,proj-wikitext2-r50-s0,proj-alpaca-r50-s0,L1.gateup,1,gateup,2048,1165,0.56884765625,0.7995386719703674
init-init,proj-wikitext2-r50-s0,proj-alpaca-r50-s0,L1.down,1,down,2048,1165,0.56884765625,0.8403607606887817
final-final,proj-wikitext2-r50-s0,proj-alpaca-r50-s0,L1.down,1,down,2048,1165,0.56884765625,0.8369388580322266
init-init,proj-wikitext2-r50-s0,proj-alpaca-r50-s0,L2.qkv,2,qkv,2048,1496,0.73046875,0.9133740663528442
final-final,proj-wikitext2-r50-s0,proj-alpaca-r50-s0,L2.qkv,2,qkv,2048,1496,0.73046875,0.9116321802139282
init-init,proj-wikitext2-r50-s0,proj-alpaca-r50-s0,L2.o,2,o,2048,1496,0.73046875,0.8967512845993042
final-final,proj-wikitext2-r50-s0,proj-alpaca-r50-s0,L2.o,2,o,2048,1496,0.73046875,0.8930259346961975
init-init,proj-wikitext2-r50-s0,proj-alpaca-r50-s0,L2.gateup,2,gateup,2048,1165,0.56884765625,0.7935540676116943
final-final,proj-wikitext2-r50-s0,proj-alpaca-r50-s0,L2.gateup,2,gateup,2048,1165,0.56884765625,0.7889371514320374
init-init,proj-wikitext2-r50-s0,proj-alpaca-r50-s0,L2.down,2,down,2048,1165,0.56884765625,0.8436530232429504
final-final,proj-wikitext2-r50-s0,proj-alpaca-r50-s0,L2.down,2,down,2048,1165,0.56884765625,0.8396065831184387
init-init,proj-wikitext2-r50-s0,proj-alpaca-r50-s0,L3.qkv,3,qkv,2048,1496,0.73046875,0.900440514087677
final-final,proj-wikitext2-r50-s0,proj-alpaca-r50-s0,L3.qkv,3,qkv,2048,1496,0.73046875,0.8988310694694519
init-init,proj-wikitext2-r50-s0,proj-alpaca-r50-s0,L3.o,3,o,2048,1496,0.73046875,0.9083861112594604
final-final,proj-wikitext2-r50-s0,proj-alpaca-r50-s0,L3.o,3,o,2048,1496,0.73046875,0.9044144153594971
init-init,proj-wikitext2-r50-s0,proj-alpaca-r50-s0,L3.gateup,3,gateup,2048,1165,0.56884765625,0.7923803329467773
final-final,proj-wikitext2-r50-s0,proj-alpaca-r50-s0,L3.gateup,3,gateup,2048,1165,0.56884765625,0.7878373265266418
init-init,proj-wikitext2-r50-s0,proj-alpaca-r50-s0,L3.down,3,down,2048,1165,0.56884765625,0.8373669385910034
final-final,proj-wikitext2-r50-s0,proj-alpaca-r50-s0,L3.down,3,down,2048,1165,0.56884765625,0.8336494565010071
init-init,proj-wikitext2-r50-s0,proj-alpaca-r50-s0,L4.qkv,4,qkv,2048,1496,0.73046875,0.895327091217041
final-final,proj-wikitext2-r50-s0,proj-alpaca-r50-s0,L4.qkv,4,qkv,2048,1496,0.73046875,0.8936393857002258
init-init,proj-wikitext2-r50-s0,proj-alpaca-r50-s0,L4.o,4,o,2048,1496,0.73046875,0.9062233567237854
final-final,proj-wikitext2-r50-s0,proj-alpaca-r50-s0,L4.o,4,o,2048,1496,0.73046875,0.9031349420547485
init-init,proj-wikitext2-r50-s0,proj-alpaca-r50-s0,L4.gateup,4,gateup,2048,1165,0.56884765625,0.7752171158790588
final-final,proj-wikitext2-r50-s0,proj-alpaca-r50-s0,L4.gateup,4,gateup,2048,1165,0.56884765625,0.7715898752212524
init-init,proj-wikitext2-r50-s0,proj-alpaca-r50-s0,L4.down,4,down,2048,1165,0.56884765625,0.8331779837608337
final-final,proj-wikitext2-r50-s0,proj-alpaca-r50-s0,L4.down,4,down,2048,1165,0.56884765625,0.8296179175376892
init-init,proj-wikitext2-r50-s0,proj-alpaca-r50-s0,L5.qkv,5,qkv,2048,1496,0.73046875,0.9013799428939819
final-final,proj-wikitext2-r50-s0,proj-alpaca-r50-s0,L5.qkv,5,qkv,2048,1496,0.73046875,0.8995609283447266
init-init,proj-wikitext2-r50-s0,proj-alpaca-r50-s0,L5.o,5,o,2048,1496,0.73046875,0.91908198595047
final-final,proj-wikitext2-r50-s0,proj-alpaca-r50-s0,L5.o,5,o,2048,1496,0.73046875,0.9155069589614868
init-init,proj-wikitext2-r50-s0,proj-alpaca-r50-s0,L5.gateup,5,gateup,2048,1165,0.56884765625,0.7663099765777588
final-final,proj-wikitext2-r50-s0,proj-alpaca-r50-s0,L5.gateup,5,gateup,2048,1165,0.56884765625,0.7626538872718811
init-init,proj-wikitext2-r50-s0,proj-alpaca-r50-s0,L5.down,5,down,2048,1165,0.56884765625,0.8446292877197266
final-final,proj-wikitext2-r50-s0,proj-alpaca-r50-s0,L5.down,5,down,2048,1165,0.56884765625,0.8409679532051086
init-init,proj-wikitext2-r50-s0,proj-alpaca-r50-s0,L6.qkv,6,qkv,2048,1496,0.73046875,0.8967711925506592
final-final,proj-wikitext2-r50-s0,proj-alpaca-r50-s0,L6.qkv,6,qkv,2048,1496,0.73046875,0.8950181007385254
init-init,proj-wikitext2-r50-s0,proj-alpaca-r50-s0,L6.o,6,o,2048,1496,0.73046875,0.9226246476173401
final-final,proj-wikitext2-r50-s0,proj-alpaca-r50-s0,L6.o,6,o,2048,1496,0.73046875,0.9193519949913025
init-init,proj-wikitext2-r50-s0,proj-alpaca-r50-s0,L6.gateup,6,gateup,2048,1165,0.56884765625,0.7785391211509705
final-final,proj-wikitext2-r50-s0,proj-alpaca-r50-s0,L6.gateup,6,gateup,2048,1165,0.56884765625,0.7751038074493408
init-init,proj-wikitext2-r50-s0,proj-alpaca-r50-s0,L6.down,6,down,2048,1165,0.56884765625,0.857061505317688
final-final,proj-wikitext2-r50-s0,proj-alpaca-r50-s0,L6.down,6,down,2048,1165,0.56884765625,0.8530374765396118
init-init,proj-wikitext2-r50-s0,proj-alpaca-r50-s0,L7.qkv,7,qkv,2048,1496,0.73046875,0.8983301520347595
final-final,proj-wikitext2-r50-s0,proj-alpaca-r50-s0,L7.qkv,7,qkv,2048,1496,0.73046875,0.8966185450553894
init-init,proj-wikitext2-r50-s0,proj-alpaca-r50-s0,L7.o,7,o,2048,1496,0.73046875,0.9158868193626404
final-final,proj-wikitext2-r50-s0,proj-alpaca-r50-s0,L7.o,7,o,2048,1496,0.73046875,0.9128008484840393
init-init,proj-wikitext2-r50-s0,proj-alpaca-r50-s0,L7.gateup,7,gateup,2048,1165,0.56884765625,0.7818423509597778
final-final,proj-wikitext2-r50-s0,proj-alpaca-r50-s0,L7.gateup,7,gateup,2048,1165,0.56884765625,0.7784125208854675
init-init,proj-wikitext2-r50-s0,proj-alpaca-r50-s0,L7.down,7,down,2048,1165,0.56884765625,0.8597537875175476
final-final,proj-wikitext2-r50-s0,proj-alpaca-r50-s0,L7.down,7,down,2048,1165,0.56884765625,0.855801522731781
init-init,proj-wikitext2-r50-s0,proj-alpaca-r50-s0,L8.qkv,8,qkv,2048,1496,0.73046875,0.8954315185546875
final-final,proj-wikitext2-r50-s0,proj-alpaca-r50-s0,L8.qkv,8,qkv,2048,1496,0.73046875,0.8935121893882751
init-init,proj-wikitext2-r50-s0,proj-alpaca-r50-s0,L8.o,8,o,2048,1496,0.73046875,0.9193270206451416
final-final,proj-wikitext2-r50-s0,proj-alpaca-r50-s0,L8.o,8,o,2048,1496,0.73046875,0.9162524342536926
init-init,proj-wikitext2-r50-s0,proj-alpaca-r50-s0,L8.gateup,8,gateup,2048,1165,0.56884765625,0.7897987365722656
final-final,proj-wikitext2-r50-s0,proj-alpaca-r50-s0,L8.gateup,8,gateup,2048,1165,0.56884765625,0.7864033579826355
init-init,proj-wikitext2-r50-s0,proj-alpaca-r50-s0,L8.down,8,down,2048,1165,0.56884765625,0.8501424193382263
final-final,proj-wikitext2-r50-s0,proj-alpaca-r50-s0,L8.down,8,down,2048,1165,0.56884765625,0.8458349704742432
init-init,proj-wikitext2-r50-s0,proj-alpaca-r50-s0,L9.qkv,9,qkv,2048,1496,0.73046875,0.8926380276679993
final-final,proj-wikitext2-r50-s0,proj-alpaca-r50-s0,L9.qkv,9,qkv,2048,1496,0.73046875,0.8908305764198303
init-init,proj-wikitext2-r50-s0,proj-alpaca-r50-s0,L9.o,9,o,2048,1496,0.73046875,0.9154857993125916
final-final,proj-wikitext2-r50-s0,proj-alpaca-r50-s0,L9.o,9,o,2048,1496,0.73046875,0.9122948050498962
init-init,proj-wikitext2-r50-s0,proj-alpaca-r50-s0,L9.gateup,9,gateup,2048,1165,0.56884765625,0.7951816320419312
final-final,proj-wikitext2-r50-s0,proj-alpaca-r50-s0,L9.gateup,9,gateup,2048,1165,0.56884765625,0.7914260029792786
init-init,proj-wikitext2-r50-s0,proj-alpaca-r50-s0,L9.down,9,down,2048,1165,0.56884765625,0.8400658369064331
final-final,proj-wikitext2-r50-s0,proj-alpaca-r50-s0,L9.down,9,down,2048,1165,0.56884765625,0.8351413011550903
init-init,proj-wikitext2-r50-s0,proj-alpaca-r50-s0,L10.qkv,10,qkv,2048,1496,0.73046875,0.8945674896240234
final-final,proj-wikitext2-r50-s0,proj-alpaca-r50-s0,L10.qkv,10,qkv,2048,1496,0.73046875,0.8926008939743042
init-init,proj-wikitext2-r50-s0,proj-alpaca-r50-s0,L10.o,10,o,2048,1496,0.73046875,0.9238066673278809
final-final,proj-wikitext2-r50-s0,proj-alpaca-r50-s0,L10.o,10,o,2048,1496,0.73046875,0.9202957153320312
init-init,proj-wikitext2-r50-s0,proj-alpaca-r50-s0,L10.gateup,10,gateup,2048,1165,0.56884765625,0.7731953859329224
final-final,proj-wikitext2-r50-s0,proj-alpaca-r50-s0,L10.gateup,10,gateup,2048,1165,0.56884765625,0.7698739767074585
init-init,proj-wikitext2-r50-s0,proj-alpaca-r50-s0,L10.down,10,down,2048,1165,0.56884765625,0.8395224213600159
final-final,proj-wikitext2-r50-s0,proj-alpaca-r50-s0,L10.down,10,down,2048,1165,0.56884765625,0.8340814113616943
init-init,proj-wikitext2-r50-s0,proj-alpaca-r50-s0,L11.qkv,11,qkv,2048,1496,0.73046875,0.8831771612167358
final-final,proj-wikitext2-r50-s0,proj-alpaca-r50-s0,L11.qkv,11,qkv,2048,1496,0.73046875,0.8813517689704895
init-init,proj-wikitext2-r50-s0,proj-alpaca-r50-s0,L11.o,11,o,2048,1496,0.73046875,0.9067568182945251
final-final,proj-wikitext2-r50-s0,proj-alpaca-r50-s0,L11.o,11,o,2048,1496,0.73046875,0.9029141068458557
init-init,proj-wikitext2-r50-s0,proj-alpaca-r50-s0,L11.gateup,11,gateup,2048,1165,0.56884765625,0.764731228351593
final-final,proj-wikitext2-r50-s0,proj-alpaca-r50-s0,L11.gateup,11,gateup,2048,1165,0.56884765625,0.7610390782356262
init-init,proj-wikitext2-r50-s0,proj-alpaca-r50-s0,L11.down,11,down,2048,1165,0.56884765625,0.83001309633255
final-final,proj-wikitext2-r50-s0,proj-alpaca-r50-s0,L11.down,11,down,2048,1165,0.56884765625,0.8250043988227844
init-init,proj-wikitext2-r50-s0,proj-alpaca-r50-s0,L12.qkv,12,qkv,2048,1496,0.73046875,0.8869432210922241
final-final,proj-wikitext2-r50-s0,proj-alpaca-r50-s0,L12.qkv,12,qkv,2048,1496,0.73046875,0.885321319103241
init-init,proj-wikitext2-r50-s0,proj-alpaca-r50-s0,L12.o,12,o,2048,1496,0.73046875,0.9066349864006042
final-final,proj-wikitext2-r50-s0,proj-alpaca-r50-s0,L12.o,12,o,2048,1496,0.73046875,0.9031457304954529
init-init,proj-wikitext2-r50-s0,proj-alpaca-r50-s0,L12.gateup,12,gateup,2048,1165,0.56884765625,0.7560853958129883
final-final,proj-wikitext2-r50-s0,proj-alpaca-r50-s0,L12.gateup,12,gateup,2048,1165,0.56884765625,0.7518724799156189
init-init,proj-wikitext2-r50-s0,proj-alpaca-r50-s0,L12.down,12,down,2048,1165,0.56884765625,0.8380486369132996
final-final,proj-wikitext2-r50-s0,proj-alpaca-r50-s0,L12.down,12,down,2048,1165,0.56884765625,0.8323518633842468
init-init,proj-wikitext2-r50-s0,proj-alpaca-r50-s0,L13.qkv,13,qkv,2048,1496,0.73046875,0.8895564079284668
final-final,proj-wikitext2-r50-s0,proj-alpaca-r50-s0,L13.qkv,13,qkv,2048,1496,0.73046875,0.8877118825912476
init-init,proj-wikitext2-r50-s0,proj-alpaca-r50-s0,L13.o,13,o,2048,1496,0.73046875,0.8956739902496338
final-final,proj-wikitext2-r50-s0,proj-alpaca-r50-s0,L13.o,13,o,2048,1496,0.73046875,0.8928202986717224
init-init,proj-wikitext2-r50-s0,proj-alpaca-r50-s0,L13.gateup,13,gateup,2048,1165,0.56884765625,0.7562408447265625
final-final,proj-wikitext2-r50-s0,proj-alpaca-r50-s0,L13.gateup,13,gateup,2048,1165,0.56884765625,0.7517923712730408
init-init,proj-wikitext2-r50-s0,proj-alpaca-r50-s0,L13.down,13,down,2048,1165,0.56884765625,0.8357713222503662
final-final,proj-wikitext2-r50-s0,proj-alpaca-r50-s0,L13.down,13,down,2048,1165,0.56884765625,0.8306063413619995
init-init,proj-wikitext2-r50-s0,proj-alpaca-r50-s0,L14.qkv,14,qkv,2048,1496,0.73046875,0.8950336575508118
final-final,proj-wikitext2-r50-s0,proj-alpaca-r50-s0,L14.qkv,14,qkv,2048,1496,0.73046875,0.8934770822525024
init-init,proj-wikitext2-r50-s0,proj-alpaca-r50-s0,L14.o,14,o,2048,1496,0.73046875,0.8722071051597595
final-final,proj-wikitext2-r50-s0,proj-alpaca-r50-s0,L14.o,14,o,2048,1496,0.73046875,0.8688684105873108
init-init,proj-wikitext2-r50-s0,proj-alpaca-r50-s0,L14.gateup,14,gateup,2048,1165,0.56884765625,0.7602303624153137
final-final,proj-wikitext2-r50-s0,proj-alpaca-r50-s0,L14.gateup,14,gateup,2048,1165,0.56884765625,0.7558516263961792
init-init,proj-wikitext2-r50-s0,proj-alpaca-r50-s0,L14.down,14,down,2048,1165,0.56884765625,0.8374955654144287
final-final,proj-wikitext2-r50-s0,proj-alpaca-r50-s0,L14.down,14,down,2048,1165,0.56884765625,0.8331953883171082
init-init,proj-wikitext2-r50-s0,proj-alpaca-r50-s0,L15.qkv,15,qkv,2048,1496,0.73046875,0.8939774036407471
final-final,proj-wikitext2-r50-s0,proj-alpaca-r50-s0,L15.qkv,15,qkv,2048,1496,0.73046875,0.8925415873527527
init-init,proj-wikitext2-r50-s0,proj-alpaca-r50-s0,L15.o,15,o,2048,1496,0.73046875,0.9023884534835815
final-final,proj-wikitext2-r50-s0,proj-alpaca-r50-s0,L15.o,15,o,2048,1496,0.73046875,0.899311900138855
init-init,proj-wikitext2-r50-s0,proj-alpaca-r50-s0,L15.gateup,15,gateup,2048,1165,0.56884765625,0.7507225275039673
final-final,proj-wikitext2-r50-s0,proj-alpaca-r50-s0,L15.gateup,15,gateup,2048,1165,0.56884765625,0.7483130097389221
init-init,proj-wikitext2-r50-s0,proj-alpaca-r50-s0,L15.down,15,down,2048,1165,0.56884765625,0.840968668460846
final-final,proj-wikitext2-r50-s0,proj-alpaca-r50-s0,L15.down,15,down,2048,1165,0.56884765625,0.8391643166542053
init-init,proj-wikitext2-r50-s0,proj-selfgen-r50-s0,L0.qkv,0,qkv,2048,1496,0.73046875,0.9232829213142395
final-final,proj-wikitext2-r50-s0,proj-selfgen-r50-s0,L0.qkv,0,qkv,2048,1496,0.73046875,0.9206133484840393
init-init,proj-wikitext2-r50-s0,proj-selfgen-r50-s0,L0.o,0,o,2048,1496,0.73046875,0.9297560453414917
final-final,proj-wikitext2-r50-s0,proj-selfgen-r50-s0,L0.o,0,o,2048,1496,0.73046875,0.9266977906227112
init-init,proj-wikitext2-r50-s0,proj-selfgen-r50-s0,L0.gateup,0,gateup,2048,1165,0.56884765625,0.7903380990028381
final-final,proj-wikitext2-r50-s0,proj-selfgen-r50-s0,L0.gateup,0,gateup,2048,1165,0.56884765625,0.7867162227630615
init-init,proj-wikitext2-r50-s0,proj-selfgen-r50-s0,L0.down,0,down,2048,1165,0.56884765625,0.8507364988327026
final-final,proj-wikitext2-r50-s0,proj-selfgen-r50-s0,L0.down,0,down,2048,1165,0.56884765625,0.8467491865158081
init-init,proj-wikitext2-r50-s0,proj-selfgen-r50-s0,L1.qkv,1,qkv,2048,1496,0.73046875,0.9266905188560486
final-final,proj-wikitext2-r50-s0,proj-selfgen-r50-s0,L1.qkv,1,qkv,2048,1496,0.73046875,0.9245315790176392
init-init,proj-wikitext2-r50-s0,proj-selfgen-r50-s0,L1.o,1,o,2048,1496,0.73046875,0.9284225702285767
final-final,proj-wikitext2-r50-s0,proj-selfgen-r50-s0,L1.o,1,o,2048,1496,0.73046875,0.9243929386138916
init-init,proj-wikitext2-r50-s0,proj-selfgen-r50-s0,L1.gateup,1,gateup,2048,1165,0.56884765625,0.799841582775116
final-final,proj-wikitext2-r50-s0,proj-selfgen-r50-s0,L1.gateup,1,gateup,2048,1165,0.56884765625,0.7949927449226379
init-init,proj-wikitext2-r50-s0,proj-selfgen-r50-s0,L1.down,1,down,2048,1165,0.56884765625,0.8481669425964355
final-final,proj-wikitext2-r50-s0,proj-selfgen-r50-s0,L1.down,1,down,2048,1165,0.56884765625,0.8447052836418152
init-init,proj-wikitext2-r50-s0,proj-selfgen-r50-s0,L2.qkv,2,qkv,2048,1496,0.73046875,0.9164373278617859
final-final,proj-wikitext2-r50-s0,proj-selfgen-r50-s0,L2.qkv,2,qkv,2048,1496,0.73046875,0.9142769575119019
init-init,proj-wikitext2-r50-s0,proj-selfgen-r50-s0,L2.o,2,o,2048,1496,0.73046875,0.8939701914787292
final-final,proj-wikitext2-r50-s0,proj-selfgen-r50-s0,L2.o,2,o,2048,1496,0.73046875,0.8899585008621216
init-init,proj-wikitext2-r50-s0,proj-selfgen-r50-s0,L2.gateup,2,gateup,2048,1165,0.56884765625,0.780600368976593
final-final,proj-wikitext2-r50-s0,proj-selfgen-r50-s0,L2.gateup,2,gateup,2048,1165,0.56884765625,0.7766327261924744
init-init,proj-wikitext2-r50-s0,proj-selfgen-r50-s0,L2.down,2,down,2048,1165,0.56884765625,0.844477117061615
final-final,proj-wikitext2-r50-s0,proj-selfgen-r50-s0,L2.down,2,down,2048,1165,0.56884765625,0.840493381023407
init-init,proj-wikitext2-r50-s0,proj-selfgen-r50-s0,L3.qkv,3,qkv,2048,1496,0.73046875,0.9009666442871094
final-final,proj-wikitext2-r50-s0,proj-selfgen-r50-s0,L3.qkv,3,qkv,2048,1496,0.73046875,0.8990460634231567
init-init,proj-wikitext2-r50-s0,proj-selfgen-r50-s0,L3.o,3,o,2048,1496,0.73046875,0.9042260646820068
final-final,proj-wikitext2-r50-s0,proj-selfgen-r50-s0,L3.o,3,o,2048,1496,0.73046875,0.9001259207725525
init-init,proj-wikitext2-r50-s0,proj-selfgen-r50-s0,L3.gateup,3,gateup,2048,1165,0.56884765625,0.7746716141700745
final-final,proj-wikitext2-r50-s0,proj-selfgen-r50-s0,L3.gateup,3,gateup,2048,1165,0.56884765625,0.77088862657547
init-init,proj-wikitext2-r50-s0,proj-selfgen-r50-s0,L3.down,3,down,2048,1165,0.56884765625,0.837641179561615
final-final,proj-wikitext2-r50-s0,proj-selfgen-r50-s0,L3.down,3,down,2048,1165,0.56884765625,0.8339816331863403
init-init,proj-wikitext2-r50-s0,proj-selfgen-r50-s0,L4.qkv,4,qkv,2048,1496,0.73046875,0.8954184055328369
final-final,proj-wikitext2-r50-s0,proj-selfgen-r50-s0,L4.qkv,4,qkv,2048,1496,0.73046875,0.893315315246582
init-init,proj-wikitext2-r50-s0,proj-selfgen-r50-s0,L4.o,4,o,2048,1496,0.73046875,0.8966506123542786
final-final,proj-wikitext2-r50-s0,proj-selfgen-r50-s0,L4.o,4,o,2048,1496,0.73046875,0.8933216333389282
init-init,proj-wikitext2-r50-s0,proj-selfgen-r50-s0,L4.gateup,4,gateup,2048,1165,0.56884765625,0.756591796875
final-final,proj-wikitext2-r50-s0,proj-selfgen-r50-s0,L4.gateup,4,gateup,2048,1165,0.56884765625,0.7534775733947754
init-init,proj-wikitext2-r50-s0,proj-selfgen-r50-s0,L4.down,4,down,2048,1165,0.56884765625,0.8356260061264038
final-final,proj-wikitext2-r50-s0,proj-selfgen-r50-s0,L4.down,4,down,2048,1165,0.56884765625,0.8319650888442993
init-init,proj-wikitext2-r50-s0,proj-selfgen-r50-s0,L5.qkv,5,qkv,2048,1496,0.73046875,0.9000546932220459
final-final,proj-wikitext2-r50-s0,proj-selfgen-r50-s0,L5.qkv,5,qkv,2048,1496,0.73046875,0.8978055715560913
init-init,proj-wikitext2-r50-s0,proj-selfgen-r50-s0,L5.o,5,o,2048,1496,0.73046875,0.920062243938446
final-final,proj-wikitext2-r50-s0,proj-selfgen-r50-s0,L5.o,5,o,2048,1496,0.73046875,0.9162506461143494
init-init,proj-wikitext2-r50-s0,proj-selfgen-r50-s0,L5.gateup,5,gateup,2048,1165,0.56884765625,0.7519276738166809
final-final,proj-wikitext2-r50-s0,proj-selfgen-r50-s0,L5.gateup,5,gateup,2048,1165,0.56884765625,0.7486708760261536
init-init,proj-wikitext2-r50-s0,proj-selfgen-r50-s0,L5.down,5,down,2048,1165,0.56884765625,0.8468591570854187
final-final,proj-wikitext2-r50-s0,proj-selfgen-r50-s0,L5.down,5,down,2048,1165,0.56884765625,0.8431638479232788
init-init,proj-wikitext2-r50-s0,proj-selfgen-r50-s0,L6.qkv,6,qkv,2048,1496,0.73046875,0.8945578932762146
final-final,proj-wikitext2-r50-s0,proj-selfgen-r50-s0,L6.qkv,6,qkv,2048,1496,0.73046875,0.8923624753952026
init-init,proj-wikitext2-r50-s0,proj-selfgen-r50-s0,L6.o,6,o,2048,1496,0.73046875,0.9232509136199951
final-final,proj-wikitext2-r50-s0,proj-selfgen-r50-s0,L6.o,6,o,2048,1496,0.73046875,0.9195972681045532
init-init,proj-wikitext2-r50-s0,proj-selfgen-r50-s0,L6.gateup,6,gateup,2048,1165,0.56884765625,0.7578182816505432
final-final,proj-wikitext2-r50-s0,proj-selfgen-r50-s0,L6.gateup,6,gateup,2048,1165,0.56884765625,0.7547715306282043
init-init,proj-wikitext2-r50-s0,proj-selfgen-r50-s0,L6.down,6,down,2048,1165,0.56884765625,0.8540282249450684
final-final,proj-wikitext2-r50-s0,proj-selfgen-r50-s0,L6.down,6,down,2048,1165,0.56884765625,0.8499936461448669
init-init,proj-wikitext2-r50-s0,proj-selfgen-r50-s0,L7.qkv,7,qkv,2048,1496,0.73046875,0.8929046988487244
final-final,proj-wikitext2-r50-s0,proj-selfgen-r50-s0,L7.qkv,7,qkv,2048,1496,0.73046875,0.8905637264251709
init-init,proj-wikitext2-r50-s0,proj-selfgen-r50-s0,L7.o,7,o,2048,1496,0.73046875,0.9110126495361328
final-final,proj-wikitext2-r50-s0,proj-selfgen-r50-s0,L7.o,7,o,2048,1496,0.73046875,0.9074187278747559
init-init,proj-wikitext2-r50-s0,proj-selfgen-r50-s0,L7.gateup,7,gateup,2048,1165,0.56884765625,0.7590404152870178
final-final,proj-wikitext2-r50-s0,proj-selfgen-r50-s0,L7.gateup,7,gateup,2048,1165,0.56884765625,0.7560990452766418
init-init,proj-wikitext2-r50-s0,proj-selfgen-r50-s0,L7.down,7,down,2048,1165,0.56884765625,0.8514317274093628
final-final,proj-wikitext2-r50-s0,proj-selfgen-r50-s0,L7.down,7,down,2048,1165,0.56884765625,0.8476195931434631
init-init,proj-wikitext2-r50-s0,proj-selfgen-r50-s0,L8.qkv,8,qkv,2048,1496,0.73046875,0.8878772854804993
final-final,proj-wikitext2-r50-s0,proj-selfgen-r50-s0,L8.qkv,8,qkv,2048,1496,0.73046875,0.8856534957885742
init-init,proj-wikitext2-r50-s0,proj-selfgen-r50-s0,L8.o,8,o,2048,1496,0.73046875,0.921815037727356
final-final,proj-wikitext2-r50-s0,proj-selfgen-r50-s0,L8.o,8,o,2048,1496,0.73046875,0.9181802868843079
init-init,proj-wikitext2-r50-s0,proj-selfgen-r50-s0,L8.gateup,8,gateup,2048,1165,0.56884765625,0.763624370098114
final-final,proj-wikitext2-r50-s0,proj-selfgen-r50-s0,L8.gateup,8,gateup,2048,1165,0.56884765625,0.7610161900520325
init-init,proj-wikitext2-r50-s0,proj-selfgen-r50-s0,L8.down,8,down,2048,1165,0.56884765625,0.8425425887107849
final-final,proj-wikitext2-r50-s0,proj-selfgen-r50-s0,L8.down,8,down,2048,1165,0.56884765625,0.8389382362365723
init-init,proj-wikitext2-r50-s0,proj-selfgen-r50-s0,L9.qkv,9,qkv,2048,1496,0.73046875,0.8841565847396851
final-final,proj-wikitext2-r50-s0,proj-selfgen-r50-s0,L9.qkv,9,qkv,2048,1496,0.73046875,0.8822976350784302
init-init,proj-wikitext2-r50-s0,proj-selfgen-r50-s0,L9.o,9,o,2048,1496,0.73046875,0.9169795513153076
final-final,proj-wikitext2-r50-s0,proj-selfgen-r50-s0,L9.o,9,o,2048,1496,0.73046875,0.913411021232605
init-init,proj-wikitext2-r50-s0,proj-selfgen-r50-s0,L9.gateup,9,gateup,2048,1165,0.56884765625,0.7738807797431946
final-final,proj-wikitext2-r50-s0,proj-selfgen-r50-s0,L9.gateup,9,gateup,2048,1165,0.56884765625,0.7709499001502991
init-init,proj-wikitext2-r50-s0,proj-selfgen-r50-s0,L9.down,9,down,2048,1165,0.56884765625,0.838051974773407
final-final,proj-wikitext2-r50-s0,proj-selfgen-r50-s0,L9.down,9,down,2048,1165,0.56884765625,0.8338457345962524
init-init,proj-wikitext2-r50-s0,proj-selfgen-r50-s0,L10.qkv,10,qkv,2048,1496,0.73046875,0.8872791528701782
final-final,proj-wikitext2-r50-s0,proj-selfgen-r50-s0,L10.qkv,10,qkv,2048,1496,0.73046875,0.8852405548095703
init-init,proj-wikitext2-r50-s0,proj-selfgen-r50-s0,L10.o,10,o,2048,1496,0.73046875,0.9247862696647644
final-final,proj-wikitext2-r50-s0,proj-selfgen-r50-s0,L10.o,10,o,2048,1496,0.73046875,0.9209495186805725
init-init,proj-wikitext2-r50-s0,proj-selfgen-r50-s0,L10.gateup,10,gateup,2048,1165,0.56884765625,0.7594828009605408
final-final,proj-wikitext2-r50-s0,proj-selfgen-r50-s0,L10.gateup,10,gateup,2048,1165,0.56884765625,0.7566881775856018
init-init,proj-wikitext2-r50-s0,proj-selfgen-r50-s0,L10.down,10,down,2048,1165,0.56884765625,0.8379760384559631
final-final,proj-wikitext2-r50-s0,proj-selfgen-r50-s0,L10.down,10,down,2048,1165,0.56884765625,0.83328777551651
init-init,proj-wikitext2-r50-s0,proj-selfgen-r50-s0,L11.qkv,11,qkv,2048,1496,0.73046875,0.8758922219276428
final-final,proj-wikitext2-r50-s0,proj-selfgen-r50-s0,L11.qkv,11,qkv,2048,1496,0.73046875,0.8740065097808838
init-init,proj-wikitext2-r50-s0,proj-selfgen-r50-s0,L11.o,11,o,2048,1496,0.73046875,0.9015071988105774
final-final,proj-wikitext2-r50-s0,proj-selfgen-r50-s0,L11.o,11,o,2048,1496,0.73046875,0.8977174758911133
init-init,proj-wikitext2-r50-s0,proj-selfgen-r50-s0,L11.gateup,11,gateup,2048,1165,0.56884765625,0.7563170790672302
final-final,proj-wikitext2-r50-s0,proj-selfgen-r50-s0,L11.gateup,11,gateup,2048,1165,0.56884765625,0.7534003853797913
init-init,proj-wikitext2-r50-s0,proj-selfgen-r50-s0,L11.down,11,down,2048,1165,0.56884765625,0.8275440335273743
final-final,proj-wikitext2-r50-s0,proj-selfgen-r50-s0,L11.down,11,down,2048,1165,0.56884765625,0.8231003284454346
init-init,proj-wikitext2-r50-s0,proj-selfgen-r50-s0,L12.qkv,12,qkv,2048,1496,0.73046875,0.8813155889511108
final-final,proj-wikitext2-r50-s0,proj-selfgen-r50-s0,L12.qkv,12,qkv,2048,1496,0.73046875,0.8794811964035034
init-init,proj-wikitext2-r50-s0,proj-selfgen-r50-s0,L12.o,12,o,2048,1496,0.73046875,0.8847987055778503
final-final,proj-wikitext2-r50-s0,proj-selfgen-r50-s0,L12.o,12,o,2048,1496,0.73046875,0.8813334107398987
init-init,proj-wikitext2-r50-s0,proj-selfgen-r50-s0,L12.gateup,12,gateup,2048,1165,0.56884765625,0.7444003820419312
final-final,proj-wikitext2-r50-s0,proj-selfgen-r50-s0,L12.gateup,12,gateup,2048,1165,0.56884765625,0.7412644028663635
init-init,proj-wikitext2-r50-s0,proj-selfgen-r50-s0,L12.down,12,down,2048,1165,0.56884765625,0.8352816700935364
final-final,proj-wikitext2-r50-s0,proj-selfgen-r50-s0,L12.down,12,down,2048,1165,0.56884765625,0.8303101062774658
init-init,proj-wikitext2-r50-s0,proj-selfgen-r50-s0,L13.qkv,13,qkv,2048,1496,0.73046875,0.8817355632781982
final-final,proj-wikitext2-r50-s0,proj-selfgen-r50-s0,L13.qkv,13,qkv,2048,1496,0.73046875,0.8799190521240234
init-init,proj-wikitext2-r50-s0,proj-selfgen-r50-s0,L13.o,13,o,2048,1496,0.73046875,0.8732789754867554
final-final,proj-wikitext2-r50-s0,proj-selfgen-r50-s0,L13.o,13,o,2048,1496,0.73046875,0.8705246448516846
init-init,proj-wikitext2-r50-s0,proj-selfgen-r50-s0,L13.gateup,13,gateup,2048,1165,0.56884765625,0.7383788228034973
final-final,proj-wikitext2-r50-s0,proj-selfgen-r50-s0,L13.gateup,13,gateup,2048,1165,0.56884765625,0.7351047992706299
init-init,proj-wikitext2-r50-s0,proj-selfgen-r50-s0,L13.down,13,down,2048,1165,0.56884765625,0.8301823735237122
final-final,proj-wikitext2-r50-s0,proj-selfgen-r50-s0,L13.down,13,down,2048,1165,0.56884765625,0.8256874680519104
init-init,proj-wikitext2-r50-s0,proj-selfgen-r50-s0,L14.qkv,14,qkv,2048,1496,0.73046875,0.8918531537055969
final-final,proj-wikitext2-r50-s0,proj-selfgen-r50-s0,L14.qkv,14,qkv,2048,1496,0.73046875,0.8900713920593262
init-init,proj-wikitext2-r50-s0,proj-selfgen-r50-s0,L14.o,14,o,2048,1496,0.73046875,0.8824341297149658
final-final,proj-wikitext2-r50-s0,proj-selfgen-r50-s0,L14.o,14,o,2048,1496,0.73046875,0.8785614967346191
init-init,proj-wikitext2-r50-s0,proj-selfgen-r50-s0,L14.gateup,14,gateup,2048,1165,0.56884765625,0.740462601184845
final-final,proj-wikitext2-r50-s0,proj-selfgen-r50-s0,L14.gateup,14,gateup,2048,1165,0.56884765625,0.7375561594963074
init-init,proj-wikitext2-r50-s0,proj-selfgen-r50-s0,L14.down,14,down,2048,1165,0.56884765625,0.8276987671852112
final-final,proj-wikitext2-r50-s0,proj-selfgen-r50-s0,L14.down,14,down,2048,1165,0.56884765625,0.8237859010696411
init-init,proj-wikitext2-r50-s0,proj-selfgen-r50-s0,L15.qkv,15,qkv,2048,1496,0.73046875,0.8895502090454102
final-final,proj-wikitext2-r50-s0,proj-selfgen-r50-s0,L15.qkv,15,qkv,2048,1496,0.73046875,0.8879793882369995
init-init,proj-wikitext2-r50-s0,proj-selfgen-r50-s0,L15.o,15,o,2048,1496,0.73046875,0.9015078544616699
final-final,proj-wikitext2-r50-s0,proj-selfgen-r50-s0,L15.o,15,o,2048,1496,0.73046875,0.8980576992034912
init-init,proj-wikitext2-r50-s0,proj-selfgen-r50-s0,L15.gateup,15,gateup,2048,1165,0.56884765625,0.7286759614944458
final-final,proj-wikitext2-r50-s0,proj-selfgen-r50-s0,L15.gateup,15,gateup,2048,1165,0.56884765625,0.7270826101303101
init-init,proj-wikitext2-r50-s0,proj-selfgen-r50-s0,L15.down,15,down,2048,1165,0.56884765625,0.8280302286148071
final-final,proj-wikitext2-r50-s0,proj-selfgen-r50-s0,L15.down,15,down,2048,1165,0.56884765625,0.8265549540519714
init-init,proj-wikitext2-r50-s0,proj-selfdoc-r50-s0,L0.qkv,0,qkv,2048,1496,0.73046875,0.9331991672515869
final-final,proj-wikitext2-r50-s0,proj-selfdoc-r50-s0,L0.qkv,0,qkv,2048,1496,0.73046875,0.9303363561630249
init-init,proj-wikitext2-r50-s0,proj-selfdoc-r50-s0,L0.o,0,o,2048,1496,0.73046875,0.9355111718177795
final-final,proj-wikitext2-r50-s0,proj-selfdoc-r50-s0,L0.o,0,o,2048,1496,0.73046875,0.9324992895126343
init-init,proj-wikitext2-r50-s0,proj-selfdoc-r50-s0,L0.gateup,0,gateup,2048,1165,0.56884765625,0.823951005935669
final-final,proj-wikitext2-r50-s0,proj-selfdoc-r50-s0,L0.gateup,0,gateup,2048,1165,0.56884765625,0.8186901211738586
init-init,proj-wikitext2-r50-s0,proj-selfdoc-r50-s0,L0.down,0,down,2048,1165,0.56884765625,0.8659371733665466
final-final,proj-wikitext2-r50-s0,proj-selfdoc-r50-s0,L0.down,0,down,2048,1165,0.56884765625,0.8618617057800293
init-init,proj-wikitext2-r50-s0,proj-selfdoc-r50-s0,L1.qkv,1,qkv,2048,1496,0.73046875,0.9345611333847046
final-final,proj-wikitext2-r50-s0,proj-selfdoc-r50-s0,L1.qkv,1,qkv,2048,1496,0.73046875,0.9327671527862549
init-init,proj-wikitext2-r50-s0,proj-selfdoc-r50-s0,L1.o,1,o,2048,1496,0.73046875,0.9393973350524902
final-final,proj-wikitext2-r50-s0,proj-selfdoc-r50-s0,L1.o,1,o,2048,1496,0.73046875,0.9354099631309509
init-init,proj-wikitext2-r50-s0,proj-selfdoc-r50-s0,L1.gateup,1,gateup,2048,1165,0.56884765625,0.8390254378318787
final-final,proj-wikitext2-r50-s0,proj-selfdoc-r50-s0,L1.gateup,1,gateup,2048,1165,0.56884765625,0.8325445652008057
init-init,proj-wikitext2-r50-s0,proj-selfdoc-r50-s0,L1.down,1,down,2048,1165,0.56884765625,0.8744739890098572
final-final,proj-wikitext2-r50-s0,proj-selfdoc-r50-s0,L1.down,1,down,2048,1165,0.56884765625,0.870707631111145
init-init,proj-wikitext2-r50-s0,proj-selfdoc-r50-s0,L2.qkv,2,qkv,2048,1496,0.73046875,0.9312290549278259
final-final,proj-wikitext2-r50-s0,proj-selfdoc-r50-s0,L2.qkv,2,qkv,2048,1496,0.73046875,0.9292551875114441
init-init,proj-wikitext2-r50-s0,proj-selfdoc-r50-s0,L2.o,2,o,2048,1496,0.73046875,0.902134358882904
final-final,proj-wikitext2-r50-s0,proj-selfdoc-r50-s0,L2.o,2,o,2048,1496,0.73046875,0.8983317613601685
init-init,proj-wikitext2-r50-s0,proj-selfdoc-r50-s0,L2.gateup,2,gateup,2048,1165,0.56884765625,0.8219570517539978
final-final,proj-wikitext2-r50-s0,proj-selfdoc-r50-s0,L2.gateup,2,gateup,2048,1165,0.56884765625,0.8166939616203308
init-init,proj-wikitext2-r50-s0,proj-selfdoc-r50-s0,L2.down,2,down,2048,1165,0.56884765625,0.8769919276237488
final-final,proj-wikitext2-r50-s0,proj-selfdoc-r50-s0,L2.down,2,down,2048,1165,0.56884765625,0.8726471662521362
init-init,proj-wikitext2-r50-s0,proj-selfdoc-r50-s0,L3.qkv,3,qkv,2048,1496,0.73046875,0.9217591285705566
final-final,proj-wikitext2-r50-s0,proj-selfdoc-r50-s0,L3.qkv,3,qkv,2048,1496,0.73046875,0.9199914336204529
init-init,proj-wikitext2-r50-s0,proj-selfdoc-r50-s0,L3.o,3,o,2048,1496,0.73046875,0.926561176776886
final-final,proj-wikitext2-r50-s0,proj-selfdoc-r50-s0,L3.o,3,o,2048,1496,0.73046875,0.9223179221153259
init-init,proj-wikitext2-r50-s0,proj-selfdoc-r50-s0,L3.gateup,3,gateup,2048,1165,0.56884765625,0.82210373878479
final-final,proj-wikitext2-r50-s0,proj-selfdoc-r50-s0,L3.gateup,3,gateup,2048,1165,0.56884765625,0.8169173002243042
init-init,proj-wikitext2-r50-s0,proj-selfdoc-r50-s0,L3.down,3,down,2048,1165,0.56884765625,0.8740881085395813
final-final,proj-wikitext2-r50-s0,proj-selfdoc-r50-s0,L3.down,3,down,2048,1165,0.56884765625,0.8699898719787598
init-init,proj-wikitext2-r50-s0,proj-selfdoc-r50-s0,L4.qkv,4,qkv,2048,1496,0.73046875,0.9172433614730835
final-final,proj-wikitext2-r50-s0,proj-selfdoc-r50-s0,L4.qkv,4,qkv,2048,1496,0.73046875,0.9152770042419434
init-init,proj-wikitext2-r50-s0,proj-selfdoc-r50-s0,L4.o,4,o,2048,1496,0.73046875,0.9212707281112671
final-final,proj-wikitext2-r50-s0,proj-selfdoc-r50-s0,L4.o,4,o,2048,1496,0.73046875,0.9178256392478943
init-init,proj-wikitext2-r50-s0,proj-selfdoc-r50-s0,L4.gateup,4,gateup,2048,1165,0.56884765625,0.8050063252449036
final-final,proj-wikitext2-r50-s0,proj-selfdoc-r50-s0,L4.gateup,4,gateup,2048,1165,0.56884765625,0.8008091449737549
init-init,proj-wikitext2-r50-s0,proj-selfdoc-r50-s0,L4.down,4,down,2048,1165,0.56884765625,0.8702963590621948
final-final,proj-wikitext2-r50-s0,proj-selfdoc-r50-s0,L4.down,4,down,2048,1165,0.56884765625,0.8663012981414795
init-init,proj-wikitext2-r50-s0,proj-selfdoc-r50-s0,L5.qkv,5,qkv,2048,1496,0.73046875,0.921204149723053
final-final,proj-wikitext2-r50-s0,proj-selfdoc-r50-s0,L5.qkv,5,qkv,2048,1496,0.73046875,0.9190309047698975
init-init,proj-wikitext2-r50-s0,proj-selfdoc-r50-s0,L5.o,5,o,2048,1496,0.73046875,0.9408654570579529
final-final,proj-wikitext2-r50-s0,proj-selfdoc-r50-s0,L5.o,5,o,2048,1496,0.73046875,0.9370328187942505
init-init,proj-wikitext2-r50-s0,proj-selfdoc-r50-s0,L5.gateup,5,gateup,2048,1165,0.56884765625,0.7975313663482666
final-final,proj-wikitext2-r50-s0,proj-selfdoc-r50-s0,L5.gateup,5,gateup,2048,1165,0.56884765625,0.7932666540145874
init-init,proj-wikitext2-r50-s0,proj-selfdoc-r50-s0,L5.down,5,down,2048,1165,0.56884765625,0.8778099417686462
final-final,proj-wikitext2-r50-s0,proj-selfdoc-r50-s0,L5.down,5,down,2048,1165,0.56884765625,0.8737921118736267
init-init,proj-wikitext2-r50-s0,proj-selfdoc-r50-s0,L6.qkv,6,qkv,2048,1496,0.73046875,0.918127715587616
final-final,proj-wikitext2-r50-s0,proj-selfdoc-r50-s0,L6.qkv,6,qkv,2048,1496,0.73046875,0.9160760045051575
init-init,proj-wikitext2-r50-s0,proj-selfdoc-r50-s0,L6.o,6,o,2048,1496,0.73046875,0.9453762173652649
final-final,proj-wikitext2-r50-s0,proj-selfdoc-r50-s0,L6.o,6,o,2048,1496,0.73046875,0.9418008923530579
init-init,proj-wikitext2-r50-s0,proj-selfdoc-r50-s0,L6.gateup,6,gateup,2048,1165,0.56884765625,0.8070945739746094
final-final,proj-wikitext2-r50-s0,proj-selfdoc-r50-s0,L6.gateup,6,gateup,2048,1165,0.56884765625,0.8031315207481384
init-init,proj-wikitext2-r50-s0,proj-selfdoc-r50-s0,L6.down,6,down,2048,1165,0.56884765625,0.8874769806861877
final-final,proj-wikitext2-r50-s0,proj-selfdoc-r50-s0,L6.down,6,down,2048,1165,0.56884765625,0.8830794095993042
init-init,proj-wikitext2-r50-s0,proj-selfdoc-r50-s0,L7.qkv,7,qkv,2048,1496,0.73046875,0.9180427193641663
final-final,proj-wikitext2-r50-s0,proj-selfdoc-r50-s0,L7.qkv,7,qkv,2048,1496,0.73046875,0.9159973859786987
init-init,proj-wikitext2-r50-s0,proj-selfdoc-r50-s0,L7.o,7,o,2048,1496,0.73046875,0.9394698143005371
final-final,proj-wikitext2-r50-s0,proj-selfdoc-r50-s0,L7.o,7,o,2048,1496,0.73046875,0.9359803199768066
init-init,proj-wikitext2-r50-s0,proj-selfdoc-r50-s0,L7.gateup,7,gateup,2048,1165,0.56884765625,0.8080347776412964
final-final,proj-wikitext2-r50-s0,proj-selfdoc-r50-s0,L7.gateup,7,gateup,2048,1165,0.56884765625,0.8040302991867065
init-init,proj-wikitext2-r50-s0,proj-selfdoc-r50-s0,L7.down,7,down,2048,1165,0.56884765625,0.8887691497802734
final-final,proj-wikitext2-r50-s0,proj-selfdoc-r50-s0,L7.down,7,down,2048,1165,0.56884765625,0.8845491409301758
init-init,proj-wikitext2-r50-s0,proj-selfdoc-r50-s0,L8.qkv,8,qkv,2048,1496,0.73046875,0.9168662428855896
final-final,proj-wikitext2-r50-s0,proj-selfdoc-r50-s0,L8.qkv,8,qkv,2048,1496,0.73046875,0.9145688414573669
init-init,proj-wikitext2-r50-s0,proj-selfdoc-r50-s0,L8.o,8,o,2048,1496,0.73046875,0.9447777271270752
final-final,proj-wikitext2-r50-s0,proj-selfdoc-r50-s0,L8.o,8,o,2048,1496,0.73046875,0.9412951469421387
init-init,proj-wikitext2-r50-s0,proj-selfdoc-r50-s0,L8.gateup,8,gateup,2048,1165,0.56884765625,0.8139598965644836
final-final,proj-wikitext2-r50-s0,proj-selfdoc-r50-s0,L8.gateup,8,gateup,2048,1165,0.56884765625,0.8102137446403503
init-init,proj-wikitext2-r50-s0,proj-selfdoc-r50-s0,L8.down,8,down,2048,1165,0.56884765625,0.8813653588294983
final-final,proj-wikitext2-r50-s0,proj-selfdoc-r50-s0,L8.down,8,down,2048,1165,0.56884765625,0.8767539262771606
init-init,proj-wikitext2-r50-s0,proj-selfdoc-r50-s0,L9.qkv,9,qkv,2048,1496,0.73046875,0.9122691750526428
final-final,proj-wikitext2-r50-s0,proj-selfdoc-r50-s0,L9.qkv,9,qkv,2048,1496,0.73046875,0.9101725816726685
init-init,proj-wikitext2-r50-s0,proj-selfdoc-r50-s0,L9.o,9,o,2048,1496,0.73046875,0.9407584071159363
final-final,proj-wikitext2-r50-s0,proj-selfdoc-r50-s0,L9.o,9,o,2048,1496,0.73046875,0.937147855758667
init-init,proj-wikitext2-r50-s0,proj-selfdoc-r50-s0,L9.gateup,9,gateup,2048,1165,0.56884765625,0.8198294639587402
final-final,proj-wikitext2-r50-s0,proj-selfdoc-r50-s0,L9.gateup,9,gateup,2048,1165,0.56884765625,0.8156194686889648
init-init,proj-wikitext2-r50-s0,proj-selfdoc-r50-s0,L9.down,9,down,2048,1165,0.56884765625,0.874125599861145
final-final,proj-wikitext2-r50-s0,proj-selfdoc-r50-s0,L9.down,9,down,2048,1165,0.56884765625,0.8687424659729004
init-init,proj-wikitext2-r50-s0,proj-selfdoc-r50-s0,L10.qkv,10,qkv,2048,1496,0.73046875,0.9124744534492493
final-final,proj-wikitext2-r50-s0,proj-selfdoc-r50-s0,L10.qkv,10,qkv,2048,1496,0.73046875,0.9100351929664612
init-init,proj-wikitext2-r50-s0,proj-selfdoc-r50-s0,L10.o,10,o,2048,1496,0.73046875,0.9454771876335144
final-final,proj-wikitext2-r50-s0,proj-selfdoc-r50-s0,L10.o,10,o,2048,1496,0.73046875,0.9415207505226135
init-init,proj-wikitext2-r50-s0,proj-selfdoc-r50-s0,L10.gateup,10,gateup,2048,1165,0.56884765625,0.8012429475784302
final-final,proj-wikitext2-r50-s0,proj-selfdoc-r50-s0,L10.gateup,10,gateup,2048,1165,0.56884765625,0.7971900105476379
init-init,proj-wikitext2-r50-s0,proj-selfdoc-r50-s0,L10.down,10,down,2048,1165,0.56884765625,0.8725339770317078
final-final,proj-wikitext2-r50-s0,proj-selfdoc-r50-s0,L10.down,10,down,2048,1165,0.56884765625,0.8665934205055237
init-init,proj-wikitext2-r50-s0,proj-selfdoc-r50-s0,L11.qkv,11,qkv,2048,1496,0.73046875,0.9035680890083313
final-final,proj-wikitext2-r50-s0,proj-selfdoc-r50-s0,L11.qkv,11,qkv,2048,1496,0.73046875,0.9014275670051575
init-init,proj-wikitext2-r50-s0,proj-selfdoc-r50-s0,L11.o,11,o,2048,1496,0.73046875,0.9220103025436401
final-final,proj-wikitext2-r50-s0,proj-selfdoc-r50-s0,L11.o,11,o,2048,1496,0.73046875,0.9176660180091858
init-init,proj-wikitext2-r50-s0,proj-selfdoc-r50-s0,L11.gateup,11,gateup,2048,1165,0.56884765625,0.7983185052871704
final-final,proj-wikitext2-r50-s0,proj-selfdoc-r50-s0,L11.gateup,11,gateup,2048,1165,0.56884765625,0.7937845587730408
init-init,proj-wikitext2-r50-s0,proj-selfdoc-r50-s0,L11.down,11,down,2048,1165,0.56884765625,0.8592590093612671
final-final,proj-wikitext2-r50-s0,proj-selfdoc-r50-s0,L11.down,11,down,2048,1165,0.56884765625,0.8536583185195923
init-init,proj-wikitext2-r50-s0,proj-selfdoc-r50-s0,L12.qkv,12,qkv,2048,1496,0.73046875,0.9045385122299194
final-final,proj-wikitext2-r50-s0,proj-selfdoc-r50-s0,L12.qkv,12,qkv,2048,1496,0.73046875,0.902578592300415
init-init,proj-wikitext2-r50-s0,proj-selfdoc-r50-s0,L12.o,12,o,2048,1496,0.73046875,0.9089381694793701
final-final,proj-wikitext2-r50-s0,proj-selfdoc-r50-s0,L12.o,12,o,2048,1496,0.73046875,0.9050414562225342
init-init,proj-wikitext2-r50-s0,proj-selfdoc-r50-s0,L12.gateup,12,gateup,2048,1165,0.56884765625,0.7836376428604126
final-final,proj-wikitext2-r50-s0,proj-selfdoc-r50-s0,L12.gateup,12,gateup,2048,1165,0.56884765625,0.7785051465034485
init-init,proj-wikitext2-r50-s0,proj-selfdoc-r50-s0,L12.down,12,down,2048,1165,0.56884765625,0.8638759851455688
final-final,proj-wikitext2-r50-s0,proj-selfdoc-r50-s0,L12.down,12,down,2048,1165,0.56884765625,0.8575099110603333
init-init,proj-wikitext2-r50-s0,proj-selfdoc-r50-s0,L13.qkv,13,qkv,2048,1496,0.73046875,0.9054566621780396
final-final,proj-wikitext2-r50-s0,proj-selfdoc-r50-s0,L13.qkv,13,qkv,2048,1496,0.73046875,0.9034087657928467
init-init,proj-wikitext2-r50-s0,proj-selfdoc-r50-s0,L13.o,13,o,2048,1496,0.73046875,0.9050043225288391
final-final,proj-wikitext2-r50-s0,proj-selfdoc-r50-s0,L13.o,13,o,2048,1496,0.73046875,0.901513934135437
init-init,proj-wikitext2-r50-s0,proj-selfdoc-r50-s0,L13.gateup,13,gateup,2048,1165,0.56884765625,0.7802813053131104
final-final,proj-wikitext2-r50-s0,proj-selfdoc-r50-s0,L13.gateup,13,gateup,2048,1165,0.56884765625,0.7749409079551697
init-init,proj-wikitext2-r50-s0,proj-selfdoc-r50-s0,L13.down,13,down,2048,1165,0.56884765625,0.8601521253585815
final-final,proj-wikitext2-r50-s0,proj-selfdoc-r50-s0,L13.down,13,down,2048,1165,0.56884765625,0.8543040156364441
init-init,proj-wikitext2-r50-s0,proj-selfdoc-r50-s0,L14.qkv,14,qkv,2048,1496,0.73046875,0.9114375114440918
final-final,proj-wikitext2-r50-s0,proj-selfdoc-r50-s0,L14.qkv,14,qkv,2048,1496,0.73046875,0.9094895124435425
init-init,proj-wikitext2-r50-s0,proj-selfdoc-r50-s0,L14.o,14,o,2048,1496,0.73046875,0.9098691940307617
final-final,proj-wikitext2-r50-s0,proj-selfdoc-r50-s0,L14.o,14,o,2048,1496,0.73046875,0.9050419330596924
init-init,proj-wikitext2-r50-s0,proj-selfdoc-r50-s0,L14.gateup,14,gateup,2048,1165,0.56884765625,0.7846678495407104
final-final,proj-wikitext2-r50-s0,proj-selfdoc-r50-s0,L14.gateup,14,gateup,2048,1165,0.56884765625,0.7798027396202087
init-init,proj-wikitext2-r50-s0,proj-selfdoc-r50-s0,L14.down,14,down,2048,1165,0.56884765625,0.8595370054244995
final-final,proj-wikitext2-r50-s0,proj-selfdoc-r50-s0,L14.down,14,down,2048,1165,0.56884765625,0.8543621301651001
init-init,proj-wikitext2-r50-s0,proj-selfdoc-r50-s0,L15.qkv,15,qkv,2048,1496,0.73046875,0.9111912250518799
final-final,proj-wikitext2-r50-s0,proj-selfdoc-r50-s0,L15.qkv,15,qkv,2048,1496,0.73046875,0.909538745880127
init-init,proj-wikitext2-r50-s0,proj-selfdoc-r50-s0,L15.o,15,o,2048,1496,0.73046875,0.9347425103187561
final-final,proj-wikitext2-r50-s0,proj-selfdoc-r50-s0,L15.o,15,o,2048,1496,0.73046875,0.9305182695388794
init-init,proj-wikitext2-r50-s0,proj-selfdoc-r50-s0,L15.gateup,15,gateup,2048,1165,0.56884765625,0.7790534496307373
final-final,proj-wikitext2-r50-s0,proj-selfdoc-r50-s0,L15.gateup,15,gateup,2048,1165,0.56884765625,0.7762453556060791
init-init,proj-wikitext2-r50-s0,proj-selfdoc-r50-s0,L15.down,15,down,2048,1165,0.56884765625,0.866883397102356
final-final,proj-wikitext2-r50-s0,proj-selfdoc-r50-s0,L15.down,15,down,2048,1165,0.56884765625,0.8649846315383911
init-init,proj-c4-r50-s0,proj-slimpajama-r50-s0,L0.qkv,0,qkv,2048,1496,0.73046875,0.9652352929115295
final-final,proj-c4-r50-s0,proj-slimpajama-r50-s0,L0.qkv,0,qkv,2048,1496,0.73046875,0.962578535079956
init-init,proj-c4-r50-s0,proj-slimpajama-r50-s0,L0.o,0,o,2048,1496,0.73046875,0.96085125207901
final-final,proj-c4-r50-s0,proj-slimpajama-r50-s0,L0.o,0,o,2048,1496,0.73046875,0.9580556750297546
init-init,proj-c4-r50-s0,proj-slimpajama-r50-s0,L0.gateup,0,gateup,2048,1165,0.56884765625,0.8938193917274475
final-final,proj-c4-r50-s0,proj-slimpajama-r50-s0,L0.gateup,0,gateup,2048,1165,0.56884765625,0.8877786993980408
init-init,proj-c4-r50-s0,proj-slimpajama-r50-s0,L0.down,0,down,2048,1165,0.56884765625,0.9104791879653931
final-final,proj-c4-r50-s0,proj-slimpajama-r50-s0,L0.down,0,down,2048,1165,0.56884765625,0.90656977891922
init-init,proj-c4-r50-s0,proj-slimpajama-r50-s0,L1.qkv,1,qkv,2048,1496,0.73046875,0.9640699625015259
final-final,proj-c4-r50-s0,proj-slimpajama-r50-s0,L1.qkv,1,qkv,2048,1496,0.73046875,0.962252140045166
init-init,proj-c4-r50-s0,proj-slimpajama-r50-s0,L1.o,1,o,2048,1496,0.73046875,0.9647257924079895
final-final,proj-c4-r50-s0,proj-slimpajama-r50-s0,L1.o,1,o,2048,1496,0.73046875,0.9609538316726685
init-init,proj-c4-r50-s0,proj-slimpajama-r50-s0,L1.gateup,1,gateup,2048,1165,0.56884765625,0.8984200358390808
final-final,proj-c4-r50-s0,proj-slimpajama-r50-s0,L1.gateup,1,gateup,2048,1165,0.56884765625,0.892051637172699
init-init,proj-c4-r50-s0,proj-slimpajama-r50-s0,L1.down,1,down,2048,1165,0.56884765625,0.9248566627502441
final-final,proj-c4-r50-s0,proj-slimpajama-r50-s0,L1.down,1,down,2048,1165,0.56884765625,0.921145498752594
init-init,proj-c4-r50-s0,proj-slimpajama-r50-s0,L2.qkv,2,qkv,2048,1496,0.73046875,0.9647558331489563
final-final,proj-c4-r50-s0,proj-slimpajama-r50-s0,L2.qkv,2,qkv,2048,1496,0.73046875,0.9625440239906311
init-init,proj-c4-r50-s0,proj-slimpajama-r50-s0,L2.o,2,o,2048,1496,0.73046875,0.9464560151100159
final-final,proj-c4-r50-s0,proj-slimpajama-r50-s0,L2.o,2,o,2048,1496,0.73046875,0.9424504041671753
init-init,proj-c4-r50-s0,proj-slimpajama-r50-s0,L2.gateup,2,gateup,2048,1165,0.56884765625,0.8938248157501221
final-final,proj-c4-r50-s0,proj-slimpajama-r50-s0,L2.gateup,2,gateup,2048,1165,0.56884765625,0.8881317377090454
init-init,proj-c4-r50-s0,proj-slimpajama-r50-s0,L2.down,2,down,2048,1165,0.56884765625,0.9314870238304138
final-final,proj-c4-r50-s0,proj-slimpajama-r50-s0,L2.down,2,down,2048,1165,0.56884765625,0.9269343614578247
init-init,proj-c4-r50-s0,proj-slimpajama-r50-s0,L3.qkv,3,qkv,2048,1496,0.73046875,0.9619438052177429
final-final,proj-c4-r50-s0,proj-slimpajama-r50-s0,L3.qkv,3,qkv,2048,1496,0.73046875,0.9599348306655884
init-init,proj-c4-r50-s0,proj-slimpajama-r50-s0,L3.o,3,o,2048,1496,0.73046875,0.9641479253768921
final-final,proj-c4-r50-s0,proj-slimpajama-r50-s0,L3.o,3,o,2048,1496,0.73046875,0.9598361253738403
init-init,proj-c4-r50-s0,proj-slimpajama-r50-s0,L3.gateup,3,gateup,2048,1165,0.56884765625,0.9013651013374329
final-final,proj-c4-r50-s0,proj-slimpajama-r50-s0,L3.gateup,3,gateup,2048,1165,0.56884765625,0.8957494497299194
init-init,proj-c4-r50-s0,proj-slimpajama-r50-s0,L3.down,3,down,2048,1165,0.56884765625,0.9330260753631592
final-final,proj-c4-r50-s0,proj-slimpajama-r50-s0,L3.down,3,down,2048,1165,0.56884765625,0.9287731647491455
init-init,proj-c4-r50-s0,proj-slimpajama-r50-s0,L4.qkv,4,qkv,2048,1496,0.73046875,0.9609679579734802
final-final,proj-c4-r50-s0,proj-slimpajama-r50-s0,L4.qkv,4,qkv,2048,1496,0.73046875,0.9586930871009827
init-init,proj-c4-r50-s0,proj-slimpajama-r50-s0,L4.o,4,o,2048,1496,0.73046875,0.9608495831489563
final-final,proj-c4-r50-s0,proj-slimpajama-r50-s0,L4.o,4,o,2048,1496,0.73046875,0.9571002721786499
init-init,proj-c4-r50-s0,proj-slimpajama-r50-s0,L4.gateup,4,gateup,2048,1165,0.56884765625,0.8938805460929871
final-final,proj-c4-r50-s0,proj-slimpajama-r50-s0,L4.gateup,4,gateup,2048,1165,0.56884765625,0.8889273405075073
init-init,proj-c4-r50-s0,proj-slimpajama-r50-s0,L4.down,4,down,2048,1165,0.56884765625,0.9322255253791809
final-final,proj-c4-r50-s0,proj-slimpajama-r50-s0,L4.down,4,down,2048,1165,0.56884765625,0.9280533194541931
init-init,proj-c4-r50-s0,proj-slimpajama-r50-s0,L5.qkv,5,qkv,2048,1496,0.73046875,0.9636806845664978
final-final,proj-c4-r50-s0,proj-slimpajama-r50-s0,L5.qkv,5,qkv,2048,1496,0.73046875,0.9611608386039734
init-init,proj-c4-r50-s0,proj-slimpajama-r50-s0,L5.o,5,o,2048,1496,0.73046875,0.9699914455413818
final-final,proj-c4-r50-s0,proj-slimpajama-r50-s0,L5.o,5,o,2048,1496,0.73046875,0.9659914970397949
init-init,proj-c4-r50-s0,proj-slimpajama-r50-s0,L5.gateup,5,gateup,2048,1165,0.56884765625,0.8904259204864502
final-final,proj-c4-r50-s0,proj-slimpajama-r50-s0,L5.gateup,5,gateup,2048,1165,0.56884765625,0.8852805495262146
init-init,proj-c4-r50-s0,proj-slimpajama-r50-s0,L5.down,5,down,2048,1165,0.56884765625,0.9390376806259155
final-final,proj-c4-r50-s0,proj-slimpajama-r50-s0,L5.down,5,down,2048,1165,0.56884765625,0.9347079992294312
init-init,proj-c4-r50-s0,proj-slimpajama-r50-s0,L6.qkv,6,qkv,2048,1496,0.73046875,0.9632578492164612
final-final,proj-c4-r50-s0,proj-slimpajama-r50-s0,L6.qkv,6,qkv,2048,1496,0.73046875,0.9606634378433228
init-init,proj-c4-r50-s0,proj-slimpajama-r50-s0,L6.o,6,o,2048,1496,0.73046875,0.9750474095344543
final-final,proj-c4-r50-s0,proj-slimpajama-r50-s0,L6.o,6,o,2048,1496,0.73046875,0.9712502360343933
init-init,proj-c4-r50-s0,proj-slimpajama-r50-s0,L6.gateup,6,gateup,2048,1165,0.56884765625,0.8991961479187012
final-final,proj-c4-r50-s0,proj-slimpajama-r50-s0,L6.gateup,6,gateup,2048,1165,0.56884765625,0.8942302465438843
init-init,proj-c4-r50-s0,proj-slimpajama-r50-s0,L6.down,6,down,2048,1165,0.56884765625,0.9468187689781189
final-final,proj-c4-r50-s0,proj-slimpajama-r50-s0,L6.down,6,down,2048,1165,0.56884765625,0.942101776599884
init-init,proj-c4-r50-s0,proj-slimpajama-r50-s0,L7.qkv,7,qkv,2048,1496,0.73046875,0.9641448259353638
final-final,proj-c4-r50-s0,proj-slimpajama-r50-s0,L7.qkv,7,qkv,2048,1496,0.73046875,0.9615569114685059
init-init,proj-c4-r50-s0,proj-slimpajama-r50-s0,L7.o,7,o,2048,1496,0.73046875,0.9688844084739685
final-final,proj-c4-r50-s0,proj-slimpajama-r50-s0,L7.o,7,o,2048,1496,0.73046875,0.9652794003486633
init-init,proj-c4-r50-s0,proj-slimpajama-r50-s0,L7.gateup,7,gateup,2048,1165,0.56884765625,0.9009906053543091
final-final,proj-c4-r50-s0,proj-slimpajama-r50-s0,L7.gateup,7,gateup,2048,1165,0.56884765625,0.8959837555885315
init-init,proj-c4-r50-s0,proj-slimpajama-r50-s0,L7.down,7,down,2048,1165,0.56884765625,0.9486898183822632
final-final,proj-c4-r50-s0,proj-slimpajama-r50-s0,L7.down,7,down,2048,1165,0.56884765625,0.9440653920173645
init-init,proj-c4-r50-s0,proj-slimpajama-r50-s0,L8.qkv,8,qkv,2048,1496,0.73046875,0.9636309742927551
final-final,proj-c4-r50-s0,proj-slimpajama-r50-s0,L8.qkv,8,qkv,2048,1496,0.73046875,0.9607592821121216
init-init,proj-c4-r50-s0,proj-slimpajama-r50-s0,L8.o,8,o,2048,1496,0.73046875,0.9722906947135925
final-final,proj-c4-r50-s0,proj-slimpajama-r50-s0,L8.o,8,o,2048,1496,0.73046875,0.968519926071167
init-init,proj-c4-r50-s0,proj-slimpajama-r50-s0,L8.gateup,8,gateup,2048,1165,0.56884765625,0.9050173759460449
final-final,proj-c4-r50-s0,proj-slimpajama-r50-s0,L8.gateup,8,gateup,2048,1165,0.56884765625,0.9000762104988098
init-init,proj-c4-r50-s0,proj-slimpajama-r50-s0,L8.down,8,down,2048,1165,0.56884765625,0.9429208636283875
final-final,proj-c4-r50-s0,proj-slimpajama-r50-s0,L8.down,8,down,2048,1165,0.56884765625,0.9379708766937256
init-init,proj-c4-r50-s0,proj-slimpajama-r50-s0,L9.qkv,9,qkv,2048,1496,0.73046875,0.9592131972312927
final-final,proj-c4-r50-s0,proj-slimpajama-r50-s0,L9.qkv,9,qkv,2048,1496,0.73046875,0.9564267992973328
init-init,proj-c4-r50-s0,proj-slimpajama-r50-s0,L9.o,9,o,2048,1496,0.73046875,0.9710914492607117
final-final,proj-c4-r50-s0,proj-slimpajama-r50-s0,L9.o,9,o,2048,1496,0.73046875,0.9670816659927368
init-init,proj-c4-r50-s0,proj-slimpajama-r50-s0,L9.gateup,9,gateup,2048,1165,0.56884765625,0.9044907093048096
final-final,proj-c4-r50-s0,proj-slimpajama-r50-s0,L9.gateup,9,gateup,2048,1165,0.56884765625,0.8993807435035706
init-init,proj-c4-r50-s0,proj-slimpajama-r50-s0,L9.down,9,down,2048,1165,0.56884765625,0.9338011145591736
final-final,proj-c4-r50-s0,proj-slimpajama-r50-s0,L9.down,9,down,2048,1165,0.56884765625,0.9282117486000061
init-init,proj-c4-r50-s0,proj-slimpajama-r50-s0,L10.qkv,10,qkv,2048,1496,0.73046875,0.9564425349235535
final-final,proj-c4-r50-s0,proj-slimpajama-r50-s0,L10.qkv,10,qkv,2048,1496,0.73046875,0.9533241987228394
init-init,proj-c4-r50-s0,proj-slimpajama-r50-s0,L10.o,10,o,2048,1496,0.73046875,0.9732416272163391
final-final,proj-c4-r50-s0,proj-slimpajama-r50-s0,L10.o,10,o,2048,1496,0.73046875,0.9691031575202942
init-init,proj-c4-r50-s0,proj-slimpajama-r50-s0,L10.gateup,10,gateup,2048,1165,0.56884765625,0.8878180980682373
final-final,proj-c4-r50-s0,proj-slimpajama-r50-s0,L10.gateup,10,gateup,2048,1165,0.56884765625,0.8824225068092346
init-init,proj-c4-r50-s0,proj-slimpajama-r50-s0,L10.down,10,down,2048,1165,0.56884765625,0.9310189485549927
final-final,proj-c4-r50-s0,proj-slimpajama-r50-s0,L10.down,10,down,2048,1165,0.56884765625,0.9248114824295044
init-init,proj-c4-r50-s0,proj-slimpajama-r50-s0,L11.qkv,11,qkv,2048,1496,0.73046875,0.9497560858726501
final-final,proj-c4-r50-s0,proj-slimpajama-r50-s0,L11.qkv,11,qkv,2048,1496,0.73046875,0.9468343257904053
init-init,proj-c4-r50-s0,proj-slimpajama-r50-s0,L11.o,11,o,2048,1496,0.73046875,0.9568317532539368
final-final,proj-c4-r50-s0,proj-slimpajama-r50-s0,L11.o,11,o,2048,1496,0.73046875,0.9521194100379944
init-init,proj-c4-r50-s0,proj-slimpajama-r50-s0,L11.gateup,11,gateup,2048,1165,0.56884765625,0.881592333316803
final-final,proj-c4-r50-s0,proj-slimpajama-r50-s0,L11.gateup,11,gateup,2048,1165,0.56884765625,0.8758465647697449
init-init,proj-c4-r50-s0,proj-slimpajama-r50-s0,L11.down,11,down,2048,1165,0.56884765625,0.920579195022583
final-final,proj-c4-r50-s0,proj-slimpajama-r50-s0,L11.down,11,down,2048,1165,0.56884765625,0.9145528078079224
init-init,proj-c4-r50-s0,proj-slimpajama-r50-s0,L12.qkv,12,qkv,2048,1496,0.73046875,0.9494283199310303
final-final,proj-c4-r50-s0,proj-slimpajama-r50-s0,L12.qkv,12,qkv,2048,1496,0.73046875,0.946740984916687
init-init,proj-c4-r50-s0,proj-slimpajama-r50-s0,L12.o,12,o,2048,1496,0.73046875,0.9508509039878845
final-final,proj-c4-r50-s0,proj-slimpajama-r50-s0,L12.o,12,o,2048,1496,0.73046875,0.9466553926467896
init-init,proj-c4-r50-s0,proj-slimpajama-r50-s0,L12.gateup,12,gateup,2048,1165,0.56884765625,0.8699046969413757
final-final,proj-c4-r50-s0,proj-slimpajama-r50-s0,L12.gateup,12,gateup,2048,1165,0.56884765625,0.8634712100028992
init-init,proj-c4-r50-s0,proj-slimpajama-r50-s0,L12.down,12,down,2048,1165,0.56884765625,0.9211279153823853
final-final,proj-c4-r50-s0,proj-slimpajama-r50-s0,L12.down,12,down,2048,1165,0.56884765625,0.9144736528396606
init-init,proj-c4-r50-s0,proj-slimpajama-r50-s0,L13.qkv,13,qkv,2048,1496,0.73046875,0.9483314752578735
final-final,proj-c4-r50-s0,proj-slimpajama-r50-s0,L13.qkv,13,qkv,2048,1496,0.73046875,0.9454453587532043
init-init,proj-c4-r50-s0,proj-slimpajama-r50-s0,L13.o,13,o,2048,1496,0.73046875,0.9368395805358887
final-final,proj-c4-r50-s0,proj-slimpajama-r50-s0,L13.o,13,o,2048,1496,0.73046875,0.9330220818519592
init-init,proj-c4-r50-s0,proj-slimpajama-r50-s0,L13.gateup,13,gateup,2048,1165,0.56884765625,0.8657876253128052
final-final,proj-c4-r50-s0,proj-slimpajama-r50-s0,L13.gateup,13,gateup,2048,1165,0.56884765625,0.8593302965164185
init-init,proj-c4-r50-s0,proj-slimpajama-r50-s0,L13.down,13,down,2048,1165,0.56884765625,0.9091145396232605
final-final,proj-c4-r50-s0,proj-slimpajama-r50-s0,L13.down,13,down,2048,1165,0.56884765625,0.9031317234039307
init-init,proj-c4-r50-s0,proj-slimpajama-r50-s0,L14.qkv,14,qkv,2048,1496,0.73046875,0.9494863152503967
final-final,proj-c4-r50-s0,proj-slimpajama-r50-s0,L14.qkv,14,qkv,2048,1496,0.73046875,0.9467825889587402
init-init,proj-c4-r50-s0,proj-slimpajama-r50-s0,L14.o,14,o,2048,1496,0.73046875,0.9327409863471985
final-final,proj-c4-r50-s0,proj-slimpajama-r50-s0,L14.o,14,o,2048,1496,0.73046875,0.9275692105293274
init-init,proj-c4-r50-s0,proj-slimpajama-r50-s0,L14.gateup,14,gateup,2048,1165,0.56884765625,0.8640314936637878
final-final,proj-c4-r50-s0,proj-slimpajama-r50-s0,L14.gateup,14,gateup,2048,1165,0.56884765625,0.8580412268638611
init-init,proj-c4-r50-s0,proj-slimpajama-r50-s0,L14.down,14,down,2048,1165,0.56884765625,0.9038738012313843
final-final,proj-c4-r50-s0,proj-slimpajama-r50-s0,L14.down,14,down,2048,1165,0.56884765625,0.8986835479736328
init-init,proj-c4-r50-s0,proj-slimpajama-r50-s0,L15.qkv,15,qkv,2048,1496,0.73046875,0.947822630405426
final-final,proj-c4-r50-s0,proj-slimpajama-r50-s0,L15.qkv,15,qkv,2048,1496,0.73046875,0.9453539848327637
init-init,proj-c4-r50-s0,proj-slimpajama-r50-s0,L15.o,15,o,2048,1496,0.73046875,0.9514405727386475
final-final,proj-c4-r50-s0,proj-slimpajama-r50-s0,L15.o,15,o,2048,1496,0.73046875,0.9469906687736511
init-init,proj-c4-r50-s0,proj-slimpajama-r50-s0,L15.gateup,15,gateup,2048,1165,0.56884765625,0.853816568851471
final-final,proj-c4-r50-s0,proj-slimpajama-r50-s0,L15.gateup,15,gateup,2048,1165,0.56884765625,0.8502779006958008
init-init,proj-c4-r50-s0,proj-slimpajama-r50-s0,L15.down,15,down,2048,1165,0.56884765625,0.9132208824157715
final-final,proj-c4-r50-s0,proj-slimpajama-r50-s0,L15.down,15,down,2048,1165,0.56884765625,0.9110710024833679
init-init,proj-c4-r50-s0,proj-alpaca-r50-s0,L0.qkv,0,qkv,2048,1496,0.73046875,0.9435433745384216
final-final,proj-c4-r50-s0,proj-alpaca-r50-s0,L0.qkv,0,qkv,2048,1496,0.73046875,0.9409307241439819
init-init,proj-c4-r50-s0,proj-alpaca-r50-s0,L0.o,0,o,2048,1496,0.73046875,0.9551631808280945
final-final,proj-c4-r50-s0,proj-alpaca-r50-s0,L0.o,0,o,2048,1496,0.73046875,0.9523045420646667
init-init,proj-c4-r50-s0,proj-alpaca-r50-s0,L0.gateup,0,gateup,2048,1165,0.56884765625,0.8567919135093689
final-final,proj-c4-r50-s0,proj-alpaca-r50-s0,L0.gateup,0,gateup,2048,1165,0.56884765625,0.8511603474617004
init-init,proj-c4-r50-s0,proj-alpaca-r50-s0,L0.down,0,down,2048,1165,0.56884765625,0.8835123181343079
final-final,proj-c4-r50-s0,proj-alpaca-r50-s0,L0.down,0,down,2048,1165,0.56884765625,0.8797220587730408
init-init,proj-c4-r50-s0,proj-alpaca-r50-s0,L1.qkv,1,qkv,2048,1496,0.73046875,0.9426803588867188
final-final,proj-c4-r50-s0,proj-alpaca-r50-s0,L1.qkv,1,qkv,2048,1496,0.73046875,0.9408538341522217
init-init,proj-c4-r50-s0,proj-alpaca-r50-s0,L1.o,1,o,2048,1496,0.73046875,0.9432163238525391
final-final,proj-c4-r50-s0,proj-alpaca-r50-s0,L1.o,1,o,2048,1496,0.73046875,0.9395567774772644
init-init,proj-c4-r50-s0,proj-alpaca-r50-s0,L1.gateup,1,gateup,2048,1165,0.56884765625,0.8628532290458679
final-final,proj-c4-r50-s0,proj-alpaca-r50-s0,L1.gateup,1,gateup,2048,1165,0.56884765625,0.8568191528320312
init-init,proj-c4-r50-s0,proj-alpaca-r50-s0,L1.down,1,down,2048,1165,0.56884765625,0.88253253698349
final-final,proj-c4-r50-s0,proj-alpaca-r50-s0,L1.down,1,down,2048,1165,0.56884765625,0.8790280222892761
init-init,proj-c4-r50-s0,proj-alpaca-r50-s0,L2.qkv,2,qkv,2048,1496,0.73046875,0.9384583234786987
final-final,proj-c4-r50-s0,proj-alpaca-r50-s0,L2.qkv,2,qkv,2048,1496,0.73046875,0.9364908337593079
init-init,proj-c4-r50-s0,proj-alpaca-r50-s0,L2.o,2,o,2048,1496,0.73046875,0.9197387099266052
final-final,proj-c4-r50-s0,proj-alpaca-r50-s0,L2.o,2,o,2048,1496,0.73046875,0.9160250425338745
init-init,proj-c4-r50-s0,proj-alpaca-r50-s0,L2.gateup,2,gateup,2048,1165,0.56884765625,0.84894198179245
final-final,proj-c4-r50-s0,proj-alpaca-r50-s0,L2.gateup,2,gateup,2048,1165,0.56884765625,0.84366375207901
init-init,proj-c4-r50-s0,proj-alpaca-r50-s0,L2.down,2,down,2048,1165,0.56884765625,0.8842509388923645
final-final,proj-c4-r50-s0,proj-alpaca-r50-s0,L2.down,2,down,2048,1165,0.56884765625,0.8799086213111877
init-init,proj-c4-r50-s0,proj-alpaca-r50-s0,L3.qkv,3,qkv,2048,1496,0.73046875,0.927984893321991
final-final,proj-c4-r50-s0,proj-alpaca-r50-s0,L3.qkv,3,qkv,2048,1496,0.73046875,0.9262425303459167
init-init,proj-c4-r50-s0,proj-alpaca-r50-s0,L3.o,3,o,2048,1496,0.73046875,0.9328305721282959
final-final,proj-c4-r50-s0,proj-alpaca-r50-s0,L3.o,3,o,2048,1496,0.73046875,0.9287022948265076
init-init,proj-c4-r50-s0,proj-alpaca-r50-s0,L3.gateup,3,gateup,2048,1165,0.56884765625,0.8451809287071228
final-final,proj-c4-r50-s0,proj-alpaca-r50-s0,L3.gateup,3,gateup,2048,1165,0.56884765625,0.8399733901023865
init-init,proj-c4-r50-s0,proj-alpaca-r50-s0,L3.down,3,down,2048,1165,0.56884765625,0.8794311285018921
final-final,proj-c4-r50-s0,proj-alpaca-r50-s0,L3.down,3,down,2048,1165,0.56884765625,0.8753955364227295
init-init,proj-c4-r50-s0,proj-alpaca-r50-s0,L4.qkv,4,qkv,2048,1496,0.73046875,0.9237387180328369
final-final,proj-c4-r50-s0,proj-alpaca-r50-s0,L4.qkv,4,qkv,2048,1496,0.73046875,0.9218442440032959
init-init,proj-c4-r50-s0,proj-alpaca-r50-s0,L4.o,4,o,2048,1496,0.73046875,0.9241956472396851
final-final,proj-c4-r50-s0,proj-alpaca-r50-s0,L4.o,4,o,2048,1496,0.73046875,0.9208539128303528
init-init,proj-c4-r50-s0,proj-alpaca-r50-s0,L4.gateup,4,gateup,2048,1165,0.56884765625,0.8288392424583435
final-final,proj-c4-r50-s0,proj-alpaca-r50-s0,L4.gateup,4,gateup,2048,1165,0.56884765625,0.8244706392288208
init-init,proj-c4-r50-s0,proj-alpaca-r50-s0,L4.down,4,down,2048,1165,0.56884765625,0.8738381862640381
final-final,proj-c4-r50-s0,proj-alpaca-r50-s0,L4.down,4,down,2048,1165,0.56884765625,0.8699694275856018
init-init,proj-c4-r50-s0,proj-alpaca-r50-s0,L5.qkv,5,qkv,2048,1496,0.73046875,0.9268867373466492
final-final,proj-c4-r50-s0,proj-alpaca-r50-s0,L5.qkv,5,qkv,2048,1496,0.73046875,0.9247852563858032
init-init,proj-c4-r50-s0,proj-alpaca-r50-s0,L5.o,5,o,2048,1496,0.73046875,0.9315802454948425
final-final,proj-c4-r50-s0,proj-alpaca-r50-s0,L5.o,5,o,2048,1496,0.73046875,0.9280027151107788
init-init,proj-c4-r50-s0,proj-alpaca-r50-s0,L5.gateup,5,gateup,2048,1165,0.56884765625,0.8157641887664795
final-final,proj-c4-r50-s0,proj-alpaca-r50-s0,L5.gateup,5,gateup,2048,1165,0.56884765625,0.8115289807319641
init-init,proj-c4-r50-s0,proj-alpaca-r50-s0,L5.down,5,down,2048,1165,0.56884765625,0.8790728449821472
final-final,proj-c4-r50-s0,proj-alpaca-r50-s0,L5.down,5,down,2048,1165,0.56884765625,0.8750896453857422
init-init,proj-c4-r50-s0,proj-alpaca-r50-s0,L6.qkv,6,qkv,2048,1496,0.73046875,0.9198711514472961
final-final,proj-c4-r50-s0,proj-alpaca-r50-s0,L6.qkv,6,qkv,2048,1496,0.73046875,0.9178647994995117
init-init,proj-c4-r50-s0,proj-alpaca-r50-s0,L6.o,6,o,2048,1496,0.73046875,0.9355925917625427
final-final,proj-c4-r50-s0,proj-alpaca-r50-s0,L6.o,6,o,2048,1496,0.73046875,0.932243824005127
init-init,proj-c4-r50-s0,proj-alpaca-r50-s0,L6.gateup,6,gateup,2048,1165,0.56884765625,0.8197883367538452
final-final,proj-c4-r50-s0,proj-alpaca-r50-s0,L6.gateup,6,gateup,2048,1165,0.56884765625,0.8158156275749207
init-init,proj-c4-r50-s0,proj-alpaca-r50-s0,L6.down,6,down,2048,1165,0.56884765625,0.8850401639938354
final-final,proj-c4-r50-s0,proj-alpaca-r50-s0,L6.down,6,down,2048,1165,0.56884765625,0.8807651996612549
init-init,proj-c4-r50-s0,proj-alpaca-r50-s0,L7.qkv,7,qkv,2048,1496,0.73046875,0.9183279871940613
final-final,proj-c4-r50-s0,proj-alpaca-r50-s0,L7.qkv,7,qkv,2048,1496,0.73046875,0.9163446426391602
init-init,proj-c4-r50-s0,proj-alpaca-r50-s0,L7.o,7,o,2048,1496,0.73046875,0.9265145659446716
final-final,proj-c4-r50-s0,proj-alpaca-r50-s0,L7.o,7,o,2048,1496,0.73046875,0.9233714938163757
init-init,proj-c4-r50-s0,proj-alpaca-r50-s0,L7.gateup,7,gateup,2048,1165,0.56884765625,0.8168569207191467
final-final,proj-c4-r50-s0,proj-alpaca-r50-s0,L7.gateup,7,gateup,2048,1165,0.56884765625,0.8130044937133789
init-init,proj-c4-r50-s0,proj-alpaca-r50-s0,L7.down,7,down,2048,1165,0.56884765625,0.8850806355476379
final-final,proj-c4-r50-s0,proj-alpaca-r50-s0,L7.down,7,down,2048,1165,0.56884765625,0.8809477090835571
init-init,proj-c4-r50-s0,proj-alpaca-r50-s0,L8.qkv,8,qkv,2048,1496,0.73046875,0.9150451421737671
final-final,proj-c4-r50-s0,proj-alpaca-r50-s0,L8.qkv,8,qkv,2048,1496,0.73046875,0.9127986431121826
init-init,proj-c4-r50-s0,proj-alpaca-r50-s0,L8.o,8,o,2048,1496,0.73046875,0.930803120136261
final-final,proj-c4-r50-s0,proj-alpaca-r50-s0,L8.o,8,o,2048,1496,0.73046875,0.9276179671287537
init-init,proj-c4-r50-s0,proj-alpaca-r50-s0,L8.gateup,8,gateup,2048,1165,0.56884765625,0.8231260180473328
final-final,proj-c4-r50-s0,proj-alpaca-r50-s0,L8.gateup,8,gateup,2048,1165,0.56884765625,0.8193356394767761
init-init,proj-c4-r50-s0,proj-alpaca-r50-s0,L8.down,8,down,2048,1165,0.56884765625,0.8789461851119995
final-final,proj-c4-r50-s0,proj-alpaca-r50-s0,L8.down,8,down,2048,1165,0.56884765625,0.8742938041687012
init-init,proj-c4-r50-s0,proj-alpaca-r50-s0,L9.qkv,9,qkv,2048,1496,0.73046875,0.9145387411117554
final-final,proj-c4-r50-s0,proj-alpaca-r50-s0,L9.qkv,9,qkv,2048,1496,0.73046875,0.9124653339385986
init-init,proj-c4-r50-s0,proj-alpaca-r50-s0,L9.o,9,o,2048,1496,0.73046875,0.9315668940544128
final-final,proj-c4-r50-s0,proj-alpaca-r50-s0,L9.o,9,o,2048,1496,0.73046875,0.9280215501785278
init-init,proj-c4-r50-s0,proj-alpaca-r50-s0,L9.gateup,9,gateup,2048,1165,0.56884765625,0.8303805589675903
final-final,proj-c4-r50-s0,proj-alpaca-r50-s0,L9.gateup,9,gateup,2048,1165,0.56884765625,0.8262566924095154
init-init,proj-c4-r50-s0,proj-alpaca-r50-s0,L9.down,9,down,2048,1165,0.56884765625,0.8738651871681213
final-final,proj-c4-r50-s0,proj-alpaca-r50-s0,L9.down,9,down,2048,1165,0.56884765625,0.8686911463737488
init-init,proj-c4-r50-s0,proj-alpaca-r50-s0,L10.qkv,10,qkv,2048,1496,0.73046875,0.9178023934364319
final-final,proj-c4-r50-s0,proj-alpaca-r50-s0,L10.qkv,10,qkv,2048,1496,0.73046875,0.9153507947921753
init-init,proj-c4-r50-s0,proj-alpaca-r50-s0,L10.o,10,o,2048,1496,0.73046875,0.941105306148529
final-final,proj-c4-r50-s0,proj-alpaca-r50-s0,L10.o,10,o,2048,1496,0.73046875,0.9373981952667236
init-init,proj-c4-r50-s0,proj-alpaca-r50-s0,L10.gateup,10,gateup,2048,1165,0.56884765625,0.8178505301475525
final-final,proj-c4-r50-s0,proj-alpaca-r50-s0,L10.gateup,10,gateup,2048,1165,0.56884765625,0.8135433197021484
init-init,proj-c4-r50-s0,proj-alpaca-r50-s0,L10.down,10,down,2048,1165,0.56884765625,0.878157377243042
final-final,proj-c4-r50-s0,proj-alpaca-r50-s0,L10.down,10,down,2048,1165,0.56884765625,0.8724880814552307
init-init,proj-c4-r50-s0,proj-alpaca-r50-s0,L11.qkv,11,qkv,2048,1496,0.73046875,0.9116997122764587
final-final,proj-c4-r50-s0,proj-alpaca-r50-s0,L11.qkv,11,qkv,2048,1496,0.73046875,0.9091867208480835
init-init,proj-c4-r50-s0,proj-alpaca-r50-s0,L11.o,11,o,2048,1496,0.73046875,0.9266659617424011
final-final,proj-c4-r50-s0,proj-alpaca-r50-s0,L11.o,11,o,2048,1496,0.73046875,0.922468900680542
init-init,proj-c4-r50-s0,proj-alpaca-r50-s0,L11.gateup,11,gateup,2048,1165,0.56884765625,0.8180524110794067
final-final,proj-c4-r50-s0,proj-alpaca-r50-s0,L11.gateup,11,gateup,2048,1165,0.56884765625,0.8132791519165039
init-init,proj-c4-r50-s0,proj-alpaca-r50-s0,L11.down,11,down,2048,1165,0.56884765625,0.8736854791641235
final-final,proj-c4-r50-s0,proj-alpaca-r50-s0,L11.down,11,down,2048,1165,0.56884765625,0.8680801391601562
init-init,proj-c4-r50-s0,proj-alpaca-r50-s0,L12.qkv,12,qkv,2048,1496,0.73046875,0.9166973233222961
final-final,proj-c4-r50-s0,proj-alpaca-r50-s0,L12.qkv,12,qkv,2048,1496,0.73046875,0.9144164323806763
init-init,proj-c4-r50-s0,proj-alpaca-r50-s0,L12.o,12,o,2048,1496,0.73046875,0.9248771667480469
final-final,proj-c4-r50-s0,proj-alpaca-r50-s0,L12.o,12,o,2048,1496,0.73046875,0.9210646152496338
init-init,proj-c4-r50-s0,proj-alpaca-r50-s0,L12.gateup,12,gateup,2048,1165,0.56884765625,0.813084065914154
final-final,proj-c4-r50-s0,proj-alpaca-r50-s0,L12.gateup,12,gateup,2048,1165,0.56884765625,0.8075591325759888
init-init,proj-c4-r50-s0,proj-alpaca-r50-s0,L12.down,12,down,2048,1165,0.56884765625,0.8795711994171143
final-final,proj-c4-r50-s0,proj-alpaca-r50-s0,L12.down,12,down,2048,1165,0.56884765625,0.8731856942176819
init-init,proj-c4-r50-s0,proj-alpaca-r50-s0,L13.qkv,13,qkv,2048,1496,0.73046875,0.9189016819000244
final-final,proj-c4-r50-s0,proj-alpaca-r50-s0,L13.qkv,13,qkv,2048,1496,0.73046875,0.91632080078125
init-init,proj-c4-r50-s0,proj-alpaca-r50-s0,L13.o,13,o,2048,1496,0.73046875,0.9128154516220093
final-final,proj-c4-r50-s0,proj-alpaca-r50-s0,L13.o,13,o,2048,1496,0.73046875,0.9096292853355408
init-init,proj-c4-r50-s0,proj-alpaca-r50-s0,L13.gateup,13,gateup,2048,1165,0.56884765625,0.8143462538719177
final-final,proj-c4-r50-s0,proj-alpaca-r50-s0,L13.gateup,13,gateup,2048,1165,0.56884765625,0.8086116909980774
init-init,proj-c4-r50-s0,proj-alpaca-r50-s0,L13.down,13,down,2048,1165,0.56884765625,0.8771486282348633
final-final,proj-c4-r50-s0,proj-alpaca-r50-s0,L13.down,13,down,2048,1165,0.56884765625,0.8714196681976318
init-init,proj-c4-r50-s0,proj-alpaca-r50-s0,L14.qkv,14,qkv,2048,1496,0.73046875,0.9222152233123779
final-final,proj-c4-r50-s0,proj-alpaca-r50-s0,L14.qkv,14,qkv,2048,1496,0.73046875,0.9200436472892761
init-init,proj-c4-r50-s0,proj-alpaca-r50-s0,L14.o,14,o,2048,1496,0.73046875,0.8984832167625427
final-final,proj-c4-r50-s0,proj-alpaca-r50-s0,L14.o,14,o,2048,1496,0.73046875,0.8944299221038818
init-init,proj-c4-r50-s0,proj-alpaca-r50-s0,L14.gateup,14,gateup,2048,1165,0.56884765625,0.8192744255065918
final-final,proj-c4-r50-s0,proj-alpaca-r50-s0,L14.gateup,14,gateup,2048,1165,0.56884765625,0.8139634132385254
init-init,proj-c4-r50-s0,proj-alpaca-r50-s0,L14.down,14,down,2048,1165,0.56884765625,0.8737117052078247
final-final,proj-c4-r50-s0,proj-alpaca-r50-s0,L14.down,14,down,2048,1165,0.56884765625,0.8690312504768372
init-init,proj-c4-r50-s0,proj-alpaca-r50-s0,L15.qkv,15,qkv,2048,1496,0.73046875,0.9215115904808044
final-final,proj-c4-r50-s0,proj-alpaca-r50-s0,L15.qkv,15,qkv,2048,1496,0.73046875,0.9195762276649475
init-init,proj-c4-r50-s0,proj-alpaca-r50-s0,L15.o,15,o,2048,1496,0.73046875,0.9223539233207703
final-final,proj-c4-r50-s0,proj-alpaca-r50-s0,L15.o,15,o,2048,1496,0.73046875,0.9187102317810059
init-init,proj-c4-r50-s0,proj-alpaca-r50-s0,L15.gateup,15,gateup,2048,1165,0.56884765625,0.8106783032417297
final-final,proj-c4-r50-s0,proj-alpaca-r50-s0,L15.gateup,15,gateup,2048,1165,0.56884765625,0.8077329993247986
init-init,proj-c4-r50-s0,proj-alpaca-r50-s0,L15.down,15,down,2048,1165,0.56884765625,0.8772308826446533
final-final,proj-c4-r50-s0,proj-alpaca-r50-s0,L15.down,15,down,2048,1165,0.56884765625,0.8753114342689514
init-init,proj-c4-r50-s0,proj-selfgen-r50-s0,L0.qkv,0,qkv,2048,1496,0.73046875,0.9392750859260559
final-final,proj-c4-r50-s0,proj-selfgen-r50-s0,L0.qkv,0,qkv,2048,1496,0.73046875,0.9367136359214783
init-init,proj-c4-r50-s0,proj-selfgen-r50-s0,L0.o,0,o,2048,1496,0.73046875,0.9414880275726318
final-final,proj-c4-r50-s0,proj-selfgen-r50-s0,L0.o,0,o,2048,1496,0.73046875,0.9384282231330872
init-init,proj-c4-r50-s0,proj-selfgen-r50-s0,L0.gateup,0,gateup,2048,1165,0.56884765625,0.8185191750526428
final-final,proj-c4-r50-s0,proj-selfgen-r50-s0,L0.gateup,0,gateup,2048,1165,0.56884765625,0.8148368000984192
init-init,proj-c4-r50-s0,proj-selfgen-r50-s0,L0.down,0,down,2048,1165,0.56884765625,0.8717150688171387
final-final,proj-c4-r50-s0,proj-selfgen-r50-s0,L0.down,0,down,2048,1165,0.56884765625,0.867896556854248
init-init,proj-c4-r50-s0,proj-selfgen-r50-s0,L1.qkv,1,qkv,2048,1496,0.73046875,0.9410760402679443
final-final,proj-c4-r50-s0,proj-selfgen-r50-s0,L1.qkv,1,qkv,2048,1496,0.73046875,0.9389917850494385
init-init,proj-c4-r50-s0,proj-selfgen-r50-s0,L1.o,1,o,2048,1496,0.73046875,0.9387659430503845
final-final,proj-c4-r50-s0,proj-selfgen-r50-s0,L1.o,1,o,2048,1496,0.73046875,0.9349889159202576
init-init,proj-c4-r50-s0,proj-selfgen-r50-s0,L1.gateup,1,gateup,2048,1165,0.56884765625,0.821384847164154
final-final,proj-c4-r50-s0,proj-selfgen-r50-s0,L1.gateup,1,gateup,2048,1165,0.56884765625,0.8166652321815491
init-init,proj-c4-r50-s0,proj-selfgen-r50-s0,L1.down,1,down,2048,1165,0.56884765625,0.872035562992096
final-final,proj-c4-r50-s0,proj-selfgen-r50-s0,L1.down,1,down,2048,1165,0.56884765625,0.8686859011650085
init-init,proj-c4-r50-s0,proj-selfgen-r50-s0,L2.qkv,2,qkv,2048,1496,0.73046875,0.9321207404136658
final-final,proj-c4-r50-s0,proj-selfgen-r50-s0,L2.qkv,2,qkv,2048,1496,0.73046875,0.9298362135887146
init-init,proj-c4-r50-s0,proj-selfgen-r50-s0,L2.o,2,o,2048,1496,0.73046875,0.9113989472389221
final-final,proj-c4-r50-s0,proj-selfgen-r50-s0,L2.o,2,o,2048,1496,0.73046875,0.9075144529342651
init-init,proj-c4-r50-s0,proj-selfgen-r50-s0,L2.gateup,2,gateup,2048,1165,0.56884765625,0.8063128590583801
final-final,proj-c4-r50-s0,proj-selfgen-r50-s0,L2.gateup,2,gateup,2048,1165,0.56884765625,0.8022921085357666
init-init,proj-c4-r50-s0,proj-selfgen-r50-s0,L2.down,2,down,2048,1165,0.56884765625,0.8699529767036438
final-final,proj-c4-r50-s0,proj-selfgen-r50-s0,L2.down,2,down,2048,1165,0.56884765625,0.8658709526062012
init-init,proj-c4-r50-s0,proj-selfgen-r50-s0,L3.qkv,3,qkv,2048,1496,0.73046875,0.9196277856826782
final-final,proj-c4-r50-s0,proj-selfgen-r50-s0,L3.qkv,3,qkv,2048,1496,0.73046875,0.9176322817802429
init-init,proj-c4-r50-s0,proj-selfgen-r50-s0,L3.o,3,o,2048,1496,0.73046875,0.9214209914207458
final-final,proj-c4-r50-s0,proj-selfgen-r50-s0,L3.o,3,o,2048,1496,0.73046875,0.9173078536987305
init-init,proj-c4-r50-s0,proj-selfgen-r50-s0,L3.gateup,3,gateup,2048,1165,0.56884765625,0.8071143627166748
final-final,proj-c4-r50-s0,proj-selfgen-r50-s0,L3.gateup,3,gateup,2048,1165,0.56884765625,0.8031242489814758
init-init,proj-c4-r50-s0,proj-selfgen-r50-s0,L3.down,3,down,2048,1165,0.56884765625,0.8650507926940918
final-final,proj-c4-r50-s0,proj-selfgen-r50-s0,L3.down,3,down,2048,1165,0.56884765625,0.8613343238830566
init-init,proj-c4-r50-s0,proj-selfgen-r50-s0,L4.qkv,4,qkv,2048,1496,0.73046875,0.9163798689842224
final-final,proj-c4-r50-s0,proj-selfgen-r50-s0,L4.qkv,4,qkv,2048,1496,0.73046875,0.9141792058944702
init-init,proj-c4-r50-s0,proj-selfgen-r50-s0,L4.o,4,o,2048,1496,0.73046875,0.9114571213722229
final-final,proj-c4-r50-s0,proj-selfgen-r50-s0,L4.o,4,o,2048,1496,0.73046875,0.9079815149307251
init-init,proj-c4-r50-s0,proj-selfgen-r50-s0,L4.gateup,4,gateup,2048,1165,0.56884765625,0.7926560640335083
final-final,proj-c4-r50-s0,proj-selfgen-r50-s0,L4.gateup,4,gateup,2048,1165,0.56884765625,0.7892764210700989
init-init,proj-c4-r50-s0,proj-selfgen-r50-s0,L4.down,4,down,2048,1165,0.56884765625,0.8670823574066162
final-final,proj-c4-r50-s0,proj-selfgen-r50-s0,L4.down,4,down,2048,1165,0.56884765625,0.8632545471191406
init-init,proj-c4-r50-s0,proj-selfgen-r50-s0,L5.qkv,5,qkv,2048,1496,0.73046875,0.9211907386779785
final-final,proj-c4-r50-s0,proj-selfgen-r50-s0,L5.qkv,5,qkv,2048,1496,0.73046875,0.9187964200973511
init-init,proj-c4-r50-s0,proj-selfgen-r50-s0,L5.o,5,o,2048,1496,0.73046875,0.9301587343215942
final-final,proj-c4-r50-s0,proj-selfgen-r50-s0,L5.o,5,o,2048,1496,0.73046875,0.9263085722923279
init-init,proj-c4-r50-s0,proj-selfgen-r50-s0,L5.gateup,5,gateup,2048,1165,0.56884765625,0.7895870804786682
final-final,proj-c4-r50-s0,proj-selfgen-r50-s0,L5.gateup,5,gateup,2048,1165,0.56884765625,0.7859920263290405
init-init,proj-c4-r50-s0,proj-selfgen-r50-s0,L5.down,5,down,2048,1165,0.56884765625,0.876646101474762
final-final,proj-c4-r50-s0,proj-selfgen-r50-s0,L5.down,5,down,2048,1165,0.56884765625,0.872785747051239
init-init,proj-c4-r50-s0,proj-selfgen-r50-s0,L6.qkv,6,qkv,2048,1496,0.73046875,0.9153215885162354
final-final,proj-c4-r50-s0,proj-selfgen-r50-s0,L6.qkv,6,qkv,2048,1496,0.73046875,0.9128602743148804
init-init,proj-c4-r50-s0,proj-selfgen-r50-s0,L6.o,6,o,2048,1496,0.73046875,0.9337869882583618
final-final,proj-c4-r50-s0,proj-selfgen-r50-s0,L6.o,6,o,2048,1496,0.73046875,0.9300543665885925
init-init,proj-c4-r50-s0,proj-selfgen-r50-s0,L6.gateup,6,gateup,2048,1165,0.56884765625,0.792532742023468
final-final,proj-c4-r50-s0,proj-selfgen-r50-s0,L6.gateup,6,gateup,2048,1165,0.56884765625,0.789197564125061
init-init,proj-c4-r50-s0,proj-selfgen-r50-s0,L6.down,6,down,2048,1165,0.56884765625,0.8812271952629089
final-final,proj-c4-r50-s0,proj-selfgen-r50-s0,L6.down,6,down,2048,1165,0.56884765625,0.8770188093185425
init-init,proj-c4-r50-s0,proj-selfgen-r50-s0,L7.qkv,7,qkv,2048,1496,0.73046875,0.9127320647239685
final-final,proj-c4-r50-s0,proj-selfgen-r50-s0,L7.qkv,7,qkv,2048,1496,0.73046875,0.9101511836051941
init-init,proj-c4-r50-s0,proj-selfgen-r50-s0,L7.o,7,o,2048,1496,0.73046875,0.9235468506813049
final-final,proj-c4-r50-s0,proj-selfgen-r50-s0,L7.o,7,o,2048,1496,0.73046875,0.9199056625366211
init-init,proj-c4-r50-s0,proj-selfgen-r50-s0,L7.gateup,7,gateup,2048,1165,0.56884765625,0.7929505705833435
final-final,proj-c4-r50-s0,proj-selfgen-r50-s0,L7.gateup,7,gateup,2048,1165,0.56884765625,0.7896368503570557
init-init,proj-c4-r50-s0,proj-selfgen-r50-s0,L7.down,7,down,2048,1165,0.56884765625,0.8766266107559204
final-final,proj-c4-r50-s0,proj-selfgen-r50-s0,L7.down,7,down,2048,1165,0.56884765625,0.8727341890335083
init-init,proj-c4-r50-s0,proj-selfgen-r50-s0,L8.qkv,8,qkv,2048,1496,0.73046875,0.9066540002822876
final-final,proj-c4-r50-s0,proj-selfgen-r50-s0,L8.qkv,8,qkv,2048,1496,0.73046875,0.9040777087211609
init-init,proj-c4-r50-s0,proj-selfgen-r50-s0,L8.o,8,o,2048,1496,0.73046875,0.9310434460639954
final-final,proj-c4-r50-s0,proj-selfgen-r50-s0,L8.o,8,o,2048,1496,0.73046875,0.9272868037223816
init-init,proj-c4-r50-s0,proj-selfgen-r50-s0,L8.gateup,8,gateup,2048,1165,0.56884765625,0.7948567271232605
final-final,proj-c4-r50-s0,proj-selfgen-r50-s0,L8.gateup,8,gateup,2048,1165,0.56884765625,0.7918766140937805
init-init,proj-c4-r50-s0,proj-selfgen-r50-s0,L8.down,8,down,2048,1165,0.56884765625,0.8682713508605957
final-final,proj-c4-r50-s0,proj-selfgen-r50-s0,L8.down,8,down,2048,1165,0.56884765625,0.8646606206893921
init-init,proj-c4-r50-s0,proj-selfgen-r50-s0,L9.qkv,9,qkv,2048,1496,0.73046875,0.9034546613693237
final-final,proj-c4-r50-s0,proj-selfgen-r50-s0,L9.qkv,9,qkv,2048,1496,0.73046875,0.9013085961341858
init-init,proj-c4-r50-s0,proj-selfgen-r50-s0,L9.o,9,o,2048,1496,0.73046875,0.9275499582290649
final-final,proj-c4-r50-s0,proj-selfgen-r50-s0,L9.o,9,o,2048,1496,0.73046875,0.9238036870956421
init-init,proj-c4-r50-s0,proj-selfgen-r50-s0,L9.gateup,9,gateup,2048,1165,0.56884765625,0.8027015924453735
final-final,proj-c4-r50-s0,proj-selfgen-r50-s0,L9.gateup,9,gateup,2048,1165,0.56884765625,0.7995356321334839
init-init,proj-c4-r50-s0,proj-selfgen-r50-s0,L9.down,9,down,2048,1165,0.56884765625,0.8623759150505066
final-final,proj-c4-r50-s0,proj-selfgen-r50-s0,L9.down,9,down,2048,1165,0.56884765625,0.8580350279808044
init-init,proj-c4-r50-s0,proj-selfgen-r50-s0,L10.qkv,10,qkv,2048,1496,0.73046875,0.904690682888031
final-final,proj-c4-r50-s0,proj-selfgen-r50-s0,L10.qkv,10,qkv,2048,1496,0.73046875,0.9023287296295166
init-init,proj-c4-r50-s0,proj-selfgen-r50-s0,L10.o,10,o,2048,1496,0.73046875,0.9368811845779419
final-final,proj-c4-r50-s0,proj-selfgen-r50-s0,L10.o,10,o,2048,1496,0.73046875,0.9328435659408569
init-init,proj-c4-r50-s0,proj-selfgen-r50-s0,L10.gateup,10,gateup,2048,1165,0.56884765625,0.7867178320884705
final-final,proj-c4-r50-s0,proj-selfgen-r50-s0,L10.gateup,10,gateup,2048,1165,0.56884765625,0.7834991812705994
init-init,proj-c4-r50-s0,proj-selfgen-r50-s0,L10.down,10,down,2048,1165,0.56884765625,0.8639442324638367
final-final,proj-c4-r50-s0,proj-selfgen-r50-s0,L10.down,10,down,2048,1165,0.56884765625,0.8590670228004456
init-init,proj-c4-r50-s0,proj-selfgen-r50-s0,L11.qkv,11,qkv,2048,1496,0.73046875,0.8946205377578735
final-final,proj-c4-r50-s0,proj-selfgen-r50-s0,L11.qkv,11,qkv,2048,1496,0.73046875,0.8922954201698303
init-init,proj-c4-r50-s0,proj-selfgen-r50-s0,L11.o,11,o,2048,1496,0.73046875,0.9158077836036682
final-final,proj-c4-r50-s0,proj-selfgen-r50-s0,L11.o,11,o,2048,1496,0.73046875,0.9118842482566833
init-init,proj-c4-r50-s0,proj-selfgen-r50-s0,L11.gateup,11,gateup,2048,1165,0.56884765625,0.7837495803833008
final-final,proj-c4-r50-s0,proj-selfgen-r50-s0,L11.gateup,11,gateup,2048,1165,0.56884765625,0.7804402112960815
init-init,proj-c4-r50-s0,proj-selfgen-r50-s0,L11.down,11,down,2048,1165,0.56884765625,0.8612964153289795
final-final,proj-c4-r50-s0,proj-selfgen-r50-s0,L11.down,11,down,2048,1165,0.56884765625,0.8564592003822327
init-init,proj-c4-r50-s0,proj-selfgen-r50-s0,L12.qkv,12,qkv,2048,1496,0.73046875,0.9025142192840576
final-final,proj-c4-r50-s0,proj-selfgen-r50-s0,L12.qkv,12,qkv,2048,1496,0.73046875,0.9001371264457703
init-init,proj-c4-r50-s0,proj-selfgen-r50-s0,L12.o,12,o,2048,1496,0.73046875,0.90191650390625
final-final,proj-c4-r50-s0,proj-selfgen-r50-s0,L12.o,12,o,2048,1496,0.73046875,0.8980776071548462
init-init,proj-c4-r50-s0,proj-selfgen-r50-s0,L12.gateup,12,gateup,2048,1165,0.56884765625,0.7781336903572083
final-final,proj-c4-r50-s0,proj-selfgen-r50-s0,L12.gateup,12,gateup,2048,1165,0.56884765625,0.7742848992347717
init-init,proj-c4-r50-s0,proj-selfgen-r50-s0,L12.down,12,down,2048,1165,0.56884765625,0.8683793544769287
final-final,proj-c4-r50-s0,proj-selfgen-r50-s0,L12.down,12,down,2048,1165,0.56884765625,0.862988293170929
init-init,proj-c4-r50-s0,proj-selfgen-r50-s0,L13.qkv,13,qkv,2048,1496,0.73046875,0.9033622741699219
final-final,proj-c4-r50-s0,proj-selfgen-r50-s0,L13.qkv,13,qkv,2048,1496,0.73046875,0.9008874297142029
init-init,proj-c4-r50-s0,proj-selfgen-r50-s0,L13.o,13,o,2048,1496,0.73046875,0.8766500353813171
final-final,proj-c4-r50-s0,proj-selfgen-r50-s0,L13.o,13,o,2048,1496,0.73046875,0.8740570545196533
init-init,proj-c4-r50-s0,proj-selfgen-r50-s0,L13.gateup,13,gateup,2048,1165,0.56884765625,0.7725900411605835
final-final,proj-c4-r50-s0,proj-selfgen-r50-s0,L13.gateup,13,gateup,2048,1165,0.56884765625,0.768781840801239
init-init,proj-c4-r50-s0,proj-selfgen-r50-s0,L13.down,13,down,2048,1165,0.56884765625,0.8600224852561951
final-final,proj-c4-r50-s0,proj-selfgen-r50-s0,L13.down,13,down,2048,1165,0.56884765625,0.855263352394104
init-init,proj-c4-r50-s0,proj-selfgen-r50-s0,L14.qkv,14,qkv,2048,1496,0.73046875,0.912939727306366
final-final,proj-c4-r50-s0,proj-selfgen-r50-s0,L14.qkv,14,qkv,2048,1496,0.73046875,0.9106303453445435
init-init,proj-c4-r50-s0,proj-selfgen-r50-s0,L14.o,14,o,2048,1496,0.73046875,0.8905196189880371
final-final,proj-c4-r50-s0,proj-selfgen-r50-s0,L14.o,14,o,2048,1496,0.73046875,0.8864331841468811
init-init,proj-c4-r50-s0,proj-selfgen-r50-s0,L14.gateup,14,gateup,2048,1165,0.56884765625,0.774270236492157
final-final,proj-c4-r50-s0,proj-selfgen-r50-s0,L14.gateup,14,gateup,2048,1165,0.56884765625,0.7708034515380859
init-init,proj-c4-r50-s0,proj-selfgen-r50-s0,L14.down,14,down,2048,1165,0.56884765625,0.8550432324409485
final-final,proj-c4-r50-s0,proj-selfgen-r50-s0,L14.down,14,down,2048,1165,0.56884765625,0.8509738445281982
init-init,proj-c4-r50-s0,proj-selfgen-r50-s0,L15.qkv,15,qkv,2048,1496,0.73046875,0.9097805023193359
final-final,proj-c4-r50-s0,proj-selfgen-r50-s0,L15.qkv,15,qkv,2048,1496,0.73046875,0.9077742695808411
init-init,proj-c4-r50-s0,proj-selfgen-r50-s0,L15.o,15,o,2048,1496,0.73046875,0.9058700799942017
final-final,proj-c4-r50-s0,proj-selfgen-r50-s0,L15.o,15,o,2048,1496,0.73046875,0.9023256301879883
init-init,proj-c4-r50-s0,proj-selfgen-r50-s0,L15.gateup,15,gateup,2048,1165,0.56884765625,0.7609578371047974
final-final,proj-c4-r50-s0,proj-selfgen-r50-s0,L15.gateup,15,gateup,2048,1165,0.56884765625,0.7591366171836853
init-init,proj-c4-r50-s0,proj-selfgen-r50-s0,L15.down,15,down,2048,1165,0.56884765625,0.8549326062202454
final-final,proj-c4-r50-s0,proj-selfgen-r50-s0,L15.down,15,down,2048,1165,0.56884765625,0.8533509969711304
init-init,proj-c4-r50-s0,proj-selfdoc-r50-s0,L0.qkv,0,qkv,2048,1496,0.73046875,0.9591910243034363
final-final,proj-c4-r50-s0,proj-selfdoc-r50-s0,L0.qkv,0,qkv,2048,1496,0.73046875,0.9562556147575378
init-init,proj-c4-r50-s0,proj-selfdoc-r50-s0,L0.o,0,o,2048,1496,0.73046875,0.950555682182312
final-final,proj-c4-r50-s0,proj-selfdoc-r50-s0,L0.o,0,o,2048,1496,0.73046875,0.9477357864379883
init-init,proj-c4-r50-s0,proj-selfdoc-r50-s0,L0.gateup,0,gateup,2048,1165,0.56884765625,0.8828184604644775
final-final,proj-c4-r50-s0,proj-selfdoc-r50-s0,L0.gateup,0,gateup,2048,1165,0.56884765625,0.876157820224762
init-init,proj-c4-r50-s0,proj-selfdoc-r50-s0,L0.down,0,down,2048,1165,0.56884765625,0.9033011198043823
final-final,proj-c4-r50-s0,proj-selfdoc-r50-s0,L0.down,0,down,2048,1165,0.56884765625,0.8992684483528137
init-init,proj-c4-r50-s0,proj-selfdoc-r50-s0,L1.qkv,1,qkv,2048,1496,0.73046875,0.9559012055397034
final-final,proj-c4-r50-s0,proj-selfdoc-r50-s0,L1.qkv,1,qkv,2048,1496,0.73046875,0.9541207551956177
init-init,proj-c4-r50-s0,proj-selfdoc-r50-s0,L1.o,1,o,2048,1496,0.73046875,0.9552863836288452
final-final,proj-c4-r50-s0,proj-selfdoc-r50-s0,L1.o,1,o,2048,1496,0.73046875,0.9515553116798401
init-init,proj-c4-r50-s0,proj-selfdoc-r50-s0,L1.gateup,1,gateup,2048,1165,0.56884765625,0.884630024433136
final-final,proj-c4-r50-s0,proj-selfdoc-r50-s0,L1.gateup,1,gateup,2048,1165,0.56884765625,0.8777680993080139
init-init,proj-c4-r50-s0,proj-selfdoc-r50-s0,L1.down,1,down,2048,1165,0.56884765625,0.9123040437698364
final-final,proj-c4-r50-s0,proj-selfdoc-r50-s0,L1.down,1,down,2048,1165,0.56884765625,0.9086536765098572
init-init,proj-c4-r50-s0,proj-selfdoc-r50-s0,L2.qkv,2,qkv,2048,1496,0.73046875,0.9538427591323853
final-final,proj-c4-r50-s0,proj-selfdoc-r50-s0,L2.qkv,2,qkv,2048,1496,0.73046875,0.9517437219619751
init-init,proj-c4-r50-s0,proj-selfdoc-r50-s0,L2.o,2,o,2048,1496,0.73046875,0.9256841540336609
final-final,proj-c4-r50-s0,proj-selfdoc-r50-s0,L2.o,2,o,2048,1496,0.73046875,0.921950101852417
init-init,proj-c4-r50-s0,proj-selfdoc-r50-s0,L2.gateup,2,gateup,2048,1165,0.56884765625,0.8711925148963928
final-final,proj-c4-r50-s0,proj-selfdoc-r50-s0,L2.gateup,2,gateup,2048,1165,0.56884765625,0.8654424548149109
init-init,proj-c4-r50-s0,proj-selfdoc-r50-s0,L2.down,2,down,2048,1165,0.56884765625,0.9172348976135254
final-final,proj-c4-r50-s0,proj-selfdoc-r50-s0,L2.down,2,down,2048,1165,0.56884765625,0.9126927256584167
init-init,proj-c4-r50-s0,proj-selfdoc-r50-s0,L3.qkv,3,qkv,2048,1496,0.73046875,0.9493454098701477
final-final,proj-c4-r50-s0,proj-selfdoc-r50-s0,L3.qkv,3,qkv,2048,1496,0.73046875,0.9474890828132629
init-init,proj-c4-r50-s0,proj-selfdoc-r50-s0,L3.o,3,o,2048,1496,0.73046875,0.9532757997512817
final-final,proj-c4-r50-s0,proj-selfdoc-r50-s0,L3.o,3,o,2048,1496,0.73046875,0.9489933252334595
init-init,proj-c4-r50-s0,proj-selfdoc-r50-s0,L3.gateup,3,gateup,2048,1165,0.56884765625,0.876438558101654
final-final,proj-c4-r50-s0,proj-selfdoc-r50-s0,L3.gateup,3,gateup,2048,1165,0.56884765625,0.8707065582275391
init-init,proj-c4-r50-s0,proj-selfdoc-r50-s0,L3.down,3,down,2048,1165,0.56884765625,0.9173924922943115
final-final,proj-c4-r50-s0,proj-selfdoc-r50-s0,L3.down,3,down,2048,1165,0.56884765625,0.9131230115890503
init-init,proj-c4-r50-s0,proj-selfdoc-r50-s0,L4.qkv,4,qkv,2048,1496,0.73046875,0.9474090933799744
final-final,proj-c4-r50-s0,proj-selfdoc-r50-s0,L4.qkv,4,qkv,2048,1496,0.73046875,0.9453366994857788
init-init,proj-c4-r50-s0,proj-selfdoc-r50-s0,L4.o,4,o,2048,1496,0.73046875,0.9478849768638611
final-final,proj-c4-r50-s0,proj-selfdoc-r50-s0,L4.o,4,o,2048,1496,0.73046875,0.9442416429519653
init-init,proj-c4-r50-s0,proj-selfdoc-r50-s0,L4.gateup,4,gateup,2048,1165,0.56884765625,0.8654635548591614
final-final,proj-c4-r50-s0,proj-selfdoc-r50-s0,L4.gateup,4,gateup,2048,1165,0.56884765625,0.8605111837387085
init-init,proj-c4-r50-s0,proj-selfdoc-r50-s0,L4.down,4,down,2048,1165,0.56884765625,0.9158915877342224
final-final,proj-c4-r50-s0,proj-selfdoc-r50-s0,L4.down,4,down,2048,1165,0.56884765625,0.9116827249526978
init-init,proj-c4-r50-s0,proj-selfdoc-r50-s0,L5.qkv,5,qkv,2048,1496,0.73046875,0.9505037665367126
final-final,proj-c4-r50-s0,proj-selfdoc-r50-s0,L5.qkv,5,qkv,2048,1496,0.73046875,0.9481170177459717
init-init,proj-c4-r50-s0,proj-selfdoc-r50-s0,L5.o,5,o,2048,1496,0.73046875,0.9589394927024841
final-final,proj-c4-r50-s0,proj-selfdoc-r50-s0,L5.o,5,o,2048,1496,0.73046875,0.9551026821136475
init-init,proj-c4-r50-s0,proj-selfdoc-r50-s0,L5.gateup,5,gateup,2048,1165,0.56884765625,0.8584417104721069
final-final,proj-c4-r50-s0,proj-selfdoc-r50-s0,L5.gateup,5,gateup,2048,1165,0.56884765625,0.8534719347953796
init-init,proj-c4-r50-s0,proj-selfdoc-r50-s0,L5.down,5,down,2048,1165,0.56884765625,0.9192787408828735
final-final,proj-c4-r50-s0,proj-selfdoc-r50-s0,L5.down,5,down,2048,1165,0.56884765625,0.9150747060775757
init-init,proj-c4-r50-s0,proj-selfdoc-r50-s0,L6.qkv,6,qkv,2048,1496,0.73046875,0.9473289847373962
final-final,proj-c4-r50-s0,proj-selfdoc-r50-s0,L6.qkv,6,qkv,2048,1496,0.73046875,0.9449544548988342
init-init,proj-c4-r50-s0,proj-selfdoc-r50-s0,L6.o,6,o,2048,1496,0.73046875,0.966402530670166
final-final,proj-c4-r50-s0,proj-selfdoc-r50-s0,L6.o,6,o,2048,1496,0.73046875,0.9627463221549988
init-init,proj-c4-r50-s0,proj-selfdoc-r50-s0,L6.gateup,6,gateup,2048,1165,0.56884765625,0.8645010590553284
final-final,proj-c4-r50-s0,proj-selfdoc-r50-s0,L6.gateup,6,gateup,2048,1165,0.56884765625,0.8598182797431946
init-init,proj-c4-r50-s0,proj-selfdoc-r50-s0,L6.down,6,down,2048,1165,0.56884765625,0.9258525371551514
final-final,proj-c4-r50-s0,proj-selfdoc-r50-s0,L6.down,6,down,2048,1165,0.56884765625,0.921268105506897
init-init,proj-c4-r50-s0,proj-selfdoc-r50-s0,L7.qkv,7,qkv,2048,1496,0.73046875,0.9473137855529785
final-final,proj-c4-r50-s0,proj-selfdoc-r50-s0,L7.qkv,7,qkv,2048,1496,0.73046875,0.9450356364250183
init-init,proj-c4-r50-s0,proj-selfdoc-r50-s0,L7.o,7,o,2048,1496,0.73046875,0.9611265063285828
final-final,proj-c4-r50-s0,proj-selfdoc-r50-s0,L7.o,7,o,2048,1496,0.73046875,0.9575964212417603
init-init,proj-c4-r50-s0,proj-selfdoc-r50-s0,L7.gateup,7,gateup,2048,1165,0.56884765625,0.8642839193344116
final-final,proj-c4-r50-s0,proj-selfdoc-r50-s0,L7.gateup,7,gateup,2048,1165,0.56884765625,0.8595985174179077
init-init,proj-c4-r50-s0,proj-selfdoc-r50-s0,L7.down,7,down,2048,1165,0.56884765625,0.926559567451477
final-final,proj-c4-r50-s0,proj-selfdoc-r50-s0,L7.down,7,down,2048,1165,0.56884765625,0.9222140908241272
init-init,proj-c4-r50-s0,proj-selfdoc-r50-s0,L8.qkv,8,qkv,2048,1496,0.73046875,0.9456454515457153
final-final,proj-c4-r50-s0,proj-selfdoc-r50-s0,L8.qkv,8,qkv,2048,1496,0.73046875,0.9429975748062134
init-init,proj-c4-r50-s0,proj-selfdoc-r50-s0,L8.o,8,o,2048,1496,0.73046875,0.96309494972229
final-final,proj-c4-r50-s0,proj-selfdoc-r50-s0,L8.o,8,o,2048,1496,0.73046875,0.9594644904136658
init-init,proj-c4-r50-s0,proj-selfdoc-r50-s0,L8.gateup,8,gateup,2048,1165,0.56884765625,0.8680683970451355
final-final,proj-c4-r50-s0,proj-selfdoc-r50-s0,L8.gateup,8,gateup,2048,1165,0.56884765625,0.863502025604248
init-init,proj-c4-r50-s0,proj-selfdoc-r50-s0,L8.down,8,down,2048,1165,0.56884765625,0.9197670221328735
final-final,proj-c4-r50-s0,proj-selfdoc-r50-s0,L8.down,8,down,2048,1165,0.56884765625,0.9150047898292542
init-init,proj-c4-r50-s0,proj-selfdoc-r50-s0,L9.qkv,9,qkv,2048,1496,0.73046875,0.9416012167930603
final-final,proj-c4-r50-s0,proj-selfdoc-r50-s0,L9.qkv,9,qkv,2048,1496,0.73046875,0.9391472339630127
init-init,proj-c4-r50-s0,proj-selfdoc-r50-s0,L9.o,9,o,2048,1496,0.73046875,0.9629921317100525
final-final,proj-c4-r50-s0,proj-selfdoc-r50-s0,L9.o,9,o,2048,1496,0.73046875,0.9591147303581238
init-init,proj-c4-r50-s0,proj-selfdoc-r50-s0,L9.gateup,9,gateup,2048,1165,0.56884765625,0.8695248961448669
final-final,proj-c4-r50-s0,proj-selfdoc-r50-s0,L9.gateup,9,gateup,2048,1165,0.56884765625,0.8646736741065979
init-init,proj-c4-r50-s0,proj-selfdoc-r50-s0,L9.down,9,down,2048,1165,0.56884765625,0.913377046585083
final-final,proj-c4-r50-s0,proj-selfdoc-r50-s0,L9.down,9,down,2048,1165,0.56884765625,0.9077845215797424
init-init,proj-c4-r50-s0,proj-selfdoc-r50-s0,L10.qkv,10,qkv,2048,1496,0.73046875,0.9405301809310913
final-final,proj-c4-r50-s0,proj-selfdoc-r50-s0,L10.qkv,10,qkv,2048,1496,0.73046875,0.9375919103622437
init-init,proj-c4-r50-s0,proj-selfdoc-r50-s0,L10.o,10,o,2048,1496,0.73046875,0.96143639087677
final-final,proj-c4-r50-s0,proj-selfdoc-r50-s0,L10.o,10,o,2048,1496,0.73046875,0.9572882056236267
init-init,proj-c4-r50-s0,proj-selfdoc-r50-s0,L10.gateup,10,gateup,2048,1165,0.56884765625,0.8516956567764282
final-final,proj-c4-r50-s0,proj-selfdoc-r50-s0,L10.gateup,10,gateup,2048,1165,0.56884765625,0.8466002345085144
init-init,proj-c4-r50-s0,proj-selfdoc-r50-s0,L10.down,10,down,2048,1165,0.56884765625,0.9120752215385437
final-final,proj-c4-r50-s0,proj-selfdoc-r50-s0,L10.down,10,down,2048,1165,0.56884765625,0.9058228135108948
init-init,proj-c4-r50-s0,proj-selfdoc-r50-s0,L11.qkv,11,qkv,2048,1496,0.73046875,0.9339302778244019
final-final,proj-c4-r50-s0,proj-selfdoc-r50-s0,L11.qkv,11,qkv,2048,1496,0.73046875,0.9311513304710388
init-init,proj-c4-r50-s0,proj-selfdoc-r50-s0,L11.o,11,o,2048,1496,0.73046875,0.9419578909873962
final-final,proj-c4-r50-s0,proj-selfdoc-r50-s0,L11.o,11,o,2048,1496,0.73046875,0.937443196773529
init-init,proj-c4-r50-s0,proj-selfdoc-r50-s0,L11.gateup,11,gateup,2048,1165,0.56884765625,0.8487234711647034
final-final,proj-c4-r50-s0,proj-selfdoc-r50-s0,L11.gateup,11,gateup,2048,1165,0.56884765625,0.8432249426841736
init-init,proj-c4-r50-s0,proj-selfdoc-r50-s0,L11.down,11,down,2048,1165,0.56884765625,0.9041815996170044
final-final,proj-c4-r50-s0,proj-selfdoc-r50-s0,L11.down,11,down,2048,1165,0.56884765625,0.8980745673179626
init-init,proj-c4-r50-s0,proj-selfdoc-r50-s0,L12.qkv,12,qkv,2048,1496,0.73046875,0.9362221956253052
final-final,proj-c4-r50-s0,proj-selfdoc-r50-s0,L12.qkv,12,qkv,2048,1496,0.73046875,0.9336273670196533
init-init,proj-c4-r50-s0,proj-selfdoc-r50-s0,L12.o,12,o,2048,1496,0.73046875,0.9331185221672058
final-final,proj-c4-r50-s0,proj-selfdoc-r50-s0,L12.o,12,o,2048,1496,0.73046875,0.9287951588630676
init-init,proj-c4-r50-s0,proj-selfdoc-r50-s0,L12.gateup,12,gateup,2048,1165,0.56884765625,0.838482677936554
final-final,proj-c4-r50-s0,proj-selfdoc-r50-s0,L12.gateup,12,gateup,2048,1165,0.56884765625,0.8320239186286926
init-init,proj-c4-r50-s0,proj-selfdoc-r50-s0,L12.down,12,down,2048,1165,0.56884765625,0.9074223041534424
final-final,proj-c4-r50-s0,proj-selfdoc-r50-s0,L12.down,12,down,2048,1165,0.56884765625,0.9006256461143494
init-init,proj-c4-r50-s0,proj-selfdoc-r50-s0,L13.qkv,13,qkv,2048,1496,0.73046875,0.9368100166320801
final-final,proj-c4-r50-s0,proj-selfdoc-r50-s0,L13.qkv,13,qkv,2048,1496,0.73046875,0.9340271353721619
init-init,proj-c4-r50-s0,proj-selfdoc-r50-s0,L13.o,13,o,2048,1496,0.73046875,0.9248588681221008
final-final,proj-c4-r50-s0,proj-selfdoc-r50-s0,L13.o,13,o,2048,1496,0.73046875,0.9210159778594971
init-init,proj-c4-r50-s0,proj-selfdoc-r50-s0,L13.gateup,13,gateup,2048,1165,0.56884765625,0.837422251701355
final-final,proj-c4-r50-s0,proj-selfdoc-r50-s0,L13.gateup,13,gateup,2048,1165,0.56884765625,0.8308109641075134
init-init,proj-c4-r50-s0,proj-selfdoc-r50-s0,L13.down,13,down,2048,1165,0.56884765625,0.9013426899909973
final-final,proj-c4-r50-s0,proj-selfdoc-r50-s0,L13.down,13,down,2048,1165,0.56884765625,0.8951160311698914
init-init,proj-c4-r50-s0,proj-selfdoc-r50-s0,L14.qkv,14,qkv,2048,1496,0.73046875,0.9411856532096863
final-final,proj-c4-r50-s0,proj-selfdoc-r50-s0,L14.qkv,14,qkv,2048,1496,0.73046875,0.9386556148529053
init-init,proj-c4-r50-s0,proj-selfdoc-r50-s0,L14.o,14,o,2048,1496,0.73046875,0.9298831820487976
final-final,proj-c4-r50-s0,proj-selfdoc-r50-s0,L14.o,14,o,2048,1496,0.73046875,0.9244926571846008
init-init,proj-c4-r50-s0,proj-selfdoc-r50-s0,L14.gateup,14,gateup,2048,1165,0.56884765625,0.8430777788162231
final-final,proj-c4-r50-s0,proj-selfdoc-r50-s0,L14.gateup,14,gateup,2048,1165,0.56884765625,0.8368645906448364
init-init,proj-c4-r50-s0,proj-selfdoc-r50-s0,L14.down,14,down,2048,1165,0.56884765625,0.8994250893592834
final-final,proj-c4-r50-s0,proj-selfdoc-r50-s0,L14.down,14,down,2048,1165,0.56884765625,0.8940523266792297
init-init,proj-c4-r50-s0,proj-selfdoc-r50-s0,L15.qkv,15,qkv,2048,1496,0.73046875,0.9408425092697144
final-final,proj-c4-r50-s0,proj-selfdoc-r50-s0,L15.qkv,15,qkv,2048,1496,0.73046875,0.938636839389801
init-init,proj-c4-r50-s0,proj-selfdoc-r50-s0,L15.o,15,o,2048,1496,0.73046875,0.9492012858390808
final-final,proj-c4-r50-s0,proj-selfdoc-r50-s0,L15.o,15,o,2048,1496,0.73046875,0.9446426033973694
init-init,proj-c4-r50-s0,proj-selfdoc-r50-s0,L15.gateup,15,gateup,2048,1165,0.56884765625,0.8367158770561218
final-final,proj-c4-r50-s0,proj-selfdoc-r50-s0,L15.gateup,15,gateup,2048,1165,0.56884765625,0.8333305716514587
init-init,proj-c4-r50-s0,proj-selfdoc-r50-s0,L15.down,15,down,2048,1165,0.56884765625,0.9075368046760559
final-final,proj-c4-r50-s0,proj-selfdoc-r50-s0,L15.down,15,down,2048,1165,0.56884765625,0.9055364727973938
init-init,proj-slimpajama-r50-s0,proj-alpaca-r50-s0,L0.qkv,0,qkv,2048,1496,0.73046875,0.9350959658622742
final-final,proj-slimpajama-r50-s0,proj-alpaca-r50-s0,L0.qkv,0,qkv,2048,1496,0.73046875,0.9325989484786987
init-init,proj-slimpajama-r50-s0,proj-alpaca-r50-s0,L0.o,0,o,2048,1496,0.73046875,0.9476661086082458
final-final,proj-slimpajama-r50-s0,proj-alpaca-r50-s0,L0.o,0,o,2048,1496,0.73046875,0.9447637796401978
init-init,proj-slimpajama-r50-s0,proj-alpaca-r50-s0,L0.gateup,0,gateup,2048,1165,0.56884765625,0.8284767866134644
final-final,proj-slimpajama-r50-s0,proj-alpaca-r50-s0,L0.gateup,0,gateup,2048,1165,0.56884765625,0.8237792253494263
init-init,proj-slimpajama-r50-s0,proj-alpaca-r50-s0,L0.down,0,down,2048,1165,0.56884765625,0.8659638166427612
final-final,proj-slimpajama-r50-s0,proj-alpaca-r50-s0,L0.down,0,down,2048,1165,0.56884765625,0.8622325658798218
init-init,proj-slimpajama-r50-s0,proj-alpaca-r50-s0,L1.qkv,1,qkv,2048,1496,0.73046875,0.9360032081604004
final-final,proj-slimpajama-r50-s0,proj-alpaca-r50-s0,L1.qkv,1,qkv,2048,1496,0.73046875,0.9341468214988708
init-init,proj-slimpajama-r50-s0,proj-alpaca-r50-s0,L1.o,1,o,2048,1496,0.73046875,0.9369007349014282
final-final,proj-slimpajama-r50-s0,proj-alpaca-r50-s0,L1.o,1,o,2048,1496,0.73046875,0.9332185983657837
init-init,proj-slimpajama-r50-s0,proj-alpaca-r50-s0,L1.gateup,1,gateup,2048,1165,0.56884765625,0.8410847783088684
final-final,proj-slimpajama-r50-s0,proj-alpaca-r50-s0,L1.gateup,1,gateup,2048,1165,0.56884765625,0.8355690836906433
init-init,proj-slimpajama-r50-s0,proj-alpaca-r50-s0,L1.down,1,down,2048,1165,0.56884765625,0.87224942445755
final-final,proj-slimpajama-r50-s0,proj-alpaca-r50-s0,L1.down,1,down,2048,1165,0.56884765625,0.868709146976471
init-init,proj-slimpajama-r50-s0,proj-alpaca-r50-s0,L2.qkv,2,qkv,2048,1496,0.73046875,0.9340985417366028
final-final,proj-slimpajama-r50-s0,proj-alpaca-r50-s0,L2.qkv,2,qkv,2048,1496,0.73046875,0.9320541620254517
init-init,proj-slimpajama-r50-s0,proj-alpaca-r50-s0,L2.o,2,o,2048,1496,0.73046875,0.9169111251831055
final-final,proj-slimpajama-r50-s0,proj-alpaca-r50-s0,L2.o,2,o,2048,1496,0.73046875,0.9130197763442993
init-init,proj-slimpajama-r50-s0,proj-alpaca-r50-s0,L2.gateup,2,gateup,2048,1165,0.56884765625,0.8343932032585144
final-final,proj-slimpajama-r50-s0,proj-alpaca-r50-s0,L2.gateup,2,gateup,2048,1165,0.56884765625,0.8294108510017395
init-init,proj-slimpajama-r50-s0,proj-alpaca-r50-s0,L2.down,2,down,2048,1165,0.56884765625,0.8756287693977356
final-final,proj-slimpajama-r50-s0,proj-alpaca-r50-s0,L2.down,2,down,2048,1165,0.56884765625,0.8714342713356018
init-init,proj-slimpajama-r50-s0,proj-alpaca-r50-s0,L3.qkv,3,qkv,2048,1496,0.73046875,0.9244785308837891
final-final,proj-slimpajama-r50-s0,proj-alpaca-r50-s0,L3.qkv,3,qkv,2048,1496,0.73046875,0.9226387739181519
init-init,proj-slimpajama-r50-s0,proj-alpaca-r50-s0,L3.o,3,o,2048,1496,0.73046875,0.9297696352005005
final-final,proj-slimpajama-r50-s0,proj-alpaca-r50-s0,L3.o,3,o,2048,1496,0.73046875,0.9256756901741028
init-init,proj-slimpajama-r50-s0,proj-alpaca-r50-s0,L3.gateup,3,gateup,2048,1165,0.56884765625,0.8343174457550049
final-final,proj-slimpajama-r50-s0,proj-alpaca-r50-s0,L3.gateup,3,gateup,2048,1165,0.56884765625,0.8294818997383118
init-init,proj-slimpajama-r50-s0,proj-alpaca-r50-s0,L3.down,3,down,2048,1165,0.56884765625,0.873151957988739
final-final,proj-slimpajama-r50-s0,proj-alpaca-r50-s0,L3.down,3,down,2048,1165,0.56884765625,0.8692126274108887
init-init,proj-slimpajama-r50-s0,proj-alpaca-r50-s0,L4.qkv,4,qkv,2048,1496,0.73046875,0.9216235876083374
final-final,proj-slimpajama-r50-s0,proj-alpaca-r50-s0,L4.qkv,4,qkv,2048,1496,0.73046875,0.9197152853012085
init-init,proj-slimpajama-r50-s0,proj-alpaca-r50-s0,L4.o,4,o,2048,1496,0.73046875,0.9243296384811401
final-final,proj-slimpajama-r50-s0,proj-alpaca-r50-s0,L4.o,4,o,2048,1496,0.73046875,0.920918345451355
init-init,proj-slimpajama-r50-s0,proj-alpaca-r50-s0,L4.gateup,4,gateup,2048,1165,0.56884765625,0.8209851980209351
final-final,proj-slimpajama-r50-s0,proj-alpaca-r50-s0,L4.gateup,4,gateup,2048,1165,0.56884765625,0.8168718218803406
init-init,proj-slimpajama-r50-s0,proj-alpaca-r50-s0,L4.down,4,down,2048,1165,0.56884765625,0.8697509765625
final-final,proj-slimpajama-r50-s0,proj-alpaca-r50-s0,L4.down,4,down,2048,1165,0.56884765625,0.8659639954566956
init-init,proj-slimpajama-r50-s0,proj-alpaca-r50-s0,L5.qkv,5,qkv,2048,1496,0.73046875,0.9259505271911621
final-final,proj-slimpajama-r50-s0,proj-alpaca-r50-s0,L5.qkv,5,qkv,2048,1496,0.73046875,0.9237930774688721
init-init,proj-slimpajama-r50-s0,proj-alpaca-r50-s0,L5.o,5,o,2048,1496,0.73046875,0.9350607395172119
final-final,proj-slimpajama-r50-s0,proj-alpaca-r50-s0,L5.o,5,o,2048,1496,0.73046875,0.9312546849250793
init-init,proj-slimpajama-r50-s0,proj-alpaca-r50-s0,L5.gateup,5,gateup,2048,1165,0.56884765625,0.8106805086135864
final-final,proj-slimpajama-r50-s0,proj-alpaca-r50-s0,L5.gateup,5,gateup,2048,1165,0.56884765625,0.8066453337669373
init-init,proj-slimpajama-r50-s0,proj-alpaca-r50-s0,L5.down,5,down,2048,1165,0.56884765625,0.8776265382766724
final-final,proj-slimpajama-r50-s0,proj-alpaca-r50-s0,L5.down,5,down,2048,1165,0.56884765625,0.8736276626586914
init-init,proj-slimpajama-r50-s0,proj-alpaca-r50-s0,L6.qkv,6,qkv,2048,1496,0.73046875,0.9203664660453796
final-final,proj-slimpajama-r50-s0,proj-alpaca-r50-s0,L6.qkv,6,qkv,2048,1496,0.73046875,0.9182296991348267
init-init,proj-slimpajama-r50-s0,proj-alpaca-r50-s0,L6.o,6,o,2048,1496,0.73046875,0.9373363256454468
final-final,proj-slimpajama-r50-s0,proj-alpaca-r50-s0,L6.o,6,o,2048,1496,0.73046875,0.933810830116272
init-init,proj-slimpajama-r50-s0,proj-alpaca-r50-s0,L6.gateup,6,gateup,2048,1165,0.56884765625,0.8176869750022888
final-final,proj-slimpajama-r50-s0,proj-alpaca-r50-s0,L6.gateup,6,gateup,2048,1165,0.56884765625,0.8139070868492126
init-init,proj-slimpajama-r50-s0,proj-alpaca-r50-s0,L6.down,6,down,2048,1165,0.56884765625,0.8853878378868103
final-final,proj-slimpajama-r50-s0,proj-alpaca-r50-s0,L6.down,6,down,2048,1165,0.56884765625,0.8811050057411194
init-init,proj-slimpajama-r50-s0,proj-alpaca-r50-s0,L7.qkv,7,qkv,2048,1496,0.73046875,0.9200250506401062
final-final,proj-slimpajama-r50-s0,proj-alpaca-r50-s0,L7.qkv,7,qkv,2048,1496,0.73046875,0.9178907871246338
init-init,proj-slimpajama-r50-s0,proj-alpaca-r50-s0,L7.o,7,o,2048,1496,0.73046875,0.9304671883583069
final-final,proj-slimpajama-r50-s0,proj-alpaca-r50-s0,L7.o,7,o,2048,1496,0.73046875,0.9271609783172607
init-init,proj-slimpajama-r50-s0,proj-alpaca-r50-s0,L7.gateup,7,gateup,2048,1165,0.56884765625,0.8174346089363098
final-final,proj-slimpajama-r50-s0,proj-alpaca-r50-s0,L7.gateup,7,gateup,2048,1165,0.56884765625,0.8136537075042725
init-init,proj-slimpajama-r50-s0,proj-alpaca-r50-s0,L7.down,7,down,2048,1165,0.56884765625,0.8853192925453186
final-final,proj-slimpajama-r50-s0,proj-alpaca-r50-s0,L7.down,7,down,2048,1165,0.56884765625,0.8812292814254761
init-init,proj-slimpajama-r50-s0,proj-alpaca-r50-s0,L8.qkv,8,qkv,2048,1496,0.73046875,0.916386067867279
final-final,proj-slimpajama-r50-s0,proj-alpaca-r50-s0,L8.qkv,8,qkv,2048,1496,0.73046875,0.9141544699668884
init-init,proj-slimpajama-r50-s0,proj-alpaca-r50-s0,L8.o,8,o,2048,1496,0.73046875,0.9314101934432983
final-final,proj-slimpajama-r50-s0,proj-alpaca-r50-s0,L8.o,8,o,2048,1496,0.73046875,0.928029477596283
init-init,proj-slimpajama-r50-s0,proj-alpaca-r50-s0,L8.gateup,8,gateup,2048,1165,0.56884765625,0.8216351866722107
final-final,proj-slimpajama-r50-s0,proj-alpaca-r50-s0,L8.gateup,8,gateup,2048,1165,0.56884765625,0.8180471062660217
init-init,proj-slimpajama-r50-s0,proj-alpaca-r50-s0,L8.down,8,down,2048,1165,0.56884765625,0.8775092363357544
final-final,proj-slimpajama-r50-s0,proj-alpaca-r50-s0,L8.down,8,down,2048,1165,0.56884765625,0.8729186058044434
init-init,proj-slimpajama-r50-s0,proj-alpaca-r50-s0,L9.qkv,9,qkv,2048,1496,0.73046875,0.9149791598320007
final-final,proj-slimpajama-r50-s0,proj-alpaca-r50-s0,L9.qkv,9,qkv,2048,1496,0.73046875,0.9128038883209229
init-init,proj-slimpajama-r50-s0,proj-alpaca-r50-s0,L9.o,9,o,2048,1496,0.73046875,0.9330937266349792
final-final,proj-slimpajama-r50-s0,proj-alpaca-r50-s0,L9.o,9,o,2048,1496,0.73046875,0.929512083530426
init-init,proj-slimpajama-r50-s0,proj-alpaca-r50-s0,L9.gateup,9,gateup,2048,1165,0.56884765625,0.8277649879455566
final-final,proj-slimpajama-r50-s0,proj-alpaca-r50-s0,L9.gateup,9,gateup,2048,1165,0.56884765625,0.823854386806488
init-init,proj-slimpajama-r50-s0,proj-alpaca-r50-s0,L9.down,9,down,2048,1165,0.56884765625,0.8693358898162842
final-final,proj-slimpajama-r50-s0,proj-alpaca-r50-s0,L9.down,9,down,2048,1165,0.56884765625,0.8642558455467224
init-init,proj-slimpajama-r50-s0,proj-alpaca-r50-s0,L10.qkv,10,qkv,2048,1496,0.73046875,0.9163443446159363
final-final,proj-slimpajama-r50-s0,proj-alpaca-r50-s0,L10.qkv,10,qkv,2048,1496,0.73046875,0.9139343500137329
init-init,proj-slimpajama-r50-s0,proj-alpaca-r50-s0,L10.o,10,o,2048,1496,0.73046875,0.9417661428451538
final-final,proj-slimpajama-r50-s0,proj-alpaca-r50-s0,L10.o,10,o,2048,1496,0.73046875,0.9379225373268127
init-init,proj-slimpajama-r50-s0,proj-alpaca-r50-s0,L10.gateup,10,gateup,2048,1165,0.56884765625,0.8097490668296814
final-final,proj-slimpajama-r50-s0,proj-alpaca-r50-s0,L10.gateup,10,gateup,2048,1165,0.56884765625,0.8058784604072571
init-init,proj-slimpajama-r50-s0,proj-alpaca-r50-s0,L10.down,10,down,2048,1165,0.56884765625,0.8715935349464417
final-final,proj-slimpajama-r50-s0,proj-alpaca-r50-s0,L10.down,10,down,2048,1165,0.56884765625,0.8660263419151306
init-init,proj-slimpajama-r50-s0,proj-alpaca-r50-s0,L11.qkv,11,qkv,2048,1496,0.73046875,0.9078503847122192
final-final,proj-slimpajama-r50-s0,proj-alpaca-r50-s0,L11.qkv,11,qkv,2048,1496,0.73046875,0.9053986072540283
init-init,proj-slimpajama-r50-s0,proj-alpaca-r50-s0,L11.o,11,o,2048,1496,0.73046875,0.9218700528144836
final-final,proj-slimpajama-r50-s0,proj-alpaca-r50-s0,L11.o,11,o,2048,1496,0.73046875,0.917786180973053
init-init,proj-slimpajama-r50-s0,proj-alpaca-r50-s0,L11.gateup,11,gateup,2048,1165,0.56884765625,0.8057869076728821
final-final,proj-slimpajama-r50-s0,proj-alpaca-r50-s0,L11.gateup,11,gateup,2048,1165,0.56884765625,0.8015917539596558
init-init,proj-slimpajama-r50-s0,proj-alpaca-r50-s0,L11.down,11,down,2048,1165,0.56884765625,0.8644839525222778
final-final,proj-slimpajama-r50-s0,proj-alpaca-r50-s0,L11.down,11,down,2048,1165,0.56884765625,0.859108567237854
init-init,proj-slimpajama-r50-s0,proj-alpaca-r50-s0,L12.qkv,12,qkv,2048,1496,0.73046875,0.911047637462616
final-final,proj-slimpajama-r50-s0,proj-alpaca-r50-s0,L12.qkv,12,qkv,2048,1496,0.73046875,0.9089486002922058
init-init,proj-slimpajama-r50-s0,proj-alpaca-r50-s0,L12.o,12,o,2048,1496,0.73046875,0.9232625365257263
final-final,proj-slimpajama-r50-s0,proj-alpaca-r50-s0,L12.o,12,o,2048,1496,0.73046875,0.9194095134735107
init-init,proj-slimpajama-r50-s0,proj-alpaca-r50-s0,L12.gateup,12,gateup,2048,1165,0.56884765625,0.7976046800613403
final-final,proj-slimpajama-r50-s0,proj-alpaca-r50-s0,L12.gateup,12,gateup,2048,1165,0.56884765625,0.7928984761238098
init-init,proj-slimpajama-r50-s0,proj-alpaca-r50-s0,L12.down,12,down,2048,1165,0.56884765625,0.8690435290336609
final-final,proj-slimpajama-r50-s0,proj-alpaca-r50-s0,L12.down,12,down,2048,1165,0.56884765625,0.8629428148269653
init-init,proj-slimpajama-r50-s0,proj-alpaca-r50-s0,L13.qkv,13,qkv,2048,1496,0.73046875,0.9121619462966919
final-final,proj-slimpajama-r50-s0,proj-alpaca-r50-s0,L13.qkv,13,qkv,2048,1496,0.73046875,0.9098413586616516
init-init,proj-slimpajama-r50-s0,proj-alpaca-r50-s0,L13.o,13,o,2048,1496,0.73046875,0.9067359566688538
final-final,proj-slimpajama-r50-s0,proj-alpaca-r50-s0,L13.o,13,o,2048,1496,0.73046875,0.9036281108856201
init-init,proj-slimpajama-r50-s0,proj-alpaca-r50-s0,L13.gateup,13,gateup,2048,1165,0.56884765625,0.796822726726532
final-final,proj-slimpajama-r50-s0,proj-alpaca-r50-s0,L13.gateup,13,gateup,2048,1165,0.56884765625,0.7918835878372192
init-init,proj-slimpajama-r50-s0,proj-alpaca-r50-s0,L13.down,13,down,2048,1165,0.56884765625,0.8633304834365845
final-final,proj-slimpajama-r50-s0,proj-alpaca-r50-s0,L13.down,13,down,2048,1165,0.56884765625,0.8576961755752563
init-init,proj-slimpajama-r50-s0,proj-alpaca-r50-s0,L14.qkv,14,qkv,2048,1496,0.73046875,0.915938675403595
final-final,proj-slimpajama-r50-s0,proj-alpaca-r50-s0,L14.qkv,14,qkv,2048,1496,0.73046875,0.913853645324707
init-init,proj-slimpajama-r50-s0,proj-alpaca-r50-s0,L14.o,14,o,2048,1496,0.73046875,0.8890227675437927
final-final,proj-slimpajama-r50-s0,proj-alpaca-r50-s0,L14.o,14,o,2048,1496,0.73046875,0.8849931955337524
init-init,proj-slimpajama-r50-s0,proj-alpaca-r50-s0,L14.gateup,14,gateup,2048,1165,0.56884765625,0.7987605929374695
final-final,proj-slimpajama-r50-s0,proj-alpaca-r50-s0,L14.gateup,14,gateup,2048,1165,0.56884765625,0.7940395474433899
init-init,proj-slimpajama-r50-s0,proj-alpaca-r50-s0,L14.down,14,down,2048,1165,0.56884765625,0.8596653342247009
final-final,proj-slimpajama-r50-s0,proj-alpaca-r50-s0,L14.down,14,down,2048,1165,0.56884765625,0.8550230860710144
init-init,proj-slimpajama-r50-s0,proj-alpaca-r50-s0,L15.qkv,15,qkv,2048,1496,0.73046875,0.9146376252174377
final-final,proj-slimpajama-r50-s0,proj-alpaca-r50-s0,L15.qkv,15,qkv,2048,1496,0.73046875,0.9126644134521484
init-init,proj-slimpajama-r50-s0,proj-alpaca-r50-s0,L15.o,15,o,2048,1496,0.73046875,0.9131280779838562
final-final,proj-slimpajama-r50-s0,proj-alpaca-r50-s0,L15.o,15,o,2048,1496,0.73046875,0.9094816446304321
init-init,proj-slimpajama-r50-s0,proj-alpaca-r50-s0,L15.gateup,15,gateup,2048,1165,0.56884765625,0.7882491946220398
final-final,proj-slimpajama-r50-s0,proj-alpaca-r50-s0,L15.gateup,15,gateup,2048,1165,0.56884765625,0.7854020595550537
init-init,proj-slimpajama-r50-s0,proj-alpaca-r50-s0,L15.down,15,down,2048,1165,0.56884765625,0.8666993379592896
final-final,proj-slimpajama-r50-s0,proj-alpaca-r50-s0,L15.down,15,down,2048,1165,0.56884765625,0.8645390272140503
init-init,proj-slimpajama-r50-s0,proj-selfgen-r50-s0,L0.qkv,0,qkv,2048,1496,0.73046875,0.9639992117881775
final-final,proj-slimpajama-r50-s0,proj-selfgen-r50-s0,L0.qkv,0,qkv,2048,1496,0.73046875,0.9609452486038208
init-init,proj-slimpajama-r50-s0,proj-selfgen-r50-s0,L0.o,0,o,2048,1496,0.73046875,0.9578995704650879
final-final,proj-slimpajama-r50-s0,proj-selfgen-r50-s0,L0.o,0,o,2048,1496,0.73046875,0.9545573592185974
init-init,proj-slimpajama-r50-s0,proj-selfgen-r50-s0,L0.gateup,0,gateup,2048,1165,0.56884765625,0.8648730516433716
final-final,proj-slimpajama-r50-s0,proj-selfgen-r50-s0,L0.gateup,0,gateup,2048,1165,0.56884765625,0.8603923320770264
init-init,proj-slimpajama-r50-s0,proj-selfgen-r50-s0,L0.down,0,down,2048,1165,0.56884765625,0.8965557217597961
final-final,proj-slimpajama-r50-s0,proj-selfgen-r50-s0,L0.down,0,down,2048,1165,0.56884765625,0.8926437497138977
init-init,proj-slimpajama-r50-s0,proj-selfgen-r50-s0,L1.qkv,1,qkv,2048,1496,0.73046875,0.9598795175552368
final-final,proj-slimpajama-r50-s0,proj-selfgen-r50-s0,L1.qkv,1,qkv,2048,1496,0.73046875,0.9576013684272766
init-init,proj-slimpajama-r50-s0,proj-selfgen-r50-s0,L1.o,1,o,2048,1496,0.73046875,0.9562185406684875
final-final,proj-slimpajama-r50-s0,proj-selfgen-r50-s0,L1.o,1,o,2048,1496,0.73046875,0.9521342515945435
init-init,proj-slimpajama-r50-s0,proj-selfgen-r50-s0,L1.gateup,1,gateup,2048,1165,0.56884765625,0.8528781533241272
final-final,proj-slimpajama-r50-s0,proj-selfgen-r50-s0,L1.gateup,1,gateup,2048,1165,0.56884765625,0.8479021787643433
init-init,proj-slimpajama-r50-s0,proj-selfgen-r50-s0,L1.down,1,down,2048,1165,0.56884765625,0.8894786834716797
final-final,proj-slimpajama-r50-s0,proj-selfgen-r50-s0,L1.down,1,down,2048,1165,0.56884765625,0.8860316872596741
init-init,proj-slimpajama-r50-s0,proj-selfgen-r50-s0,L2.qkv,2,qkv,2048,1496,0.73046875,0.9475365281105042
final-final,proj-slimpajama-r50-s0,proj-selfgen-r50-s0,L2.qkv,2,qkv,2048,1496,0.73046875,0.9451693892478943
init-init,proj-slimpajama-r50-s0,proj-selfgen-r50-s0,L2.o,2,o,2048,1496,0.73046875,0.9392524361610413
final-final,proj-slimpajama-r50-s0,proj-selfgen-r50-s0,L2.o,2,o,2048,1496,0.73046875,0.9347984790802002
init-init,proj-slimpajama-r50-s0,proj-selfgen-r50-s0,L2.gateup,2,gateup,2048,1165,0.56884765625,0.8333308100700378
final-final,proj-slimpajama-r50-s0,proj-selfgen-r50-s0,L2.gateup,2,gateup,2048,1165,0.56884765625,0.8291453123092651
init-init,proj-slimpajama-r50-s0,proj-selfgen-r50-s0,L2.down,2,down,2048,1165,0.56884765625,0.8839787244796753
final-final,proj-slimpajama-r50-s0,proj-selfgen-r50-s0,L2.down,2,down,2048,1165,0.56884765625,0.8800814747810364
init-init,proj-slimpajama-r50-s0,proj-selfgen-r50-s0,L3.qkv,3,qkv,2048,1496,0.73046875,0.9341896772384644
final-final,proj-slimpajama-r50-s0,proj-selfgen-r50-s0,L3.qkv,3,qkv,2048,1496,0.73046875,0.9319950342178345
init-init,proj-slimpajama-r50-s0,proj-selfgen-r50-s0,L3.o,3,o,2048,1496,0.73046875,0.9341797828674316
final-final,proj-slimpajama-r50-s0,proj-selfgen-r50-s0,L3.o,3,o,2048,1496,0.73046875,0.9299647808074951
init-init,proj-slimpajama-r50-s0,proj-selfgen-r50-s0,L3.gateup,3,gateup,2048,1165,0.56884765625,0.8320605754852295
final-final,proj-slimpajama-r50-s0,proj-selfgen-r50-s0,L3.gateup,3,gateup,2048,1165,0.56884765625,0.8280242681503296
init-init,proj-slimpajama-r50-s0,proj-selfgen-r50-s0,L3.down,3,down,2048,1165,0.56884765625,0.8789582252502441
final-final,proj-slimpajama-r50-s0,proj-selfgen-r50-s0,L3.down,3,down,2048,1165,0.56884765625,0.8752642869949341
init-init,proj-slimpajama-r50-s0,proj-selfgen-r50-s0,L4.qkv,4,qkv,2048,1496,0.73046875,0.9312760829925537
final-final,proj-slimpajama-r50-s0,proj-selfgen-r50-s0,L4.qkv,4,qkv,2048,1496,0.73046875,0.9289151430130005
init-init,proj-slimpajama-r50-s0,proj-selfgen-r50-s0,L4.o,4,o,2048,1496,0.73046875,0.9251154065132141
final-final,proj-slimpajama-r50-s0,proj-selfgen-r50-s0,L4.o,4,o,2048,1496,0.73046875,0.9214720726013184
init-init,proj-slimpajama-r50-s0,proj-selfgen-r50-s0,L4.gateup,4,gateup,2048,1165,0.56884765625,0.8182244300842285
final-final,proj-slimpajama-r50-s0,proj-selfgen-r50-s0,L4.gateup,4,gateup,2048,1165,0.56884765625,0.8146719336509705
init-init,proj-slimpajama-r50-s0,proj-selfgen-r50-s0,L4.down,4,down,2048,1165,0.56884765625,0.8803344368934631
final-final,proj-slimpajama-r50-s0,proj-selfgen-r50-s0,L4.down,4,down,2048,1165,0.56884765625,0.8765850067138672
init-init,proj-slimpajama-r50-s0,proj-selfgen-r50-s0,L5.qkv,5,qkv,2048,1496,0.73046875,0.9353143572807312
final-final,proj-slimpajama-r50-s0,proj-selfgen-r50-s0,L5.qkv,5,qkv,2048,1496,0.73046875,0.9327025413513184
init-init,proj-slimpajama-r50-s0,proj-selfgen-r50-s0,L5.o,5,o,2048,1496,0.73046875,0.9414117932319641
final-final,proj-slimpajama-r50-s0,proj-selfgen-r50-s0,L5.o,5,o,2048,1496,0.73046875,0.9374079704284668
init-init,proj-slimpajama-r50-s0,proj-selfgen-r50-s0,L5.gateup,5,gateup,2048,1165,0.56884765625,0.818006157875061
final-final,proj-slimpajama-r50-s0,proj-selfgen-r50-s0,L5.gateup,5,gateup,2048,1165,0.56884765625,0.8142971992492676
init-init,proj-slimpajama-r50-s0,proj-selfgen-r50-s0,L5.down,5,down,2048,1165,0.56884765625,0.8908058404922485
final-final,proj-slimpajama-r50-s0,proj-selfgen-r50-s0,L5.down,5,down,2048,1165,0.56884765625,0.8869785070419312
init-init,proj-slimpajama-r50-s0,proj-selfgen-r50-s0,L6.qkv,6,qkv,2048,1496,0.73046875,0.929264485836029
final-final,proj-slimpajama-r50-s0,proj-selfgen-r50-s0,L6.qkv,6,qkv,2048,1496,0.73046875,0.9266237020492554
init-init,proj-slimpajama-r50-s0,proj-selfgen-r50-s0,L6.o,6,o,2048,1496,0.73046875,0.9441885948181152
final-final,proj-slimpajama-r50-s0,proj-selfgen-r50-s0,L6.o,6,o,2048,1496,0.73046875,0.94038987159729
init-init,proj-slimpajama-r50-s0,proj-selfgen-r50-s0,L6.gateup,6,gateup,2048,1165,0.56884765625,0.8201671838760376
final-final,proj-slimpajama-r50-s0,proj-selfgen-r50-s0,L6.gateup,6,gateup,2048,1165,0.56884765625,0.8165917992591858
init-init,proj-slimpajama-r50-s0,proj-selfgen-r50-s0,L6.down,6,down,2048,1165,0.56884765625,0.8942931890487671
final-final,proj-slimpajama-r50-s0,proj-selfgen-r50-s0,L6.down,6,down,2048,1165,0.56884765625,0.8901283740997314
init-init,proj-slimpajama-r50-s0,proj-selfgen-r50-s0,L7.qkv,7,qkv,2048,1496,0.73046875,0.925886869430542
final-final,proj-slimpajama-r50-s0,proj-selfgen-r50-s0,L7.qkv,7,qkv,2048,1496,0.73046875,0.923072874546051
init-init,proj-slimpajama-r50-s0,proj-selfgen-r50-s0,L7.o,7,o,2048,1496,0.73046875,0.9348534941673279
final-final,proj-slimpajama-r50-s0,proj-selfgen-r50-s0,L7.o,7,o,2048,1496,0.73046875,0.9309492707252502
init-init,proj-slimpajama-r50-s0,proj-selfgen-r50-s0,L7.gateup,7,gateup,2048,1165,0.56884765625,0.8203300833702087
final-final,proj-slimpajama-r50-s0,proj-selfgen-r50-s0,L7.gateup,7,gateup,2048,1165,0.56884765625,0.8169194459915161
init-init,proj-slimpajama-r50-s0,proj-selfgen-r50-s0,L7.down,7,down,2048,1165,0.56884765625,0.8886998891830444
final-final,proj-slimpajama-r50-s0,proj-selfgen-r50-s0,L7.down,7,down,2048,1165,0.56884765625,0.8849192261695862
init-init,proj-slimpajama-r50-s0,proj-selfgen-r50-s0,L8.qkv,8,qkv,2048,1496,0.73046875,0.9191576242446899
final-final,proj-slimpajama-r50-s0,proj-selfgen-r50-s0,L8.qkv,8,qkv,2048,1496,0.73046875,0.9166246652603149
init-init,proj-slimpajama-r50-s0,proj-selfgen-r50-s0,L8.o,8,o,2048,1496,0.73046875,0.941874623298645
final-final,proj-slimpajama-r50-s0,proj-selfgen-r50-s0,L8.o,8,o,2048,1496,0.73046875,0.9380835890769958
init-init,proj-slimpajama-r50-s0,proj-selfgen-r50-s0,L8.gateup,8,gateup,2048,1165,0.56884765625,0.8205510973930359
final-final,proj-slimpajama-r50-s0,proj-selfgen-r50-s0,L8.gateup,8,gateup,2048,1165,0.56884765625,0.817587673664093
init-init,proj-slimpajama-r50-s0,proj-selfgen-r50-s0,L8.down,8,down,2048,1165,0.56884765625,0.8824216723442078
final-final,proj-slimpajama-r50-s0,proj-selfgen-r50-s0,L8.down,8,down,2048,1165,0.56884765625,0.8789961338043213
init-init,proj-slimpajama-r50-s0,proj-selfgen-r50-s0,L9.qkv,9,qkv,2048,1496,0.73046875,0.9189109206199646
final-final,proj-slimpajama-r50-s0,proj-selfgen-r50-s0,L9.qkv,9,qkv,2048,1496,0.73046875,0.9166708588600159
init-init,proj-slimpajama-r50-s0,proj-selfgen-r50-s0,L9.o,9,o,2048,1496,0.73046875,0.9387969374656677
final-final,proj-slimpajama-r50-s0,proj-selfgen-r50-s0,L9.o,9,o,2048,1496,0.73046875,0.9349479079246521
init-init,proj-slimpajama-r50-s0,proj-selfgen-r50-s0,L9.gateup,9,gateup,2048,1165,0.56884765625,0.8312250375747681
final-final,proj-slimpajama-r50-s0,proj-selfgen-r50-s0,L9.gateup,9,gateup,2048,1165,0.56884765625,0.8280522227287292
init-init,proj-slimpajama-r50-s0,proj-selfgen-r50-s0,L9.down,9,down,2048,1165,0.56884765625,0.8779621720314026
final-final,proj-slimpajama-r50-s0,proj-selfgen-r50-s0,L9.down,9,down,2048,1165,0.56884765625,0.8740338683128357
init-init,proj-slimpajama-r50-s0,proj-selfgen-r50-s0,L10.qkv,10,qkv,2048,1496,0.73046875,0.9201219081878662
final-final,proj-slimpajama-r50-s0,proj-selfgen-r50-s0,L10.qkv,10,qkv,2048,1496,0.73046875,0.9176312685012817
init-init,proj-slimpajama-r50-s0,proj-selfgen-r50-s0,L10.o,10,o,2048,1496,0.73046875,0.9498963356018066
final-final,proj-slimpajama-r50-s0,proj-selfgen-r50-s0,L10.o,10,o,2048,1496,0.73046875,0.9457693099975586
init-init,proj-slimpajama-r50-s0,proj-selfgen-r50-s0,L10.gateup,10,gateup,2048,1165,0.56884765625,0.8199705481529236
final-final,proj-slimpajama-r50-s0,proj-selfgen-r50-s0,L10.gateup,10,gateup,2048,1165,0.56884765625,0.8167442679405212
init-init,proj-slimpajama-r50-s0,proj-selfgen-r50-s0,L10.down,10,down,2048,1165,0.56884765625,0.8820161819458008
final-final,proj-slimpajama-r50-s0,proj-selfgen-r50-s0,L10.down,10,down,2048,1165,0.56884765625,0.8773645758628845
init-init,proj-slimpajama-r50-s0,proj-selfgen-r50-s0,L11.qkv,11,qkv,2048,1496,0.73046875,0.9119558930397034
final-final,proj-slimpajama-r50-s0,proj-selfgen-r50-s0,L11.qkv,11,qkv,2048,1496,0.73046875,0.9095016717910767
init-init,proj-slimpajama-r50-s0,proj-selfgen-r50-s0,L11.o,11,o,2048,1496,0.73046875,0.930612325668335
final-final,proj-slimpajama-r50-s0,proj-selfgen-r50-s0,L11.o,11,o,2048,1496,0.73046875,0.9265324473381042
init-init,proj-slimpajama-r50-s0,proj-selfgen-r50-s0,L11.gateup,11,gateup,2048,1165,0.56884765625,0.818078875541687
final-final,proj-slimpajama-r50-s0,proj-selfgen-r50-s0,L11.gateup,11,gateup,2048,1165,0.56884765625,0.8146549463272095
init-init,proj-slimpajama-r50-s0,proj-selfgen-r50-s0,L11.down,11,down,2048,1165,0.56884765625,0.8785838484764099
final-final,proj-slimpajama-r50-s0,proj-selfgen-r50-s0,L11.down,11,down,2048,1165,0.56884765625,0.8739852905273438
init-init,proj-slimpajama-r50-s0,proj-selfgen-r50-s0,L12.qkv,12,qkv,2048,1496,0.73046875,0.9188486337661743
final-final,proj-slimpajama-r50-s0,proj-selfgen-r50-s0,L12.qkv,12,qkv,2048,1496,0.73046875,0.9164695143699646
init-init,proj-slimpajama-r50-s0,proj-selfgen-r50-s0,L12.o,12,o,2048,1496,0.73046875,0.9187655448913574
final-final,proj-slimpajama-r50-s0,proj-selfgen-r50-s0,L12.o,12,o,2048,1496,0.73046875,0.9147884249687195
init-init,proj-slimpajama-r50-s0,proj-selfgen-r50-s0,L12.gateup,12,gateup,2048,1165,0.56884765625,0.8121064305305481
final-final,proj-slimpajama-r50-s0,proj-selfgen-r50-s0,L12.gateup,12,gateup,2048,1165,0.56884765625,0.8080719113349915
init-init,proj-slimpajama-r50-s0,proj-selfgen-r50-s0,L12.down,12,down,2048,1165,0.56884765625,0.8842136263847351
final-final,proj-slimpajama-r50-s0,proj-selfgen-r50-s0,L12.down,12,down,2048,1165,0.56884765625,0.8789762258529663
init-init,proj-slimpajama-r50-s0,proj-selfgen-r50-s0,L13.qkv,13,qkv,2048,1496,0.73046875,0.9185704588890076
final-final,proj-slimpajama-r50-s0,proj-selfgen-r50-s0,L13.qkv,13,qkv,2048,1496,0.73046875,0.9161404967308044
init-init,proj-slimpajama-r50-s0,proj-selfgen-r50-s0,L13.o,13,o,2048,1496,0.73046875,0.8988239765167236
final-final,proj-slimpajama-r50-s0,proj-selfgen-r50-s0,L13.o,13,o,2048,1496,0.73046875,0.8957540988922119
init-init,proj-slimpajama-r50-s0,proj-selfgen-r50-s0,L13.gateup,13,gateup,2048,1165,0.56884765625,0.8051272034645081
final-final,proj-slimpajama-r50-s0,proj-selfgen-r50-s0,L13.gateup,13,gateup,2048,1165,0.56884765625,0.8012005686759949
init-init,proj-slimpajama-r50-s0,proj-selfgen-r50-s0,L13.down,13,down,2048,1165,0.56884765625,0.8754767179489136
final-final,proj-slimpajama-r50-s0,proj-selfgen-r50-s0,L13.down,13,down,2048,1165,0.56884765625,0.8707135319709778
init-init,proj-slimpajama-r50-s0,proj-selfgen-r50-s0,L14.qkv,14,qkv,2048,1496,0.73046875,0.9271388649940491
final-final,proj-slimpajama-r50-s0,proj-selfgen-r50-s0,L14.qkv,14,qkv,2048,1496,0.73046875,0.924705982208252
init-init,proj-slimpajama-r50-s0,proj-selfgen-r50-s0,L14.o,14,o,2048,1496,0.73046875,0.9056156873703003
final-final,proj-slimpajama-r50-s0,proj-selfgen-r50-s0,L14.o,14,o,2048,1496,0.73046875,0.9012262225151062
init-init,proj-slimpajama-r50-s0,proj-selfgen-r50-s0,L14.gateup,14,gateup,2048,1165,0.56884765625,0.803500771522522
final-final,proj-slimpajama-r50-s0,proj-selfgen-r50-s0,L14.gateup,14,gateup,2048,1165,0.56884765625,0.7997889518737793
init-init,proj-slimpajama-r50-s0,proj-selfgen-r50-s0,L14.down,14,down,2048,1165,0.56884765625,0.8723046183586121
final-final,proj-slimpajama-r50-s0,proj-selfgen-r50-s0,L14.down,14,down,2048,1165,0.56884765625,0.8679563403129578
init-init,proj-slimpajama-r50-s0,proj-selfgen-r50-s0,L15.qkv,15,qkv,2048,1496,0.73046875,0.9231811761856079
final-final,proj-slimpajama-r50-s0,proj-selfgen-r50-s0,L15.qkv,15,qkv,2048,1496,0.73046875,0.9208943843841553
init-init,proj-slimpajama-r50-s0,proj-selfgen-r50-s0,L15.o,15,o,2048,1496,0.73046875,0.9111305475234985
final-final,proj-slimpajama-r50-s0,proj-selfgen-r50-s0,L15.o,15,o,2048,1496,0.73046875,0.9072840809822083
init-init,proj-slimpajama-r50-s0,proj-selfgen-r50-s0,L15.gateup,15,gateup,2048,1165,0.56884765625,0.7889299392700195
final-final,proj-slimpajama-r50-s0,proj-selfgen-r50-s0,L15.gateup,15,gateup,2048,1165,0.56884765625,0.7868273258209229
init-init,proj-slimpajama-r50-s0,proj-selfgen-r50-s0,L15.down,15,down,2048,1165,0.56884765625,0.8734127283096313
final-final,proj-slimpajama-r50-s0,proj-selfgen-r50-s0,L15.down,15,down,2048,1165,0.56884765625,0.8716485500335693
init-init,proj-slimpajama-r50-s0,proj-selfdoc-r50-s0,L0.qkv,0,qkv,2048,1496,0.73046875,0.9764748811721802
final-final,proj-slimpajama-r50-s0,proj-selfdoc-r50-s0,L0.qkv,0,qkv,2048,1496,0.73046875,0.9733612537384033
init-init,proj-slimpajama-r50-s0,proj-selfdoc-r50-s0,L0.o,0,o,2048,1496,0.73046875,0.969057559967041
final-final,proj-slimpajama-r50-s0,proj-selfdoc-r50-s0,L0.o,0,o,2048,1496,0.73046875,0.9659575819969177
init-init,proj-slimpajama-r50-s0,proj-selfdoc-r50-s0,L0.gateup,0,gateup,2048,1165,0.56884765625,0.9114029407501221
final-final,proj-slimpajama-r50-s0,proj-selfdoc-r50-s0,L0.gateup,0,gateup,2048,1165,0.56884765625,0.904723584651947
init-init,proj-slimpajama-r50-s0,proj-selfdoc-r50-s0,L0.down,0,down,2048,1165,0.56884765625,0.9228924512863159
final-final,proj-slimpajama-r50-s0,proj-selfdoc-r50-s0,L0.down,0,down,2048,1165,0.56884765625,0.918872594833374
init-init,proj-slimpajama-r50-s0,proj-selfdoc-r50-s0,L1.qkv,1,qkv,2048,1496,0.73046875,0.9720929861068726
final-final,proj-slimpajama-r50-s0,proj-selfdoc-r50-s0,L1.qkv,1,qkv,2048,1496,0.73046875,0.9702374935150146
init-init,proj-slimpajama-r50-s0,proj-selfdoc-r50-s0,L1.o,1,o,2048,1496,0.73046875,0.9712658524513245
final-final,proj-slimpajama-r50-s0,proj-selfdoc-r50-s0,L1.o,1,o,2048,1496,0.73046875,0.9672620892524719
init-init,proj-slimpajama-r50-s0,proj-selfdoc-r50-s0,L1.gateup,1,gateup,2048,1165,0.56884765625,0.9113025665283203
final-final,proj-slimpajama-r50-s0,proj-selfdoc-r50-s0,L1.gateup,1,gateup,2048,1165,0.56884765625,0.9043251872062683
init-init,proj-slimpajama-r50-s0,proj-selfdoc-r50-s0,L1.down,1,down,2048,1165,0.56884765625,0.9300227165222168
final-final,proj-slimpajama-r50-s0,proj-selfdoc-r50-s0,L1.down,1,down,2048,1165,0.56884765625,0.9262320399284363
init-init,proj-slimpajama-r50-s0,proj-selfdoc-r50-s0,L2.qkv,2,qkv,2048,1496,0.73046875,0.9706255197525024
final-final,proj-slimpajama-r50-s0,proj-selfdoc-r50-s0,L2.qkv,2,qkv,2048,1496,0.73046875,0.9684085845947266
init-init,proj-slimpajama-r50-s0,proj-selfdoc-r50-s0,L2.o,2,o,2048,1496,0.73046875,0.9536404013633728
final-final,proj-slimpajama-r50-s0,proj-selfdoc-r50-s0,L2.o,2,o,2048,1496,0.73046875,0.9493761658668518
init-init,proj-slimpajama-r50-s0,proj-selfdoc-r50-s0,L2.gateup,2,gateup,2048,1165,0.56884765625,0.905314028263092
final-final,proj-slimpajama-r50-s0,proj-selfdoc-r50-s0,L2.gateup,2,gateup,2048,1165,0.56884765625,0.8992531299591064
init-init,proj-slimpajama-r50-s0,proj-selfdoc-r50-s0,L2.down,2,down,2048,1165,0.56884765625,0.93254554271698
final-final,proj-slimpajama-r50-s0,proj-selfdoc-r50-s0,L2.down,2,down,2048,1165,0.56884765625,0.9281449317932129
init-init,proj-slimpajama-r50-s0,proj-selfdoc-r50-s0,L3.qkv,3,qkv,2048,1496,0.73046875,0.9663295149803162
final-final,proj-slimpajama-r50-s0,proj-selfdoc-r50-s0,L3.qkv,3,qkv,2048,1496,0.73046875,0.9643058776855469
init-init,proj-slimpajama-r50-s0,proj-selfdoc-r50-s0,L3.o,3,o,2048,1496,0.73046875,0.9647654294967651
final-final,proj-slimpajama-r50-s0,proj-selfdoc-r50-s0,L3.o,3,o,2048,1496,0.73046875,0.9603548049926758
init-init,proj-slimpajama-r50-s0,proj-selfdoc-r50-s0,L3.gateup,3,gateup,2048,1165,0.56884765625,0.906802237033844
final-final,proj-slimpajama-r50-s0,proj-selfdoc-r50-s0,L3.gateup,3,gateup,2048,1165,0.56884765625,0.9009625315666199
init-init,proj-slimpajama-r50-s0,proj-selfdoc-r50-s0,L3.down,3,down,2048,1165,0.56884765625,0.9315492510795593
final-final,proj-slimpajama-r50-s0,proj-selfdoc-r50-s0,L3.down,3,down,2048,1165,0.56884765625,0.9273616671562195
init-init,proj-slimpajama-r50-s0,proj-selfdoc-r50-s0,L4.qkv,4,qkv,2048,1496,0.73046875,0.9642045497894287
final-final,proj-slimpajama-r50-s0,proj-selfdoc-r50-s0,L4.qkv,4,qkv,2048,1496,0.73046875,0.9620085954666138
init-init,proj-slimpajama-r50-s0,proj-selfdoc-r50-s0,L4.o,4,o,2048,1496,0.73046875,0.9603905081748962
final-final,proj-slimpajama-r50-s0,proj-selfdoc-r50-s0,L4.o,4,o,2048,1496,0.73046875,0.9565847516059875
init-init,proj-slimpajama-r50-s0,proj-selfdoc-r50-s0,L4.gateup,4,gateup,2048,1165,0.56884765625,0.8950405120849609
final-final,proj-slimpajama-r50-s0,proj-selfdoc-r50-s0,L4.gateup,4,gateup,2048,1165,0.56884765625,0.8899440169334412
init-init,proj-slimpajama-r50-s0,proj-selfdoc-r50-s0,L4.down,4,down,2048,1165,0.56884765625,0.9301791191101074
final-final,proj-slimpajama-r50-s0,proj-selfdoc-r50-s0,L4.down,4,down,2048,1165,0.56884765625,0.9260931015014648
init-init,proj-slimpajama-r50-s0,proj-selfdoc-r50-s0,L5.qkv,5,qkv,2048,1496,0.73046875,0.9660938382148743
final-final,proj-slimpajama-r50-s0,proj-selfdoc-r50-s0,L5.qkv,5,qkv,2048,1496,0.73046875,0.9635376930236816
init-init,proj-slimpajama-r50-s0,proj-selfdoc-r50-s0,L5.o,5,o,2048,1496,0.73046875,0.9697087407112122
final-final,proj-slimpajama-r50-s0,proj-selfdoc-r50-s0,L5.o,5,o,2048,1496,0.73046875,0.9657191634178162
init-init,proj-slimpajama-r50-s0,proj-selfdoc-r50-s0,L5.gateup,5,gateup,2048,1165,0.56884765625,0.8908757567405701
final-final,proj-slimpajama-r50-s0,proj-selfdoc-r50-s0,L5.gateup,5,gateup,2048,1165,0.56884765625,0.8857105374336243
init-init,proj-slimpajama-r50-s0,proj-selfdoc-r50-s0,L5.down,5,down,2048,1165,0.56884765625,0.9347453117370605
final-final,proj-slimpajama-r50-s0,proj-selfdoc-r50-s0,L5.down,5,down,2048,1165,0.56884765625,0.9305626153945923
init-init,proj-slimpajama-r50-s0,proj-selfdoc-r50-s0,L6.qkv,6,qkv,2048,1496,0.73046875,0.96361243724823
final-final,proj-slimpajama-r50-s0,proj-selfdoc-r50-s0,L6.qkv,6,qkv,2048,1496,0.73046875,0.9610639810562134
init-init,proj-slimpajama-r50-s0,proj-selfdoc-r50-s0,L6.o,6,o,2048,1496,0.73046875,0.9724183082580566
final-final,proj-slimpajama-r50-s0,proj-selfdoc-r50-s0,L6.o,6,o,2048,1496,0.73046875,0.9686577916145325
init-init,proj-slimpajama-r50-s0,proj-selfdoc-r50-s0,L6.gateup,6,gateup,2048,1165,0.56884765625,0.8960843086242676
final-final,proj-slimpajama-r50-s0,proj-selfdoc-r50-s0,L6.gateup,6,gateup,2048,1165,0.56884765625,0.8911283612251282
init-init,proj-slimpajama-r50-s0,proj-selfdoc-r50-s0,L6.down,6,down,2048,1165,0.56884765625,0.9399140477180481
final-final,proj-slimpajama-r50-s0,proj-selfdoc-r50-s0,L6.down,6,down,2048,1165,0.56884765625,0.9353687763214111
init-init,proj-slimpajama-r50-s0,proj-selfdoc-r50-s0,L7.qkv,7,qkv,2048,1496,0.73046875,0.9625858068466187
final-final,proj-slimpajama-r50-s0,proj-selfdoc-r50-s0,L7.qkv,7,qkv,2048,1496,0.73046875,0.9600819945335388
init-init,proj-slimpajama-r50-s0,proj-selfdoc-r50-s0,L7.o,7,o,2048,1496,0.73046875,0.9679962396621704
final-final,proj-slimpajama-r50-s0,proj-selfdoc-r50-s0,L7.o,7,o,2048,1496,0.73046875,0.9642799496650696
init-init,proj-slimpajama-r50-s0,proj-selfdoc-r50-s0,L7.gateup,7,gateup,2048,1165,0.56884765625,0.8962150812149048
final-final,proj-slimpajama-r50-s0,proj-selfdoc-r50-s0,L7.gateup,7,gateup,2048,1165,0.56884765625,0.8914327621459961
init-init,proj-slimpajama-r50-s0,proj-selfdoc-r50-s0,L7.down,7,down,2048,1165,0.56884765625,0.939575731754303
final-final,proj-slimpajama-r50-s0,proj-selfdoc-r50-s0,L7.down,7,down,2048,1165,0.56884765625,0.9353034496307373
init-init,proj-slimpajama-r50-s0,proj-selfdoc-r50-s0,L8.qkv,8,qkv,2048,1496,0.73046875,0.9605004191398621
final-final,proj-slimpajama-r50-s0,proj-selfdoc-r50-s0,L8.qkv,8,qkv,2048,1496,0.73046875,0.9578562378883362
init-init,proj-slimpajama-r50-s0,proj-selfdoc-r50-s0,L8.o,8,o,2048,1496,0.73046875,0.9709394574165344
final-final,proj-slimpajama-r50-s0,proj-selfdoc-r50-s0,L8.o,8,o,2048,1496,0.73046875,0.9673023223876953
init-init,proj-slimpajama-r50-s0,proj-selfdoc-r50-s0,L8.gateup,8,gateup,2048,1165,0.56884765625,0.8975984454154968
final-final,proj-slimpajama-r50-s0,proj-selfdoc-r50-s0,L8.gateup,8,gateup,2048,1165,0.56884765625,0.8929916024208069
init-init,proj-slimpajama-r50-s0,proj-selfdoc-r50-s0,L8.down,8,down,2048,1165,0.56884765625,0.936083972454071
final-final,proj-slimpajama-r50-s0,proj-selfdoc-r50-s0,L8.down,8,down,2048,1165,0.56884765625,0.9314694404602051
init-init,proj-slimpajama-r50-s0,proj-selfdoc-r50-s0,L9.qkv,9,qkv,2048,1496,0.73046875,0.9596421718597412
final-final,proj-slimpajama-r50-s0,proj-selfdoc-r50-s0,L9.qkv,9,qkv,2048,1496,0.73046875,0.9570696353912354
init-init,proj-slimpajama-r50-s0,proj-selfdoc-r50-s0,L9.o,9,o,2048,1496,0.73046875,0.9709748029708862
final-final,proj-slimpajama-r50-s0,proj-selfdoc-r50-s0,L9.o,9,o,2048,1496,0.73046875,0.9670029282569885
init-init,proj-slimpajama-r50-s0,proj-selfdoc-r50-s0,L9.gateup,9,gateup,2048,1165,0.56884765625,0.9033515453338623
final-final,proj-slimpajama-r50-s0,proj-selfdoc-r50-s0,L9.gateup,9,gateup,2048,1165,0.56884765625,0.8984036445617676
init-init,proj-slimpajama-r50-s0,proj-selfdoc-r50-s0,L9.down,9,down,2048,1165,0.56884765625,0.9307520985603333
final-final,proj-slimpajama-r50-s0,proj-selfdoc-r50-s0,L9.down,9,down,2048,1165,0.56884765625,0.925531268119812
init-init,proj-slimpajama-r50-s0,proj-selfdoc-r50-s0,L10.qkv,10,qkv,2048,1496,0.73046875,0.9578302502632141
final-final,proj-slimpajama-r50-s0,proj-selfdoc-r50-s0,L10.qkv,10,qkv,2048,1496,0.73046875,0.9547768831253052
init-init,proj-slimpajama-r50-s0,proj-selfdoc-r50-s0,L10.o,10,o,2048,1496,0.73046875,0.9714995622634888
final-final,proj-slimpajama-r50-s0,proj-selfdoc-r50-s0,L10.o,10,o,2048,1496,0.73046875,0.9673193693161011
init-init,proj-slimpajama-r50-s0,proj-selfdoc-r50-s0,L10.gateup,10,gateup,2048,1165,0.56884765625,0.8903350830078125
final-final,proj-slimpajama-r50-s0,proj-selfdoc-r50-s0,L10.gateup,10,gateup,2048,1165,0.56884765625,0.8850626945495605
init-init,proj-slimpajama-r50-s0,proj-selfdoc-r50-s0,L10.down,10,down,2048,1165,0.56884765625,0.930404007434845
final-final,proj-slimpajama-r50-s0,proj-selfdoc-r50-s0,L10.down,10,down,2048,1165,0.56884765625,0.9244475960731506
init-init,proj-slimpajama-r50-s0,proj-selfdoc-r50-s0,L11.qkv,11,qkv,2048,1496,0.73046875,0.9528790712356567
final-final,proj-slimpajama-r50-s0,proj-selfdoc-r50-s0,L11.qkv,11,qkv,2048,1496,0.73046875,0.9500446915626526
init-init,proj-slimpajama-r50-s0,proj-selfdoc-r50-s0,L11.o,11,o,2048,1496,0.73046875,0.9572207927703857
final-final,proj-slimpajama-r50-s0,proj-selfdoc-r50-s0,L11.o,11,o,2048,1496,0.73046875,0.9525543451309204
init-init,proj-slimpajama-r50-s0,proj-selfdoc-r50-s0,L11.gateup,11,gateup,2048,1165,0.56884765625,0.8881196975708008
final-final,proj-slimpajama-r50-s0,proj-selfdoc-r50-s0,L11.gateup,11,gateup,2048,1165,0.56884765625,0.8823359608650208
init-init,proj-slimpajama-r50-s0,proj-selfdoc-r50-s0,L11.down,11,down,2048,1165,0.56884765625,0.9210586547851562
final-final,proj-slimpajama-r50-s0,proj-selfdoc-r50-s0,L11.down,11,down,2048,1165,0.56884765625,0.9151973724365234
init-init,proj-slimpajama-r50-s0,proj-selfdoc-r50-s0,L12.qkv,12,qkv,2048,1496,0.73046875,0.9532812237739563
final-final,proj-slimpajama-r50-s0,proj-selfdoc-r50-s0,L12.qkv,12,qkv,2048,1496,0.73046875,0.9507551193237305
init-init,proj-slimpajama-r50-s0,proj-selfdoc-r50-s0,L12.o,12,o,2048,1496,0.73046875,0.9509086608886719
final-final,proj-slimpajama-r50-s0,proj-selfdoc-r50-s0,L12.o,12,o,2048,1496,0.73046875,0.946540892124176
init-init,proj-slimpajama-r50-s0,proj-selfdoc-r50-s0,L12.gateup,12,gateup,2048,1165,0.56884765625,0.876831591129303
final-final,proj-slimpajama-r50-s0,proj-selfdoc-r50-s0,L12.gateup,12,gateup,2048,1165,0.56884765625,0.8700704574584961
init-init,proj-slimpajama-r50-s0,proj-selfdoc-r50-s0,L12.down,12,down,2048,1165,0.56884765625,0.9233511686325073
final-final,proj-slimpajama-r50-s0,proj-selfdoc-r50-s0,L12.down,12,down,2048,1165,0.56884765625,0.9166855812072754
init-init,proj-slimpajama-r50-s0,proj-selfdoc-r50-s0,L13.qkv,13,qkv,2048,1496,0.73046875,0.9526309967041016
final-final,proj-slimpajama-r50-s0,proj-selfdoc-r50-s0,L13.qkv,13,qkv,2048,1496,0.73046875,0.9499093890190125
init-init,proj-slimpajama-r50-s0,proj-selfdoc-r50-s0,L13.o,13,o,2048,1496,0.73046875,0.9455677270889282
final-final,proj-slimpajama-r50-s0,proj-selfdoc-r50-s0,L13.o,13,o,2048,1496,0.73046875,0.9413347840309143
init-init,proj-slimpajama-r50-s0,proj-selfdoc-r50-s0,L13.gateup,13,gateup,2048,1165,0.56884765625,0.8734058141708374
final-final,proj-slimpajama-r50-s0,proj-selfdoc-r50-s0,L13.gateup,13,gateup,2048,1165,0.56884765625,0.8665894269943237
init-init,proj-slimpajama-r50-s0,proj-selfdoc-r50-s0,L13.down,13,down,2048,1165,0.56884765625,0.9179391860961914
final-final,proj-slimpajama-r50-s0,proj-selfdoc-r50-s0,L13.down,13,down,2048,1165,0.56884765625,0.9116929769515991
init-init,proj-slimpajama-r50-s0,proj-selfdoc-r50-s0,L14.qkv,14,qkv,2048,1496,0.73046875,0.9561018943786621
final-final,proj-slimpajama-r50-s0,proj-selfdoc-r50-s0,L14.qkv,14,qkv,2048,1496,0.73046875,0.9534706473350525
init-init,proj-slimpajama-r50-s0,proj-selfdoc-r50-s0,L14.o,14,o,2048,1496,0.73046875,0.9413849711418152
final-final,proj-slimpajama-r50-s0,proj-selfdoc-r50-s0,L14.o,14,o,2048,1496,0.73046875,0.9357712864875793
init-init,proj-slimpajama-r50-s0,proj-selfdoc-r50-s0,L14.gateup,14,gateup,2048,1165,0.56884765625,0.8746532797813416
final-final,proj-slimpajama-r50-s0,proj-selfdoc-r50-s0,L14.gateup,14,gateup,2048,1165,0.56884765625,0.8682031631469727
init-init,proj-slimpajama-r50-s0,proj-selfdoc-r50-s0,L14.down,14,down,2048,1165,0.56884765625,0.9164162278175354
final-final,proj-slimpajama-r50-s0,proj-selfdoc-r50-s0,L14.down,14,down,2048,1165,0.56884765625,0.9108200669288635
init-init,proj-slimpajama-r50-s0,proj-selfdoc-r50-s0,L15.qkv,15,qkv,2048,1496,0.73046875,0.9543449878692627
final-final,proj-slimpajama-r50-s0,proj-selfdoc-r50-s0,L15.qkv,15,qkv,2048,1496,0.73046875,0.9519147872924805
init-init,proj-slimpajama-r50-s0,proj-selfdoc-r50-s0,L15.o,15,o,2048,1496,0.73046875,0.9529423117637634
final-final,proj-slimpajama-r50-s0,proj-selfdoc-r50-s0,L15.o,15,o,2048,1496,0.73046875,0.9481873512268066
init-init,proj-slimpajama-r50-s0,proj-selfdoc-r50-s0,L15.gateup,15,gateup,2048,1165,0.56884765625,0.8657658100128174
final-final,proj-slimpajama-r50-s0,proj-selfdoc-r50-s0,L15.gateup,15,gateup,2048,1165,0.56884765625,0.862060546875
init-init,proj-slimpajama-r50-s0,proj-selfdoc-r50-s0,L15.down,15,down,2048,1165,0.56884765625,0.9246087670326233
final-final,proj-slimpajama-r50-s0,proj-selfdoc-r50-s0,L15.down,15,down,2048,1165,0.56884765625,0.9224175810813904
init-init,proj-alpaca-r50-s0,proj-selfgen-r50-s0,L0.qkv,0,qkv,2048,1496,0.73046875,0.9151875972747803
final-final,proj-alpaca-r50-s0,proj-selfgen-r50-s0,L0.qkv,0,qkv,2048,1496,0.73046875,0.9129341244697571
init-init,proj-alpaca-r50-s0,proj-selfgen-r50-s0,L0.o,0,o,2048,1496,0.73046875,0.934075117111206
final-final,proj-alpaca-r50-s0,proj-selfgen-r50-s0,L0.o,0,o,2048,1496,0.73046875,0.9309578537940979
init-init,proj-alpaca-r50-s0,proj-selfgen-r50-s0,L0.gateup,0,gateup,2048,1165,0.56884765625,0.7726677060127258
final-final,proj-alpaca-r50-s0,proj-selfgen-r50-s0,L0.gateup,0,gateup,2048,1165,0.56884765625,0.7701838612556458
init-init,proj-alpaca-r50-s0,proj-selfgen-r50-s0,L0.down,0,down,2048,1165,0.56884765625,0.8416174054145813
final-final,proj-alpaca-r50-s0,proj-selfgen-r50-s0,L0.down,0,down,2048,1165,0.56884765625,0.8381754159927368
init-init,proj-alpaca-r50-s0,proj-selfgen-r50-s0,L1.qkv,1,qkv,2048,1496,0.73046875,0.9224997162818909
final-final,proj-alpaca-r50-s0,proj-selfgen-r50-s0,L1.qkv,1,qkv,2048,1496,0.73046875,0.9203923940658569
init-init,proj-alpaca-r50-s0,proj-selfgen-r50-s0,L1.o,1,o,2048,1496,0.73046875,0.9178369045257568
final-final,proj-alpaca-r50-s0,proj-selfgen-r50-s0,L1.o,1,o,2048,1496,0.73046875,0.9142829775810242
init-init,proj-alpaca-r50-s0,proj-selfgen-r50-s0,L1.gateup,1,gateup,2048,1165,0.56884765625,0.7881432175636292
final-final,proj-alpaca-r50-s0,proj-selfgen-r50-s0,L1.gateup,1,gateup,2048,1165,0.56884765625,0.7841091156005859
init-init,proj-alpaca-r50-s0,proj-selfgen-r50-s0,L1.down,1,down,2048,1165,0.56884765625,0.8397378921508789
final-final,proj-alpaca-r50-s0,proj-selfgen-r50-s0,L1.down,1,down,2048,1165,0.56884765625,0.8365707993507385
init-init,proj-alpaca-r50-s0,proj-selfgen-r50-s0,L2.qkv,2,qkv,2048,1496,0.73046875,0.9138028621673584
final-final,proj-alpaca-r50-s0,proj-selfgen-r50-s0,L2.qkv,2,qkv,2048,1496,0.73046875,0.9118417501449585
init-init,proj-alpaca-r50-s0,proj-selfgen-r50-s0,L2.o,2,o,2048,1496,0.73046875,0.9018771648406982
final-final,proj-alpaca-r50-s0,proj-selfgen-r50-s0,L2.o,2,o,2048,1496,0.73046875,0.8978865742683411
init-init,proj-alpaca-r50-s0,proj-selfgen-r50-s0,L2.gateup,2,gateup,2048,1165,0.56884765625,0.7769892811775208
final-final,proj-alpaca-r50-s0,proj-selfgen-r50-s0,L2.gateup,2,gateup,2048,1165,0.56884765625,0.7733572721481323
init-init,proj-alpaca-r50-s0,proj-selfgen-r50-s0,L2.down,2,down,2048,1165,0.56884765625,0.8395105600357056
final-final,proj-alpaca-r50-s0,proj-selfgen-r50-s0,L2.down,2,down,2048,1165,0.56884765625,0.8356966972351074
init-init,proj-alpaca-r50-s0,proj-selfgen-r50-s0,L3.qkv,3,qkv,2048,1496,0.73046875,0.8988474607467651
final-final,proj-alpaca-r50-s0,proj-selfgen-r50-s0,L3.qkv,3,qkv,2048,1496,0.73046875,0.8970588445663452
init-init,proj-alpaca-r50-s0,proj-selfgen-r50-s0,L3.o,3,o,2048,1496,0.73046875,0.9026398062705994
final-final,proj-alpaca-r50-s0,proj-selfgen-r50-s0,L3.o,3,o,2048,1496,0.73046875,0.8986691832542419
init-init,proj-alpaca-r50-s0,proj-selfgen-r50-s0,L3.gateup,3,gateup,2048,1165,0.56884765625,0.7793022394180298
final-final,proj-alpaca-r50-s0,proj-selfgen-r50-s0,L3.gateup,3,gateup,2048,1165,0.56884765625,0.7757147550582886
init-init,proj-alpaca-r50-s0,proj-selfgen-r50-s0,L3.down,3,down,2048,1165,0.56884765625,0.8352486491203308
final-final,proj-alpaca-r50-s0,proj-selfgen-r50-s0,L3.down,3,down,2048,1165,0.56884765625,0.8316360712051392
init-init,proj-alpaca-r50-s0,proj-selfgen-r50-s0,L4.qkv,4,qkv,2048,1496,0.73046875,0.8979517817497253
final-final,proj-alpaca-r50-s0,proj-selfgen-r50-s0,L4.qkv,4,qkv,2048,1496,0.73046875,0.8959776759147644
init-init,proj-alpaca-r50-s0,proj-selfgen-r50-s0,L4.o,4,o,2048,1496,0.73046875,0.8941978812217712
final-final,proj-alpaca-r50-s0,proj-selfgen-r50-s0,L4.o,4,o,2048,1496,0.73046875,0.8909152746200562
init-init,proj-alpaca-r50-s0,proj-selfgen-r50-s0,L4.gateup,4,gateup,2048,1165,0.56884765625,0.769646406173706
final-final,proj-alpaca-r50-s0,proj-selfgen-r50-s0,L4.gateup,4,gateup,2048,1165,0.56884765625,0.766444981098175
init-init,proj-alpaca-r50-s0,proj-selfgen-r50-s0,L4.down,4,down,2048,1165,0.56884765625,0.8363487124443054
final-final,proj-alpaca-r50-s0,proj-selfgen-r50-s0,L4.down,4,down,2048,1165,0.56884765625,0.8327417969703674
init-init,proj-alpaca-r50-s0,proj-selfgen-r50-s0,L5.qkv,5,qkv,2048,1496,0.73046875,0.9045588970184326
final-final,proj-alpaca-r50-s0,proj-selfgen-r50-s0,L5.qkv,5,qkv,2048,1496,0.73046875,0.9024157524108887
init-init,proj-alpaca-r50-s0,proj-selfgen-r50-s0,L5.o,5,o,2048,1496,0.73046875,0.9104380011558533
final-final,proj-alpaca-r50-s0,proj-selfgen-r50-s0,L5.o,5,o,2048,1496,0.73046875,0.9068004488945007
init-init,proj-alpaca-r50-s0,proj-selfgen-r50-s0,L5.gateup,5,gateup,2048,1165,0.56884765625,0.765101969242096
final-final,proj-alpaca-r50-s0,proj-selfgen-r50-s0,L5.gateup,5,gateup,2048,1165,0.56884765625,0.7618733644485474
init-init,proj-alpaca-r50-s0,proj-selfgen-r50-s0,L5.down,5,down,2048,1165,0.56884765625,0.8468101620674133
final-final,proj-alpaca-r50-s0,proj-selfgen-r50-s0,L5.down,5,down,2048,1165,0.56884765625,0.8431746363639832
init-init,proj-alpaca-r50-s0,proj-selfgen-r50-s0,L6.qkv,6,qkv,2048,1496,0.73046875,0.8966158628463745
final-final,proj-alpaca-r50-s0,proj-selfgen-r50-s0,L6.qkv,6,qkv,2048,1496,0.73046875,0.894476592540741
init-init,proj-alpaca-r50-s0,proj-selfgen-r50-s0,L6.o,6,o,2048,1496,0.73046875,0.9150405526161194
final-final,proj-alpaca-r50-s0,proj-selfgen-r50-s0,L6.o,6,o,2048,1496,0.73046875,0.9115558862686157
init-init,proj-alpaca-r50-s0,proj-selfgen-r50-s0,L6.gateup,6,gateup,2048,1165,0.56884765625,0.7689017057418823
final-final,proj-alpaca-r50-s0,proj-selfgen-r50-s0,L6.gateup,6,gateup,2048,1165,0.56884765625,0.7658486366271973
init-init,proj-alpaca-r50-s0,proj-selfgen-r50-s0,L6.down,6,down,2048,1165,0.56884765625,0.851688027381897
final-final,proj-alpaca-r50-s0,proj-selfgen-r50-s0,L6.down,6,down,2048,1165,0.56884765625,0.8477569818496704
init-init,proj-alpaca-r50-s0,proj-selfgen-r50-s0,L7.qkv,7,qkv,2048,1496,0.73046875,0.8941964507102966
final-final,proj-alpaca-r50-s0,proj-selfgen-r50-s0,L7.qkv,7,qkv,2048,1496,0.73046875,0.89200758934021
init-init,proj-alpaca-r50-s0,proj-selfgen-r50-s0,L7.o,7,o,2048,1496,0.73046875,0.9089671969413757
final-final,proj-alpaca-r50-s0,proj-selfgen-r50-s0,L7.o,7,o,2048,1496,0.73046875,0.9054766297340393
init-init,proj-alpaca-r50-s0,proj-selfgen-r50-s0,L7.gateup,7,gateup,2048,1165,0.56884765625,0.7693125605583191
final-final,proj-alpaca-r50-s0,proj-selfgen-r50-s0,L7.gateup,7,gateup,2048,1165,0.56884765625,0.7662524580955505
init-init,proj-alpaca-r50-s0,proj-selfgen-r50-s0,L7.down,7,down,2048,1165,0.56884765625,0.8465645909309387
final-final,proj-alpaca-r50-s0,proj-selfgen-r50-s0,L7.down,7,down,2048,1165,0.56884765625,0.842889130115509
init-init,proj-alpaca-r50-s0,proj-selfgen-r50-s0,L8.qkv,8,qkv,2048,1496,0.73046875,0.8880855441093445
final-final,proj-alpaca-r50-s0,proj-selfgen-r50-s0,L8.qkv,8,qkv,2048,1496,0.73046875,0.8858233094215393
init-init,proj-alpaca-r50-s0,proj-selfgen-r50-s0,L8.o,8,o,2048,1496,0.73046875,0.9122787714004517
final-final,proj-alpaca-r50-s0,proj-selfgen-r50-s0,L8.o,8,o,2048,1496,0.73046875,0.9087451100349426
init-init,proj-alpaca-r50-s0,proj-selfgen-r50-s0,L8.gateup,8,gateup,2048,1165,0.56884765625,0.7679837346076965
final-final,proj-alpaca-r50-s0,proj-selfgen-r50-s0,L8.gateup,8,gateup,2048,1165,0.56884765625,0.7653264403343201
init-init,proj-alpaca-r50-s0,proj-selfgen-r50-s0,L8.down,8,down,2048,1165,0.56884765625,0.8352522850036621
final-final,proj-alpaca-r50-s0,proj-selfgen-r50-s0,L8.down,8,down,2048,1165,0.56884765625,0.8316224813461304
init-init,proj-alpaca-r50-s0,proj-selfgen-r50-s0,L9.qkv,9,qkv,2048,1496,0.73046875,0.8852186799049377
final-final,proj-alpaca-r50-s0,proj-selfgen-r50-s0,L9.qkv,9,qkv,2048,1496,0.73046875,0.8833155035972595
init-init,proj-alpaca-r50-s0,proj-selfgen-r50-s0,L9.o,9,o,2048,1496,0.73046875,0.9139857888221741
final-final,proj-alpaca-r50-s0,proj-selfgen-r50-s0,L9.o,9,o,2048,1496,0.73046875,0.9104695916175842
init-init,proj-alpaca-r50-s0,proj-selfgen-r50-s0,L9.gateup,9,gateup,2048,1165,0.56884765625,0.7759589552879333
final-final,proj-alpaca-r50-s0,proj-selfgen-r50-s0,L9.gateup,9,gateup,2048,1165,0.56884765625,0.7730266451835632
init-init,proj-alpaca-r50-s0,proj-selfgen-r50-s0,L9.down,9,down,2048,1165,0.56884765625,0.827577531337738
final-final,proj-alpaca-r50-s0,proj-selfgen-r50-s0,L9.down,9,down,2048,1165,0.56884765625,0.8232763409614563
init-init,proj-alpaca-r50-s0,proj-selfgen-r50-s0,L10.qkv,10,qkv,2048,1496,0.73046875,0.8881065845489502
final-final,proj-alpaca-r50-s0,proj-selfgen-r50-s0,L10.qkv,10,qkv,2048,1496,0.73046875,0.8860108256340027
init-init,proj-alpaca-r50-s0,proj-selfgen-r50-s0,L10.o,10,o,2048,1496,0.73046875,0.9217519164085388
final-final,proj-alpaca-r50-s0,proj-selfgen-r50-s0,L10.o,10,o,2048,1496,0.73046875,0.9180153608322144
init-init,proj-alpaca-r50-s0,proj-selfgen-r50-s0,L10.gateup,10,gateup,2048,1165,0.56884765625,0.756462037563324
final-final,proj-alpaca-r50-s0,proj-selfgen-r50-s0,L10.gateup,10,gateup,2048,1165,0.56884765625,0.7536149024963379
init-init,proj-alpaca-r50-s0,proj-selfgen-r50-s0,L10.down,10,down,2048,1165,0.56884765625,0.831323504447937
final-final,proj-alpaca-r50-s0,proj-selfgen-r50-s0,L10.down,10,down,2048,1165,0.56884765625,0.826495885848999
init-init,proj-alpaca-r50-s0,proj-selfgen-r50-s0,L11.qkv,11,qkv,2048,1496,0.73046875,0.8767312169075012
final-final,proj-alpaca-r50-s0,proj-selfgen-r50-s0,L11.qkv,11,qkv,2048,1496,0.73046875,0.8748141527175903
init-init,proj-alpaca-r50-s0,proj-selfgen-r50-s0,L11.o,11,o,2048,1496,0.73046875,0.8987850546836853
final-final,proj-alpaca-r50-s0,proj-selfgen-r50-s0,L11.o,11,o,2048,1496,0.73046875,0.8950445055961609
init-init,proj-alpaca-r50-s0,proj-selfgen-r50-s0,L11.gateup,11,gateup,2048,1165,0.56884765625,0.7511568069458008
final-final,proj-alpaca-r50-s0,proj-selfgen-r50-s0,L11.gateup,11,gateup,2048,1165,0.56884765625,0.7483051419258118
init-init,proj-alpaca-r50-s0,proj-selfgen-r50-s0,L11.down,11,down,2048,1165,0.56884765625,0.8314574956893921
final-final,proj-alpaca-r50-s0,proj-selfgen-r50-s0,L11.down,11,down,2048,1165,0.56884765625,0.8268169164657593
init-init,proj-alpaca-r50-s0,proj-selfgen-r50-s0,L12.qkv,12,qkv,2048,1496,0.73046875,0.8847783803939819
final-final,proj-alpaca-r50-s0,proj-selfgen-r50-s0,L12.qkv,12,qkv,2048,1496,0.73046875,0.8828126192092896
init-init,proj-alpaca-r50-s0,proj-selfgen-r50-s0,L12.o,12,o,2048,1496,0.73046875,0.891578733921051
final-final,proj-alpaca-r50-s0,proj-selfgen-r50-s0,L12.o,12,o,2048,1496,0.73046875,0.8880262970924377
init-init,proj-alpaca-r50-s0,proj-selfgen-r50-s0,L12.gateup,12,gateup,2048,1165,0.56884765625,0.7480751872062683
final-final,proj-alpaca-r50-s0,proj-selfgen-r50-s0,L12.gateup,12,gateup,2048,1165,0.56884765625,0.7446417212486267
init-init,proj-alpaca-r50-s0,proj-selfgen-r50-s0,L12.down,12,down,2048,1165,0.56884765625,0.839706301689148
final-final,proj-alpaca-r50-s0,proj-selfgen-r50-s0,L12.down,12,down,2048,1165,0.56884765625,0.8344771265983582
init-init,proj-alpaca-r50-s0,proj-selfgen-r50-s0,L13.qkv,13,qkv,2048,1496,0.73046875,0.8860680460929871
final-final,proj-alpaca-r50-s0,proj-selfgen-r50-s0,L13.qkv,13,qkv,2048,1496,0.73046875,0.8838782906532288
init-init,proj-alpaca-r50-s0,proj-selfgen-r50-s0,L13.o,13,o,2048,1496,0.73046875,0.8584580421447754
final-final,proj-alpaca-r50-s0,proj-selfgen-r50-s0,L13.o,13,o,2048,1496,0.73046875,0.8562633395195007
init-init,proj-alpaca-r50-s0,proj-selfgen-r50-s0,L13.gateup,13,gateup,2048,1165,0.56884765625,0.7447241544723511
final-final,proj-alpaca-r50-s0,proj-selfgen-r50-s0,L13.gateup,13,gateup,2048,1165,0.56884765625,0.7412525415420532
init-init,proj-alpaca-r50-s0,proj-selfgen-r50-s0,L13.down,13,down,2048,1165,0.56884765625,0.8339319825172424
final-final,proj-alpaca-r50-s0,proj-selfgen-r50-s0,L13.down,13,down,2048,1165,0.56884765625,0.8291404247283936
init-init,proj-alpaca-r50-s0,proj-selfgen-r50-s0,L14.qkv,14,qkv,2048,1496,0.73046875,0.8936530947685242
final-final,proj-alpaca-r50-s0,proj-selfgen-r50-s0,L14.qkv,14,qkv,2048,1496,0.73046875,0.8917369246482849
init-init,proj-alpaca-r50-s0,proj-selfgen-r50-s0,L14.o,14,o,2048,1496,0.73046875,0.8498722910881042
final-final,proj-alpaca-r50-s0,proj-selfgen-r50-s0,L14.o,14,o,2048,1496,0.73046875,0.846615731716156
init-init,proj-alpaca-r50-s0,proj-selfgen-r50-s0,L14.gateup,14,gateup,2048,1165,0.56884765625,0.7476125955581665
final-final,proj-alpaca-r50-s0,proj-selfgen-r50-s0,L14.gateup,14,gateup,2048,1165,0.56884765625,0.7444283366203308
init-init,proj-alpaca-r50-s0,proj-selfgen-r50-s0,L14.down,14,down,2048,1165,0.56884765625,0.8283476829528809
final-final,proj-alpaca-r50-s0,proj-selfgen-r50-s0,L14.down,14,down,2048,1165,0.56884765625,0.8245373368263245
init-init,proj-alpaca-r50-s0,proj-selfgen-r50-s0,L15.qkv,15,qkv,2048,1496,0.73046875,0.8898708820343018
final-final,proj-alpaca-r50-s0,proj-selfgen-r50-s0,L15.qkv,15,qkv,2048,1496,0.73046875,0.8881528377532959
init-init,proj-alpaca-r50-s0,proj-selfgen-r50-s0,L15.o,15,o,2048,1496,0.73046875,0.8709130883216858
final-final,proj-alpaca-r50-s0,proj-selfgen-r50-s0,L15.o,15,o,2048,1496,0.73046875,0.8680636882781982
init-init,proj-alpaca-r50-s0,proj-selfgen-r50-s0,L15.gateup,15,gateup,2048,1165,0.56884765625,0.7304441332817078
final-final,proj-alpaca-r50-s0,proj-selfgen-r50-s0,L15.gateup,15,gateup,2048,1165,0.56884765625,0.7288492321968079
init-init,proj-alpaca-r50-s0,proj-selfgen-r50-s0,L15.down,15,down,2048,1165,0.56884765625,0.8241857886314392
final-final,proj-alpaca-r50-s0,proj-selfgen-r50-s0,L15.down,15,down,2048,1165,0.56884765625,0.8224714398384094
init-init,proj-alpaca-r50-s0,proj-selfdoc-r50-s0,L0.qkv,0,qkv,2048,1496,0.73046875,0.9374707937240601
final-final,proj-alpaca-r50-s0,proj-selfdoc-r50-s0,L0.qkv,0,qkv,2048,1496,0.73046875,0.9346103072166443
init-init,proj-alpaca-r50-s0,proj-selfdoc-r50-s0,L0.o,0,o,2048,1496,0.73046875,0.948877215385437
final-final,proj-alpaca-r50-s0,proj-selfdoc-r50-s0,L0.o,0,o,2048,1496,0.73046875,0.9458048939704895
init-init,proj-alpaca-r50-s0,proj-selfdoc-r50-s0,L0.gateup,0,gateup,2048,1165,0.56884765625,0.8375928997993469
final-final,proj-alpaca-r50-s0,proj-selfdoc-r50-s0,L0.gateup,0,gateup,2048,1165,0.56884765625,0.8318313360214233
init-init,proj-alpaca-r50-s0,proj-selfdoc-r50-s0,L0.down,0,down,2048,1165,0.56884765625,0.8777236342430115
final-final,proj-alpaca-r50-s0,proj-selfdoc-r50-s0,L0.down,0,down,2048,1165,0.56884765625,0.8737027049064636
init-init,proj-alpaca-r50-s0,proj-selfdoc-r50-s0,L1.qkv,1,qkv,2048,1496,0.73046875,0.940097451210022
final-final,proj-alpaca-r50-s0,proj-selfdoc-r50-s0,L1.qkv,1,qkv,2048,1496,0.73046875,0.9381909966468811
init-init,proj-alpaca-r50-s0,proj-selfdoc-r50-s0,L1.o,1,o,2048,1496,0.73046875,0.9374546408653259
final-final,proj-alpaca-r50-s0,proj-selfdoc-r50-s0,L1.o,1,o,2048,1496,0.73046875,0.9337214827537537
init-init,proj-alpaca-r50-s0,proj-selfdoc-r50-s0,L1.gateup,1,gateup,2048,1165,0.56884765625,0.8522206544876099
final-final,proj-alpaca-r50-s0,proj-selfdoc-r50-s0,L1.gateup,1,gateup,2048,1165,0.56884765625,0.8457521796226501
init-init,proj-alpaca-r50-s0,proj-selfdoc-r50-s0,L1.down,1,down,2048,1165,0.56884765625,0.879631757736206
final-final,proj-alpaca-r50-s0,proj-selfdoc-r50-s0,L1.down,1,down,2048,1165,0.56884765625,0.875934362411499
init-init,proj-alpaca-r50-s0,proj-selfdoc-r50-s0,L2.qkv,2,qkv,2048,1496,0.73046875,0.936619222164154
final-final,proj-alpaca-r50-s0,proj-selfdoc-r50-s0,L2.qkv,2,qkv,2048,1496,0.73046875,0.9346215128898621
init-init,proj-alpaca-r50-s0,proj-selfdoc-r50-s0,L2.o,2,o,2048,1496,0.73046875,0.9170792102813721
final-final,proj-alpaca-r50-s0,proj-selfdoc-r50-s0,L2.o,2,o,2048,1496,0.73046875,0.9131228923797607
init-init,proj-alpaca-r50-s0,proj-selfdoc-r50-s0,L2.gateup,2,gateup,2048,1165,0.56884765625,0.8417916297912598
final-final,proj-alpaca-r50-s0,proj-selfdoc-r50-s0,L2.gateup,2,gateup,2048,1165,0.56884765625,0.836219847202301
init-init,proj-alpaca-r50-s0,proj-selfdoc-r50-s0,L2.down,2,down,2048,1165,0.56884765625,0.8820410966873169
final-final,proj-alpaca-r50-s0,proj-selfdoc-r50-s0,L2.down,2,down,2048,1165,0.56884765625,0.8775970935821533
init-init,proj-alpaca-r50-s0,proj-selfdoc-r50-s0,L3.qkv,3,qkv,2048,1496,0.73046875,0.9266687035560608
final-final,proj-alpaca-r50-s0,proj-selfdoc-r50-s0,L3.qkv,3,qkv,2048,1496,0.73046875,0.9248961210250854
init-init,proj-alpaca-r50-s0,proj-selfdoc-r50-s0,L3.o,3,o,2048,1496,0.73046875,0.9314422011375427
final-final,proj-alpaca-r50-s0,proj-selfdoc-r50-s0,L3.o,3,o,2048,1496,0.73046875,0.9272425770759583
init-init,proj-alpaca-r50-s0,proj-selfdoc-r50-s0,L3.gateup,3,gateup,2048,1165,0.56884765625,0.8395702838897705
final-final,proj-alpaca-r50-s0,proj-selfdoc-r50-s0,L3.gateup,3,gateup,2048,1165,0.56884765625,0.834178626537323
init-init,proj-alpaca-r50-s0,proj-selfdoc-r50-s0,L3.down,3,down,2048,1165,0.56884765625,0.8795391321182251
final-final,proj-alpaca-r50-s0,proj-selfdoc-r50-s0,L3.down,3,down,2048,1165,0.56884765625,0.8754240870475769
init-init,proj-alpaca-r50-s0,proj-selfdoc-r50-s0,L4.qkv,4,qkv,2048,1496,0.73046875,0.9244032502174377
final-final,proj-alpaca-r50-s0,proj-selfdoc-r50-s0,L4.qkv,4,qkv,2048,1496,0.73046875,0.9225351214408875
init-init,proj-alpaca-r50-s0,proj-selfdoc-r50-s0,L4.o,4,o,2048,1496,0.73046875,0.9240335822105408
final-final,proj-alpaca-r50-s0,proj-selfdoc-r50-s0,L4.o,4,o,2048,1496,0.73046875,0.9205668568611145
init-init,proj-alpaca-r50-s0,proj-selfdoc-r50-s0,L4.gateup,4,gateup,2048,1165,0.56884765625,0.8280662298202515
final-final,proj-alpaca-r50-s0,proj-selfdoc-r50-s0,L4.gateup,4,gateup,2048,1165,0.56884765625,0.8235063552856445
init-init,proj-alpaca-r50-s0,proj-selfdoc-r50-s0,L4.down,4,down,2048,1165,0.56884765625,0.8754032850265503
final-final,proj-alpaca-r50-s0,proj-selfdoc-r50-s0,L4.down,4,down,2048,1165,0.56884765625,0.8714399337768555
init-init,proj-alpaca-r50-s0,proj-selfdoc-r50-s0,L5.qkv,5,qkv,2048,1496,0.73046875,0.92824786901474
final-final,proj-alpaca-r50-s0,proj-selfdoc-r50-s0,L5.qkv,5,qkv,2048,1496,0.73046875,0.9261117577552795
init-init,proj-alpaca-r50-s0,proj-selfdoc-r50-s0,L5.o,5,o,2048,1496,0.73046875,0.9336578845977783
final-final,proj-alpaca-r50-s0,proj-selfdoc-r50-s0,L5.o,5,o,2048,1496,0.73046875,0.9300342798233032
init-init,proj-alpaca-r50-s0,proj-selfdoc-r50-s0,L5.gateup,5,gateup,2048,1165,0.56884765625,0.8162291646003723
final-final,proj-alpaca-r50-s0,proj-selfdoc-r50-s0,L5.gateup,5,gateup,2048,1165,0.56884765625,0.8118917346000671
init-init,proj-alpaca-r50-s0,proj-selfdoc-r50-s0,L5.down,5,down,2048,1165,0.56884765625,0.8798350691795349
final-final,proj-alpaca-r50-s0,proj-selfdoc-r50-s0,L5.down,5,down,2048,1165,0.56884765625,0.8758074641227722
init-init,proj-alpaca-r50-s0,proj-selfdoc-r50-s0,L6.qkv,6,qkv,2048,1496,0.73046875,0.9210034012794495
final-final,proj-alpaca-r50-s0,proj-selfdoc-r50-s0,L6.qkv,6,qkv,2048,1496,0.73046875,0.9189673066139221
init-init,proj-alpaca-r50-s0,proj-selfdoc-r50-s0,L6.o,6,o,2048,1496,0.73046875,0.9369488954544067
final-final,proj-alpaca-r50-s0,proj-selfdoc-r50-s0,L6.o,6,o,2048,1496,0.73046875,0.9336069226264954
init-init,proj-alpaca-r50-s0,proj-selfdoc-r50-s0,L6.gateup,6,gateup,2048,1165,0.56884765625,0.8197034001350403
final-final,proj-alpaca-r50-s0,proj-selfdoc-r50-s0,L6.gateup,6,gateup,2048,1165,0.56884765625,0.8156546354293823
init-init,proj-alpaca-r50-s0,proj-selfdoc-r50-s0,L6.down,6,down,2048,1165,0.56884765625,0.8852196335792542
final-final,proj-alpaca-r50-s0,proj-selfdoc-r50-s0,L6.down,6,down,2048,1165,0.56884765625,0.8809295892715454
init-init,proj-alpaca-r50-s0,proj-selfdoc-r50-s0,L7.qkv,7,qkv,2048,1496,0.73046875,0.9193989038467407
final-final,proj-alpaca-r50-s0,proj-selfdoc-r50-s0,L7.qkv,7,qkv,2048,1496,0.73046875,0.9174894690513611
init-init,proj-alpaca-r50-s0,proj-selfdoc-r50-s0,L7.o,7,o,2048,1496,0.73046875,0.931702733039856
final-final,proj-alpaca-r50-s0,proj-selfdoc-r50-s0,L7.o,7,o,2048,1496,0.73046875,0.9284698963165283
init-init,proj-alpaca-r50-s0,proj-selfdoc-r50-s0,L7.gateup,7,gateup,2048,1165,0.56884765625,0.817750871181488
final-final,proj-alpaca-r50-s0,proj-selfdoc-r50-s0,L7.gateup,7,gateup,2048,1165,0.56884765625,0.8138952255249023
init-init,proj-alpaca-r50-s0,proj-selfdoc-r50-s0,L7.down,7,down,2048,1165,0.56884765625,0.8846034407615662
final-final,proj-alpaca-r50-s0,proj-selfdoc-r50-s0,L7.down,7,down,2048,1165,0.56884765625,0.8805482983589172
init-init,proj-alpaca-r50-s0,proj-selfdoc-r50-s0,L8.qkv,8,qkv,2048,1496,0.73046875,0.9159744381904602
final-final,proj-alpaca-r50-s0,proj-selfdoc-r50-s0,L8.qkv,8,qkv,2048,1496,0.73046875,0.9137750267982483
init-init,proj-alpaca-r50-s0,proj-selfdoc-r50-s0,L8.o,8,o,2048,1496,0.73046875,0.9326565265655518
final-final,proj-alpaca-r50-s0,proj-selfdoc-r50-s0,L8.o,8,o,2048,1496,0.73046875,0.9293400049209595
init-init,proj-alpaca-r50-s0,proj-selfdoc-r50-s0,L8.gateup,8,gateup,2048,1165,0.56884765625,0.8202407360076904
final-final,proj-alpaca-r50-s0,proj-selfdoc-r50-s0,L8.gateup,8,gateup,2048,1165,0.56884765625,0.816441535949707
init-init,proj-alpaca-r50-s0,proj-selfdoc-r50-s0,L8.down,8,down,2048,1165,0.56884765625,0.8753840327262878
final-final,proj-alpaca-r50-s0,proj-selfdoc-r50-s0,L8.down,8,down,2048,1165,0.56884765625,0.8707886338233948
init-init,proj-alpaca-r50-s0,proj-selfdoc-r50-s0,L9.qkv,9,qkv,2048,1496,0.73046875,0.9136491417884827
final-final,proj-alpaca-r50-s0,proj-selfdoc-r50-s0,L9.qkv,9,qkv,2048,1496,0.73046875,0.9116341471672058
init-init,proj-alpaca-r50-s0,proj-selfdoc-r50-s0,L9.o,9,o,2048,1496,0.73046875,0.9343158006668091
final-final,proj-alpaca-r50-s0,proj-selfdoc-r50-s0,L9.o,9,o,2048,1496,0.73046875,0.9307551980018616
init-init,proj-alpaca-r50-s0,proj-selfdoc-r50-s0,L9.gateup,9,gateup,2048,1165,0.56884765625,0.8248133659362793
final-final,proj-alpaca-r50-s0,proj-selfdoc-r50-s0,L9.gateup,9,gateup,2048,1165,0.56884765625,0.8206210732460022
init-init,proj-alpaca-r50-s0,proj-selfdoc-r50-s0,L9.down,9,down,2048,1165,0.56884765625,0.8681647181510925
final-final,proj-alpaca-r50-s0,proj-selfdoc-r50-s0,L9.down,9,down,2048,1165,0.56884765625,0.8628435730934143
init-init,proj-alpaca-r50-s0,proj-selfdoc-r50-s0,L10.qkv,10,qkv,2048,1496,0.73046875,0.915745735168457
final-final,proj-alpaca-r50-s0,proj-selfdoc-r50-s0,L10.qkv,10,qkv,2048,1496,0.73046875,0.913292407989502
init-init,proj-alpaca-r50-s0,proj-selfdoc-r50-s0,L10.o,10,o,2048,1496,0.73046875,0.938039243221283
final-final,proj-alpaca-r50-s0,proj-selfdoc-r50-s0,L10.o,10,o,2048,1496,0.73046875,0.934199869632721
init-init,proj-alpaca-r50-s0,proj-selfdoc-r50-s0,L10.gateup,10,gateup,2048,1165,0.56884765625,0.8063364624977112
final-final,proj-alpaca-r50-s0,proj-selfdoc-r50-s0,L10.gateup,10,gateup,2048,1165,0.56884765625,0.8021863102912903
init-init,proj-alpaca-r50-s0,proj-selfdoc-r50-s0,L10.down,10,down,2048,1165,0.56884765625,0.8705105185508728
final-final,proj-alpaca-r50-s0,proj-selfdoc-r50-s0,L10.down,10,down,2048,1165,0.56884765625,0.8645663857460022
init-init,proj-alpaca-r50-s0,proj-selfdoc-r50-s0,L11.qkv,11,qkv,2048,1496,0.73046875,0.9074522852897644
final-final,proj-alpaca-r50-s0,proj-selfdoc-r50-s0,L11.qkv,11,qkv,2048,1496,0.73046875,0.9050734639167786
init-init,proj-alpaca-r50-s0,proj-selfdoc-r50-s0,L11.o,11,o,2048,1496,0.73046875,0.9192405343055725
final-final,proj-alpaca-r50-s0,proj-selfdoc-r50-s0,L11.o,11,o,2048,1496,0.73046875,0.9150962233543396
init-init,proj-alpaca-r50-s0,proj-selfdoc-r50-s0,L11.gateup,11,gateup,2048,1165,0.56884765625,0.8020268082618713
final-final,proj-alpaca-r50-s0,proj-selfdoc-r50-s0,L11.gateup,11,gateup,2048,1165,0.56884765625,0.7974535822868347
init-init,proj-alpaca-r50-s0,proj-selfdoc-r50-s0,L11.down,11,down,2048,1165,0.56884765625,0.8666069507598877
final-final,proj-alpaca-r50-s0,proj-selfdoc-r50-s0,L11.down,11,down,2048,1165,0.56884765625,0.860785186290741
init-init,proj-alpaca-r50-s0,proj-selfdoc-r50-s0,L12.qkv,12,qkv,2048,1496,0.73046875,0.9114928245544434
final-final,proj-alpaca-r50-s0,proj-selfdoc-r50-s0,L12.qkv,12,qkv,2048,1496,0.73046875,0.9093879461288452
init-init,proj-alpaca-r50-s0,proj-selfdoc-r50-s0,L12.o,12,o,2048,1496,0.73046875,0.9198096394538879
final-final,proj-alpaca-r50-s0,proj-selfdoc-r50-s0,L12.o,12,o,2048,1496,0.73046875,0.9156880974769592
init-init,proj-alpaca-r50-s0,proj-selfdoc-r50-s0,L12.gateup,12,gateup,2048,1165,0.56884765625,0.7957303524017334
final-final,proj-alpaca-r50-s0,proj-selfdoc-r50-s0,L12.gateup,12,gateup,2048,1165,0.56884765625,0.790313720703125
init-init,proj-alpaca-r50-s0,proj-selfdoc-r50-s0,L12.down,12,down,2048,1165,0.56884765625,0.8710471391677856
final-final,proj-alpaca-r50-s0,proj-selfdoc-r50-s0,L12.down,12,down,2048,1165,0.56884765625,0.8645192384719849
init-init,proj-alpaca-r50-s0,proj-selfdoc-r50-s0,L13.qkv,13,qkv,2048,1496,0.73046875,0.9128441214561462
final-final,proj-alpaca-r50-s0,proj-selfdoc-r50-s0,L13.qkv,13,qkv,2048,1496,0.73046875,0.9103990793228149
init-init,proj-alpaca-r50-s0,proj-selfdoc-r50-s0,L13.o,13,o,2048,1496,0.73046875,0.8987141251564026
final-final,proj-alpaca-r50-s0,proj-selfdoc-r50-s0,L13.o,13,o,2048,1496,0.73046875,0.8955283761024475
init-init,proj-alpaca-r50-s0,proj-selfdoc-r50-s0,L13.gateup,13,gateup,2048,1165,0.56884765625,0.7950745224952698
final-final,proj-alpaca-r50-s0,proj-selfdoc-r50-s0,L13.gateup,13,gateup,2048,1165,0.56884765625,0.7894192934036255
init-init,proj-alpaca-r50-s0,proj-selfdoc-r50-s0,L13.down,13,down,2048,1165,0.56884765625,0.868325412273407
final-final,proj-alpaca-r50-s0,proj-selfdoc-r50-s0,L13.down,13,down,2048,1165,0.56884765625,0.8622457981109619
init-init,proj-alpaca-r50-s0,proj-selfdoc-r50-s0,L14.qkv,14,qkv,2048,1496,0.73046875,0.9172212481498718
final-final,proj-alpaca-r50-s0,proj-selfdoc-r50-s0,L14.qkv,14,qkv,2048,1496,0.73046875,0.91518235206604
init-init,proj-alpaca-r50-s0,proj-selfdoc-r50-s0,L14.o,14,o,2048,1496,0.73046875,0.8893806338310242
final-final,proj-alpaca-r50-s0,proj-selfdoc-r50-s0,L14.o,14,o,2048,1496,0.73046875,0.8851659893989563
init-init,proj-alpaca-r50-s0,proj-selfdoc-r50-s0,L14.gateup,14,gateup,2048,1165,0.56884765625,0.8012226223945618
final-final,proj-alpaca-r50-s0,proj-selfdoc-r50-s0,L14.gateup,14,gateup,2048,1165,0.56884765625,0.7958278059959412
init-init,proj-alpaca-r50-s0,proj-selfdoc-r50-s0,L14.down,14,down,2048,1165,0.56884765625,0.8642564415931702
final-final,proj-alpaca-r50-s0,proj-selfdoc-r50-s0,L14.down,14,down,2048,1165,0.56884765625,0.859315037727356
init-init,proj-alpaca-r50-s0,proj-selfdoc-r50-s0,L15.qkv,15,qkv,2048,1496,0.73046875,0.9164655804634094
final-final,proj-alpaca-r50-s0,proj-selfdoc-r50-s0,L15.qkv,15,qkv,2048,1496,0.73046875,0.9145811796188354
init-init,proj-alpaca-r50-s0,proj-selfdoc-r50-s0,L15.o,15,o,2048,1496,0.73046875,0.9119874835014343
final-final,proj-alpaca-r50-s0,proj-selfdoc-r50-s0,L15.o,15,o,2048,1496,0.73046875,0.9082032442092896
init-init,proj-alpaca-r50-s0,proj-selfdoc-r50-s0,L15.gateup,15,gateup,2048,1165,0.56884765625,0.7914720773696899
final-final,proj-alpaca-r50-s0,proj-selfdoc-r50-s0,L15.gateup,15,gateup,2048,1165,0.56884765625,0.7885063886642456
init-init,proj-alpaca-r50-s0,proj-selfdoc-r50-s0,L15.down,15,down,2048,1165,0.56884765625,0.8681490421295166
final-final,proj-alpaca-r50-s0,proj-selfdoc-r50-s0,L15.down,15,down,2048,1165,0.56884765625,0.8660843968391418
init-init,proj-selfgen-r50-s0,proj-selfdoc-r50-s0,L0.qkv,0,qkv,2048,1496,0.73046875,0.9757806658744812
final-final,proj-selfgen-r50-s0,proj-selfdoc-r50-s0,L0.qkv,0,qkv,2048,1496,0.73046875,0.9724717140197754
init-init,proj-selfgen-r50-s0,proj-selfdoc-r50-s0,L0.o,0,o,2048,1496,0.73046875,0.9712088704109192
final-final,proj-selfgen-r50-s0,proj-selfdoc-r50-s0,L0.o,0,o,2048,1496,0.73046875,0.9675978422164917
init-init,proj-selfgen-r50-s0,proj-selfdoc-r50-s0,L0.gateup,0,gateup,2048,1165,0.56884765625,0.8972955942153931
final-final,proj-selfgen-r50-s0,proj-selfdoc-r50-s0,L0.gateup,0,gateup,2048,1165,0.56884765625,0.8921310305595398
init-init,proj-selfgen-r50-s0,proj-selfdoc-r50-s0,L0.down,0,down,2048,1165,0.56884765625,0.9302432537078857
final-final,proj-selfgen-r50-s0,proj-selfdoc-r50-s0,L0.down,0,down,2048,1165,0.56884765625,0.9260936379432678
init-init,proj-selfgen-r50-s0,proj-selfdoc-r50-s0,L1.qkv,1,qkv,2048,1496,0.73046875,0.9753941893577576
final-final,proj-selfgen-r50-s0,proj-selfdoc-r50-s0,L1.qkv,1,qkv,2048,1496,0.73046875,0.9730032086372375
init-init,proj-selfgen-r50-s0,proj-selfdoc-r50-s0,L1.o,1,o,2048,1496,0.73046875,0.9683547616004944
final-final,proj-selfgen-r50-s0,proj-selfdoc-r50-s0,L1.o,1,o,2048,1496,0.73046875,0.9641398787498474
init-init,proj-selfgen-r50-s0,proj-selfdoc-r50-s0,L1.gateup,1,gateup,2048,1165,0.56884765625,0.8901407122612
final-final,proj-selfgen-r50-s0,proj-selfdoc-r50-s0,L1.gateup,1,gateup,2048,1165,0.56884765625,0.8843441009521484
init-init,proj-selfgen-r50-s0,proj-selfdoc-r50-s0,L1.down,1,down,2048,1165,0.56884765625,0.9185693860054016
final-final,proj-selfgen-r50-s0,proj-selfdoc-r50-s0,L1.down,1,down,2048,1165,0.56884765625,0.9149330258369446
init-init,proj-selfgen-r50-s0,proj-selfdoc-r50-s0,L2.qkv,2,qkv,2048,1496,0.73046875,0.9639220237731934
final-final,proj-selfgen-r50-s0,proj-selfdoc-r50-s0,L2.qkv,2,qkv,2048,1496,0.73046875,0.9614691138267517
init-init,proj-selfgen-r50-s0,proj-selfdoc-r50-s0,L2.o,2,o,2048,1496,0.73046875,0.9591249227523804
final-final,proj-selfgen-r50-s0,proj-selfdoc-r50-s0,L2.o,2,o,2048,1496,0.73046875,0.9542784690856934
init-init,proj-selfgen-r50-s0,proj-selfdoc-r50-s0,L2.gateup,2,gateup,2048,1165,0.56884765625,0.8732792735099792
final-final,proj-selfgen-r50-s0,proj-selfdoc-r50-s0,L2.gateup,2,gateup,2048,1165,0.56884765625,0.8683873414993286
init-init,proj-selfgen-r50-s0,proj-selfdoc-r50-s0,L2.down,2,down,2048,1165,0.56884765625,0.9125931859016418
final-final,proj-selfgen-r50-s0,proj-selfdoc-r50-s0,L2.down,2,down,2048,1165,0.56884765625,0.9085081815719604
init-init,proj-selfgen-r50-s0,proj-selfdoc-r50-s0,L3.qkv,3,qkv,2048,1496,0.73046875,0.9538062214851379
final-final,proj-selfgen-r50-s0,proj-selfdoc-r50-s0,L3.qkv,3,qkv,2048,1496,0.73046875,0.9515501856803894
init-init,proj-selfgen-r50-s0,proj-selfdoc-r50-s0,L3.o,3,o,2048,1496,0.73046875,0.9523407816886902
final-final,proj-selfgen-r50-s0,proj-selfdoc-r50-s0,L3.o,3,o,2048,1496,0.73046875,0.9478374719619751
init-init,proj-selfgen-r50-s0,proj-selfdoc-r50-s0,L3.gateup,3,gateup,2048,1165,0.56884765625,0.8760488629341125
final-final,proj-selfgen-r50-s0,proj-selfdoc-r50-s0,L3.gateup,3,gateup,2048,1165,0.56884765625,0.8712321519851685
init-init,proj-selfgen-r50-s0,proj-selfdoc-r50-s0,L3.down,3,down,2048,1165,0.56884765625,0.9093477725982666
final-final,proj-selfgen-r50-s0,proj-selfdoc-r50-s0,L3.down,3,down,2048,1165,0.56884765625,0.9055219888687134
init-init,proj-selfgen-r50-s0,proj-selfdoc-r50-s0,L4.qkv,4,qkv,2048,1496,0.73046875,0.9533745646476746
final-final,proj-selfgen-r50-s0,proj-selfdoc-r50-s0,L4.qkv,4,qkv,2048,1496,0.73046875,0.9509087204933167
init-init,proj-selfgen-r50-s0,proj-selfdoc-r50-s0,L4.o,4,o,2048,1496,0.73046875,0.9420308470726013
final-final,proj-selfgen-r50-s0,proj-selfdoc-r50-s0,L4.o,4,o,2048,1496,0.73046875,0.938227653503418
init-init,proj-selfgen-r50-s0,proj-selfdoc-r50-s0,L4.gateup,4,gateup,2048,1165,0.56884765625,0.8694413304328918
final-final,proj-selfgen-r50-s0,proj-selfdoc-r50-s0,L4.gateup,4,gateup,2048,1165,0.56884765625,0.8650581240653992
init-init,proj-selfgen-r50-s0,proj-selfdoc-r50-s0,L4.down,4,down,2048,1165,0.56884765625,0.9131907224655151
final-final,proj-selfgen-r50-s0,proj-selfdoc-r50-s0,L4.down,4,down,2048,1165,0.56884765625,0.9091925621032715
init-init,proj-selfgen-r50-s0,proj-selfdoc-r50-s0,L5.qkv,5,qkv,2048,1496,0.73046875,0.9571550488471985
final-final,proj-selfgen-r50-s0,proj-selfdoc-r50-s0,L5.qkv,5,qkv,2048,1496,0.73046875,0.9543542265892029
init-init,proj-selfgen-r50-s0,proj-selfdoc-r50-s0,L5.o,5,o,2048,1496,0.73046875,0.9576032161712646
final-final,proj-selfgen-r50-s0,proj-selfdoc-r50-s0,L5.o,5,o,2048,1496,0.73046875,0.9535561800003052
init-init,proj-selfgen-r50-s0,proj-selfdoc-r50-s0,L5.gateup,5,gateup,2048,1165,0.56884765625,0.8745408654212952
final-final,proj-selfgen-r50-s0,proj-selfdoc-r50-s0,L5.gateup,5,gateup,2048,1165,0.56884765625,0.8700147867202759
init-init,proj-selfgen-r50-s0,proj-selfdoc-r50-s0,L5.down,5,down,2048,1165,0.56884765625,0.9237151741981506
final-final,proj-selfgen-r50-s0,proj-selfdoc-r50-s0,L5.down,5,down,2048,1165,0.56884765625,0.9197563529014587
init-init,proj-selfgen-r50-s0,proj-selfdoc-r50-s0,L6.qkv,6,qkv,2048,1496,0.73046875,0.953091561794281
final-final,proj-selfgen-r50-s0,proj-selfdoc-r50-s0,L6.qkv,6,qkv,2048,1496,0.73046875,0.9502795338630676
init-init,proj-selfgen-r50-s0,proj-selfdoc-r50-s0,L6.o,6,o,2048,1496,0.73046875,0.9566901326179504
final-final,proj-selfgen-r50-s0,proj-selfdoc-r50-s0,L6.o,6,o,2048,1496,0.73046875,0.9528324007987976
init-init,proj-selfgen-r50-s0,proj-selfdoc-r50-s0,L6.gateup,6,gateup,2048,1165,0.56884765625,0.8751490712165833
final-final,proj-selfgen-r50-s0,proj-selfdoc-r50-s0,L6.gateup,6,gateup,2048,1165,0.56884765625,0.8707884550094604
init-init,proj-selfgen-r50-s0,proj-selfdoc-r50-s0,L6.down,6,down,2048,1165,0.56884765625,0.9252526164054871
final-final,proj-selfgen-r50-s0,proj-selfdoc-r50-s0,L6.down,6,down,2048,1165,0.56884765625,0.9209230542182922
init-init,proj-selfgen-r50-s0,proj-selfdoc-r50-s0,L7.qkv,7,qkv,2048,1496,0.73046875,0.9498519897460938
final-final,proj-selfgen-r50-s0,proj-selfdoc-r50-s0,L7.qkv,7,qkv,2048,1496,0.73046875,0.9469044804573059
init-init,proj-selfgen-r50-s0,proj-selfdoc-r50-s0,L7.o,7,o,2048,1496,0.73046875,0.9485359787940979
final-final,proj-selfgen-r50-s0,proj-selfdoc-r50-s0,L7.o,7,o,2048,1496,0.73046875,0.9446976184844971
init-init,proj-selfgen-r50-s0,proj-selfdoc-r50-s0,L7.gateup,7,gateup,2048,1165,0.56884765625,0.8747491836547852
final-final,proj-selfgen-r50-s0,proj-selfdoc-r50-s0,L7.gateup,7,gateup,2048,1165,0.56884765625,0.8704929351806641
init-init,proj-selfgen-r50-s0,proj-selfdoc-r50-s0,L7.down,7,down,2048,1165,0.56884765625,0.921663224697113
final-final,proj-selfgen-r50-s0,proj-selfdoc-r50-s0,L7.down,7,down,2048,1165,0.56884765625,0.917651355266571
init-init,proj-selfgen-r50-s0,proj-selfdoc-r50-s0,L8.qkv,8,qkv,2048,1496,0.73046875,0.9447184801101685
final-final,proj-selfgen-r50-s0,proj-selfdoc-r50-s0,L8.qkv,8,qkv,2048,1496,0.73046875,0.9418124556541443
init-init,proj-selfgen-r50-s0,proj-selfdoc-r50-s0,L8.o,8,o,2048,1496,0.73046875,0.9559169411659241
final-final,proj-selfgen-r50-s0,proj-selfdoc-r50-s0,L8.o,8,o,2048,1496,0.73046875,0.9520736336708069
init-init,proj-selfgen-r50-s0,proj-selfdoc-r50-s0,L8.gateup,8,gateup,2048,1165,0.56884765625,0.8766338229179382
final-final,proj-selfgen-r50-s0,proj-selfdoc-r50-s0,L8.gateup,8,gateup,2048,1165,0.56884765625,0.8727386593818665
init-init,proj-selfgen-r50-s0,proj-selfdoc-r50-s0,L8.down,8,down,2048,1165,0.56884765625,0.918638288974762
final-final,proj-selfgen-r50-s0,proj-selfdoc-r50-s0,L8.down,8,down,2048,1165,0.56884765625,0.9148402214050293
init-init,proj-selfgen-r50-s0,proj-selfdoc-r50-s0,L9.qkv,9,qkv,2048,1496,0.73046875,0.9456121325492859
final-final,proj-selfgen-r50-s0,proj-selfdoc-r50-s0,L9.qkv,9,qkv,2048,1496,0.73046875,0.9430003762245178
init-init,proj-selfgen-r50-s0,proj-selfdoc-r50-s0,L9.o,9,o,2048,1496,0.73046875,0.9526809453964233
final-final,proj-selfgen-r50-s0,proj-selfdoc-r50-s0,L9.o,9,o,2048,1496,0.73046875,0.9487560987472534
init-init,proj-selfgen-r50-s0,proj-selfdoc-r50-s0,L9.gateup,9,gateup,2048,1165,0.56884765625,0.8847459554672241
final-final,proj-selfgen-r50-s0,proj-selfdoc-r50-s0,L9.gateup,9,gateup,2048,1165,0.56884765625,0.8805152773857117
init-init,proj-selfgen-r50-s0,proj-selfdoc-r50-s0,L9.down,9,down,2048,1165,0.56884765625,0.9179943203926086
final-final,proj-selfgen-r50-s0,proj-selfdoc-r50-s0,L9.down,9,down,2048,1165,0.56884765625,0.9136264324188232
init-init,proj-selfgen-r50-s0,proj-selfdoc-r50-s0,L10.qkv,10,qkv,2048,1496,0.73046875,0.9475998878479004
final-final,proj-selfgen-r50-s0,proj-selfdoc-r50-s0,L10.qkv,10,qkv,2048,1496,0.73046875,0.9446215629577637
init-init,proj-selfgen-r50-s0,proj-selfdoc-r50-s0,L10.o,10,o,2048,1496,0.73046875,0.9626523852348328
final-final,proj-selfgen-r50-s0,proj-selfdoc-r50-s0,L10.o,10,o,2048,1496,0.73046875,0.9583600759506226
init-init,proj-selfgen-r50-s0,proj-selfdoc-r50-s0,L10.gateup,10,gateup,2048,1165,0.56884765625,0.8802577257156372
final-final,proj-selfgen-r50-s0,proj-selfdoc-r50-s0,L10.gateup,10,gateup,2048,1165,0.56884765625,0.8756323456764221
init-init,proj-selfgen-r50-s0,proj-selfdoc-r50-s0,L10.down,10,down,2048,1165,0.56884765625,0.9238182902336121
final-final,proj-selfgen-r50-s0,proj-selfdoc-r50-s0,L10.down,10,down,2048,1165,0.56884765625,0.9186921715736389
init-init,proj-selfgen-r50-s0,proj-selfdoc-r50-s0,L11.qkv,11,qkv,2048,1496,0.73046875,0.9436504244804382
final-final,proj-selfgen-r50-s0,proj-selfdoc-r50-s0,L11.qkv,11,qkv,2048,1496,0.73046875,0.9407022595405579
init-init,proj-selfgen-r50-s0,proj-selfdoc-r50-s0,L11.o,11,o,2048,1496,0.73046875,0.952582061290741
final-final,proj-selfgen-r50-s0,proj-selfdoc-r50-s0,L11.o,11,o,2048,1496,0.73046875,0.947973370552063
init-init,proj-selfgen-r50-s0,proj-selfdoc-r50-s0,L11.gateup,11,gateup,2048,1165,0.56884765625,0.8818550109863281
final-final,proj-selfgen-r50-s0,proj-selfdoc-r50-s0,L11.gateup,11,gateup,2048,1165,0.56884765625,0.8768230676651001
init-init,proj-selfgen-r50-s0,proj-selfdoc-r50-s0,L11.down,11,down,2048,1165,0.56884765625,0.9220906496047974
final-final,proj-selfgen-r50-s0,proj-selfdoc-r50-s0,L11.down,11,down,2048,1165,0.56884765625,0.916880190372467
init-init,proj-selfgen-r50-s0,proj-selfdoc-r50-s0,L12.qkv,12,qkv,2048,1496,0.73046875,0.9505180716514587
final-final,proj-selfgen-r50-s0,proj-selfdoc-r50-s0,L12.qkv,12,qkv,2048,1496,0.73046875,0.9477325677871704
init-init,proj-selfgen-r50-s0,proj-selfdoc-r50-s0,L12.o,12,o,2048,1496,0.73046875,0.9455143809318542
final-final,proj-selfgen-r50-s0,proj-selfdoc-r50-s0,L12.o,12,o,2048,1496,0.73046875,0.9410445690155029
init-init,proj-selfgen-r50-s0,proj-selfdoc-r50-s0,L12.gateup,12,gateup,2048,1165,0.56884765625,0.8769506216049194
final-final,proj-selfgen-r50-s0,proj-selfdoc-r50-s0,L12.gateup,12,gateup,2048,1165,0.56884765625,0.8711056709289551
init-init,proj-selfgen-r50-s0,proj-selfdoc-r50-s0,L12.down,12,down,2048,1165,0.56884765625,0.9272785782814026
final-final,proj-selfgen-r50-s0,proj-selfdoc-r50-s0,L12.down,12,down,2048,1165,0.56884765625,0.9212790131568909
init-init,proj-selfgen-r50-s0,proj-selfdoc-r50-s0,L13.qkv,13,qkv,2048,1496,0.73046875,0.9491456747055054
final-final,proj-selfgen-r50-s0,proj-selfdoc-r50-s0,L13.qkv,13,qkv,2048,1496,0.73046875,0.946075975894928
init-init,proj-selfgen-r50-s0,proj-selfdoc-r50-s0,L13.o,13,o,2048,1496,0.73046875,0.9214310646057129
final-final,proj-selfgen-r50-s0,proj-selfdoc-r50-s0,L13.o,13,o,2048,1496,0.73046875,0.9179514050483704
init-init,proj-selfgen-r50-s0,proj-selfdoc-r50-s0,L13.gateup,13,gateup,2048,1165,0.56884765625,0.8700723648071289
final-final,proj-selfgen-r50-s0,proj-selfdoc-r50-s0,L13.gateup,13,gateup,2048,1165,0.56884765625,0.8643460273742676
init-init,proj-selfgen-r50-s0,proj-selfdoc-r50-s0,L13.down,13,down,2048,1165,0.56884765625,0.9208275079727173
final-final,proj-selfgen-r50-s0,proj-selfdoc-r50-s0,L13.down,13,down,2048,1165,0.56884765625,0.9153354167938232
init-init,proj-selfgen-r50-s0,proj-selfdoc-r50-s0,L14.qkv,14,qkv,2048,1496,0.73046875,0.9547707438468933
final-final,proj-selfgen-r50-s0,proj-selfdoc-r50-s0,L14.qkv,14,qkv,2048,1496,0.73046875,0.9519437551498413
init-init,proj-selfgen-r50-s0,proj-selfdoc-r50-s0,L14.o,14,o,2048,1496,0.73046875,0.9255594611167908
final-final,proj-selfgen-r50-s0,proj-selfdoc-r50-s0,L14.o,14,o,2048,1496,0.73046875,0.9206053018569946
init-init,proj-selfgen-r50-s0,proj-selfdoc-r50-s0,L14.gateup,14,gateup,2048,1165,0.56884765625,0.8668934106826782
final-final,proj-selfgen-r50-s0,proj-selfdoc-r50-s0,L14.gateup,14,gateup,2048,1165,0.56884765625,0.8618057370185852
init-init,proj-selfgen-r50-s0,proj-selfdoc-r50-s0,L14.down,14,down,2048,1165,0.56884765625,0.9184672832489014
final-final,proj-selfgen-r50-s0,proj-selfdoc-r50-s0,L14.down,14,down,2048,1165,0.56884765625,0.9137041568756104
init-init,proj-selfgen-r50-s0,proj-selfdoc-r50-s0,L15.qkv,15,qkv,2048,1496,0.73046875,0.9506767392158508
final-final,proj-selfgen-r50-s0,proj-selfdoc-r50-s0,L15.qkv,15,qkv,2048,1496,0.73046875,0.9481844305992126
init-init,proj-selfgen-r50-s0,proj-selfdoc-r50-s0,L15.o,15,o,2048,1496,0.73046875,0.9257696270942688
final-final,proj-selfgen-r50-s0,proj-selfdoc-r50-s0,L15.o,15,o,2048,1496,0.73046875,0.9217659831047058
init-init,proj-selfgen-r50-s0,proj-selfdoc-r50-s0,L15.gateup,15,gateup,2048,1165,0.56884765625,0.8508026599884033
final-final,proj-selfgen-r50-s0,proj-selfdoc-r50-s0,L15.gateup,15,gateup,2048,1165,0.56884765625,0.8482123017311096
init-init,proj-selfgen-r50-s0,proj-selfdoc-r50-s0,L15.down,15,down,2048,1165,0.56884765625,0.9138598442077637
final-final,proj-selfgen-r50-s0,proj-selfdoc-r50-s0,L15.down,15,down,2048,1165,0.56884765625,0.9121623039245605
