pair,a,b,unit,block,kind,d,k,chance,overlap
init-final,proj-wikitext2-r50-s0,proj-wikitext2-r50-s0,L0.qkv,0,qkv,2048,1490,0.7275390625,0.9966722130775452
init-final,proj-wikitext2-r50-s0,proj-wikitext2-r50-s0,L0.o,0,o,2048,1490,0.7275390625,0.9978227615356445
init-final,proj-wikitext2-r50-s0,proj-wikitext2-r50-s0,L0.fc1,0,fc1,2048,1154,0.5634765625,0.9962384700775146
init-final,proj-wikitext2-r50-s0,proj-wikitext2-r50-s0,L0.fc2,0,fc2,2048,1154,0.5634765625,0.9964309930801392
init-final,proj-wikitext2-r50-s0,proj-wikitext2-r50-s0,L1.qkv,1,qkv,2048,1490,0.7275390625,0.9978956580162048
init-final,proj-wikitext2-r50-s0,proj-wikitext2-r50-s0,L1.o,1,o,2048,1490,0.7275390625,0.9982183575630188
init-final,proj-wikitext2-r50-s0,proj-wikitext2-r50-s0,L1.fc1,1,fc1,2048,1154,0.5634765625,0.9976136088371277
init-final,proj-wikitext2-r50-s0,proj-wikitext2-r50-s0,L1.fc2,1,fc2,2048,1154,0.5634765625,0.9963209629058838
init-final,proj-wikitext2-r50-s0,proj-wikitext2-r50-s0,L2.qkv,2,qkv,2048,1490,0.7275390625,0.9976184368133545
init-final,proj-wikitext2-r50-s0,proj-wikitext2-r50-s0,L2.o,2,o,2048,1490,0.7275390625,0.9984357357025146
init-final,proj-wikitext2-r50-s0,proj-wikitext2-r50-s0,L2.fc1,2,fc1,2048,1154,0.5634765625,0.9976974725723267
init-final,proj-wikitext2-r50-s0,proj-wikitext2-r50-s0,L2.fc2,2,fc2,2048,1154,0.5634765625,0.9963235259056091
init-final,proj-wikitext2-r50-s0,proj-wikitext2-r50-s0,L3.qkv,3,qkv,2048,1490,0.7275390625,0.9976015090942383
init-final,proj-wikitext2-r50-s0,proj-wikitext2-r50-s0,L3.o,3,o,2048,1490,0.7275390625,0.9982612133026123
init-final,proj-wikitext2-r50-s0,proj-wikitext2-r50-s0,L3.fc1,3,fc1,2048,1154,0.5634765625,0.996820867061615
init-final,proj-wikitext2-r50-s0,proj-wikitext2-r50-s0,L3.fc2,3,fc2,2048,1154,0.5634765625,0.9960221648216248
init-final,proj-wikitext2-r50-s0,proj-wikitext2-r50-s0,L4.qkv,4,qkv,2048,1490,0.7275390625,0.9975873827934265
init-final,proj-wikitext2-r50-s0,proj-wikitext2-r50-s0,L4.o,4,o,2048,1490,0.7275390625,0.9983162879943848
init-final,proj-wikitext2-r50-s0,proj-wikitext2-r50-s0,L4.fc1,4,fc1,2048,1154,0.5634765625,0.9965235590934753
init-final,proj-wikitext2-r50-s0,proj-wikitext2-r50-s0,L4.fc2,4,fc2,2048,1154,0.5634765625,0.9958733320236206
init-final,proj-wikitext2-r50-s0,proj-wikitext2-r50-s0,L5.qkv,5,qkv,2048,1490,0.7275390625,0.997524082660675
init-final,proj-wikitext2-r50-s0,proj-wikitext2-r50-s0,L5.o,5,o,2048,1490,0.7275390625,0.9979925155639648
init-final,proj-wikitext2-r50-s0,proj-wikitext2-r50-s0,L5.fc1,5,fc1,2048,1154,0.5634765625,0.9964379668235779
init-final,proj-wikitext2-r50-s0,proj-wikitext2-r50-s0,L5.fc2,5,fc2,2048,1154,0.5634765625,0.9961279034614563
init-final,proj-wikitext2-r50-s0,proj-wikitext2-r50-s0,L6.qkv,6,qkv,2048,1490,0.7275390625,0.9971476197242737
init-final,proj-wikitext2-r50-s0,proj-wikitext2-r50-s0,L6.o,6,o,2048,1490,0.7275390625,0.9974917769432068
init-final,proj-wikitext2-r50-s0,proj-wikitext2-r50-s0,L6.fc1,6,fc1,2048,1154,0.5634765625,0.996146023273468
init-final,proj-wikitext2-r50-s0,proj-wikitext2-r50-s0,L6.fc2,6,fc2,2048,1154,0.5634765625,0.9963437914848328
init-final,proj-wikitext2-r50-s0,proj-wikitext2-r50-s0,L7.qkv,7,qkv,2048,1490,0.7275390625,0.9971751570701599
init-final,proj-wikitext2-r50-s0,proj-wikitext2-r50-s0,L7.o,7,o,2048,1490,0.7275390625,0.9974130392074585
init-final,proj-wikitext2-r50-s0,proj-wikitext2-r50-s0,L7.fc1,7,fc1,2048,1154,0.5634765625,0.9959729313850403
init-final,proj-wikitext2-r50-s0,proj-wikitext2-r50-s0,L7.fc2,7,fc2,2048,1154,0.5634765625,0.9964962601661682
init-final,proj-wikitext2-r50-s0,proj-wikitext2-r50-s0,L8.qkv,8,qkv,2048,1490,0.7275390625,0.9971091747283936
init-final,proj-wikitext2-r50-s0,proj-wikitext2-r50-s0,L8.o,8,o,2048,1490,0.7275390625,0.9971603155136108
init-final,proj-wikitext2-r50-s0,proj-wikitext2-r50-s0,L8.fc1,8,fc1,2048,1154,0.5634765625,0.9957548379898071
init-final,proj-wikitext2-r50-s0,proj-wikitext2-r50-s0,L8.fc2,8,fc2,2048,1154,0.5634765625,0.9958591461181641
init-final,proj-wikitext2-r50-s0,proj-wikitext2-r50-s0,L9.qkv,9,qkv,2048,1490,0.7275390625,0.9968029260635376
init-final,proj-wikitext2-r50-s0,proj-wikitext2-r50-s0,L9.o,9,o,2048,1490,0.7275390625,0.9968907833099365
init-final,proj-wikitext2-r50-s0,proj-wikitext2-r50-s0,L9.fc1,9,fc1,2048,1154,0.5634765625,0.9957433938980103
init-final,proj-wikitext2-r50-s0,proj-wikitext2-r50-s0,L9.fc2,9,fc2,2048,1154,0.5634765625,0.9958005547523499
init-final,proj-wikitext2-r50-s0,proj-wikitext2-r50-s0,L10.qkv,10,qkv,2048,1490,0.7275390625,0.997063398361206
init-final,proj-wikitext2-r50-s0,proj-wikitext2-r50-s0,L10.o,10,o,2048,1490,0.7275390625,0.9968481659889221
init-final,proj-wikitext2-r50-s0,proj-wikitext2-r50-s0,L10.fc1,10,fc1,2048,1154,0.5634765625,0.9956111907958984
init-final,proj-wikitext2-r50-s0,proj-wikitext2-r50-s0,L10.fc2,10,fc2,2048,1154,0.5634765625,0.9957186579704285
init-final,proj-wikitext2-r50-s0,proj-wikitext2-r50-s0,L11.qkv,11,qkv,2048,1490,0.7275390625,0.9970024228096008
init-final,proj-wikitext2-r50-s0,proj-wikitext2-r50-s0,L11.o,11,o,2048,1490,0.7275390625,0.9970136880874634
init-final,proj-wikitext2-r50-s0,proj-wikitext2-r50-s0,L11.fc1,11,fc1,2048,1154,0.5634765625,0.9955487847328186
init-final,proj-wikitext2-r50-s0,proj-wikitext2-r50-s0,L11.fc2,11,fc2,2048,1154,0.5634765625,0.9954233169555664
init-final,proj-wikitext2-r50-s0,proj-wikitext2-r50-s0,L12.qkv,12,qkv,2048,1490,0.7275390625,0.9968417882919312
init-final,proj-wikitext2-r50-s0,proj-wikitext2-r50-s0,L12.o,12,o,2048,1490,0.7275390625,0.9969266653060913
init-final,proj-wikitext2-r50-s0,proj-wikitext2-r50-s0,L12.fc1,12,fc1,2048,1154,0.5634765625,0.9957169890403748
init-final,proj-wikitext2-r50-s0,proj-wikitext2-r50-s0,L12.fc2,12,fc2,2048,1154,0.5634765625,0.9955970048904419
init-final,proj-wikitext2-r50-s0,proj-wikitext2-r50-s0,L13.qkv,13,qkv,2048,1490,0.7275390625,0.9967143535614014
init-final,proj-wikitext2-r50-s0,proj-wikitext2-r50-s0,L13.o,13,o,2048,1490,0.7275390625,0.9966326951980591
init-final,proj-wikitext2-r50-s0,proj-wikitext2-r50-s0,L13.fc1,13,fc1,2048,1154,0.5634765625,0.995892345905304
init-final,proj-wikitext2-r50-s0,proj-wikitext2-r50-s0,L13.fc2,13,fc2,2048,1154,0.5634765625,0.9953240156173706
init-final,proj-wikitext2-r50-s0,proj-wikitext2-r50-s0,L14.qkv,14,qkv,2048,1490,0.7275390625,0.9970964193344116
init-final,proj-wikitext2-r50-s0,proj-wikitext2-r50-s0,L14.o,14,o,2048,1490,0.7275390625,0.9970518946647644
init-final,proj-wikitext2-r50-s0,proj-wikitext2-r50-s0,L14.fc1,14,fc1,2048,1154,0.5634765625,0.9959025979042053
init-final,proj-wikitext2-r50-s0,proj-wikitext2-r50-s0,L14.fc2,14,fc2,2048,1154,0.5634765625,0.9951958060264587
init-final,proj-wikitext2-r50-s0,proj-wikitext2-r50-s0,L15.qkv,15,qkv,2048,1490,0.7275390625,0.9973022937774658
init-final,proj-wikitext2-r50-s0,proj-wikitext2-r50-s0,L15.o,15,o,2048,1490,0.7275390625,0.9970462918281555
init-final,proj-wikitext2-r50-s0,proj-wikitext2-r50-s0,L15.fc1,15,fc1,2048,1154,0.5634765625,0.995633065700531
init-final,proj-wikitext2-r50-s0,proj-wikitext2-r50-s0,L15.fc2,15,fc2,2048,1154,0.5634765625,0.9951439499855042
init-final,proj-wikitext2-r50-s0,proj-wikitext2-r50-s0,L16.qkv,16,qkv,2048,1490,0.7275390625,0.9972882866859436
init-final,proj-wikitext2-r50-s0,proj-wikitext2-r50-s0,L16.o,16,o,2048,1490,0.7275390625,0.9972547888755798
init-final,proj-wikitext2-r50-s0,proj-wikitext2-r50-s0,L16.fc1,16,fc1,2048,1154,0.5634765625,0.9952901601791382
init-final,proj-wikitext2-r50-s0,proj-wikitext2-r50-s0,L16.fc2,16,fc2,2048,1154,0.5634765625,0.9947964549064636
init-final,proj-wikitext2-r50-s0,proj-wikitext2-r50-s0,L17.qkv,17,qkv,2048,1490,0.7275390625,0.9968757629394531
init-final,proj-wikitext2-r50-s0,proj-wikitext2-r50-s0,L17.o,17,o,2048,1490,0.7275390625,0.9972134232521057
init-final,proj-wikitext2-r50-s0,proj-wikitext2-r50-s0,L17.fc1,17,fc1,2048,1154,0.5634765625,0.9954509139060974
init-final,proj-wikitext2-r50-s0,proj-wikitext2-r50-s0,L17.fc2,17,fc2,2048,1154,0.5634765625,0.9950897097587585
init-final,proj-wikitext2-r50-s0,proj-wikitext2-r50-s0,L18.qkv,18,qkv,2048,1490,0.7275390625,0.997546911239624
init-final,proj-wikitext2-r50-s0,proj-wikitext2-r50-s0,L18.o,18,o,2048,1490,0.7275390625,0.9974868893623352
init-final,proj-wikitext2-r50-s0,proj-wikitext2-r50-s0,L18.fc1,18,fc1,2048,1154,0.5634765625,0.9950247406959534
init-final,proj-wikitext2-r50-s0,proj-wikitext2-r50-s0,L18.fc2,18,fc2,2048,1154,0.5634765625,0.9948931336402893
init-final,proj-wikitext2-r50-s0,proj-wikitext2-r50-s0,L19.qkv,19,qkv,2048,1490,0.7275390625,0.9972826242446899
init-final,proj-wikitext2-r50-s0,proj-wikitext2-r50-s0,L19.o,19,o,2048,1490,0.7275390625,0.9976125955581665
init-final,proj-wikitext2-r50-s0,proj-wikitext2-r50-s0,L19.fc1,19,fc1,2048,1154,0.5634765625,0.9949496388435364
init-final,proj-wikitext2-r50-s0,proj-wikitext2-r50-s0,L19.fc2,19,fc2,2048,1154,0.5634765625,0.9947441816329956
init-final,proj-wikitext2-r50-s0,proj-wikitext2-r50-s0,L20.qkv,20,qkv,2048,1490,0.7275390625,0.9975760579109192
init-final,proj-wikitext2-r50-s0,proj-wikitext2-r50-s0,L20.o,20,o,2048,1490,0.7275390625,0.9976474642753601
init-final,proj-wikitext2-r50-s0,proj-wikitext2-r50-s0,L20.fc1,20,fc1,2048,1154,0.5634765625,0.9947587847709656
init-final,proj-wikitext2-r50-s0,proj-wikitext2-r50-s0,L20.fc2,20,fc2,2048,1154,0.5634765625,0.9945269227027893
init-final,proj-wikitext2-r50-s0,proj-wikitext2-r50-s0,L21.qkv,21,qkv,2048,1490,0.7275390625,0.9979720115661621
init-final,proj-wikitext2-r50-s0,proj-wikitext2-r50-s0,L21.o,21,o,2048,1490,0.7275390625,0.9980703592300415
init-final,proj-wikitext2-r50-s0,proj-wikitext2-r50-s0,L21.fc1,21,fc1,2048,1154,0.5634765625,0.9953968524932861
init-final,proj-wikitext2-r50-s0,proj-wikitext2-r50-s0,L21.fc2,21,fc2,2048,1154,0.5634765625,0.9952784180641174
init-final,proj-wikitext2-r50-s0,proj-wikitext2-r50-s0,L22.qkv,22,qkv,2048,1490,0.7275390625,0.9982707500457764
init-final,proj-wikitext2-r50-s0,proj-wikitext2-r50-s0,L22.o,22,o,2048,1490,0.7275390625,0.9979923367500305
init-final,proj-wikitext2-r50-s0,proj-wikitext2-r50-s0,L22.fc1,22,fc1,2048,1154,0.5634765625,0.9968394041061401
init-final,proj-wikitext2-r50-s0,proj-wikitext2-r50-s0,L22.fc2,22,fc2,2048,1154,0.5634765625,0.9959221482276917
init-final,proj-wikitext2-r50-s0,proj-wikitext2-r50-s0,L23.qkv,23,qkv,2048,1490,0.7275390625,0.999147355556488
init-final,proj-wikitext2-r50-s0,proj-wikitext2-r50-s0,L23.o,23,o,2048,1490,0.7275390625,0.9975987076759338
init-final,proj-wikitext2-r50-s0,proj-wikitext2-r50-s0,L23.fc1,23,fc1,2048,1154,0.5634765625,0.9973466396331787
init-final,proj-wikitext2-r50-s0,proj-wikitext2-r50-s0,L23.fc2,23,fc2,2048,1154,0.5634765625,0.9948352575302124
init-final,proj-c4-r50-s0,proj-c4-r50-s0,L0.qkv,0,qkv,2048,1490,0.7275390625,0.9965524077415466
init-final,proj-c4-r50-s0,proj-c4-r50-s0,L0.o,0,o,2048,1490,0.7275390625,0.9977170825004578
init-final,proj-c4-r50-s0,proj-c4-r50-s0,L0.fc1,0,fc1,2048,1154,0.5634765625,0.9963364005088806
init-final,proj-c4-r50-s0,proj-c4-r50-s0,L0.fc2,0,fc2,2048,1154,0.5634765625,0.9964812994003296
init-final,proj-c4-r50-s0,proj-c4-r50-s0,L1.qkv,1,qkv,2048,1490,0.7275390625,0.9975958466529846
init-final,proj-c4-r50-s0,proj-c4-r50-s0,L1.o,1,o,2048,1490,0.7275390625,0.9979019165039062
init-final,proj-c4-r50-s0,proj-c4-r50-s0,L1.fc1,1,fc1,2048,1154,0.5634765625,0.997610867023468
init-final,proj-c4-r50-s0,proj-c4-r50-s0,L1.fc2,1,fc2,2048,1154,0.5634765625,0.9960885643959045
init-final,proj-c4-r50-s0,proj-c4-r50-s0,L2.qkv,2,qkv,2048,1490,0.7275390625,0.9972420930862427
init-final,proj-c4-r50-s0,proj-c4-r50-s0,L2.o,2,o,2048,1490,0.7275390625,0.9981685876846313
init-final,proj-c4-r50-s0,proj-c4-r50-s0,L2.fc1,2,fc1,2048,1154,0.5634765625,0.9976119995117188
init-final,proj-c4-r50-s0,proj-c4-r50-s0,L2.fc2,2,fc2,2048,1154,0.5634765625,0.9961796402931213
init-final,proj-c4-r50-s0,proj-c4-r50-s0,L3.qkv,3,qkv,2048,1490,0.7275390625,0.9972444176673889
init-final,proj-c4-r50-s0,proj-c4-r50-s0,L3.o,3,o,2048,1490,0.7275390625,0.9979896545410156
init-final,proj-c4-r50-s0,proj-c4-r50-s0,L3.fc1,3,fc1,2048,1154,0.5634765625,0.997104287147522
init-final,proj-c4-r50-s0,proj-c4-r50-s0,L3.fc2,3,fc2,2048,1154,0.5634765625,0.9961642026901245
init-final,proj-c4-r50-s0,proj-c4-r50-s0,L4.qkv,4,qkv,2048,1490,0.7275390625,0.997196614742279
init-final,proj-c4-r50-s0,proj-c4-r50-s0,L4.o,4,o,2048,1490,0.7275390625,0.9980241656303406
init-final,proj-c4-r50-s0,proj-c4-r50-s0,L4.fc1,4,fc1,2048,1154,0.5634765625,0.996516227722168
init-final,proj-c4-r50-s0,proj-c4-r50-s0,L4.fc2,4,fc2,2048,1154,0.5634765625,0.9960225820541382
init-final,proj-c4-r50-s0,proj-c4-r50-s0,L5.qkv,5,qkv,2048,1490,0.7275390625,0.9972200393676758
init-final,proj-c4-r50-s0,proj-c4-r50-s0,L5.o,5,o,2048,1490,0.7275390625,0.9977059364318848
init-final,proj-c4-r50-s0,proj-c4-r50-s0,L5.fc1,5,fc1,2048,1154,0.5634765625,0.9962418675422668
init-final,proj-c4-r50-s0,proj-c4-r50-s0,L5.fc2,5,fc2,2048,1154,0.5634765625,0.9960892200469971
init-final,proj-c4-r50-s0,proj-c4-r50-s0,L6.qkv,6,qkv,2048,1490,0.7275390625,0.9968311190605164
init-final,proj-c4-r50-s0,proj-c4-r50-s0,L6.o,6,o,2048,1490,0.7275390625,0.997184693813324
init-final,proj-c4-r50-s0,proj-c4-r50-s0,L6.fc1,6,fc1,2048,1154,0.5634765625,0.99592524766922
init-final,proj-c4-r50-s0,proj-c4-r50-s0,L6.fc2,6,fc2,2048,1154,0.5634765625,0.9962547421455383
init-final,proj-c4-r50-s0,proj-c4-r50-s0,L7.qkv,7,qkv,2048,1490,0.7275390625,0.9967105388641357
init-final,proj-c4-r50-s0,proj-c4-r50-s0,L7.o,7,o,2048,1490,0.7275390625,0.9969000816345215
init-final,proj-c4-r50-s0,proj-c4-r50-s0,L7.fc1,7,fc1,2048,1154,0.5634765625,0.9956349730491638
init-final,proj-c4-r50-s0,proj-c4-r50-s0,L7.fc2,7,fc2,2048,1154,0.5634765625,0.9962474703788757
init-final,proj-c4-r50-s0,proj-c4-r50-s0,L8.qkv,8,qkv,2048,1490,0.7275390625,0.9966101050376892
init-final,proj-c4-r50-s0,proj-c4-r50-s0,L8.o,8,o,2048,1490,0.7275390625,0.9967783093452454
init-final,proj-c4-r50-s0,proj-c4-r50-s0,L8.fc1,8,fc1,2048,1154,0.5634765625,0.9955930709838867
init-final,proj-c4-r50-s0,proj-c4-r50-s0,L8.fc2,8,fc2,2048,1154,0.5634765625,0.9957810640335083
init-final,proj-c4-r50-s0,proj-c4-r50-s0,L9.qkv,9,qkv,2048,1490,0.7275390625,0.9965158700942993
init-final,proj-c4-r50-s0,proj-c4-r50-s0,L9.o,9,o,2048,1490,0.7275390625,0.9966020584106445
init-final,proj-c4-r50-s0,proj-c4-r50-s0,L9.fc1,9,fc1,2048,1154,0.5634765625,0.9953914880752563
init-final,proj-c4-r50-s0,proj-c4-r50-s0,L9.fc2,9,fc2,2048,1154,0.5634765625,0.9952959418296814
init-final,proj-c4-r50-s0,proj-c4-r50-s0,L10.qkv,10,qkv,2048,1490,0.7275390625,0.996604859828949
init-final,proj-c4-r50-s0,proj-c4-r50-s0,L10.o,10,o,2048,1490,0.7275390625,0.9964962005615234
init-final,proj-c4-r50-s0,proj-c4-r50-s0,L10.fc1,10,fc1,2048,1154,0.5634765625,0.9953535199165344
init-final,proj-c4-r50-s0,proj-c4-r50-s0,L10.fc2,10,fc2,2048,1154,0.5634765625,0.9953684210777283
init-final,proj-c4-r50-s0,proj-c4-r50-s0,L11.qkv,11,qkv,2048,1490,0.7275390625,0.9967169165611267
init-final,proj-c4-r50-s0,proj-c4-r50-s0,L11.o,11,o,2048,1490,0.7275390625,0.9966954588890076
init-final,proj-c4-r50-s0,proj-c4-r50-s0,L11.fc1,11,fc1,2048,1154,0.5634765625,0.9953893423080444
init-final,proj-c4-r50-s0,proj-c4-r50-s0,L11.fc2,11,fc2,2048,1154,0.5634765625,0.9950729608535767
init-final,proj-c4-r50-s0,proj-c4-r50-s0,L12.qkv,12,qkv,2048,1490,0.7275390625,0.9967020153999329
init-final,proj-c4-r50-s0,proj-c4-r50-s0,L12.o,12,o,2048,1490,0.7275390625,0.9967514276504517
init-final,proj-c4-r50-s0,proj-c4-r50-s0,L12.fc1,12,fc1,2048,1154,0.5634765625,0.9955337643623352
init-final,proj-c4-r50-s0,proj-c4-r50-s0,L12.fc2,12,fc2,2048,1154,0.5634765625,0.9951768517494202
init-final,proj-c4-r50-s0,proj-c4-r50-s0,L13.qkv,13,qkv,2048,1490,0.7275390625,0.9965188503265381
init-final,proj-c4-r50-s0,proj-c4-r50-s0,L13.o,13,o,2048,1490,0.7275390625,0.9963567852973938
init-final,proj-c4-r50-s0,proj-c4-r50-s0,L13.fc1,13,fc1,2048,1154,0.5634765625,0.9956117868423462
init-final,proj-c4-r50-s0,proj-c4-r50-s0,L13.fc2,13,fc2,2048,1154,0.5634765625,0.9950820803642273
init-final,proj-c4-r50-s0,proj-c4-r50-s0,L14.qkv,14,qkv,2048,1490,0.7275390625,0.9969056844711304
init-final,proj-c4-r50-s0,proj-c4-r50-s0,L14.o,14,o,2048,1490,0.7275390625,0.9966637492179871
init-final,proj-c4-r50-s0,proj-c4-r50-s0,L14.fc1,14,fc1,2048,1154,0.5634765625,0.9956801533699036
init-final,proj-c4-r50-s0,proj-c4-r50-s0,L14.fc2,14,fc2,2048,1154,0.5634765625,0.9951569437980652
init-final,proj-c4-r50-s0,proj-c4-r50-s0,L15.qkv,15,qkv,2048,1490,0.7275390625,0.9969024658203125
init-final,proj-c4-r50-s0,proj-c4-r50-s0,L15.o,15,o,2048,1490,0.7275390625,0.9965494871139526
init-final,proj-c4-r50-s0,proj-c4-r50-s0,L15.fc1,15,fc1,2048,1154,0.5634765625,0.995078444480896
init-final,proj-c4-r50-s0,proj-c4-r50-s0,L15.fc2,15,fc2,2048,1154,0.5634765625,0.994670569896698
init-final,proj-c4-r50-s0,proj-c4-r50-s0,L16.qkv,16,qkv,2048,1490,0.7275390625,0.9969245195388794
init-final,proj-c4-r50-s0,proj-c4-r50-s0,L16.o,16,o,2048,1490,0.7275390625,0.9969156980514526
init-final,proj-c4-r50-s0,proj-c4-r50-s0,L16.fc1,16,fc1,2048,1154,0.5634765625,0.9948641657829285
init-final,proj-c4-r50-s0,proj-c4-r50-s0,L16.fc2,16,fc2,2048,1154,0.5634765625,0.9945470094680786
init-final,proj-c4-r50-s0,proj-c4-r50-s0,L17.qkv,17,qkv,2048,1490,0.7275390625,0.9964563846588135
init-final,proj-c4-r50-s0,proj-c4-r50-s0,L17.o,17,o,2048,1490,0.7275390625,0.9968445897102356
init-final,proj-c4-r50-s0,proj-c4-r50-s0,L17.fc1,17,fc1,2048,1154,0.5634765625,0.9947415590286255
init-final,proj-c4-r50-s0,proj-c4-r50-s0,L17.fc2,17,fc2,2048,1154,0.5634765625,0.994346022605896
init-final,proj-c4-r50-s0,proj-c4-r50-s0,L18.qkv,18,qkv,2048,1490,0.7275390625,0.9967392086982727
init-final,proj-c4-r50-s0,proj-c4-r50-s0,L18.o,18,o,2048,1490,0.7275390625,0.996871292591095
init-final,proj-c4-r50-s0,proj-c4-r50-s0,L18.fc1,18,fc1,2048,1154,0.5634765625,0.9941998720169067
init-final,proj-c4-r50-s0,proj-c4-r50-s0,L18.fc2,18,fc2,2048,1154,0.5634765625,0.9941908717155457
init-final,proj-c4-r50-s0,proj-c4-r50-s0,L19.qkv,19,qkv,2048,1490,0.7275390625,0.9966756105422974
init-final,proj-c4-r50-s0,proj-c4-r50-s0,L19.o,19,o,2048,1490,0.7275390625,0.9970999360084534
init-final,proj-c4-r50-s0,proj-c4-r50-s0,L19.fc1,19,fc1,2048,1154,0.5634765625,0.9944484233856201
init-final,proj-c4-r50-s0,proj-c4-r50-s0,L19.fc2,19,fc2,2048,1154,0.5634765625,0.994106650352478
init-final,proj-c4-r50-s0,proj-c4-r50-s0,L20.qkv,20,qkv,2048,1490,0.7275390625,0.9969409108161926
init-final,proj-c4-r50-s0,proj-c4-r50-s0,L20.o,20,o,2048,1490,0.7275390625,0.997020959854126
init-final,proj-c4-r50-s0,proj-c4-r50-s0,L20.fc1,20,fc1,2048,1154,0.5634765625,0.9950346946716309
init-final,proj-c4-r50-s0,proj-c4-r50-s0,L20.fc2,20,fc2,2048,1154,0.5634765625,0.9944139719009399
init-final,proj-c4-r50-s0,proj-c4-r50-s0,L21.qkv,21,qkv,2048,1490,0.7275390625,0.9971610307693481
init-final,proj-c4-r50-s0,proj-c4-r50-s0,L21.o,21,o,2048,1490,0.7275390625,0.9974372982978821
init-final,proj-c4-r50-s0,proj-c4-r50-s0,L21.fc1,21,fc1,2048,1154,0.5634765625,0.9950590133666992
init-final,proj-c4-r50-s0,proj-c4-r50-s0,L21.fc2,21,fc2,2048,1154,0.5634765625,0.994445264339447
init-final,proj-c4-r50-s0,proj-c4-r50-s0,L22.qkv,22,qkv,2048,1490,0.7275390625,0.997647762298584
init-final,proj-c4-r50-s0,proj-c4-r50-s0,L22.o,22,o,2048,1490,0.7275390625,0.9973762631416321
init-final,proj-c4-r50-s0,proj-c4-r50-s0,L22.fc1,22,fc1,2048,1154,0.5634765625,0.9961805939674377
init-final,proj-c4-r50-s0,proj-c4-r50-s0,L22.fc2,22,fc2,2048,1154,0.5634765625,0.9950229525566101
init-final,proj-c4-r50-s0,proj-c4-r50-s0,L23.qkv,23,qkv,2048,1490,0.7275390625,0.9995153546333313
init-final,proj-c4-r50-s0,proj-c4-r50-s0,L23.o,23,o,2048,1490,0.7275390625,0.9971181154251099
init-final,proj-c4-r50-s0,proj-c4-r50-s0,L23.fc1,23,fc1,2048,1154,0.5634765625,0.9961541295051575
init-final,proj-c4-r50-s0,proj-c4-r50-s0,L23.fc2,23,fc2,2048,1154,0.5634765625,0.9940744042396545
init-final,proj-slimpajama-r50-s0,proj-slimpajama-r50-s0,L0.qkv,0,qkv,2048,1490,0.7275390625,0.9965117573738098
init-final,proj-slimpajama-r50-s0,proj-slimpajama-r50-s0,L0.o,0,o,2048,1490,0.7275390625,0.9969229102134705
init-final,proj-slimpajama-r50-s0,proj-slimpajama-r50-s0,L0.fc1,0,fc1,2048,1154,0.5634765625,0.996173083782196
init-final,proj-slimpajama-r50-s0,proj-slimpajama-r50-s0,L0.fc2,0,fc2,2048,1154,0.5634765625,0.9961482286453247
init-final,proj-slimpajama-r50-s0,proj-slimpajama-r50-s0,L1.qkv,1,qkv,2048,1490,0.7275390625,0.996840238571167
init-final,proj-slimpajama-r50-s0,proj-slimpajama-r50-s0,L1.o,1,o,2048,1490,0.7275390625,0.9969174861907959
init-final,proj-slimpajama-r50-s0,proj-slimpajama-r50-s0,L1.fc1,1,fc1,2048,1154,0.5634765625,0.9973212480545044
init-final,proj-slimpajama-r50-s0,proj-slimpajama-r50-s0,L1.fc2,1,fc2,2048,1154,0.5634765625,0.9956426024436951
init-final,proj-slimpajama-r50-s0,proj-slimpajama-r50-s0,L2.qkv,2,qkv,2048,1490,0.7275390625,0.9966372847557068
init-final,proj-slimpajama-r50-s0,proj-slimpajama-r50-s0,L2.o,2,o,2048,1490,0.7275390625,0.9972756505012512
init-final,proj-slimpajama-r50-s0,proj-slimpajama-r50-s0,L2.fc1,2,fc1,2048,1154,0.5634765625,0.9971752762794495
init-final,proj-slimpajama-r50-s0,proj-slimpajama-r50-s0,L2.fc2,2,fc2,2048,1154,0.5634765625,0.9958044290542603
init-final,proj-slimpajama-r50-s0,proj-slimpajama-r50-s0,L3.qkv,3,qkv,2048,1490,0.7275390625,0.9965301156044006
init-final,proj-slimpajama-r50-s0,proj-slimpajama-r50-s0,L3.o,3,o,2048,1490,0.7275390625,0.9971115589141846
init-final,proj-slimpajama-r50-s0,proj-slimpajama-r50-s0,L3.fc1,3,fc1,2048,1154,0.5634765625,0.9964472651481628
init-final,proj-slimpajama-r50-s0,proj-slimpajama-r50-s0,L3.fc2,3,fc2,2048,1154,0.5634765625,0.996008574962616
init-final,proj-slimpajama-r50-s0,proj-slimpajama-r50-s0,L4.qkv,4,qkv,2048,1490,0.7275390625,0.9968344569206238
init-final,proj-slimpajama-r50-s0,proj-slimpajama-r50-s0,L4.o,4,o,2048,1490,0.7275390625,0.9973510503768921
init-final,proj-slimpajama-r50-s0,proj-slimpajama-r50-s0,L4.fc1,4,fc1,2048,1154,0.5634765625,0.9964314103126526
init-final,proj-slimpajama-r50-s0,proj-slimpajama-r50-s0,L4.fc2,4,fc2,2048,1154,0.5634765625,0.996079683303833
init-final,proj-slimpajama-r50-s0,proj-slimpajama-r50-s0,L5.qkv,5,qkv,2048,1490,0.7275390625,0.9967620372772217
init-final,proj-slimpajama-r50-s0,proj-slimpajama-r50-s0,L5.o,5,o,2048,1490,0.7275390625,0.9971242547035217
init-final,proj-slimpajama-r50-s0,proj-slimpajama-r50-s0,L5.fc1,5,fc1,2048,1154,0.5634765625,0.9962035417556763
init-final,proj-slimpajama-r50-s0,proj-slimpajama-r50-s0,L5.fc2,5,fc2,2048,1154,0.5634765625,0.9959507584571838
init-final,proj-slimpajama-r50-s0,proj-slimpajama-r50-s0,L6.qkv,6,qkv,2048,1490,0.7275390625,0.9965227842330933
init-final,proj-slimpajama-r50-s0,proj-slimpajama-r50-s0,L6.o,6,o,2048,1490,0.7275390625,0.9966766834259033
init-final,proj-slimpajama-r50-s0,proj-slimpajama-r50-s0,L6.fc1,6,fc1,2048,1154,0.5634765625,0.9960698485374451
init-final,proj-slimpajama-r50-s0,proj-slimpajama-r50-s0,L6.fc2,6,fc2,2048,1154,0.5634765625,0.9961423873901367
init-final,proj-slimpajama-r50-s0,proj-slimpajama-r50-s0,L7.qkv,7,qkv,2048,1490,0.7275390625,0.9964649081230164
init-final,proj-slimpajama-r50-s0,proj-slimpajama-r50-s0,L7.o,7,o,2048,1490,0.7275390625,0.996509313583374
init-final,proj-slimpajama-r50-s0,proj-slimpajama-r50-s0,L7.fc1,7,fc1,2048,1154,0.5634765625,0.996004045009613
init-final,proj-slimpajama-r50-s0,proj-slimpajama-r50-s0,L7.fc2,7,fc2,2048,1154,0.5634765625,0.9961096048355103
init-final,proj-slimpajama-r50-s0,proj-slimpajama-r50-s0,L8.qkv,8,qkv,2048,1490,0.7275390625,0.9964008331298828
init-final,proj-slimpajama-r50-s0,proj-slimpajama-r50-s0,L8.o,8,o,2048,1490,0.7275390625,0.9963732957839966
init-final,proj-slimpajama-r50-s0,proj-slimpajama-r50-s0,L8.fc1,8,fc1,2048,1154,0.5634765625,0.9957252144813538
init-final,proj-slimpajama-r50-s0,proj-slimpajama-r50-s0,L8.fc2,8,fc2,2048,1154,0.5634765625,0.9956310391426086
init-final,proj-slimpajama-r50-s0,proj-slimpajama-r50-s0,L9.qkv,9,qkv,2048,1490,0.7275390625,0.9962406158447266
init-final,proj-slimpajama-r50-s0,proj-slimpajama-r50-s0,L9.o,9,o,2048,1490,0.7275390625,0.9962605834007263
init-final,proj-slimpajama-r50-s0,proj-slimpajama-r50-s0,L9.fc1,9,fc1,2048,1154,0.5634765625,0.9954514503479004
init-final,proj-slimpajama-r50-s0,proj-slimpajama-r50-s0,L9.fc2,9,fc2,2048,1154,0.5634765625,0.9953576326370239
init-final,proj-slimpajama-r50-s0,proj-slimpajama-r50-s0,L10.qkv,10,qkv,2048,1490,0.7275390625,0.9964727759361267
init-final,proj-slimpajama-r50-s0,proj-slimpajama-r50-s0,L10.o,10,o,2048,1490,0.7275390625,0.9962985515594482
init-final,proj-slimpajama-r50-s0,proj-slimpajama-r50-s0,L10.fc1,10,fc1,2048,1154,0.5634765625,0.9953334927558899
init-final,proj-slimpajama-r50-s0,proj-slimpajama-r50-s0,L10.fc2,10,fc2,2048,1154,0.5634765625,0.9953483939170837
init-final,proj-slimpajama-r50-s0,proj-slimpajama-r50-s0,L11.qkv,11,qkv,2048,1490,0.7275390625,0.9964020252227783
init-final,proj-slimpajama-r50-s0,proj-slimpajama-r50-s0,L11.o,11,o,2048,1490,0.7275390625,0.9964633584022522
init-final,proj-slimpajama-r50-s0,proj-slimpajama-r50-s0,L11.fc1,11,fc1,2048,1154,0.5634765625,0.9953214526176453
init-final,proj-slimpajama-r50-s0,proj-slimpajama-r50-s0,L11.fc2,11,fc2,2048,1154,0.5634765625,0.9950954914093018
init-final,proj-slimpajama-r50-s0,proj-slimpajama-r50-s0,L12.qkv,12,qkv,2048,1490,0.7275390625,0.9962968230247498
init-final,proj-slimpajama-r50-s0,proj-slimpajama-r50-s0,L12.o,12,o,2048,1490,0.7275390625,0.9963010549545288
init-final,proj-slimpajama-r50-s0,proj-slimpajama-r50-s0,L12.fc1,12,fc1,2048,1154,0.5634765625,0.9953845739364624
init-final,proj-slimpajama-r50-s0,proj-slimpajama-r50-s0,L12.fc2,12,fc2,2048,1154,0.5634765625,0.9951772689819336
init-final,proj-slimpajama-r50-s0,proj-slimpajama-r50-s0,L13.qkv,13,qkv,2048,1490,0.7275390625,0.9961864352226257
init-final,proj-slimpajama-r50-s0,proj-slimpajama-r50-s0,L13.o,13,o,2048,1490,0.7275390625,0.9961667060852051
init-final,proj-slimpajama-r50-s0,proj-slimpajama-r50-s0,L13.fc1,13,fc1,2048,1154,0.5634765625,0.9954806566238403
init-final,proj-slimpajama-r50-s0,proj-slimpajama-r50-s0,L13.fc2,13,fc2,2048,1154,0.5634765625,0.9949563145637512
init-final,proj-slimpajama-r50-s0,proj-slimpajama-r50-s0,L14.qkv,14,qkv,2048,1490,0.7275390625,0.996626615524292
init-final,proj-slimpajama-r50-s0,proj-slimpajama-r50-s0,L14.o,14,o,2048,1490,0.7275390625,0.9963946342468262
init-final,proj-slimpajama-r50-s0,proj-slimpajama-r50-s0,L14.fc1,14,fc1,2048,1154,0.5634765625,0.9955244660377502
init-final,proj-slimpajama-r50-s0,proj-slimpajama-r50-s0,L14.fc2,14,fc2,2048,1154,0.5634765625,0.9949589371681213
init-final,proj-slimpajama-r50-s0,proj-slimpajama-r50-s0,L15.qkv,15,qkv,2048,1490,0.7275390625,0.9967930912971497
init-final,proj-slimpajama-r50-s0,proj-slimpajama-r50-s0,L15.o,15,o,2048,1490,0.7275390625,0.9965065121650696
init-final,proj-slimpajama-r50-s0,proj-slimpajama-r50-s0,L15.fc1,15,fc1,2048,1154,0.5634765625,0.995111346244812
init-final,proj-slimpajama-r50-s0,proj-slimpajama-r50-s0,L15.fc2,15,fc2,2048,1154,0.5634765625,0.9947786927223206
init-final,proj-slimpajama-r50-s0,proj-slimpajama-r50-s0,L16.qkv,16,qkv,2048,1490,0.7275390625,0.9965104460716248
init-final,proj-slimpajama-r50-s0,proj-slimpajama-r50-s0,L16.o,16,o,2048,1490,0.7275390625,0.9966281056404114
init-final,proj-slimpajama-r50-s0,proj-slimpajama-r50-s0,L16.fc1,16,fc1,2048,1154,0.5634765625,0.9951087236404419
init-final,proj-slimpajama-r50-s0,proj-slimpajama-r50-s0,L16.fc2,16,fc2,2048,1154,0.5634765625,0.9947194457054138
init-final,proj-slimpajama-r50-s0,proj-slimpajama-r50-s0,L17.qkv,17,qkv,2048,1490,0.7275390625,0.9962743520736694
init-final,proj-slimpajama-r50-s0,proj-slimpajama-r50-s0,L17.o,17,o,2048,1490,0.7275390625,0.9965296387672424
init-final,proj-slimpajama-r50-s0,proj-slimpajama-r50-s0,L17.fc1,17,fc1,2048,1154,0.5634765625,0.9949604272842407
init-final,proj-slimpajama-r50-s0,proj-slimpajama-r50-s0,L17.fc2,17,fc2,2048,1154,0.5634765625,0.9947112202644348
init-final,proj-slimpajama-r50-s0,proj-slimpajama-r50-s0,L18.qkv,18,qkv,2048,1490,0.7275390625,0.9967001080513
init-final,proj-slimpajama-r50-s0,proj-slimpajama-r50-s0,L18.o,18,o,2048,1490,0.7275390625,0.9967716336250305
init-final,proj-slimpajama-r50-s0,proj-slimpajama-r50-s0,L18.fc1,18,fc1,2048,1154,0.5634765625,0.9945244789123535
init-final,proj-slimpajama-r50-s0,proj-slimpajama-r50-s0,L18.fc2,18,fc2,2048,1154,0.5634765625,0.9946703910827637
init-final,proj-slimpajama-r50-s0,proj-slimpajama-r50-s0,L19.qkv,19,qkv,2048,1490,0.7275390625,0.9966585636138916
init-final,proj-slimpajama-r50-s0,proj-slimpajama-r50-s0,L19.o,19,o,2048,1490,0.7275390625,0.9969586133956909
init-final,proj-slimpajama-r50-s0,proj-slimpajama-r50-s0,L19.fc1,19,fc1,2048,1154,0.5634765625,0.9946061372756958
init-final,proj-slimpajama-r50-s0,proj-slimpajama-r50-s0,L19.fc2,19,fc2,2048,1154,0.5634765625,0.9947864413261414
init-final,proj-slimpajama-r50-s0,proj-slimpajama-r50-s0,L20.qkv,20,qkv,2048,1490,0.7275390625,0.9968606233596802
init-final,proj-slimpajama-r50-s0,proj-slimpajama-r50-s0,L20.o,20,o,2048,1490,0.7275390625,0.9967866539955139
init-final,proj-slimpajama-r50-s0,proj-slimpajama-r50-s0,L20.fc1,20,fc1,2048,1154,0.5634765625,0.9945918917655945
init-final,proj-slimpajama-r50-s0,proj-slimpajama-r50-s0,L20.fc2,20,fc2,2048,1154,0.5634765625,0.9944387078285217
init-final,proj-slimpajama-r50-s0,proj-slimpajama-r50-s0,L21.qkv,21,qkv,2048,1490,0.7275390625,0.9970698356628418
init-final,proj-slimpajama-r50-s0,proj-slimpajama-r50-s0,L21.o,21,o,2048,1490,0.7275390625,0.9972835183143616
init-final,proj-slimpajama-r50-s0,proj-slimpajama-r50-s0,L21.fc1,21,fc1,2048,1154,0.5634765625,0.9950593113899231
init-final,proj-slimpajama-r50-s0,proj-slimpajama-r50-s0,L21.fc2,21,fc2,2048,1154,0.5634765625,0.994873046875
init-final,proj-slimpajama-r50-s0,proj-slimpajama-r50-s0,L22.qkv,22,qkv,2048,1490,0.7275390625,0.9974766969680786
init-final,proj-slimpajama-r50-s0,proj-slimpajama-r50-s0,L22.o,22,o,2048,1490,0.7275390625,0.9971352219581604
init-final,proj-slimpajama-r50-s0,proj-slimpajama-r50-s0,L22.fc1,22,fc1,2048,1154,0.5634765625,0.9960231184959412
init-final,proj-slimpajama-r50-s0,proj-slimpajama-r50-s0,L22.fc2,22,fc2,2048,1154,0.5634765625,0.9954829812049866
init-final,proj-slimpajama-r50-s0,proj-slimpajama-r50-s0,L23.qkv,23,qkv,2048,1490,0.7275390625,0.9991697072982788
init-final,proj-slimpajama-r50-s0,proj-slimpajama-r50-s0,L23.o,23,o,2048,1490,0.7275390625,0.9966222047805786
init-final,proj-slimpajama-r50-s0,proj-slimpajama-r50-s0,L23.fc1,23,fc1,2048,1154,0.5634765625,0.9960798025131226
init-final,proj-slimpajama-r50-s0,proj-slimpajama-r50-s0,L23.fc2,23,fc2,2048,1154,0.5634765625,0.9948464035987854
init-final,proj-alpaca-r50-s0,proj-alpaca-r50-s0,L0.qkv,0,qkv,2048,1490,0.7275390625,0.9960188269615173
init-final,proj-alpaca-r50-s0,proj-alpaca-r50-s0,L0.o,0,o,2048,1490,0.7275390625,0.9967982172966003
init-final,proj-alpaca-r50-s0,proj-alpaca-r50-s0,L0.fc1,0,fc1,2048,1154,0.5634765625,0.9953694939613342
init-final,proj-alpaca-r50-s0,proj-alpaca-r50-s0,L0.fc2,0,fc2,2048,1154,0.5634765625,0.9954296350479126
init-final,proj-alpaca-r50-s0,proj-alpaca-r50-s0,L1.qkv,1,qkv,2048,1490,0.7275390625,0.9965347051620483
init-final,proj-alpaca-r50-s0,proj-alpaca-r50-s0,L1.o,1,o,2048,1490,0.7275390625,0.9971681833267212
init-final,proj-alpaca-r50-s0,proj-alpaca-r50-s0,L1.fc1,1,fc1,2048,1154,0.5634765625,0.9967875480651855
init-final,proj-alpaca-r50-s0,proj-alpaca-r50-s0,L1.fc2,1,fc2,2048,1154,0.5634765625,0.9954736828804016
init-final,proj-alpaca-r50-s0,proj-alpaca-r50-s0,L2.qkv,2,qkv,2048,1490,0.7275390625,0.9964165687561035
init-final,proj-alpaca-r50-s0,proj-alpaca-r50-s0,L2.o,2,o,2048,1490,0.7275390625,0.9971978068351746
init-final,proj-alpaca-r50-s0,proj-alpaca-r50-s0,L2.fc1,2,fc1,2048,1154,0.5634765625,0.9966359734535217
init-final,proj-alpaca-r50-s0,proj-alpaca-r50-s0,L2.fc2,2,fc2,2048,1154,0.5634765625,0.9953729510307312
init-final,proj-alpaca-r50-s0,proj-alpaca-r50-s0,L3.qkv,3,qkv,2048,1490,0.7275390625,0.9961194396018982
init-final,proj-alpaca-r50-s0,proj-alpaca-r50-s0,L3.o,3,o,2048,1490,0.7275390625,0.9968308210372925
init-final,proj-alpaca-r50-s0,proj-alpaca-r50-s0,L3.fc1,3,fc1,2048,1154,0.5634765625,0.9958896040916443
init-final,proj-alpaca-r50-s0,proj-alpaca-r50-s0,L3.fc2,3,fc2,2048,1154,0.5634765625,0.9953750967979431
init-final,proj-alpaca-r50-s0,proj-alpaca-r50-s0,L4.qkv,4,qkv,2048,1490,0.7275390625,0.9961316585540771
init-final,proj-alpaca-r50-s0,proj-alpaca-r50-s0,L4.o,4,o,2048,1490,0.7275390625,0.9970105290412903
init-final,proj-alpaca-r50-s0,proj-alpaca-r50-s0,L4.fc1,4,fc1,2048,1154,0.5634765625,0.9958531856536865
init-final,proj-alpaca-r50-s0,proj-alpaca-r50-s0,L4.fc2,4,fc2,2048,1154,0.5634765625,0.995521068572998
init-final,proj-alpaca-r50-s0,proj-alpaca-r50-s0,L5.qkv,5,qkv,2048,1490,0.7275390625,0.9962214827537537
init-final,proj-alpaca-r50-s0,proj-alpaca-r50-s0,L5.o,5,o,2048,1490,0.7275390625,0.9969205260276794
init-final,proj-alpaca-r50-s0,proj-alpaca-r50-s0,L5.fc1,5,fc1,2048,1154,0.5634765625,0.9955974221229553
init-final,proj-alpaca-r50-s0,proj-alpaca-r50-s0,L5.fc2,5,fc2,2048,1154,0.5634765625,0.9956708550453186
init-final,proj-alpaca-r50-s0,proj-alpaca-r50-s0,L6.qkv,6,qkv,2048,1490,0.7275390625,0.9959493279457092
init-final,proj-alpaca-r50-s0,proj-alpaca-r50-s0,L6.o,6,o,2048,1490,0.7275390625,0.9964620471000671
init-final,proj-alpaca-r50-s0,proj-alpaca-r50-s0,L6.fc1,6,fc1,2048,1154,0.5634765625,0.9956219792366028
init-final,proj-alpaca-r50-s0,proj-alpaca-r50-s0,L6.fc2,6,fc2,2048,1154,0.5634765625,0.9959369897842407
init-final,proj-alpaca-r50-s0,proj-alpaca-r50-s0,L7.qkv,7,qkv,2048,1490,0.7275390625,0.9959847331047058
init-final,proj-alpaca-r50-s0,proj-alpaca-r50-s0,L7.o,7,o,2048,1490,0.7275390625,0.9963566064834595
init-final,proj-alpaca-r50-s0,proj-alpaca-r50-s0,L7.fc1,7,fc1,2048,1154,0.5634765625,0.9957256317138672
init-final,proj-alpaca-r50-s0,proj-alpaca-r50-s0,L7.fc2,7,fc2,2048,1154,0.5634765625,0.9958475828170776
init-final,proj-alpaca-r50-s0,proj-alpaca-r50-s0,L8.qkv,8,qkv,2048,1490,0.7275390625,0.9961085319519043
init-final,proj-alpaca-r50-s0,proj-alpaca-r50-s0,L8.o,8,o,2048,1490,0.7275390625,0.9964183568954468
init-final,proj-alpaca-r50-s0,proj-alpaca-r50-s0,L8.fc1,8,fc1,2048,1154,0.5634765625,0.9954085350036621
init-final,proj-alpaca-r50-s0,proj-alpaca-r50-s0,L8.fc2,8,fc2,2048,1154,0.5634765625,0.9954705834388733
init-final,proj-alpaca-r50-s0,proj-alpaca-r50-s0,L9.qkv,9,qkv,2048,1490,0.7275390625,0.9961264133453369
init-final,proj-alpaca-r50-s0,proj-alpaca-r50-s0,L9.o,9,o,2048,1490,0.7275390625,0.996414065361023
init-final,proj-alpaca-r50-s0,proj-alpaca-r50-s0,L9.fc1,9,fc1,2048,1154,0.5634765625,0.995356023311615
init-final,proj-alpaca-r50-s0,proj-alpaca-r50-s0,L9.fc2,9,fc2,2048,1154,0.5634765625,0.9953213334083557
init-final,proj-alpaca-r50-s0,proj-alpaca-r50-s0,L10.qkv,10,qkv,2048,1490,0.7275390625,0.9963082671165466
init-final,proj-alpaca-r50-s0,proj-alpaca-r50-s0,L10.o,10,o,2048,1490,0.7275390625,0.9962902665138245
init-final,proj-alpaca-r50-s0,proj-alpaca-r50-s0,L10.fc1,10,fc1,2048,1154,0.5634765625,0.9953760504722595
init-final,proj-alpaca-r50-s0,proj-alpaca-r50-s0,L10.fc2,10,fc2,2048,1154,0.5634765625,0.9954492449760437
init-final,proj-alpaca-r50-s0,proj-alpaca-r50-s0,L11.qkv,11,qkv,2048,1490,0.7275390625,0.9963290691375732
init-final,proj-alpaca-r50-s0,proj-alpaca-r50-s0,L11.o,11,o,2048,1490,0.7275390625,0.9965790510177612
init-final,proj-alpaca-r50-s0,proj-alpaca-r50-s0,L11.fc1,11,fc1,2048,1154,0.5634765625,0.9953622817993164
init-final,proj-alpaca-r50-s0,proj-alpaca-r50-s0,L11.fc2,11,fc2,2048,1154,0.5634765625,0.9952523708343506
init-final,proj-alpaca-r50-s0,proj-alpaca-r50-s0,L12.qkv,12,qkv,2048,1490,0.7275390625,0.996321439743042
init-final,proj-alpaca-r50-s0,proj-alpaca-r50-s0,L12.o,12,o,2048,1490,0.7275390625,0.9966673851013184
init-final,proj-alpaca-r50-s0,proj-alpaca-r50-s0,L12.fc1,12,fc1,2048,1154,0.5634765625,0.9954831600189209
init-final,proj-alpaca-r50-s0,proj-alpaca-r50-s0,L12.fc2,12,fc2,2048,1154,0.5634765625,0.9952536225318909
init-final,proj-alpaca-r50-s0,proj-alpaca-r50-s0,L13.qkv,13,qkv,2048,1490,0.7275390625,0.9963613748550415
init-final,proj-alpaca-r50-s0,proj-alpaca-r50-s0,L13.o,13,o,2048,1490,0.7275390625,0.9966766238212585
init-final,proj-alpaca-r50-s0,proj-alpaca-r50-s0,L13.fc1,13,fc1,2048,1154,0.5634765625,0.9957135915756226
init-final,proj-alpaca-r50-s0,proj-alpaca-r50-s0,L13.fc2,13,fc2,2048,1154,0.5634765625,0.9952906966209412
init-final,proj-alpaca-r50-s0,proj-alpaca-r50-s0,L14.qkv,14,qkv,2048,1490,0.7275390625,0.9969046711921692
init-final,proj-alpaca-r50-s0,proj-alpaca-r50-s0,L14.o,14,o,2048,1490,0.7275390625,0.996934175491333
init-final,proj-alpaca-r50-s0,proj-alpaca-r50-s0,L14.fc1,14,fc1,2048,1154,0.5634765625,0.9958280324935913
init-final,proj-alpaca-r50-s0,proj-alpaca-r50-s0,L14.fc2,14,fc2,2048,1154,0.5634765625,0.9952288866043091
init-final,proj-alpaca-r50-s0,proj-alpaca-r50-s0,L15.qkv,15,qkv,2048,1490,0.7275390625,0.9970656633377075
init-final,proj-alpaca-r50-s0,proj-alpaca-r50-s0,L15.o,15,o,2048,1490,0.7275390625,0.9967792630195618
init-final,proj-alpaca-r50-s0,proj-alpaca-r50-s0,L15.fc1,15,fc1,2048,1154,0.5634765625,0.995559573173523
init-final,proj-alpaca-r50-s0,proj-alpaca-r50-s0,L15.fc2,15,fc2,2048,1154,0.5634765625,0.9952293038368225
init-final,proj-alpaca-r50-s0,proj-alpaca-r50-s0,L16.qkv,16,qkv,2048,1490,0.7275390625,0.9969033598899841
init-final,proj-alpaca-r50-s0,proj-alpaca-r50-s0,L16.o,16,o,2048,1490,0.7275390625,0.9970982074737549
init-final,proj-alpaca-r50-s0,proj-alpaca-r50-s0,L16.fc1,16,fc1,2048,1154,0.5634765625,0.995489239692688
init-final,proj-alpaca-r50-s0,proj-alpaca-r50-s0,L16.fc2,16,fc2,2048,1154,0.5634765625,0.9950219988822937
init-final,proj-alpaca-r50-s0,proj-alpaca-r50-s0,L17.qkv,17,qkv,2048,1490,0.7275390625,0.99676114320755
init-final,proj-alpaca-r50-s0,proj-alpaca-r50-s0,L17.o,17,o,2048,1490,0.7275390625,0.9969125390052795
init-final,proj-alpaca-r50-s0,proj-alpaca-r50-s0,L17.fc1,17,fc1,2048,1154,0.5634765625,0.9952834844589233
init-final,proj-alpaca-r50-s0,proj-alpaca-r50-s0,L17.fc2,17,fc2,2048,1154,0.5634765625,0.9951648712158203
init-final,proj-alpaca-r50-s0,proj-alpaca-r50-s0,L18.qkv,18,qkv,2048,1490,0.7275390625,0.9968215227127075
init-final,proj-alpaca-r50-s0,proj-alpaca-r50-s0,L18.o,18,o,2048,1490,0.7275390625,0.9969789385795593
init-final,proj-alpaca-r50-s0,proj-alpaca-r50-s0,L18.fc1,18,fc1,2048,1154,0.5634765625,0.9949081540107727
init-final,proj-alpaca-r50-s0,proj-alpaca-r50-s0,L18.fc2,18,fc2,2048,1154,0.5634765625,0.9950490593910217
init-final,proj-alpaca-r50-s0,proj-alpaca-r50-s0,L19.qkv,19,qkv,2048,1490,0.7275390625,0.996616005897522
init-final,proj-alpaca-r50-s0,proj-alpaca-r50-s0,L19.o,19,o,2048,1490,0.7275390625,0.9970085620880127
init-final,proj-alpaca-r50-s0,proj-alpaca-r50-s0,L19.fc1,19,fc1,2048,1154,0.5634765625,0.9949111342430115
init-final,proj-alpaca-r50-s0,proj-alpaca-r50-s0,L19.fc2,19,fc2,2048,1154,0.5634765625,0.9950647354125977
init-final,proj-alpaca-r50-s0,proj-alpaca-r50-s0,L20.qkv,20,qkv,2048,1490,0.7275390625,0.9967840909957886
init-final,proj-alpaca-r50-s0,proj-alpaca-r50-s0,L20.o,20,o,2048,1490,0.7275390625,0.9968923926353455
init-final,proj-alpaca-r50-s0,proj-alpaca-r50-s0,L20.fc1,20,fc1,2048,1154,0.5634765625,0.9950672388076782
init-final,proj-alpaca-r50-s0,proj-alpaca-r50-s0,L20.fc2,20,fc2,2048,1154,0.5634765625,0.9951349496841431
init-final,proj-alpaca-r50-s0,proj-alpaca-r50-s0,L21.qkv,21,qkv,2048,1490,0.7275390625,0.9972583055496216
init-final,proj-alpaca-r50-s0,proj-alpaca-r50-s0,L21.o,21,o,2048,1490,0.7275390625,0.9971430897712708
init-final,proj-alpaca-r50-s0,proj-alpaca-r50-s0,L21.fc1,21,fc1,2048,1154,0.5634765625,0.995762050151825
init-final,proj-alpaca-r50-s0,proj-alpaca-r50-s0,L21.fc2,21,fc2,2048,1154,0.5634765625,0.9956240057945251
init-final,proj-alpaca-r50-s0,proj-alpaca-r50-s0,L22.qkv,22,qkv,2048,1490,0.7275390625,0.9977778792381287
init-final,proj-alpaca-r50-s0,proj-alpaca-r50-s0,L22.o,22,o,2048,1490,0.7275390625,0.9971501231193542
init-final,proj-alpaca-r50-s0,proj-alpaca-r50-s0,L22.fc1,22,fc1,2048,1154,0.5634765625,0.996910572052002
init-final,proj-alpaca-r50-s0,proj-alpaca-r50-s0,L22.fc2,22,fc2,2048,1154,0.5634765625,0.9961825013160706
init-final,proj-alpaca-r50-s0,proj-alpaca-r50-s0,L23.qkv,23,qkv,2048,1490,0.7275390625,0.9996114373207092
init-final,proj-alpaca-r50-s0,proj-alpaca-r50-s0,L23.o,23,o,2048,1490,0.7275390625,0.9974403381347656
init-final,proj-alpaca-r50-s0,proj-alpaca-r50-s0,L23.fc1,23,fc1,2048,1154,0.5634765625,0.9966681599617004
init-final,proj-alpaca-r50-s0,proj-alpaca-r50-s0,L23.fc2,23,fc2,2048,1154,0.5634765625,0.9953771829605103
init-final,proj-selfgen-r50-s0,proj-selfgen-r50-s0,L0.qkv,0,qkv,2048,1490,0.7275390625,0.9962489008903503
init-final,proj-selfgen-r50-s0,proj-selfgen-r50-s0,L0.o,0,o,2048,1490,0.7275390625,0.997329831123352
init-final,proj-selfgen-r50-s0,proj-selfgen-r50-s0,L0.fc1,0,fc1,2048,1154,0.5634765625,0.9959312677383423
init-final,proj-selfgen-r50-s0,proj-selfgen-r50-s0,L0.fc2,0,fc2,2048,1154,0.5634765625,0.9958047866821289
init-final,proj-selfgen-r50-s0,proj-selfgen-r50-s0,L1.qkv,1,qkv,2048,1490,0.7275390625,0.9968582987785339
init-final,proj-selfgen-r50-s0,proj-selfgen-r50-s0,L1.o,1,o,2048,1490,0.7275390625,0.9973589181900024
init-final,proj-selfgen-r50-s0,proj-selfgen-r50-s0,L1.fc1,1,fc1,2048,1154,0.5634765625,0.9972535371780396
init-final,proj-selfgen-r50-s0,proj-selfgen-r50-s0,L1.fc2,1,fc2,2048,1154,0.5634765625,0.9952500462532043
init-final,proj-selfgen-r50-s0,proj-selfgen-r50-s0,L2.qkv,2,qkv,2048,1490,0.7275390625,0.9967236518859863
init-final,proj-selfgen-r50-s0,proj-selfgen-r50-s0,L2.o,2,o,2048,1490,0.7275390625,0.9976637363433838
init-final,proj-selfgen-r50-s0,proj-selfgen-r50-s0,L2.fc1,2,fc1,2048,1154,0.5634765625,0.9973067045211792
init-final,proj-selfgen-r50-s0,proj-selfgen-r50-s0,L2.fc2,2,fc2,2048,1154,0.5634765625,0.9954967498779297
init-final,proj-selfgen-r50-s0,proj-selfgen-r50-s0,L3.qkv,3,qkv,2048,1490,0.7275390625,0.9965156316757202
init-final,proj-selfgen-r50-s0,proj-selfgen-r50-s0,L3.o,3,o,2048,1490,0.7275390625,0.9973845481872559
init-final,proj-selfgen-r50-s0,proj-selfgen-r50-s0,L3.fc1,3,fc1,2048,1154,0.5634765625,0.996336817741394
init-final,proj-selfgen-r50-s0,proj-selfgen-r50-s0,L3.fc2,3,fc2,2048,1154,0.5634765625,0.9953421950340271
init-final,proj-selfgen-r50-s0,proj-selfgen-r50-s0,L4.qkv,4,qkv,2048,1490,0.7275390625,0.9967364072799683
init-final,proj-selfgen-r50-s0,proj-selfgen-r50-s0,L4.o,4,o,2048,1490,0.7275390625,0.9974613785743713
init-final,proj-selfgen-r50-s0,proj-selfgen-r50-s0,L4.fc1,4,fc1,2048,1154,0.5634765625,0.9960503578186035
init-final,proj-selfgen-r50-s0,proj-selfgen-r50-s0,L4.fc2,4,fc2,2048,1154,0.5634765625,0.9954884648323059
init-final,proj-selfgen-r50-s0,proj-selfgen-r50-s0,L5.qkv,5,qkv,2048,1490,0.7275390625,0.9965794682502747
init-final,proj-selfgen-r50-s0,proj-selfgen-r50-s0,L5.o,5,o,2048,1490,0.7275390625,0.9972437024116516
init-final,proj-selfgen-r50-s0,proj-selfgen-r50-s0,L5.fc1,5,fc1,2048,1154,0.5634765625,0.9956814050674438
init-final,proj-selfgen-r50-s0,proj-selfgen-r50-s0,L5.fc2,5,fc2,2048,1154,0.5634765625,0.9953850507736206
init-final,proj-selfgen-r50-s0,proj-selfgen-r50-s0,L6.qkv,6,qkv,2048,1490,0.7275390625,0.9960945844650269
init-final,proj-selfgen-r50-s0,proj-selfgen-r50-s0,L6.o,6,o,2048,1490,0.7275390625,0.9965416789054871
init-final,proj-selfgen-r50-s0,proj-selfgen-r50-s0,L6.fc1,6,fc1,2048,1154,0.5634765625,0.9955306649208069
init-final,proj-selfgen-r50-s0,proj-selfgen-r50-s0,L6.fc2,6,fc2,2048,1154,0.5634765625,0.9956099390983582
init-final,proj-selfgen-r50-s0,proj-selfgen-r50-s0,L7.qkv,7,qkv,2048,1490,0.7275390625,0.9958999752998352
init-final,proj-selfgen-r50-s0,proj-selfgen-r50-s0,L7.o,7,o,2048,1490,0.7275390625,0.9962132573127747
init-final,proj-selfgen-r50-s0,proj-selfgen-r50-s0,L7.fc1,7,fc1,2048,1154,0.5634765625,0.9952041506767273
init-final,proj-selfgen-r50-s0,proj-selfgen-r50-s0,L7.fc2,7,fc2,2048,1154,0.5634765625,0.9956209063529968
init-final,proj-selfgen-r50-s0,proj-selfgen-r50-s0,L8.qkv,8,qkv,2048,1490,0.7275390625,0.9958484768867493
init-final,proj-selfgen-r50-s0,proj-selfgen-r50-s0,L8.o,8,o,2048,1490,0.7275390625,0.9959776401519775
init-final,proj-selfgen-r50-s0,proj-selfgen-r50-s0,L8.fc1,8,fc1,2048,1154,0.5634765625,0.9951140284538269
init-final,proj-selfgen-r50-s0,proj-selfgen-r50-s0,L8.fc2,8,fc2,2048,1154,0.5634765625,0.9951369762420654
init-final,proj-selfgen-r50-s0,proj-selfgen-r50-s0,L9.qkv,9,qkv,2048,1490,0.7275390625,0.9959114789962769
init-final,proj-selfgen-r50-s0,proj-selfgen-r50-s0,L9.o,9,o,2048,1490,0.7275390625,0.9958326816558838
init-final,proj-selfgen-r50-s0,proj-selfgen-r50-s0,L9.fc1,9,fc1,2048,1154,0.5634765625,0.9948446154594421
init-final,proj-selfgen-r50-s0,proj-selfgen-r50-s0,L9.fc2,9,fc2,2048,1154,0.5634765625,0.9946348071098328
init-final,proj-selfgen-r50-s0,proj-selfgen-r50-s0,L10.qkv,10,qkv,2048,1490,0.7275390625,0.9958199858665466
init-final,proj-selfgen-r50-s0,proj-selfgen-r50-s0,L10.o,10,o,2048,1490,0.7275390625,0.9957820773124695
init-final,proj-selfgen-r50-s0,proj-selfgen-r50-s0,L10.fc1,10,fc1,2048,1154,0.5634765625,0.994710385799408
init-final,proj-selfgen-r50-s0,proj-selfgen-r50-s0,L10.fc2,10,fc2,2048,1154,0.5634765625,0.9945968389511108
init-final,proj-selfgen-r50-s0,proj-selfgen-r50-s0,L11.qkv,11,qkv,2048,1490,0.7275390625,0.9958337545394897
init-final,proj-selfgen-r50-s0,proj-selfgen-r50-s0,L11.o,11,o,2048,1490,0.7275390625,0.9960269331932068
init-final,proj-selfgen-r50-s0,proj-selfgen-r50-s0,L11.fc1,11,fc1,2048,1154,0.5634765625,0.9946553707122803
init-final,proj-selfgen-r50-s0,proj-selfgen-r50-s0,L11.fc2,11,fc2,2048,1154,0.5634765625,0.9942685961723328
init-final,proj-selfgen-r50-s0,proj-selfgen-r50-s0,L12.qkv,12,qkv,2048,1490,0.7275390625,0.9959940314292908
init-final,proj-selfgen-r50-s0,proj-selfgen-r50-s0,L12.o,12,o,2048,1490,0.7275390625,0.9959607124328613
init-final,proj-selfgen-r50-s0,proj-selfgen-r50-s0,L12.fc1,12,fc1,2048,1154,0.5634765625,0.994874119758606
init-final,proj-selfgen-r50-s0,proj-selfgen-r50-s0,L12.fc2,12,fc2,2048,1154,0.5634765625,0.9943464994430542
init-final,proj-selfgen-r50-s0,proj-selfgen-r50-s0,L13.qkv,13,qkv,2048,1490,0.7275390625,0.9959505796432495
init-final,proj-selfgen-r50-s0,proj-selfgen-r50-s0,L13.o,13,o,2048,1490,0.7275390625,0.9958109855651855
init-final,proj-selfgen-r50-s0,proj-selfgen-r50-s0,L13.fc1,13,fc1,2048,1154,0.5634765625,0.9949420094490051
init-final,proj-selfgen-r50-s0,proj-selfgen-r50-s0,L13.fc2,13,fc2,2048,1154,0.5634765625,0.9943458437919617
init-final,proj-selfgen-r50-s0,proj-selfgen-r50-s0,L14.qkv,14,qkv,2048,1490,0.7275390625,0.9964067339897156
init-final,proj-selfgen-r50-s0,proj-selfgen-r50-s0,L14.o,14,o,2048,1490,0.7275390625,0.9960545301437378
init-final,proj-selfgen-r50-s0,proj-selfgen-r50-s0,L14.fc1,14,fc1,2048,1154,0.5634765625,0.9947549700737
init-final,proj-selfgen-r50-s0,proj-selfgen-r50-s0,L14.fc2,14,fc2,2048,1154,0.5634765625,0.9942417740821838
init-final,proj-selfgen-r50-s0,proj-selfgen-r50-s0,L15.qkv,15,qkv,2048,1490,0.7275390625,0.9961903095245361
init-final,proj-selfgen-r50-s0,proj-selfgen-r50-s0,L15.o,15,o,2048,1490,0.7275390625,0.995967447757721
init-final,proj-selfgen-r50-s0,proj-selfgen-r50-s0,L15.fc1,15,fc1,2048,1154,0.5634765625,0.994351327419281
init-final,proj-selfgen-r50-s0,proj-selfgen-r50-s0,L15.fc2,15,fc2,2048,1154,0.5634765625,0.9937943816184998
init-final,proj-selfgen-r50-s0,proj-selfgen-r50-s0,L16.qkv,16,qkv,2048,1490,0.7275390625,0.9963310360908508
init-final,proj-selfgen-r50-s0,proj-selfgen-r50-s0,L16.o,16,o,2048,1490,0.7275390625,0.996359646320343
init-final,proj-selfgen-r50-s0,proj-selfgen-r50-s0,L16.fc1,16,fc1,2048,1154,0.5634765625,0.9942013621330261
init-final,proj-selfgen-r50-s0,proj-selfgen-r50-s0,L16.fc2,16,fc2,2048,1154,0.5634765625,0.993746280670166
init-final,proj-selfgen-r50-s0,proj-selfgen-r50-s0,L17.qkv,17,qkv,2048,1490,0.7275390625,0.9958239197731018
init-final,proj-selfgen-r50-s0,proj-selfgen-r50-s0,L17.o,17,o,2048,1490,0.7275390625,0.9961951971054077
init-final,proj-selfgen-r50-s0,proj-selfgen-r50-s0,L17.fc1,17,fc1,2048,1154,0.5634765625,0.9942070841789246
init-final,proj-selfgen-r50-s0,proj-selfgen-r50-s0,L17.fc2,17,fc2,2048,1154,0.5634765625,0.9936749935150146
init-final,proj-selfgen-r50-s0,proj-selfgen-r50-s0,L18.qkv,18,qkv,2048,1490,0.7275390625,0.9959856271743774
init-final,proj-selfgen-r50-s0,proj-selfgen-r50-s0,L18.o,18,o,2048,1490,0.7275390625,0.996179461479187
init-final,proj-selfgen-r50-s0,proj-selfgen-r50-s0,L18.fc1,18,fc1,2048,1154,0.5634765625,0.9937646985054016
init-final,proj-selfgen-r50-s0,proj-selfgen-r50-s0,L18.fc2,18,fc2,2048,1154,0.5634765625,0.9934154748916626
init-final,proj-selfgen-r50-s0,proj-selfgen-r50-s0,L19.qkv,19,qkv,2048,1490,0.7275390625,0.995905876159668
init-final,proj-selfgen-r50-s0,proj-selfgen-r50-s0,L19.o,19,o,2048,1490,0.7275390625,0.9963719844818115
init-final,proj-selfgen-r50-s0,proj-selfgen-r50-s0,L19.fc1,19,fc1,2048,1154,0.5634765625,0.9940187931060791
init-final,proj-selfgen-r50-s0,proj-selfgen-r50-s0,L19.fc2,19,fc2,2048,1154,0.5634765625,0.9934229254722595
init-final,proj-selfgen-r50-s0,proj-selfgen-r50-s0,L20.qkv,20,qkv,2048,1490,0.7275390625,0.9961069226264954
init-final,proj-selfgen-r50-s0,proj-selfgen-r50-s0,L20.o,20,o,2048,1490,0.7275390625,0.9961286783218384
init-final,proj-selfgen-r50-s0,proj-selfgen-r50-s0,L20.fc1,20,fc1,2048,1154,0.5634765625,0.9940475225448608
init-final,proj-selfgen-r50-s0,proj-selfgen-r50-s0,L20.fc2,20,fc2,2048,1154,0.5634765625,0.9931526184082031
init-final,proj-selfgen-r50-s0,proj-selfgen-r50-s0,L21.qkv,21,qkv,2048,1490,0.7275390625,0.996482789516449
init-final,proj-selfgen-r50-s0,proj-selfgen-r50-s0,L21.o,21,o,2048,1490,0.7275390625,0.9968041181564331
init-final,proj-selfgen-r50-s0,proj-selfgen-r50-s0,L21.fc1,21,fc1,2048,1154,0.5634765625,0.9946562051773071
init-final,proj-selfgen-r50-s0,proj-selfgen-r50-s0,L21.fc2,21,fc2,2048,1154,0.5634765625,0.9935025572776794
init-final,proj-selfgen-r50-s0,proj-selfgen-r50-s0,L22.qkv,22,qkv,2048,1490,0.7275390625,0.9974011778831482
init-final,proj-selfgen-r50-s0,proj-selfgen-r50-s0,L22.o,22,o,2048,1490,0.7275390625,0.9968416094779968
init-final,proj-selfgen-r50-s0,proj-selfgen-r50-s0,L22.fc1,22,fc1,2048,1154,0.5634765625,0.9954066872596741
init-final,proj-selfgen-r50-s0,proj-selfgen-r50-s0,L22.fc2,22,fc2,2048,1154,0.5634765625,0.9944801926612854
init-final,proj-selfgen-r50-s0,proj-selfgen-r50-s0,L23.qkv,23,qkv,2048,1490,0.7275390625,0.9995065331459045
init-final,proj-selfgen-r50-s0,proj-selfgen-r50-s0,L23.o,23,o,2048,1490,0.7275390625,0.9966692924499512
init-final,proj-selfgen-r50-s0,proj-selfgen-r50-s0,L23.fc1,23,fc1,2048,1154,0.5634765625,0.9950757026672363
init-final,proj-selfgen-r50-s0,proj-selfgen-r50-s0,L23.fc2,23,fc2,2048,1154,0.5634765625,0.9921959638595581
init-final,proj-selfdoc-r50-s0,proj-selfdoc-r50-s0,L0.qkv,0,qkv,2048,1490,0.7275390625,0.9960010647773743
init-final,proj-selfdoc-r50-s0,proj-selfdoc-r50-s0,L0.o,0,o,2048,1490,0.7275390625,0.9971050024032593
init-final,proj-selfdoc-r50-s0,proj-selfdoc-r50-s0,L0.fc1,0,fc1,2048,1154,0.5634765625,0.9953882098197937
init-final,proj-selfdoc-r50-s0,proj-selfdoc-r50-s0,L0.fc2,0,fc2,2048,1154,0.5634765625,0.9954368472099304
init-final,proj-selfdoc-r50-s0,proj-selfdoc-r50-s0,L1.qkv,1,qkv,2048,1490,0.7275390625,0.9971325993537903
init-final,proj-selfdoc-r50-s0,proj-selfdoc-r50-s0,L1.o,1,o,2048,1490,0.7275390625,0.9976220726966858
init-final,proj-selfdoc-r50-s0,proj-selfdoc-r50-s0,L1.fc1,1,fc1,2048,1154,0.5634765625,0.9969654679298401
init-final,proj-selfdoc-r50-s0,proj-selfdoc-r50-s0,L1.fc2,1,fc2,2048,1154,0.5634765625,0.994831383228302
init-final,proj-selfdoc-r50-s0,proj-selfdoc-r50-s0,L2.qkv,2,qkv,2048,1490,0.7275390625,0.9969045519828796
init-final,proj-selfdoc-r50-s0,proj-selfdoc-r50-s0,L2.o,2,o,2048,1490,0.7275390625,0.997940719127655
init-final,proj-selfdoc-r50-s0,proj-selfdoc-r50-s0,L2.fc1,2,fc1,2048,1154,0.5634765625,0.9968441724777222
init-final,proj-selfdoc-r50-s0,proj-selfdoc-r50-s0,L2.fc2,2,fc2,2048,1154,0.5634765625,0.9950345754623413
init-final,proj-selfdoc-r50-s0,proj-selfdoc-r50-s0,L3.qkv,3,qkv,2048,1490,0.7275390625,0.9964900612831116
init-final,proj-selfdoc-r50-s0,proj-selfdoc-r50-s0,L3.o,3,o,2048,1490,0.7275390625,0.9975086450576782
init-final,proj-selfdoc-r50-s0,proj-selfdoc-r50-s0,L3.fc1,3,fc1,2048,1154,0.5634765625,0.9960541725158691
init-final,proj-selfdoc-r50-s0,proj-selfdoc-r50-s0,L3.fc2,3,fc2,2048,1154,0.5634765625,0.9950317144393921
init-final,proj-selfdoc-r50-s0,proj-selfdoc-r50-s0,L4.qkv,4,qkv,2048,1490,0.7275390625,0.9965947866439819
init-final,proj-selfdoc-r50-s0,proj-selfdoc-r50-s0,L4.o,4,o,2048,1490,0.7275390625,0.9975679516792297
init-final,proj-selfdoc-r50-s0,proj-selfdoc-r50-s0,L4.fc1,4,fc1,2048,1154,0.5634765625,0.9957429766654968
init-final,proj-selfdoc-r50-s0,proj-selfdoc-r50-s0,L4.fc2,4,fc2,2048,1154,0.5634765625,0.9951169490814209
init-final,proj-selfdoc-r50-s0,proj-selfdoc-r50-s0,L5.qkv,5,qkv,2048,1490,0.7275390625,0.9964048862457275
init-final,proj-selfdoc-r50-s0,proj-selfdoc-r50-s0,L5.o,5,o,2048,1490,0.7275390625,0.9972584843635559
init-final,proj-selfdoc-r50-s0,proj-selfdoc-r50-s0,L5.fc1,5,fc1,2048,1154,0.5634765625,0.9954929351806641
init-final,proj-selfdoc-r50-s0,proj-selfdoc-r50-s0,L5.fc2,5,fc2,2048,1154,0.5634765625,0.9949361085891724
init-final,proj-selfdoc-r50-s0,proj-selfdoc-r50-s0,L6.qkv,6,qkv,2048,1490,0.7275390625,0.9959133863449097
init-final,proj-selfdoc-r50-s0,proj-selfdoc-r50-s0,L6.o,6,o,2048,1490,0.7275390625,0.9964699745178223
init-final,proj-selfdoc-r50-s0,proj-selfdoc-r50-s0,L6.fc1,6,fc1,2048,1154,0.5634765625,0.9951929450035095
init-final,proj-selfdoc-r50-s0,proj-selfdoc-r50-s0,L6.fc2,6,fc2,2048,1154,0.5634765625,0.9953151941299438
init-final,proj-selfdoc-r50-s0,proj-selfdoc-r50-s0,L7.qkv,7,qkv,2048,1490,0.7275390625,0.9957225918769836
init-final,proj-selfdoc-r50-s0,proj-selfdoc-r50-s0,L7.o,7,o,2048,1490,0.7275390625,0.996230959892273
init-final,proj-selfdoc-r50-s0,proj-selfdoc-r50-s0,L7.fc1,7,fc1,2048,1154,0.5634765625,0.9949578642845154
init-final,proj-selfdoc-r50-s0,proj-selfdoc-r50-s0,L7.fc2,7,fc2,2048,1154,0.5634765625,0.9952577948570251
init-final,proj-selfdoc-r50-s0,proj-selfdoc-r50-s0,L8.qkv,8,qkv,2048,1490,0.7275390625,0.9955955743789673
init-final,proj-selfdoc-r50-s0,proj-selfdoc-r50-s0,L8.o,8,o,2048,1490,0.7275390625,0.9958747029304504
init-final,proj-selfdoc-r50-s0,proj-selfdoc-r50-s0,L8.fc1,8,fc1,2048,1154,0.5634765625,0.9948310256004333
init-final,proj-selfdoc-r50-s0,proj-selfdoc-r50-s0,L8.fc2,8,fc2,2048,1154,0.5634765625,0.9945805668830872
init-final,proj-selfdoc-r50-s0,proj-selfdoc-r50-s0,L9.qkv,9,qkv,2048,1490,0.7275390625,0.9953944683074951
init-final,proj-selfdoc-r50-s0,proj-selfdoc-r50-s0,L9.o,9,o,2048,1490,0.7275390625,0.995673656463623
init-final,proj-selfdoc-r50-s0,proj-selfdoc-r50-s0,L9.fc1,9,fc1,2048,1154,0.5634765625,0.9946608543395996
init-final,proj-selfdoc-r50-s0,proj-selfdoc-r50-s0,L9.fc2,9,fc2,2048,1154,0.5634765625,0.994289755821228
init-final,proj-selfdoc-r50-s0,proj-selfdoc-r50-s0,L10.qkv,10,qkv,2048,1490,0.7275390625,0.9955103993415833
init-final,proj-selfdoc-r50-s0,proj-selfdoc-r50-s0,L10.o,10,o,2048,1490,0.7275390625,0.9955053925514221
init-final,proj-selfdoc-r50-s0,proj-selfdoc-r50-s0,L10.fc1,10,fc1,2048,1154,0.5634765625,0.9944568276405334
init-final,proj-selfdoc-r50-s0,proj-selfdoc-r50-s0,L10.fc2,10,fc2,2048,1154,0.5634765625,0.9940678477287292
init-final,proj-selfdoc-r50-s0,proj-selfdoc-r50-s0,L11.qkv,11,qkv,2048,1490,0.7275390625,0.9955403208732605
init-final,proj-selfdoc-r50-s0,proj-selfdoc-r50-s0,L11.o,11,o,2048,1490,0.7275390625,0.9956856369972229
init-final,proj-selfdoc-r50-s0,proj-selfdoc-r50-s0,L11.fc1,11,fc1,2048,1154,0.5634765625,0.9944042563438416
init-final,proj-selfdoc-r50-s0,proj-selfdoc-r50-s0,L11.fc2,11,fc2,2048,1154,0.5634765625,0.993747889995575
init-final,proj-selfdoc-r50-s0,proj-selfdoc-r50-s0,L12.qkv,12,qkv,2048,1490,0.7275390625,0.9956117868423462
init-final,proj-selfdoc-r50-s0,proj-selfdoc-r50-s0,L12.o,12,o,2048,1490,0.7275390625,0.9957064390182495
init-final,proj-selfdoc-r50-s0,proj-selfdoc-r50-s0,L12.fc1,12,fc1,2048,1154,0.5634765625,0.9944165945053101
init-final,proj-selfdoc-r50-s0,proj-selfdoc-r50-s0,L12.fc2,12,fc2,2048,1154,0.5634765625,0.993656575679779
init-final,proj-selfdoc-r50-s0,proj-selfdoc-r50-s0,L13.qkv,13,qkv,2048,1490,0.7275390625,0.9954139590263367
init-final,proj-selfdoc-r50-s0,proj-selfdoc-r50-s0,L13.o,13,o,2048,1490,0.7275390625,0.995314359664917
init-final,proj-selfdoc-r50-s0,proj-selfdoc-r50-s0,L13.fc1,13,fc1,2048,1154,0.5634765625,0.9943746328353882
init-final,proj-selfdoc-r50-s0,proj-selfdoc-r50-s0,L13.fc2,13,fc2,2048,1154,0.5634765625,0.9935618042945862
init-final,proj-selfdoc-r50-s0,proj-selfdoc-r50-s0,L14.qkv,14,qkv,2048,1490,0.7275390625,0.9958896040916443
init-final,proj-selfdoc-r50-s0,proj-selfdoc-r50-s0,L14.o,14,o,2048,1490,0.7275390625,0.9956254363059998
init-final,proj-selfdoc-r50-s0,proj-selfdoc-r50-s0,L14.fc1,14,fc1,2048,1154,0.5634765625,0.994150698184967
init-final,proj-selfdoc-r50-s0,proj-selfdoc-r50-s0,L14.fc2,14,fc2,2048,1154,0.5634765625,0.993370771408081
init-final,proj-selfdoc-r50-s0,proj-selfdoc-r50-s0,L15.qkv,15,qkv,2048,1490,0.7275390625,0.9957813024520874
init-final,proj-selfdoc-r50-s0,proj-selfdoc-r50-s0,L15.o,15,o,2048,1490,0.7275390625,0.9956591129302979
init-final,proj-selfdoc-r50-s0,proj-selfdoc-r50-s0,L15.fc1,15,fc1,2048,1154,0.5634765625,0.9937781095504761
init-final,proj-selfdoc-r50-s0,proj-selfdoc-r50-s0,L15.fc2,15,fc2,2048,1154,0.5634765625,0.9931097030639648
init-final,proj-selfdoc-r50-s0,proj-selfdoc-r50-s0,L16.qkv,16,qkv,2048,1490,0.7275390625,0.9959638714790344
init-final,proj-selfdoc-r50-s0,proj-selfdoc-r50-s0,L16.o,16,o,2048,1490,0.7275390625,0.9960383772850037
init-final,proj-selfdoc-r50-s0,proj-selfdoc-r50-s0,L16.fc1,16,fc1,2048,1154,0.5634765625,0.9935603141784668
init-final,proj-selfdoc-r50-s0,proj-selfdoc-r50-s0,L16.fc2,16,fc2,2048,1154,0.5634765625,0.992824912071228
init-final,proj-selfdoc-r50-s0,proj-selfdoc-r50-s0,L17.qkv,17,qkv,2048,1490,0.7275390625,0.99526447057724
init-final,proj-selfdoc-r50-s0,proj-selfdoc-r50-s0,L17.o,17,o,2048,1490,0.7275390625,0.9958834648132324
init-final,proj-selfdoc-r50-s0,proj-selfdoc-r50-s0,L17.fc1,17,fc1,2048,1154,0.5634765625,0.993409276008606
init-final,proj-selfdoc-r50-s0,proj-selfdoc-r50-s0,L17.fc2,17,fc2,2048,1154,0.5634765625,0.9927598834037781
init-final,proj-selfdoc-r50-s0,proj-selfdoc-r50-s0,L18.qkv,18,qkv,2048,1490,0.7275390625,0.9953464269638062
init-final,proj-selfdoc-r50-s0,proj-selfdoc-r50-s0,L18.o,18,o,2048,1490,0.7275390625,0.9957226514816284
init-final,proj-selfdoc-r50-s0,proj-selfdoc-r50-s0,L18.fc1,18,fc1,2048,1154,0.5634765625,0.993252694606781
init-final,proj-selfdoc-r50-s0,proj-selfdoc-r50-s0,L18.fc2,18,fc2,2048,1154,0.5634765625,0.9925466179847717
init-final,proj-selfdoc-r50-s0,proj-selfdoc-r50-s0,L19.qkv,19,qkv,2048,1490,0.7275390625,0.9952256679534912
init-final,proj-selfdoc-r50-s0,proj-selfdoc-r50-s0,L19.o,19,o,2048,1490,0.7275390625,0.9959407448768616
init-final,proj-selfdoc-r50-s0,proj-selfdoc-r50-s0,L19.fc1,19,fc1,2048,1154,0.5634765625,0.9933536052703857
init-final,proj-selfdoc-r50-s0,proj-selfdoc-r50-s0,L19.fc2,19,fc2,2048,1154,0.5634765625,0.9924684762954712
init-final,proj-selfdoc-r50-s0,proj-selfdoc-r50-s0,L20.qkv,20,qkv,2048,1490,0.7275390625,0.9954563975334167
init-final,proj-selfdoc-r50-s0,proj-selfdoc-r50-s0,L20.o,20,o,2048,1490,0.7275390625,0.9956335425376892
init-final,proj-selfdoc-r50-s0,proj-selfdoc-r50-s0,L20.fc1,20,fc1,2048,1154,0.5634765625,0.9931972622871399
init-final,proj-selfdoc-r50-s0,proj-selfdoc-r50-s0,L20.fc2,20,fc2,2048,1154,0.5634765625,0.9921762943267822
init-final,proj-selfdoc-r50-s0,proj-selfdoc-r50-s0,L21.qkv,21,qkv,2048,1490,0.7275390625,0.9957634806632996
init-final,proj-selfdoc-r50-s0,proj-selfdoc-r50-s0,L21.o,21,o,2048,1490,0.7275390625,0.9962098002433777
init-final,proj-selfdoc-r50-s0,proj-selfdoc-r50-s0,L21.fc1,21,fc1,2048,1154,0.5634765625,0.9934438467025757
init-final,proj-selfdoc-r50-s0,proj-selfdoc-r50-s0,L21.fc2,21,fc2,2048,1154,0.5634765625,0.9924069046974182
init-final,proj-selfdoc-r50-s0,proj-selfdoc-r50-s0,L22.qkv,22,qkv,2048,1490,0.7275390625,0.996749222278595
init-final,proj-selfdoc-r50-s0,proj-selfdoc-r50-s0,L22.o,22,o,2048,1490,0.7275390625,0.9963895678520203
init-final,proj-selfdoc-r50-s0,proj-selfdoc-r50-s0,L22.fc1,22,fc1,2048,1154,0.5634765625,0.9943896532058716
init-final,proj-selfdoc-r50-s0,proj-selfdoc-r50-s0,L22.fc2,22,fc2,2048,1154,0.5634765625,0.9937523007392883
init-final,proj-selfdoc-r50-s0,proj-selfdoc-r50-s0,L23.qkv,23,qkv,2048,1490,0.7275390625,0.9994698166847229
init-final,proj-selfdoc-r50-s0,proj-selfdoc-r50-s0,L23.o,23,o,2048,1490,0.7275390625,0.9967118501663208
init-final,proj-selfdoc-r50-s0,proj-selfdoc-r50-s0,L23.fc1,23,fc1,2048,1154,0.5634765625,0.9950505495071411
init-final,proj-selfdoc-r50-s0,proj-selfdoc-r50-s0,L23.fc2,23,fc2,2048,1154,0.5634765625,0.9909433126449585
init-init,proj-wikitext2-r50-s0,proj-c4-r50-s0,L0.qkv,0,qkv,2048,1490,0.7275390625,0.9210343360900879
final-final,proj-wikitext2-r50-s0,proj-c4-r50-s0,L0.qkv,0,qkv,2048,1490,0.7275390625,0.9172075986862183
init-init,proj-wikitext2-r50-s0,proj-c4-r50-s0,L0.o,0,o,2048,1490,0.7275390625,0.9591461420059204
final-final,proj-wikitext2-r50-s0,proj-c4-r50-s0,L0.o,0,o,2048,1490,0.7275390625,0.9561985731124878
init-init,proj-wikitext2-r50-s0,proj-c4-r50-s0,L0.fc1,0,fc1,2048,1154,0.5634765625,0.8879671692848206
final-final,proj-wikitext2-r50-s0,proj-c4-r50-s0,L0.fc1,0,fc1,2048,1154,0.5634765625,0.8844303488731384
init-init,proj-wikitext2-r50-s0,proj-c4-r50-s0,L0.fc2,0,fc2,2048,1154,0.5634765625,0.9058446288108826
final-final,proj-wikitext2-r50-s0,proj-c4-r50-s0,L0.fc2,0,fc2,2048,1154,0.5634765625,0.9014112949371338
init-init,proj-wikitext2-r50-s0,proj-c4-r50-s0,L1.qkv,1,qkv,2048,1490,0.7275390625,0.9535923600196838
final-final,proj-wikitext2-r50-s0,proj-c4-r50-s0,L1.qkv,1,qkv,2048,1490,0.7275390625,0.950457751750946
init-init,proj-wikitext2-r50-s0,proj-c4-r50-s0,L1.o,1,o,2048,1490,0.7275390625,0.9375398755073547
final-final,proj-wikitext2-r50-s0,proj-c4-r50-s0,L1.o,1,o,2048,1490,0.7275390625,0.9351091980934143
init-init,proj-wikitext2-r50-s0,proj-c4-r50-s0,L1.fc1,1,fc1,2048,1154,0.5634765625,0.9300302267074585
final-final,proj-wikitext2-r50-s0,proj-c4-r50-s0,L1.fc1,1,fc1,2048,1154,0.5634765625,0.9271591305732727
init-init,proj-wikitext2-r50-s0,proj-c4-r50-s0,L1.fc2,1,fc2,2048,1154,0.5634765625,0.8772258162498474
final-final,proj-wikitext2-r50-s0,proj-c4-r50-s0,L1.fc2,1,fc2,2048,1154,0.5634765625,0.8734413385391235
init-init,proj-wikitext2-r50-s0,proj-c4-r50-s0,L2.qkv,2,qkv,2048,1490,0.7275390625,0.9498890042304993
final-final,proj-wikitext2-r50-s0,proj-c4-r50-s0,L2.qkv,2,qkv,2048,1490,0.7275390625,0.9460923671722412
init-init,proj-wikitext2-r50-s0,proj-c4-r50-s0,L2.o,2,o,2048,1490,0.7275390625,0.9461877346038818
final-final,proj-wikitext2-r50-s0,proj-c4-r50-s0,L2.o,2,o,2048,1490,0.7275390625,0.944153368473053
init-init,proj-wikitext2-r50-s0,proj-c4-r50-s0,L2.fc1,2,fc1,2048,1154,0.5634765625,0.9189133644104004
final-final,proj-wikitext2-r50-s0,proj-c4-r50-s0,L2.fc1,2,fc1,2048,1154,0.5634765625,0.9161229133605957
init-init,proj-wikitext2-r50-s0,proj-c4-r50-s0,L2.fc2,2,fc2,2048,1154,0.5634765625,0.8806225061416626
final-final,proj-wikitext2-r50-s0,proj-c4-r50-s0,L2.fc2,2,fc2,2048,1154,0.5634765625,0.8767126202583313
init-init,proj-wikitext2-r50-s0,proj-c4-r50-s0,L3.qkv,3,qkv,2048,1490,0.7275390625,0.9455881118774414
final-final,proj-wikitext2-r50-s0,proj-c4-r50-s0,L3.qkv,3,qkv,2048,1490,0.7275390625,0.9417033791542053
init-init,proj-wikitext2-r50-s0,proj-c4-r50-s0,L3.o,3,o,2048,1490,0.7275390625,0.9300118684768677
final-final,proj-wikitext2-r50-s0,proj-c4-r50-s0,L3.o,3,o,2048,1490,0.7275390625,0.9277358651161194
init-init,proj-wikitext2-r50-s0,proj-c4-r50-s0,L3.fc1,3,fc1,2048,1154,0.5634765625,0.9112480878829956
final-final,proj-wikitext2-r50-s0,proj-c4-r50-s0,L3.fc1,3,fc1,2048,1154,0.5634765625,0.907516598701477
init-init,proj-wikitext2-r50-s0,proj-c4-r50-s0,L3.fc2,3,fc2,2048,1154,0.5634765625,0.8767867684364319
final-final,proj-wikitext2-r50-s0,proj-c4-r50-s0,L3.fc2,3,fc2,2048,1154,0.5634765625,0.872455358505249
init-init,proj-wikitext2-r50-s0,proj-c4-r50-s0,L4.qkv,4,qkv,2048,1490,0.7275390625,0.9422260522842407
final-final,proj-wikitext2-r50-s0,proj-c4-r50-s0,L4.qkv,4,qkv,2048,1490,0.7275390625,0.9383983016014099
init-init,proj-wikitext2-r50-s0,proj-c4-r50-s0,L4.o,4,o,2048,1490,0.7275390625,0.9409235715866089
final-final,proj-wikitext2-r50-s0,proj-c4-r50-s0,L4.o,4,o,2048,1490,0.7275390625,0.938797116279602
init-init,proj-wikitext2-r50-s0,proj-c4-r50-s0,L4.fc1,4,fc1,2048,1154,0.5634765625,0.906488835811615
final-final,proj-wikitext2-r50-s0,proj-c4-r50-s0,L4.fc1,4,fc1,2048,1154,0.5634765625,0.9019830226898193
init-init,proj-wikitext2-r50-s0,proj-c4-r50-s0,L4.fc2,4,fc2,2048,1154,0.5634765625,0.8629863262176514
final-final,proj-wikitext2-r50-s0,proj-c4-r50-s0,L4.fc2,4,fc2,2048,1154,0.5634765625,0.8585254549980164
init-init,proj-wikitext2-r50-s0,proj-c4-r50-s0,L5.qkv,5,qkv,2048,1490,0.7275390625,0.9369298219680786
final-final,proj-wikitext2-r50-s0,proj-c4-r50-s0,L5.qkv,5,qkv,2048,1490,0.7275390625,0.933326244354248
init-init,proj-wikitext2-r50-s0,proj-c4-r50-s0,L5.o,5,o,2048,1490,0.7275390625,0.9297029376029968
final-final,proj-wikitext2-r50-s0,proj-c4-r50-s0,L5.o,5,o,2048,1490,0.7275390625,0.9272950291633606
init-init,proj-wikitext2-r50-s0,proj-c4-r50-s0,L5.fc1,5,fc1,2048,1154,0.5634765625,0.900776743888855
final-final,proj-wikitext2-r50-s0,proj-c4-r50-s0,L5.fc1,5,fc1,2048,1154,0.5634765625,0.8959419131278992
init-init,proj-wikitext2-r50-s0,proj-c4-r50-s0,L5.fc2,5,fc2,2048,1154,0.5634765625,0.8541468977928162
final-final,proj-wikitext2-r50-s0,proj-c4-r50-s0,L5.fc2,5,fc2,2048,1154,0.5634765625,0.8497800827026367
init-init,proj-wikitext2-r50-s0,proj-c4-r50-s0,L6.qkv,6,qkv,2048,1490,0.7275390625,0.9344518184661865
final-final,proj-wikitext2-r50-s0,proj-c4-r50-s0,L6.qkv,6,qkv,2048,1490,0.7275390625,0.930410623550415
init-init,proj-wikitext2-r50-s0,proj-c4-r50-s0,L6.o,6,o,2048,1490,0.7275390625,0.9239825010299683
final-final,proj-wikitext2-r50-s0,proj-c4-r50-s0,L6.o,6,o,2048,1490,0.7275390625,0.9207417368888855
init-init,proj-wikitext2-r50-s0,proj-c4-r50-s0,L6.fc1,6,fc1,2048,1154,0.5634765625,0.8937694430351257
final-final,proj-wikitext2-r50-s0,proj-c4-r50-s0,L6.fc1,6,fc1,2048,1154,0.5634765625,0.8884314298629761
init-init,proj-wikitext2-r50-s0,proj-c4-r50-s0,L6.fc2,6,fc2,2048,1154,0.5634765625,0.8456981778144836
final-final,proj-wikitext2-r50-s0,proj-c4-r50-s0,L6.fc2,6,fc2,2048,1154,0.5634765625,0.8416352272033691
init-init,proj-wikitext2-r50-s0,proj-c4-r50-s0,L7.qkv,7,qkv,2048,1490,0.7275390625,0.9298928380012512
final-final,proj-wikitext2-r50-s0,proj-c4-r50-s0,L7.qkv,7,qkv,2048,1490,0.7275390625,0.9258406162261963
init-init,proj-wikitext2-r50-s0,proj-c4-r50-s0,L7.o,7,o,2048,1490,0.7275390625,0.9244849681854248
final-final,proj-wikitext2-r50-s0,proj-c4-r50-s0,L7.o,7,o,2048,1490,0.7275390625,0.9211211204528809
init-init,proj-wikitext2-r50-s0,proj-c4-r50-s0,L7.fc1,7,fc1,2048,1154,0.5634765625,0.8870974779129028
final-final,proj-wikitext2-r50-s0,proj-c4-r50-s0,L7.fc1,7,fc1,2048,1154,0.5634765625,0.8815910816192627
init-init,proj-wikitext2-r50-s0,proj-c4-r50-s0,L7.fc2,7,fc2,2048,1154,0.5634765625,0.838872492313385
final-final,proj-wikitext2-r50-s0,proj-c4-r50-s0,L7.fc2,7,fc2,2048,1154,0.5634765625,0.8349071741104126
init-init,proj-wikitext2-r50-s0,proj-c4-r50-s0,L8.qkv,8,qkv,2048,1490,0.7275390625,0.9259556531906128
final-final,proj-wikitext2-r50-s0,proj-c4-r50-s0,L8.qkv,8,qkv,2048,1490,0.7275390625,0.9219624400138855
init-init,proj-wikitext2-r50-s0,proj-c4-r50-s0,L8.o,8,o,2048,1490,0.7275390625,0.9188947081565857
final-final,proj-wikitext2-r50-s0,proj-c4-r50-s0,L8.o,8,o,2048,1490,0.7275390625,0.9153271317481995
init-init,proj-wikitext2-r50-s0,proj-c4-r50-s0,L8.fc1,8,fc1,2048,1154,0.5634765625,0.8779513239860535
final-final,proj-wikitext2-r50-s0,proj-c4-r50-s0,L8.fc1,8,fc1,2048,1154,0.5634765625,0.8724055290222168
init-init,proj-wikitext2-r50-s0,proj-c4-r50-s0,L8.fc2,8,fc2,2048,1154,0.5634765625,0.8474414348602295
final-final,proj-wikitext2-r50-s0,proj-c4-r50-s0,L8.fc2,8,fc2,2048,1154,0.5634765625,0.8427488803863525
init-init,proj-wikitext2-r50-s0,proj-c4-r50-s0,L9.qkv,9,qkv,2048,1490,0.7275390625,0.9208768606185913
final-final,proj-wikitext2-r50-s0,proj-c4-r50-s0,L9.qkv,9,qkv,2048,1490,0.7275390625,0.9168621301651001
init-init,proj-wikitext2-r50-s0,proj-c4-r50-s0,L9.o,9,o,2048,1490,0.7275390625,0.9187306761741638
final-final,proj-wikitext2-r50-s0,proj-c4-r50-s0,L9.o,9,o,2048,1490,0.7275390625,0.9151180982589722
init-init,proj-wikitext2-r50-s0,proj-c4-r50-s0,L9.fc1,9,fc1,2048,1154,0.5634765625,0.8694826364517212
final-final,proj-wikitext2-r50-s0,proj-c4-r50-s0,L9.fc1,9,fc1,2048,1154,0.5634765625,0.864057183265686
init-init,proj-wikitext2-r50-s0,proj-c4-r50-s0,L9.fc2,9,fc2,2048,1154,0.5634765625,0.8618572950363159
final-final,proj-wikitext2-r50-s0,proj-c4-r50-s0,L9.fc2,9,fc2,2048,1154,0.5634765625,0.8565959334373474
init-init,proj-wikitext2-r50-s0,proj-c4-r50-s0,L10.qkv,10,qkv,2048,1490,0.7275390625,0.9216572046279907
final-final,proj-wikitext2-r50-s0,proj-c4-r50-s0,L10.qkv,10,qkv,2048,1490,0.7275390625,0.9179283380508423
init-init,proj-wikitext2-r50-s0,proj-c4-r50-s0,L10.o,10,o,2048,1490,0.7275390625,0.922339141368866
final-final,proj-wikitext2-r50-s0,proj-c4-r50-s0,L10.o,10,o,2048,1490,0.7275390625,0.9183252453804016
init-init,proj-wikitext2-r50-s0,proj-c4-r50-s0,L10.fc1,10,fc1,2048,1154,0.5634765625,0.8656594157218933
final-final,proj-wikitext2-r50-s0,proj-c4-r50-s0,L10.fc1,10,fc1,2048,1154,0.5634765625,0.8603577017784119
init-init,proj-wikitext2-r50-s0,proj-c4-r50-s0,L10.fc2,10,fc2,2048,1154,0.5634765625,0.8651419281959534
final-final,proj-wikitext2-r50-s0,proj-c4-r50-s0,L10.fc2,10,fc2,2048,1154,0.5634765625,0.8599057793617249
init-init,proj-wikitext2-r50-s0,proj-c4-r50-s0,L11.qkv,11,qkv,2048,1490,0.7275390625,0.9187076091766357
final-final,proj-wikitext2-r50-s0,proj-c4-r50-s0,L11.qkv,11,qkv,2048,1490,0.7275390625,0.9149795174598694
init-init,proj-wikitext2-r50-s0,proj-c4-r50-s0,L11.o,11,o,2048,1490,0.7275390625,0.9234045743942261
final-final,proj-wikitext2-r50-s0,proj-c4-r50-s0,L11.o,11,o,2048,1490,0.7275390625,0.9198241829872131
init-init,proj-wikitext2-r50-s0,proj-c4-r50-s0,L11.fc1,11,fc1,2048,1154,0.5634765625,0.8622667789459229
final-final,proj-wikitext2-r50-s0,proj-c4-r50-s0,L11.fc1,11,fc1,2048,1154,0.5634765625,0.8571897745132446
init-init,proj-wikitext2-r50-s0,proj-c4-r50-s0,L11.fc2,11,fc2,2048,1154,0.5634765625,0.8763207793235779
final-final,proj-wikitext2-r50-s0,proj-c4-r50-s0,L11.fc2,11,fc2,2048,1154,0.5634765625,0.8705349564552307
init-init,proj-wikitext2-r50-s0,proj-c4-r50-s0,L12.qkv,12,qkv,2048,1490,0.7275390625,0.9190386533737183
final-final,proj-wikitext2-r50-s0,proj-c4-r50-s0,L12.qkv,12,qkv,2048,1490,0.7275390625,0.9154117107391357
init-init,proj-wikitext2-r50-s0,proj-c4-r50-s0,L12.o,12,o,2048,1490,0.7275390625,0.9255803823471069
final-final,proj-wikitext2-r50-s0,proj-c4-r50-s0,L12.o,12,o,2048,1490,0.7275390625,0.9219016432762146
init-init,proj-wikitext2-r50-s0,proj-c4-r50-s0,L12.fc1,12,fc1,2048,1154,0.5634765625,0.8616514801979065
final-final,proj-wikitext2-r50-s0,proj-c4-r50-s0,L12.fc1,12,fc1,2048,1154,0.5634765625,0.8566612005233765
init-init,proj-wikitext2-r50-s0,proj-c4-r50-s0,L12.fc2,12,fc2,2048,1154,0.5634765625,0.87995845079422
final-final,proj-wikitext2-r50-s0,proj-c4-r50-s0,L12.fc2,12,fc2,2048,1154,0.5634765625,0.8742338418960571
init-init,proj-wikitext2-r50-s0,proj-c4-r50-s0,L13.qkv,13,qkv,2048,1490,0.7275390625,0.9215736389160156
final-final,proj-wikitext2-r50-s0,proj-c4-r50-s0,L13.qkv,13,qkv,2048,1490,0.7275390625,0.9178975820541382
init-init,proj-wikitext2-r50-s0,proj-c4-r50-s0,L13.o,13,o,2048,1490,0.7275390625,0.9300380349159241
final-final,proj-wikitext2-r50-s0,proj-c4-r50-s0,L13.o,13,o,2048,1490,0.7275390625,0.9259507060050964
init-init,proj-wikitext2-r50-s0,proj-c4-r50-s0,L13.fc1,13,fc1,2048,1154,0.5634765625,0.8612534403800964
final-final,proj-wikitext2-r50-s0,proj-c4-r50-s0,L13.fc1,13,fc1,2048,1154,0.5634765625,0.8564788699150085
init-init,proj-wikitext2-r50-s0,proj-c4-r50-s0,L13.fc2,13,fc2,2048,1154,0.5634765625,0.8825903534889221
final-final,proj-wikitext2-r50-s0,proj-c4-r50-s0,L13.fc2,13,fc2,2048,1154,0.5634765625,0.8766651153564453
init-init,proj-wikitext2-r50-s0,proj-c4-r50-s0,L14.qkv,14,qkv,2048,1490,0.7275390625,0.9188842177391052
final-final,proj-wikitext2-r50-s0,proj-c4-r50-s0,L14.qkv,14,qkv,2048,1490,0.7275390625,0.9156171679496765
init-init,proj-wikitext2-r50-s0,proj-c4-r50-s0,L14.o,14,o,2048,1490,0.7275390625,0.9232583045959473
final-final,proj-wikitext2-r50-s0,proj-c4-r50-s0,L14.o,14,o,2048,1490,0.7275390625,0.9196056723594666
init-init,proj-wikitext2-r50-s0,proj-c4-r50-s0,L14.fc1,14,fc1,2048,1154,0.5634765625,0.8589560985565186
final-final,proj-wikitext2-r50-s0,proj-c4-r50-s0,L14.fc1,14,fc1,2048,1154,0.5634765625,0.8544158935546875
init-init,proj-wikitext2-r50-s0,proj-c4-r50-s0,L14.fc2,14,fc2,2048,1154,0.5634765625,0.878210723400116
final-final,proj-wikitext2-r50-s0,proj-c4-r50-s0,L14.fc2,14,fc2,2048,1154,0.5634765625,0.8725143074989319
init-init,proj-wikitext2-r50-s0,proj-c4-r50-s0,L15.qkv,15,qkv,2048,1490,0.7275390625,0.9207215309143066
final-final,proj-wikitext2-r50-s0,proj-c4-r50-s0,L15.qkv,15,qkv,2048,1490,0.7275390625,0.9177027940750122
init-init,proj-wikitext2-r50-s0,proj-c4-r50-s0,L15.o,15,o,2048,1490,0.7275390625,0.9215242266654968
final-final,proj-wikitext2-r50-s0,proj-c4-r50-s0,L15.o,15,o,2048,1490,0.7275390625,0.9179776310920715
init-init,proj-wikitext2-r50-s0,proj-c4-r50-s0,L15.fc1,15,fc1,2048,1154,0.5634765625,0.8563693761825562
final-final,proj-wikitext2-r50-s0,proj-c4-r50-s0,L15.fc1,15,fc1,2048,1154,0.5634765625,0.8515946865081787
init-init,proj-wikitext2-r50-s0,proj-c4-r50-s0,L15.fc2,15,fc2,2048,1154,0.5634765625,0.8740424513816833
final-final,proj-wikitext2-r50-s0,proj-c4-r50-s0,L15.fc2,15,fc2,2048,1154,0.5634765625,0.8683069944381714
init-init,proj-wikitext2-r50-s0,proj-c4-r50-s0,L16.qkv,16,qkv,2048,1490,0.7275390625,0.9138882160186768
final-final,proj-wikitext2-r50-s0,proj-c4-r50-s0,L16.qkv,16,qkv,2048,1490,0.7275390625,0.9113063812255859
init-init,proj-wikitext2-r50-s0,proj-c4-r50-s0,L16.o,16,o,2048,1490,0.7275390625,0.9185842275619507
final-final,proj-wikitext2-r50-s0,proj-c4-r50-s0,L16.o,16,o,2048,1490,0.7275390625,0.9153806567192078
init-init,proj-wikitext2-r50-s0,proj-c4-r50-s0,L16.fc1,16,fc1,2048,1154,0.5634765625,0.855831503868103
final-final,proj-wikitext2-r50-s0,proj-c4-r50-s0,L16.fc1,16,fc1,2048,1154,0.5634765625,0.8508920669555664
init-init,proj-wikitext2-r50-s0,proj-c4-r50-s0,L16.fc2,16,fc2,2048,1154,0.5634765625,0.8688010573387146
final-final,proj-wikitext2-r50-s0,proj-c4-r50-s0,L16.fc2,16,fc2,2048,1154,0.5634765625,0.8629687428474426
init-init,proj-wikitext2-r50-s0,proj-c4-r50-s0,L17.qkv,17,qkv,2048,1490,0.7275390625,0.9087538719177246
final-final,proj-wikitext2-r50-s0,proj-c4-r50-s0,L17.qkv,17,qkv,2048,1490,0.7275390625,0.9059385657310486
init-init,proj-wikitext2-r50-s0,proj-c4-r50-s0,L17.o,17,o,2048,1490,0.7275390625,0.9137361645698547
final-final,proj-wikitext2-r50-s0,proj-c4-r50-s0,L17.o,17,o,2048,1490,0.7275390625,0.9105953574180603
init-init,proj-wikitext2-r50-s0,proj-c4-r50-s0,L17.fc1,17,fc1,2048,1154,0.5634765625,0.8542172908782959
final-final,proj-wikitext2-r50-s0,proj-c4-r50-s0,L17.fc1,17,fc1,2048,1154,0.5634765625,0.8492949604988098
init-init,proj-wikitext2-r50-s0,proj-c4-r50-s0,L17.fc2,17,fc2,2048,1154,0.5634765625,0.8642410635948181
final-final,proj-wikitext2-r50-s0,proj-c4-r50-s0,L17.fc2,17,fc2,2048,1154,0.5634765625,0.8586664795875549
init-init,proj-wikitext2-r50-s0,proj-c4-r50-s0,L18.qkv,18,qkv,2048,1490,0.7275390625,0.9074974656105042
final-final,proj-wikitext2-r50-s0,proj-c4-r50-s0,L18.qkv,18,qkv,2048,1490,0.7275390625,0.9055638313293457
init-init,proj-wikitext2-r50-s0,proj-c4-r50-s0,L18.o,18,o,2048,1490,0.7275390625,0.9092719554901123
final-final,proj-wikitext2-r50-s0,proj-c4-r50-s0,L18.o,18,o,2048,1490,0.7275390625,0.9063059687614441
init-init,proj-wikitext2-r50-s0,proj-c4-r50-s0,L18.fc1,18,fc1,2048,1154,0.5634765625,0.8545656800270081
final-final,proj-wikitext2-r50-s0,proj-c4-r50-s0,L18.fc1,18,fc1,2048,1154,0.5634765625,0.8490998148918152
init-init,proj-wikitext2-r50-s0,proj-c4-r50-s0,L18.fc2,18,fc2,2048,1154,0.5634765625,0.8573499321937561
final-final,proj-wikitext2-r50-s0,proj-c4-r50-s0,L18.fc2,18,fc2,2048,1154,0.5634765625,0.8515617251396179
init-init,proj-wikitext2-r50-s0,proj-c4-r50-s0,L19.qkv,19,qkv,2048,1490,0.7275390625,0.9024060368537903
final-final,proj-wikitext2-r50-s0,proj-c4-r50-s0,L19.qkv,19,qkv,2048,1490,0.7275390625,0.9005239009857178
init-init,proj-wikitext2-r50-s0,proj-c4-r50-s0,L19.o,19,o,2048,1490,0.7275390625,0.9022156596183777
final-final,proj-wikitext2-r50-s0,proj-c4-r50-s0,L19.o,19,o,2048,1490,0.7275390625,0.8996500372886658
init-init,proj-wikitext2-r50-s0,proj-c4-r50-s0,L19.fc1,19,fc1,2048,1154,0.5634765625,0.8518630862236023
final-final,proj-wikitext2-r50-s0,proj-c4-r50-s0,L19.fc1,19,fc1,2048,1154,0.5634765625,0.8464973568916321
init-init,proj-wikitext2-r50-s0,proj-c4-r50-s0,L19.fc2,19,fc2,2048,1154,0.5634765625,0.8536402583122253
final-final,proj-wikitext2-r50-s0,proj-c4-r50-s0,L19.fc2,19,fc2,2048,1154,0.5634765625,0.8476009368896484
init-init,proj-wikitext2-r50-s0,proj-c4-r50-s0,L20.qkv,20,qkv,2048,1490,0.7275390625,0.9007109999656677
final-final,proj-wikitext2-r50-s0,proj-c4-r50-s0,L20.qkv,20,qkv,2048,1490,0.7275390625,0.898946225643158
init-init,proj-wikitext2-r50-s0,proj-c4-r50-s0,L20.o,20,o,2048,1490,0.7275390625,0.8991042375564575
final-final,proj-wikitext2-r50-s0,proj-c4-r50-s0,L20.o,20,o,2048,1490,0.7275390625,0.8960959315299988
init-init,proj-wikitext2-r50-s0,proj-c4-r50-s0,L20.fc1,20,fc1,2048,1154,0.5634765625,0.8482353687286377
final-final,proj-wikitext2-r50-s0,proj-c4-r50-s0,L20.fc1,20,fc1,2048,1154,0.5634765625,0.8430350422859192
init-init,proj-wikitext2-r50-s0,proj-c4-r50-s0,L20.fc2,20,fc2,2048,1154,0.5634765625,0.8440260887145996
final-final,proj-wikitext2-r50-s0,proj-c4-r50-s0,L20.fc2,20,fc2,2048,1154,0.5634765625,0.8380873203277588
init-init,proj-wikitext2-r50-s0,proj-c4-r50-s0,L21.qkv,21,qkv,2048,1490,0.7275390625,0.8916450142860413
final-final,proj-wikitext2-r50-s0,proj-c4-r50-s0,L21.qkv,21,qkv,2048,1490,0.7275390625,0.8899109363555908
init-init,proj-wikitext2-r50-s0,proj-c4-r50-s0,L21.o,21,o,2048,1490,0.7275390625,0.8814160227775574
final-final,proj-wikitext2-r50-s0,proj-c4-r50-s0,L21.o,21,o,2048,1490,0.7275390625,0.8791297078132629
init-init,proj-wikitext2-r50-s0,proj-c4-r50-s0,L21.fc1,21,fc1,2048,1154,0.5634765625,0.8404056429862976
final-final,proj-wikitext2-r50-s0,proj-c4-r50-s0,L21.fc1,21,fc1,2048,1154,0.5634765625,0.8355956077575684
init-init,proj-wikitext2-r50-s0,proj-c4-r50-s0,L21.fc2,21,fc2,2048,1154,0.5634765625,0.8427286744117737
final-final,proj-wikitext2-r50-s0,proj-c4-r50-s0,L21.fc2,21,fc2,2048,1154,0.5634765625,0.8369737863540649
init-init,proj-wikitext2-r50-s0,proj-c4-r50-s0,L22.qkv,22,qkv,2048,1490,0.7275390625,0.8857694864273071
final-final,proj-wikitext2-r50-s0,proj-c4-r50-s0,L22.qkv,22,qkv,2048,1490,0.7275390625,0.8839188814163208
init-init,proj-wikitext2-r50-s0,proj-c4-r50-s0,L22.o,22,o,2048,1490,0.7275390625,0.863304078578949
final-final,proj-wikitext2-r50-s0,proj-c4-r50-s0,L22.o,22,o,2048,1490,0.7275390625,0.8613470196723938
init-init,proj-wikitext2-r50-s0,proj-c4-r50-s0,L22.fc1,22,fc1,2048,1154,0.5634765625,0.8318701386451721
final-final,proj-wikitext2-r50-s0,proj-c4-r50-s0,L22.fc1,22,fc1,2048,1154,0.5634765625,0.8286438584327698
init-init,proj-wikitext2-r50-s0,proj-c4-r50-s0,L22.fc2,22,fc2,2048,1154,0.5634765625,0.8504422307014465
final-final,proj-wikitext2-r50-s0,proj-c4-r50-s0,L22.fc2,22,fc2,2048,1154,0.5634765625,0.8450751900672913
init-init,proj-wikitext2-r50-s0,proj-c4-r50-s0,L23.qkv,23,qkv,2048,1490,0.7275390625,0.8864836692810059
final-final,proj-wikitext2-r50-s0,proj-c4-r50-s0,L23.qkv,23,qkv,2048,1490,0.7275390625,0.8856196403503418
init-init,proj-wikitext2-r50-s0,proj-c4-r50-s0,L23.o,23,o,2048,1490,0.7275390625,0.8676327466964722
final-final,proj-wikitext2-r50-s0,proj-c4-r50-s0,L23.o,23,o,2048,1490,0.7275390625,0.8650315403938293
init-init,proj-wikitext2-r50-s0,proj-c4-r50-s0,L23.fc1,23,fc1,2048,1154,0.5634765625,0.8210911750793457
final-final,proj-wikitext2-r50-s0,proj-c4-r50-s0,L23.fc1,23,fc1,2048,1154,0.5634765625,0.8187487721443176
init-init,proj-wikitext2-r50-s0,proj-c4-r50-s0,L23.fc2,23,fc2,2048,1154,0.5634765625,0.8647504448890686
final-final,proj-wikitext2-r50-s0,proj-c4-r50-s0,L23.fc2,23,fc2,2048,1154,0.5634765625,0.8583057522773743
init-init,proj-wikitext2-r50-s0,proj-slimpajama-r50-s0,L0.qkv,0,qkv,2048,1490,0.7275390625,0.9200154542922974
final-final,proj-wikitext2-r50-s0,proj-slimpajama-r50-s0,L0.qkv,0,qkv,2048,1490,0.7275390625,0.9160009026527405
init-init,proj-wikitext2-r50-s0,proj-slimpajama-r50-s0,L0.o,0,o,2048,1490,0.7275390625,0.9541465640068054
final-final,proj-wikitext2-r50-s0,proj-slimpajama-r50-s0,L0.o,0,o,2048,1490,0.7275390625,0.9507288336753845
init-init,proj-wikitext2-r50-s0,proj-slimpajama-r50-s0,L0.fc1,0,fc1,2048,1154,0.5634765625,0.883459746837616
final-final,proj-wikitext2-r50-s0,proj-slimpajama-r50-s0,L0.fc1,0,fc1,2048,1154,0.5634765625,0.8797770738601685
init-init,proj-wikitext2-r50-s0,proj-slimpajama-r50-s0,L0.fc2,0,fc2,2048,1154,0.5634765625,0.9000349640846252
final-final,proj-wikitext2-r50-s0,proj-slimpajama-r50-s0,L0.fc2,0,fc2,2048,1154,0.5634765625,0.8953580260276794
init-init,proj-wikitext2-r50-s0,proj-slimpajama-r50-s0,L1.qkv,1,qkv,2048,1490,0.7275390625,0.9499310851097107
final-final,proj-wikitext2-r50-s0,proj-slimpajama-r50-s0,L1.qkv,1,qkv,2048,1490,0.7275390625,0.9462454915046692
init-init,proj-wikitext2-r50-s0,proj-slimpajama-r50-s0,L1.o,1,o,2048,1490,0.7275390625,0.9333720803260803
final-final,proj-wikitext2-r50-s0,proj-slimpajama-r50-s0,L1.o,1,o,2048,1490,0.7275390625,0.9303462505340576
init-init,proj-wikitext2-r50-s0,proj-slimpajama-r50-s0,L1.fc1,1,fc1,2048,1154,0.5634765625,0.9253296852111816
final-final,proj-wikitext2-r50-s0,proj-slimpajama-r50-s0,L1.fc1,1,fc1,2048,1154,0.5634765625,0.9222270250320435
init-init,proj-wikitext2-r50-s0,proj-slimpajama-r50-s0,L1.fc2,1,fc2,2048,1154,0.5634765625,0.8756946921348572
final-final,proj-wikitext2-r50-s0,proj-slimpajama-r50-s0,L1.fc2,1,fc2,2048,1154,0.5634765625,0.8715622425079346
init-init,proj-wikitext2-r50-s0,proj-slimpajama-r50-s0,L2.qkv,2,qkv,2048,1490,0.7275390625,0.9476590752601624
final-final,proj-wikitext2-r50-s0,proj-slimpajama-r50-s0,L2.qkv,2,qkv,2048,1490,0.7275390625,0.9433774352073669
init-init,proj-wikitext2-r50-s0,proj-slimpajama-r50-s0,L2.o,2,o,2048,1490,0.7275390625,0.9428794980049133
final-final,proj-wikitext2-r50-s0,proj-slimpajama-r50-s0,L2.o,2,o,2048,1490,0.7275390625,0.9402748942375183
init-init,proj-wikitext2-r50-s0,proj-slimpajama-r50-s0,L2.fc1,2,fc1,2048,1154,0.5634765625,0.9146898984909058
final-final,proj-wikitext2-r50-s0,proj-slimpajama-r50-s0,L2.fc1,2,fc1,2048,1154,0.5634765625,0.9114331007003784
init-init,proj-wikitext2-r50-s0,proj-slimpajama-r50-s0,L2.fc2,2,fc2,2048,1154,0.5634765625,0.8786969184875488
final-final,proj-wikitext2-r50-s0,proj-slimpajama-r50-s0,L2.fc2,2,fc2,2048,1154,0.5634765625,0.8743878602981567
init-init,proj-wikitext2-r50-s0,proj-slimpajama-r50-s0,L3.qkv,3,qkv,2048,1490,0.7275390625,0.9432920813560486
final-final,proj-wikitext2-r50-s0,proj-slimpajama-r50-s0,L3.qkv,3,qkv,2048,1490,0.7275390625,0.9388464093208313
init-init,proj-wikitext2-r50-s0,proj-slimpajama-r50-s0,L3.o,3,o,2048,1490,0.7275390625,0.925028383731842
final-final,proj-wikitext2-r50-s0,proj-slimpajama-r50-s0,L3.o,3,o,2048,1490,0.7275390625,0.9223361015319824
init-init,proj-wikitext2-r50-s0,proj-slimpajama-r50-s0,L3.fc1,3,fc1,2048,1154,0.5634765625,0.9073572158813477
final-final,proj-wikitext2-r50-s0,proj-slimpajama-r50-s0,L3.fc1,3,fc1,2048,1154,0.5634765625,0.9030449390411377
init-init,proj-wikitext2-r50-s0,proj-slimpajama-r50-s0,L3.fc2,3,fc2,2048,1154,0.5634765625,0.8719871044158936
final-final,proj-wikitext2-r50-s0,proj-slimpajama-r50-s0,L3.fc2,3,fc2,2048,1154,0.5634765625,0.8674702644348145
init-init,proj-wikitext2-r50-s0,proj-slimpajama-r50-s0,L4.qkv,4,qkv,2048,1490,0.7275390625,0.9394674301147461
final-final,proj-wikitext2-r50-s0,proj-slimpajama-r50-s0,L4.qkv,4,qkv,2048,1490,0.7275390625,0.9353693127632141
init-init,proj-wikitext2-r50-s0,proj-slimpajama-r50-s0,L4.o,4,o,2048,1490,0.7275390625,0.9387269616127014
final-final,proj-wikitext2-r50-s0,proj-slimpajama-r50-s0,L4.o,4,o,2048,1490,0.7275390625,0.9361441731452942
init-init,proj-wikitext2-r50-s0,proj-slimpajama-r50-s0,L4.fc1,4,fc1,2048,1154,0.5634765625,0.9029663801193237
final-final,proj-wikitext2-r50-s0,proj-slimpajama-r50-s0,L4.fc1,4,fc1,2048,1154,0.5634765625,0.8983507752418518
init-init,proj-wikitext2-r50-s0,proj-slimpajama-r50-s0,L4.fc2,4,fc2,2048,1154,0.5634765625,0.8494520783424377
final-final,proj-wikitext2-r50-s0,proj-slimpajama-r50-s0,L4.fc2,4,fc2,2048,1154,0.5634765625,0.8451200127601624
init-init,proj-wikitext2-r50-s0,proj-slimpajama-r50-s0,L5.qkv,5,qkv,2048,1490,0.7275390625,0.933306872844696
final-final,proj-wikitext2-r50-s0,proj-slimpajama-r50-s0,L5.qkv,5,qkv,2048,1490,0.7275390625,0.9293019771575928
init-init,proj-wikitext2-r50-s0,proj-slimpajama-r50-s0,L5.o,5,o,2048,1490,0.7275390625,0.927680492401123
final-final,proj-wikitext2-r50-s0,proj-slimpajama-r50-s0,L5.o,5,o,2048,1490,0.7275390625,0.9248940348625183
init-init,proj-wikitext2-r50-s0,proj-slimpajama-r50-s0,L5.fc1,5,fc1,2048,1154,0.5634765625,0.8954908847808838
final-final,proj-wikitext2-r50-s0,proj-slimpajama-r50-s0,L5.fc1,5,fc1,2048,1154,0.5634765625,0.8906816840171814
init-init,proj-wikitext2-r50-s0,proj-slimpajama-r50-s0,L5.fc2,5,fc2,2048,1154,0.5634765625,0.8413724899291992
final-final,proj-wikitext2-r50-s0,proj-slimpajama-r50-s0,L5.fc2,5,fc2,2048,1154,0.5634765625,0.8370108008384705
init-init,proj-wikitext2-r50-s0,proj-slimpajama-r50-s0,L6.qkv,6,qkv,2048,1490,0.7275390625,0.9302862286567688
final-final,proj-wikitext2-r50-s0,proj-slimpajama-r50-s0,L6.qkv,6,qkv,2048,1490,0.7275390625,0.9259413480758667
init-init,proj-wikitext2-r50-s0,proj-slimpajama-r50-s0,L6.o,6,o,2048,1490,0.7275390625,0.922520637512207
final-final,proj-wikitext2-r50-s0,proj-slimpajama-r50-s0,L6.o,6,o,2048,1490,0.7275390625,0.9190133213996887
init-init,proj-wikitext2-r50-s0,proj-slimpajama-r50-s0,L6.fc1,6,fc1,2048,1154,0.5634765625,0.8878054022789001
final-final,proj-wikitext2-r50-s0,proj-slimpajama-r50-s0,L6.fc1,6,fc1,2048,1154,0.5634765625,0.8826030492782593
init-init,proj-wikitext2-r50-s0,proj-slimpajama-r50-s0,L6.fc2,6,fc2,2048,1154,0.5634765625,0.8301867246627808
final-final,proj-wikitext2-r50-s0,proj-slimpajama-r50-s0,L6.fc2,6,fc2,2048,1154,0.5634765625,0.8261374235153198
init-init,proj-wikitext2-r50-s0,proj-slimpajama-r50-s0,L7.qkv,7,qkv,2048,1490,0.7275390625,0.925044059753418
final-final,proj-wikitext2-r50-s0,proj-slimpajama-r50-s0,L7.qkv,7,qkv,2048,1490,0.7275390625,0.9208604693412781
init-init,proj-wikitext2-r50-s0,proj-slimpajama-r50-s0,L7.o,7,o,2048,1490,0.7275390625,0.9213887453079224
final-final,proj-wikitext2-r50-s0,proj-slimpajama-r50-s0,L7.o,7,o,2048,1490,0.7275390625,0.9178433418273926
init-init,proj-wikitext2-r50-s0,proj-slimpajama-r50-s0,L7.fc1,7,fc1,2048,1154,0.5634765625,0.8793637752532959
final-final,proj-wikitext2-r50-s0,proj-slimpajama-r50-s0,L7.fc1,7,fc1,2048,1154,0.5634765625,0.8741852045059204
init-init,proj-wikitext2-r50-s0,proj-slimpajama-r50-s0,L7.fc2,7,fc2,2048,1154,0.5634765625,0.8226317167282104
final-final,proj-wikitext2-r50-s0,proj-slimpajama-r50-s0,L7.fc2,7,fc2,2048,1154,0.5634765625,0.818843424320221
init-init,proj-wikitext2-r50-s0,proj-slimpajama-r50-s0,L8.qkv,8,qkv,2048,1490,0.7275390625,0.9195912480354309
final-final,proj-wikitext2-r50-s0,proj-slimpajama-r50-s0,L8.qkv,8,qkv,2048,1490,0.7275390625,0.9155542254447937
init-init,proj-wikitext2-r50-s0,proj-slimpajama-r50-s0,L8.o,8,o,2048,1490,0.7275390625,0.9161948561668396
final-final,proj-wikitext2-r50-s0,proj-slimpajama-r50-s0,L8.o,8,o,2048,1490,0.7275390625,0.912341833114624
init-init,proj-wikitext2-r50-s0,proj-slimpajama-r50-s0,L8.fc1,8,fc1,2048,1154,0.5634765625,0.8685596585273743
final-final,proj-wikitext2-r50-s0,proj-slimpajama-r50-s0,L8.fc1,8,fc1,2048,1154,0.5634765625,0.8632080554962158
init-init,proj-wikitext2-r50-s0,proj-slimpajama-r50-s0,L8.fc2,8,fc2,2048,1154,0.5634765625,0.8369764685630798
final-final,proj-wikitext2-r50-s0,proj-slimpajama-r50-s0,L8.fc2,8,fc2,2048,1154,0.5634765625,0.8322190046310425
init-init,proj-wikitext2-r50-s0,proj-slimpajama-r50-s0,L9.qkv,9,qkv,2048,1490,0.7275390625,0.914789080619812
final-final,proj-wikitext2-r50-s0,proj-slimpajama-r50-s0,L9.qkv,9,qkv,2048,1490,0.7275390625,0.9105691909790039
init-init,proj-wikitext2-r50-s0,proj-slimpajama-r50-s0,L9.o,9,o,2048,1490,0.7275390625,0.9147120714187622
final-final,proj-wikitext2-r50-s0,proj-slimpajama-r50-s0,L9.o,9,o,2048,1490,0.7275390625,0.9109185338020325
init-init,proj-wikitext2-r50-s0,proj-slimpajama-r50-s0,L9.fc1,9,fc1,2048,1154,0.5634765625,0.8601893186569214
final-final,proj-wikitext2-r50-s0,proj-slimpajama-r50-s0,L9.fc1,9,fc1,2048,1154,0.5634765625,0.8548916578292847
init-init,proj-wikitext2-r50-s0,proj-slimpajama-r50-s0,L9.fc2,9,fc2,2048,1154,0.5634765625,0.8575951457023621
final-final,proj-wikitext2-r50-s0,proj-slimpajama-r50-s0,L9.fc2,9,fc2,2048,1154,0.5634765625,0.8522146344184875
init-init,proj-wikitext2-r50-s0,proj-slimpajama-r50-s0,L10.qkv,10,qkv,2048,1490,0.7275390625,0.9161831736564636
final-final,proj-wikitext2-r50-s0,proj-slimpajama-r50-s0,L10.qkv,10,qkv,2048,1490,0.7275390625,0.9123135805130005
init-init,proj-wikitext2-r50-s0,proj-slimpajama-r50-s0,L10.o,10,o,2048,1490,0.7275390625,0.9192429184913635
final-final,proj-wikitext2-r50-s0,proj-slimpajama-r50-s0,L10.o,10,o,2048,1490,0.7275390625,0.9150652885437012
init-init,proj-wikitext2-r50-s0,proj-slimpajama-r50-s0,L10.fc1,10,fc1,2048,1154,0.5634765625,0.8568993806838989
final-final,proj-wikitext2-r50-s0,proj-slimpajama-r50-s0,L10.fc1,10,fc1,2048,1154,0.5634765625,0.851587176322937
init-init,proj-wikitext2-r50-s0,proj-slimpajama-r50-s0,L10.fc2,10,fc2,2048,1154,0.5634765625,0.8641622066497803
final-final,proj-wikitext2-r50-s0,proj-slimpajama-r50-s0,L10.fc2,10,fc2,2048,1154,0.5634765625,0.8587450981140137
init-init,proj-wikitext2-r50-s0,proj-slimpajama-r50-s0,L11.qkv,11,qkv,2048,1490,0.7275390625,0.9138321876525879
final-final,proj-wikitext2-r50-s0,proj-slimpajama-r50-s0,L11.qkv,11,qkv,2048,1490,0.7275390625,0.9099070429801941
init-init,proj-wikitext2-r50-s0,proj-slimpajama-r50-s0,L11.o,11,o,2048,1490,0.7275390625,0.9210954308509827
final-final,proj-wikitext2-r50-s0,proj-slimpajama-r50-s0,L11.o,11,o,2048,1490,0.7275390625,0.9173399806022644
init-init,proj-wikitext2-r50-s0,proj-slimpajama-r50-s0,L11.fc1,11,fc1,2048,1154,0.5634765625,0.8562445640563965
final-final,proj-wikitext2-r50-s0,proj-slimpajama-r50-s0,L11.fc1,11,fc1,2048,1154,0.5634765625,0.8510496020317078
init-init,proj-wikitext2-r50-s0,proj-slimpajama-r50-s0,L11.fc2,11,fc2,2048,1154,0.5634765625,0.87412029504776
final-final,proj-wikitext2-r50-s0,proj-slimpajama-r50-s0,L11.fc2,11,fc2,2048,1154,0.5634765625,0.8682692050933838
init-init,proj-wikitext2-r50-s0,proj-slimpajama-r50-s0,L12.qkv,12,qkv,2048,1490,0.7275390625,0.9152962565422058
final-final,proj-wikitext2-r50-s0,proj-slimpajama-r50-s0,L12.qkv,12,qkv,2048,1490,0.7275390625,0.9113799333572388
init-init,proj-wikitext2-r50-s0,proj-slimpajama-r50-s0,L12.o,12,o,2048,1490,0.7275390625,0.9236132502555847
final-final,proj-wikitext2-r50-s0,proj-slimpajama-r50-s0,L12.o,12,o,2048,1490,0.7275390625,0.9197058081626892
init-init,proj-wikitext2-r50-s0,proj-slimpajama-r50-s0,L12.fc1,12,fc1,2048,1154,0.5634765625,0.8560788035392761
final-final,proj-wikitext2-r50-s0,proj-slimpajama-r50-s0,L12.fc1,12,fc1,2048,1154,0.5634765625,0.8509494662284851
init-init,proj-wikitext2-r50-s0,proj-slimpajama-r50-s0,L12.fc2,12,fc2,2048,1154,0.5634765625,0.8811538815498352
final-final,proj-wikitext2-r50-s0,proj-slimpajama-r50-s0,L12.fc2,12,fc2,2048,1154,0.5634765625,0.8752381801605225
init-init,proj-wikitext2-r50-s0,proj-slimpajama-r50-s0,L13.qkv,13,qkv,2048,1490,0.7275390625,0.9188780784606934
final-final,proj-wikitext2-r50-s0,proj-slimpajama-r50-s0,L13.qkv,13,qkv,2048,1490,0.7275390625,0.914918065071106
init-init,proj-wikitext2-r50-s0,proj-slimpajama-r50-s0,L13.o,13,o,2048,1490,0.7275390625,0.9275705814361572
final-final,proj-wikitext2-r50-s0,proj-slimpajama-r50-s0,L13.o,13,o,2048,1490,0.7275390625,0.9233509302139282
init-init,proj-wikitext2-r50-s0,proj-slimpajama-r50-s0,L13.fc1,13,fc1,2048,1154,0.5634765625,0.8574007153511047
final-final,proj-wikitext2-r50-s0,proj-slimpajama-r50-s0,L13.fc1,13,fc1,2048,1154,0.5634765625,0.8525241613388062
init-init,proj-wikitext2-r50-s0,proj-slimpajama-r50-s0,L13.fc2,13,fc2,2048,1154,0.5634765625,0.887558102607727
final-final,proj-wikitext2-r50-s0,proj-slimpajama-r50-s0,L13.fc2,13,fc2,2048,1154,0.5634765625,0.881332516670227
init-init,proj-wikitext2-r50-s0,proj-slimpajama-r50-s0,L14.qkv,14,qkv,2048,1490,0.7275390625,0.91740882396698
final-final,proj-wikitext2-r50-s0,proj-slimpajama-r50-s0,L14.qkv,14,qkv,2048,1490,0.7275390625,0.9139247536659241
init-init,proj-wikitext2-r50-s0,proj-slimpajama-r50-s0,L14.o,14,o,2048,1490,0.7275390625,0.9239099025726318
final-final,proj-wikitext2-r50-s0,proj-slimpajama-r50-s0,L14.o,14,o,2048,1490,0.7275390625,0.9200002551078796
init-init,proj-wikitext2-r50-s0,proj-slimpajama-r50-s0,L14.fc1,14,fc1,2048,1154,0.5634765625,0.857019305229187
final-final,proj-wikitext2-r50-s0,proj-slimpajama-r50-s0,L14.fc1,14,fc1,2048,1154,0.5634765625,0.8522852063179016
init-init,proj-wikitext2-r50-s0,proj-slimpajama-r50-s0,L14.fc2,14,fc2,2048,1154,0.5634765625,0.8859139680862427
final-final,proj-wikitext2-r50-s0,proj-slimpajama-r50-s0,L14.fc2,14,fc2,2048,1154,0.5634765625,0.8797081708908081
init-init,proj-wikitext2-r50-s0,proj-slimpajama-r50-s0,L15.qkv,15,qkv,2048,1490,0.7275390625,0.9207695126533508
final-final,proj-wikitext2-r50-s0,proj-slimpajama-r50-s0,L15.qkv,15,qkv,2048,1490,0.7275390625,0.917545735836029
init-init,proj-wikitext2-r50-s0,proj-slimpajama-r50-s0,L15.o,15,o,2048,1490,0.7275390625,0.9204455614089966
final-final,proj-wikitext2-r50-s0,proj-slimpajama-r50-s0,L15.o,15,o,2048,1490,0.7275390625,0.9168010354042053
init-init,proj-wikitext2-r50-s0,proj-slimpajama-r50-s0,L15.fc1,15,fc1,2048,1154,0.5634765625,0.8556615114212036
final-final,proj-wikitext2-r50-s0,proj-slimpajama-r50-s0,L15.fc1,15,fc1,2048,1154,0.5634765625,0.8508078455924988
init-init,proj-wikitext2-r50-s0,proj-slimpajama-r50-s0,L15.fc2,15,fc2,2048,1154,0.5634765625,0.8814830183982849
final-final,proj-wikitext2-r50-s0,proj-slimpajama-r50-s0,L15.fc2,15,fc2,2048,1154,0.5634765625,0.875394880771637
init-init,proj-wikitext2-r50-s0,proj-slimpajama-r50-s0,L16.qkv,16,qkv,2048,1490,0.7275390625,0.9144951105117798
final-final,proj-wikitext2-r50-s0,proj-slimpajama-r50-s0,L16.qkv,16,qkv,2048,1490,0.7275390625,0.9113789796829224
init-init,proj-wikitext2-r50-s0,proj-slimpajama-r50-s0,L16.o,16,o,2048,1490,0.7275390625,0.9177795648574829
final-final,proj-wikitext2-r50-s0,proj-slimpajama-r50-s0,L16.o,16,o,2048,1490,0.7275390625,0.9143432378768921
init-init,proj-wikitext2-r50-s0,proj-slimpajama-r50-s0,L16.fc1,16,fc1,2048,1154,0.5634765625,0.8559888005256653
final-final,proj-wikitext2-r50-s0,proj-slimpajama-r50-s0,L16.fc1,16,fc1,2048,1154,0.5634765625,0.8510429263114929
init-init,proj-wikitext2-r50-s0,proj-slimpajama-r50-s0,L16.fc2,16,fc2,2048,1154,0.5634765625,0.875750720500946
final-final,proj-wikitext2-r50-s0,proj-slimpajama-r50-s0,L16.fc2,16,fc2,2048,1154,0.5634765625,0.8695897459983826
init-init,proj-wikitext2-r50-s0,proj-slimpajama-r50-s0,L17.qkv,17,qkv,2048,1490,0.7275390625,0.909557580947876
final-final,proj-wikitext2-r50-s0,proj-slimpajama-r50-s0,L17.qkv,17,qkv,2048,1490,0.7275390625,0.9063754677772522
init-init,proj-wikitext2-r50-s0,proj-slimpajama-r50-s0,L17.o,17,o,2048,1490,0.7275390625,0.9124057292938232
final-final,proj-wikitext2-r50-s0,proj-slimpajama-r50-s0,L17.o,17,o,2048,1490,0.7275390625,0.9090385437011719
init-init,proj-wikitext2-r50-s0,proj-slimpajama-r50-s0,L17.fc1,17,fc1,2048,1154,0.5634765625,0.8543134927749634
final-final,proj-wikitext2-r50-s0,proj-slimpajama-r50-s0,L17.fc1,17,fc1,2048,1154,0.5634765625,0.8494011163711548
init-init,proj-wikitext2-r50-s0,proj-slimpajama-r50-s0,L17.fc2,17,fc2,2048,1154,0.5634765625,0.8721873760223389
final-final,proj-wikitext2-r50-s0,proj-slimpajama-r50-s0,L17.fc2,17,fc2,2048,1154,0.5634765625,0.8663585782051086
init-init,proj-wikitext2-r50-s0,proj-slimpajama-r50-s0,L18.qkv,18,qkv,2048,1490,0.7275390625,0.908839225769043
final-final,proj-wikitext2-r50-s0,proj-slimpajama-r50-s0,L18.qkv,18,qkv,2048,1490,0.7275390625,0.9065592288970947
init-init,proj-wikitext2-r50-s0,proj-slimpajama-r50-s0,L18.o,18,o,2048,1490,0.7275390625,0.9099121689796448
final-final,proj-wikitext2-r50-s0,proj-slimpajama-r50-s0,L18.o,18,o,2048,1490,0.7275390625,0.9067308902740479
init-init,proj-wikitext2-r50-s0,proj-slimpajama-r50-s0,L18.fc1,18,fc1,2048,1154,0.5634765625,0.8533138632774353
final-final,proj-wikitext2-r50-s0,proj-slimpajama-r50-s0,L18.fc1,18,fc1,2048,1154,0.5634765625,0.8479377627372742
init-init,proj-wikitext2-r50-s0,proj-slimpajama-r50-s0,L18.fc2,18,fc2,2048,1154,0.5634765625,0.8671646118164062
final-final,proj-wikitext2-r50-s0,proj-slimpajama-r50-s0,L18.fc2,18,fc2,2048,1154,0.5634765625,0.8611543774604797
init-init,proj-wikitext2-r50-s0,proj-slimpajama-r50-s0,L19.qkv,19,qkv,2048,1490,0.7275390625,0.9033721089363098
final-final,proj-wikitext2-r50-s0,proj-slimpajama-r50-s0,L19.qkv,19,qkv,2048,1490,0.7275390625,0.9011734127998352
init-init,proj-wikitext2-r50-s0,proj-slimpajama-r50-s0,L19.o,19,o,2048,1490,0.7275390625,0.9018150568008423
final-final,proj-wikitext2-r50-s0,proj-slimpajama-r50-s0,L19.o,19,o,2048,1490,0.7275390625,0.8991079926490784
init-init,proj-wikitext2-r50-s0,proj-slimpajama-r50-s0,L19.fc1,19,fc1,2048,1154,0.5634765625,0.8515310883522034
final-final,proj-wikitext2-r50-s0,proj-slimpajama-r50-s0,L19.fc1,19,fc1,2048,1154,0.5634765625,0.8461822867393494
init-init,proj-wikitext2-r50-s0,proj-slimpajama-r50-s0,L19.fc2,19,fc2,2048,1154,0.5634765625,0.8623430728912354
final-final,proj-wikitext2-r50-s0,proj-slimpajama-r50-s0,L19.fc2,19,fc2,2048,1154,0.5634765625,0.8563815951347351
init-init,proj-wikitext2-r50-s0,proj-slimpajama-r50-s0,L20.qkv,20,qkv,2048,1490,0.7275390625,0.901544988155365
final-final,proj-wikitext2-r50-s0,proj-slimpajama-r50-s0,L20.qkv,20,qkv,2048,1490,0.7275390625,0.8995389342308044
init-init,proj-wikitext2-r50-s0,proj-slimpajama-r50-s0,L20.o,20,o,2048,1490,0.7275390625,0.8970880508422852
final-final,proj-wikitext2-r50-s0,proj-slimpajama-r50-s0,L20.o,20,o,2048,1490,0.7275390625,0.8940312266349792
init-init,proj-wikitext2-r50-s0,proj-slimpajama-r50-s0,L20.fc1,20,fc1,2048,1154,0.5634765625,0.8479206562042236
final-final,proj-wikitext2-r50-s0,proj-slimpajama-r50-s0,L20.fc1,20,fc1,2048,1154,0.5634765625,0.8423262238502502
init-init,proj-wikitext2-r50-s0,proj-slimpajama-r50-s0,L20.fc2,20,fc2,2048,1154,0.5634765625,0.855012834072113
final-final,proj-wikitext2-r50-s0,proj-slimpajama-r50-s0,L20.fc2,20,fc2,2048,1154,0.5634765625,0.8485812544822693
init-init,proj-wikitext2-r50-s0,proj-slimpajama-r50-s0,L21.qkv,21,qkv,2048,1490,0.7275390625,0.8932494521141052
final-final,proj-wikitext2-r50-s0,proj-slimpajama-r50-s0,L21.qkv,21,qkv,2048,1490,0.7275390625,0.8912608623504639
init-init,proj-wikitext2-r50-s0,proj-slimpajama-r50-s0,L21.o,21,o,2048,1490,0.7275390625,0.8770888447761536
final-final,proj-wikitext2-r50-s0,proj-slimpajama-r50-s0,L21.o,21,o,2048,1490,0.7275390625,0.8747798204421997
init-init,proj-wikitext2-r50-s0,proj-slimpajama-r50-s0,L21.fc1,21,fc1,2048,1154,0.5634765625,0.840742826461792
final-final,proj-wikitext2-r50-s0,proj-slimpajama-r50-s0,L21.fc1,21,fc1,2048,1154,0.5634765625,0.8358538150787354
init-init,proj-wikitext2-r50-s0,proj-slimpajama-r50-s0,L21.fc2,21,fc2,2048,1154,0.5634765625,0.8532821536064148
final-final,proj-wikitext2-r50-s0,proj-slimpajama-r50-s0,L21.fc2,21,fc2,2048,1154,0.5634765625,0.8474332690238953
init-init,proj-wikitext2-r50-s0,proj-slimpajama-r50-s0,L22.qkv,22,qkv,2048,1490,0.7275390625,0.8878276348114014
final-final,proj-wikitext2-r50-s0,proj-slimpajama-r50-s0,L22.qkv,22,qkv,2048,1490,0.7275390625,0.8858276605606079
init-init,proj-wikitext2-r50-s0,proj-slimpajama-r50-s0,L22.o,22,o,2048,1490,0.7275390625,0.8620562553405762
final-final,proj-wikitext2-r50-s0,proj-slimpajama-r50-s0,L22.o,22,o,2048,1490,0.7275390625,0.8601548075675964
init-init,proj-wikitext2-r50-s0,proj-slimpajama-r50-s0,L22.fc1,22,fc1,2048,1154,0.5634765625,0.8343753814697266
final-final,proj-wikitext2-r50-s0,proj-slimpajama-r50-s0,L22.fc1,22,fc1,2048,1154,0.5634765625,0.8310613632202148
init-init,proj-wikitext2-r50-s0,proj-slimpajama-r50-s0,L22.fc2,22,fc2,2048,1154,0.5634765625,0.8579520583152771
final-final,proj-wikitext2-r50-s0,proj-slimpajama-r50-s0,L22.fc2,22,fc2,2048,1154,0.5634765625,0.8526324033737183
init-init,proj-wikitext2-r50-s0,proj-slimpajama-r50-s0,L23.qkv,23,qkv,2048,1490,0.7275390625,0.8897408843040466
final-final,proj-wikitext2-r50-s0,proj-slimpajama-r50-s0,L23.qkv,23,qkv,2048,1490,0.7275390625,0.8887268900871277
init-init,proj-wikitext2-r50-s0,proj-slimpajama-r50-s0,L23.o,23,o,2048,1490,0.7275390625,0.8633179664611816
final-final,proj-wikitext2-r50-s0,proj-slimpajama-r50-s0,L23.o,23,o,2048,1490,0.7275390625,0.8606823086738586
init-init,proj-wikitext2-r50-s0,proj-slimpajama-r50-s0,L23.fc1,23,fc1,2048,1154,0.5634765625,0.8254024386405945
final-final,proj-wikitext2-r50-s0,proj-slimpajama-r50-s0,L23.fc1,23,fc1,2048,1154,0.5634765625,0.8230103850364685
init-init,proj-wikitext2-r50-s0,proj-slimpajama-r50-s0,L23.fc2,23,fc2,2048,1154,0.5634765625,0.8686422109603882
final-final,proj-wikitext2-r50-s0,proj-slimpajama-r50-s0,L23.fc2,23,fc2,2048,1154,0.5634765625,0.8623367547988892
init-init,proj-wikitext2-r50-s0,proj-alpaca-r50-s0,L0.qkv,0,qkv,2048,1490,0.7275390625,0.8856664299964905
final-final,proj-wikitext2-r50-s0,proj-alpaca-r50-s0,L0.qkv,0,qkv,2048,1490,0.7275390625,0.882262647151947
init-init,proj-wikitext2-r50-s0,proj-alpaca-r50-s0,L0.o,0,o,2048,1490,0.7275390625,0.9544679522514343
final-final,proj-wikitext2-r50-s0,proj-alpaca-r50-s0,L0.o,0,o,2048,1490,0.7275390625,0.9510982036590576
init-init,proj-wikitext2-r50-s0,proj-alpaca-r50-s0,L0.fc1,0,fc1,2048,1154,0.5634765625,0.8298462629318237
final-final,proj-wikitext2-r50-s0,proj-alpaca-r50-s0,L0.fc1,0,fc1,2048,1154,0.5634765625,0.8270142078399658
init-init,proj-wikitext2-r50-s0,proj-alpaca-r50-s0,L0.fc2,0,fc2,2048,1154,0.5634765625,0.8669800758361816
final-final,proj-wikitext2-r50-s0,proj-alpaca-r50-s0,L0.fc2,0,fc2,2048,1154,0.5634765625,0.8623007535934448
init-init,proj-wikitext2-r50-s0,proj-alpaca-r50-s0,L1.qkv,1,qkv,2048,1490,0.7275390625,0.9265722036361694
final-final,proj-wikitext2-r50-s0,proj-alpaca-r50-s0,L1.qkv,1,qkv,2048,1490,0.7275390625,0.9228901267051697
init-init,proj-wikitext2-r50-s0,proj-alpaca-r50-s0,L1.o,1,o,2048,1490,0.7275390625,0.9292133450508118
final-final,proj-wikitext2-r50-s0,proj-alpaca-r50-s0,L1.o,1,o,2048,1490,0.7275390625,0.9263243079185486
init-init,proj-wikitext2-r50-s0,proj-alpaca-r50-s0,L1.fc1,1,fc1,2048,1154,0.5634765625,0.8954961895942688
final-final,proj-wikitext2-r50-s0,proj-alpaca-r50-s0,L1.fc1,1,fc1,2048,1154,0.5634765625,0.892235517501831
init-init,proj-wikitext2-r50-s0,proj-alpaca-r50-s0,L1.fc2,1,fc2,2048,1154,0.5634765625,0.8299958109855652
final-final,proj-wikitext2-r50-s0,proj-alpaca-r50-s0,L1.fc2,1,fc2,2048,1154,0.5634765625,0.8266268968582153
init-init,proj-wikitext2-r50-s0,proj-alpaca-r50-s0,L2.qkv,2,qkv,2048,1490,0.7275390625,0.9230223298072815
final-final,proj-wikitext2-r50-s0,proj-alpaca-r50-s0,L2.qkv,2,qkv,2048,1490,0.7275390625,0.9188550710678101
init-init,proj-wikitext2-r50-s0,proj-alpaca-r50-s0,L2.o,2,o,2048,1490,0.7275390625,0.9368665814399719
final-final,proj-wikitext2-r50-s0,proj-alpaca-r50-s0,L2.o,2,o,2048,1490,0.7275390625,0.9343342185020447
init-init,proj-wikitext2-r50-s0,proj-alpaca-r50-s0,L2.fc1,2,fc1,2048,1154,0.5634765625,0.8819394707679749
final-final,proj-wikitext2-r50-s0,proj-alpaca-r50-s0,L2.fc1,2,fc1,2048,1154,0.5634765625,0.87862229347229
init-init,proj-wikitext2-r50-s0,proj-alpaca-r50-s0,L2.fc2,2,fc2,2048,1154,0.5634765625,0.8317757844924927
final-final,proj-wikitext2-r50-s0,proj-alpaca-r50-s0,L2.fc2,2,fc2,2048,1154,0.5634765625,0.8281435966491699
init-init,proj-wikitext2-r50-s0,proj-alpaca-r50-s0,L3.qkv,3,qkv,2048,1490,0.7275390625,0.9181968569755554
final-final,proj-wikitext2-r50-s0,proj-alpaca-r50-s0,L3.qkv,3,qkv,2048,1490,0.7275390625,0.913703203201294
init-init,proj-wikitext2-r50-s0,proj-alpaca-r50-s0,L3.o,3,o,2048,1490,0.7275390625,0.9117733240127563
final-final,proj-wikitext2-r50-s0,proj-alpaca-r50-s0,L3.o,3,o,2048,1490,0.7275390625,0.9090338945388794
init-init,proj-wikitext2-r50-s0,proj-alpaca-r50-s0,L3.fc1,3,fc1,2048,1154,0.5634765625,0.8711578249931335
final-final,proj-wikitext2-r50-s0,proj-alpaca-r50-s0,L3.fc1,3,fc1,2048,1154,0.5634765625,0.8670114874839783
init-init,proj-wikitext2-r50-s0,proj-alpaca-r50-s0,L3.fc2,3,fc2,2048,1154,0.5634765625,0.8264875411987305
final-final,proj-wikitext2-r50-s0,proj-alpaca-r50-s0,L3.fc2,3,fc2,2048,1154,0.5634765625,0.8225476145744324
init-init,proj-wikitext2-r50-s0,proj-alpaca-r50-s0,L4.qkv,4,qkv,2048,1490,0.7275390625,0.9141641855239868
final-final,proj-wikitext2-r50-s0,proj-alpaca-r50-s0,L4.qkv,4,qkv,2048,1490,0.7275390625,0.9098917245864868
init-init,proj-wikitext2-r50-s0,proj-alpaca-r50-s0,L4.o,4,o,2048,1490,0.7275390625,0.9260157346725464
final-final,proj-wikitext2-r50-s0,proj-alpaca-r50-s0,L4.o,4,o,2048,1490,0.7275390625,0.9233660697937012
init-init,proj-wikitext2-r50-s0,proj-alpaca-r50-s0,L4.fc1,4,fc1,2048,1154,0.5634765625,0.8647167682647705
final-final,proj-wikitext2-r50-s0,proj-alpaca-r50-s0,L4.fc1,4,fc1,2048,1154,0.5634765625,0.8602161407470703
init-init,proj-wikitext2-r50-s0,proj-alpaca-r50-s0,L4.fc2,4,fc2,2048,1154,0.5634765625,0.8058660626411438
final-final,proj-wikitext2-r50-s0,proj-alpaca-r50-s0,L4.fc2,4,fc2,2048,1154,0.5634765625,0.8019514679908752
init-init,proj-wikitext2-r50-s0,proj-alpaca-r50-s0,L5.qkv,5,qkv,2048,1490,0.7275390625,0.907558262348175
final-final,proj-wikitext2-r50-s0,proj-alpaca-r50-s0,L5.qkv,5,qkv,2048,1490,0.7275390625,0.9036929607391357
init-init,proj-wikitext2-r50-s0,proj-alpaca-r50-s0,L5.o,5,o,2048,1490,0.7275390625,0.9175986647605896
final-final,proj-wikitext2-r50-s0,proj-alpaca-r50-s0,L5.o,5,o,2048,1490,0.7275390625,0.9148760437965393
init-init,proj-wikitext2-r50-s0,proj-alpaca-r50-s0,L5.fc1,5,fc1,2048,1154,0.5634765625,0.8569082617759705
final-final,proj-wikitext2-r50-s0,proj-alpaca-r50-s0,L5.fc1,5,fc1,2048,1154,0.5634765625,0.8522125482559204
init-init,proj-wikitext2-r50-s0,proj-alpaca-r50-s0,L5.fc2,5,fc2,2048,1154,0.5634765625,0.7956697940826416
final-final,proj-wikitext2-r50-s0,proj-alpaca-r50-s0,L5.fc2,5,fc2,2048,1154,0.5634765625,0.7920003533363342
init-init,proj-wikitext2-r50-s0,proj-alpaca-r50-s0,L6.qkv,6,qkv,2048,1490,0.7275390625,0.9045072197914124
final-final,proj-wikitext2-r50-s0,proj-alpaca-r50-s0,L6.qkv,6,qkv,2048,1490,0.7275390625,0.9004783034324646
init-init,proj-wikitext2-r50-s0,proj-alpaca-r50-s0,L6.o,6,o,2048,1490,0.7275390625,0.9034291505813599
final-final,proj-wikitext2-r50-s0,proj-alpaca-r50-s0,L6.o,6,o,2048,1490,0.7275390625,0.9001149535179138
init-init,proj-wikitext2-r50-s0,proj-alpaca-r50-s0,L6.fc1,6,fc1,2048,1154,0.5634765625,0.8482686281204224
final-final,proj-wikitext2-r50-s0,proj-alpaca-r50-s0,L6.fc1,6,fc1,2048,1154,0.5634765625,0.8433712124824524
init-init,proj-wikitext2-r50-s0,proj-alpaca-r50-s0,L6.fc2,6,fc2,2048,1154,0.5634765625,0.7958698868751526
final-final,proj-wikitext2-r50-s0,proj-alpaca-r50-s0,L6.fc2,6,fc2,2048,1154,0.5634765625,0.7923145890235901
init-init,proj-wikitext2-r50-s0,proj-alpaca-r50-s0,L7.qkv,7,qkv,2048,1490,0.7275390625,0.8996657729148865
final-final,proj-wikitext2-r50-s0,proj-alpaca-r50-s0,L7.qkv,7,qkv,2048,1490,0.7275390625,0.8957337141036987
init-init,proj-wikitext2-r50-s0,proj-alpaca-r50-s0,L7.o,7,o,2048,1490,0.7275390625,0.8954871296882629
final-final,proj-wikitext2-r50-s0,proj-alpaca-r50-s0,L7.o,7,o,2048,1490,0.7275390625,0.8924157023429871
init-init,proj-wikitext2-r50-s0,proj-alpaca-r50-s0,L7.fc1,7,fc1,2048,1154,0.5634765625,0.8398605585098267
final-final,proj-wikitext2-r50-s0,proj-alpaca-r50-s0,L7.fc1,7,fc1,2048,1154,0.5634765625,0.8350147008895874
init-init,proj-wikitext2-r50-s0,proj-alpaca-r50-s0,L7.fc2,7,fc2,2048,1154,0.5634765625,0.7896315455436707
final-final,proj-wikitext2-r50-s0,proj-alpaca-r50-s0,L7.fc2,7,fc2,2048,1154,0.5634765625,0.7861542701721191
init-init,proj-wikitext2-r50-s0,proj-alpaca-r50-s0,L8.qkv,8,qkv,2048,1490,0.7275390625,0.8940921425819397
final-final,proj-wikitext2-r50-s0,proj-alpaca-r50-s0,L8.qkv,8,qkv,2048,1490,0.7275390625,0.890388011932373
init-init,proj-wikitext2-r50-s0,proj-alpaca-r50-s0,L8.o,8,o,2048,1490,0.7275390625,0.8872325420379639
final-final,proj-wikitext2-r50-s0,proj-alpaca-r50-s0,L8.o,8,o,2048,1490,0.7275390625,0.8841072916984558
init-init,proj-wikitext2-r50-s0,proj-alpaca-r50-s0,L8.fc1,8,fc1,2048,1154,0.5634765625,0.8288332223892212
final-final,proj-wikitext2-r50-s0,proj-alpaca-r50-s0,L8.fc1,8,fc1,2048,1154,0.5634765625,0.8239613771438599
init-init,proj-wikitext2-r50-s0,proj-alpaca-r50-s0,L8.fc2,8,fc2,2048,1154,0.5634765625,0.7992234826087952
final-final,proj-wikitext2-r50-s0,proj-alpaca-r50-s0,L8.fc2,8,fc2,2048,1154,0.5634765625,0.7950237393379211
init-init,proj-wikitext2-r50-s0,proj-alpaca-r50-s0,L9.qkv,9,qkv,2048,1490,0.7275390625,0.888829231262207
final-final,proj-wikitext2-r50-s0,proj-alpaca-r50-s0,L9.qkv,9,qkv,2048,1490,0.7275390625,0.8852105736732483
init-init,proj-wikitext2-r50-s0,proj-alpaca-r50-s0,L9.o,9,o,2048,1490,0.7275390625,0.8899876475334167
final-final,proj-wikitext2-r50-s0,proj-alpaca-r50-s0,L9.o,9,o,2048,1490,0.7275390625,0.8867575526237488
init-init,proj-wikitext2-r50-s0,proj-alpaca-r50-s0,L9.fc1,9,fc1,2048,1154,0.5634765625,0.820280134677887
final-final,proj-wikitext2-r50-s0,proj-alpaca-r50-s0,L9.fc1,9,fc1,2048,1154,0.5634765625,0.8156217932701111
init-init,proj-wikitext2-r50-s0,proj-alpaca-r50-s0,L9.fc2,9,fc2,2048,1154,0.5634765625,0.8139142990112305
final-final,proj-wikitext2-r50-s0,proj-alpaca-r50-s0,L9.fc2,9,fc2,2048,1154,0.5634765625,0.8094175457954407
init-init,proj-wikitext2-r50-s0,proj-alpaca-r50-s0,L10.qkv,10,qkv,2048,1490,0.7275390625,0.88909512758255
final-final,proj-wikitext2-r50-s0,proj-alpaca-r50-s0,L10.qkv,10,qkv,2048,1490,0.7275390625,0.8857683539390564
init-init,proj-wikitext2-r50-s0,proj-alpaca-r50-s0,L10.o,10,o,2048,1490,0.7275390625,0.8868056535720825
final-final,proj-wikitext2-r50-s0,proj-alpaca-r50-s0,L10.o,10,o,2048,1490,0.7275390625,0.8833805918693542
init-init,proj-wikitext2-r50-s0,proj-alpaca-r50-s0,L10.fc1,10,fc1,2048,1154,0.5634765625,0.8151623010635376
final-final,proj-wikitext2-r50-s0,proj-alpaca-r50-s0,L10.fc1,10,fc1,2048,1154,0.5634765625,0.8105858564376831
init-init,proj-wikitext2-r50-s0,proj-alpaca-r50-s0,L10.fc2,10,fc2,2048,1154,0.5634765625,0.8187193870544434
final-final,proj-wikitext2-r50-s0,proj-alpaca-r50-s0,L10.fc2,10,fc2,2048,1154,0.5634765625,0.8142693638801575
init-init,proj-wikitext2-r50-s0,proj-alpaca-r50-s0,L11.qkv,11,qkv,2048,1490,0.7275390625,0.8853253722190857
final-final,proj-wikitext2-r50-s0,proj-alpaca-r50-s0,L11.qkv,11,qkv,2048,1490,0.7275390625,0.8820188045501709
init-init,proj-wikitext2-r50-s0,proj-alpaca-r50-s0,L11.o,11,o,2048,1490,0.7275390625,0.8843643665313721
final-final,proj-wikitext2-r50-s0,proj-alpaca-r50-s0,L11.o,11,o,2048,1490,0.7275390625,0.881384551525116
init-init,proj-wikitext2-r50-s0,proj-alpaca-r50-s0,L11.fc1,11,fc1,2048,1154,0.5634765625,0.8120757937431335
final-final,proj-wikitext2-r50-s0,proj-alpaca-r50-s0,L11.fc1,11,fc1,2048,1154,0.5634765625,0.8076350688934326
init-init,proj-wikitext2-r50-s0,proj-alpaca-r50-s0,L11.fc2,11,fc2,2048,1154,0.5634765625,0.826694130897522
final-final,proj-wikitext2-r50-s0,proj-alpaca-r50-s0,L11.fc2,11,fc2,2048,1154,0.5634765625,0.8218540549278259
init-init,proj-wikitext2-r50-s0,proj-alpaca-r50-s0,L12.qkv,12,qkv,2048,1490,0.7275390625,0.8848615288734436
final-final,proj-wikitext2-r50-s0,proj-alpaca-r50-s0,L12.qkv,12,qkv,2048,1490,0.7275390625,0.8816803097724915
init-init,proj-wikitext2-r50-s0,proj-alpaca-r50-s0,L12.o,12,o,2048,1490,0.7275390625,0.8949939012527466
final-final,proj-wikitext2-r50-s0,proj-alpaca-r50-s0,L12.o,12,o,2048,1490,0.7275390625,0.8918165564537048
init-init,proj-wikitext2-r50-s0,proj-alpaca-r50-s0,L12.fc1,12,fc1,2048,1154,0.5634765625,0.8107641935348511
final-final,proj-wikitext2-r50-s0,proj-alpaca-r50-s0,L12.fc1,12,fc1,2048,1154,0.5634765625,0.8064301013946533
init-init,proj-wikitext2-r50-s0,proj-alpaca-r50-s0,L12.fc2,12,fc2,2048,1154,0.5634765625,0.8328983187675476
final-final,proj-wikitext2-r50-s0,proj-alpaca-r50-s0,L12.fc2,12,fc2,2048,1154,0.5634765625,0.8279750347137451
init-init,proj-wikitext2-r50-s0,proj-alpaca-r50-s0,L13.qkv,13,qkv,2048,1490,0.7275390625,0.8871580958366394
final-final,proj-wikitext2-r50-s0,proj-alpaca-r50-s0,L13.qkv,13,qkv,2048,1490,0.7275390625,0.8841099739074707
init-init,proj-wikitext2-r50-s0,proj-alpaca-r50-s0,L13.o,13,o,2048,1490,0.7275390625,0.8875234127044678
final-final,proj-wikitext2-r50-s0,proj-alpaca-r50-s0,L13.o,13,o,2048,1490,0.7275390625,0.8845003843307495
init-init,proj-wikitext2-r50-s0,proj-alpaca-r50-s0,L13.fc1,13,fc1,2048,1154,0.5634765625,0.8096299767494202
final-final,proj-wikitext2-r50-s0,proj-alpaca-r50-s0,L13.fc1,13,fc1,2048,1154,0.5634765625,0.8056671023368835
init-init,proj-wikitext2-r50-s0,proj-alpaca-r50-s0,L13.fc2,13,fc2,2048,1154,0.5634765625,0.8335213661193848
final-final,proj-wikitext2-r50-s0,proj-alpaca-r50-s0,L13.fc2,13,fc2,2048,1154,0.5634765625,0.828457236289978
init-init,proj-wikitext2-r50-s0,proj-alpaca-r50-s0,L14.qkv,14,qkv,2048,1490,0.7275390625,0.8833330869674683
final-final,proj-wikitext2-r50-s0,proj-alpaca-r50-s0,L14.qkv,14,qkv,2048,1490,0.7275390625,0.8807393312454224
init-init,proj-wikitext2-r50-s0,proj-alpaca-r50-s0,L14.o,14,o,2048,1490,0.7275390625,0.8854713439941406
final-final,proj-wikitext2-r50-s0,proj-alpaca-r50-s0,L14.o,14,o,2048,1490,0.7275390625,0.8826625943183899
init-init,proj-wikitext2-r50-s0,proj-alpaca-r50-s0,L14.fc1,14,fc1,2048,1154,0.5634765625,0.806683361530304
final-final,proj-wikitext2-r50-s0,proj-alpaca-r50-s0,L14.fc1,14,fc1,2048,1154,0.5634765625,0.8029108047485352
init-init,proj-wikitext2-r50-s0,proj-alpaca-r50-s0,L14.fc2,14,fc2,2048,1154,0.5634765625,0.8310377597808838
final-final,proj-wikitext2-r50-s0,proj-alpaca-r50-s0,L14.fc2,14,fc2,2048,1154,0.5634765625,0.8261977434158325
init-init,proj-wikitext2-r50-s0,proj-alpaca-r50-s0,L15.qkv,15,qkv,2048,1490,0.7275390625,0.885347843170166
final-final,proj-wikitext2-r50-s0,proj-alpaca-r50-s0,L15.qkv,15,qkv,2048,1490,0.7275390625,0.8829229474067688
init-init,proj-wikitext2-r50-s0,proj-alpaca-r50-s0,L15.o,15,o,2048,1490,0.7275390625,0.8729454278945923
final-final,proj-wikitext2-r50-s0,proj-alpaca-r50-s0,L15.o,15,o,2048,1490,0.7275390625,0.8703435659408569
init-init,proj-wikitext2-r50-s0,proj-alpaca-r50-s0,L15.fc1,15,fc1,2048,1154,0.5634765625,0.8035745620727539
final-final,proj-wikitext2-r50-s0,proj-alpaca-r50-s0,L15.fc1,15,fc1,2048,1154,0.5634765625,0.799884021282196
init-init,proj-wikitext2-r50-s0,proj-alpaca-r50-s0,L15.fc2,15,fc2,2048,1154,0.5634765625,0.8275125026702881
final-final,proj-wikitext2-r50-s0,proj-alpaca-r50-s0,L15.fc2,15,fc2,2048,1154,0.5634765625,0.8227515816688538
init-init,proj-wikitext2-r50-s0,proj-alpaca-r50-s0,L16.qkv,16,qkv,2048,1490,0.7275390625,0.8769897222518921
final-final,proj-wikitext2-r50-s0,proj-alpaca-r50-s0,L16.qkv,16,qkv,2048,1490,0.7275390625,0.874932050704956
init-init,proj-wikitext2-r50-s0,proj-alpaca-r50-s0,L16.o,16,o,2048,1490,0.7275390625,0.8810610175132751
final-final,proj-wikitext2-r50-s0,proj-alpaca-r50-s0,L16.o,16,o,2048,1490,0.7275390625,0.8784710764884949
init-init,proj-wikitext2-r50-s0,proj-alpaca-r50-s0,L16.fc1,16,fc1,2048,1154,0.5634765625,0.8033402562141418
final-final,proj-wikitext2-r50-s0,proj-alpaca-r50-s0,L16.fc1,16,fc1,2048,1154,0.5634765625,0.7995166778564453
init-init,proj-wikitext2-r50-s0,proj-alpaca-r50-s0,L16.fc2,16,fc2,2048,1154,0.5634765625,0.8246303200721741
final-final,proj-wikitext2-r50-s0,proj-alpaca-r50-s0,L16.fc2,16,fc2,2048,1154,0.5634765625,0.8198202848434448
init-init,proj-wikitext2-r50-s0,proj-alpaca-r50-s0,L17.qkv,17,qkv,2048,1490,0.7275390625,0.872053325176239
final-final,proj-wikitext2-r50-s0,proj-alpaca-r50-s0,L17.qkv,17,qkv,2048,1490,0.7275390625,0.8699543476104736
init-init,proj-wikitext2-r50-s0,proj-alpaca-r50-s0,L17.o,17,o,2048,1490,0.7275390625,0.8768398761749268
final-final,proj-wikitext2-r50-s0,proj-alpaca-r50-s0,L17.o,17,o,2048,1490,0.7275390625,0.8743862509727478
init-init,proj-wikitext2-r50-s0,proj-alpaca-r50-s0,L17.fc1,17,fc1,2048,1154,0.5634765625,0.8024579882621765
final-final,proj-wikitext2-r50-s0,proj-alpaca-r50-s0,L17.fc1,17,fc1,2048,1154,0.5634765625,0.7986680865287781
init-init,proj-wikitext2-r50-s0,proj-alpaca-r50-s0,L17.fc2,17,fc2,2048,1154,0.5634765625,0.824016273021698
final-final,proj-wikitext2-r50-s0,proj-alpaca-r50-s0,L17.fc2,17,fc2,2048,1154,0.5634765625,0.8195956349372864
init-init,proj-wikitext2-r50-s0,proj-alpaca-r50-s0,L18.qkv,18,qkv,2048,1490,0.7275390625,0.8724137544631958
final-final,proj-wikitext2-r50-s0,proj-alpaca-r50-s0,L18.qkv,18,qkv,2048,1490,0.7275390625,0.870994508266449
init-init,proj-wikitext2-r50-s0,proj-alpaca-r50-s0,L18.o,18,o,2048,1490,0.7275390625,0.8754606246948242
final-final,proj-wikitext2-r50-s0,proj-alpaca-r50-s0,L18.o,18,o,2048,1490,0.7275390625,0.8732389211654663
init-init,proj-wikitext2-r50-s0,proj-alpaca-r50-s0,L18.fc1,18,fc1,2048,1154,0.5634765625,0.804212749004364
final-final,proj-wikitext2-r50-s0,proj-alpaca-r50-s0,L18.fc1,18,fc1,2048,1154,0.5634765625,0.8000545501708984
init-init,proj-wikitext2-r50-s0,proj-alpaca-r50-s0,L18.fc2,18,fc2,2048,1154,0.5634765625,0.8197630047798157
final-final,proj-wikitext2-r50-s0,proj-alpaca-r50-s0,L18.fc2,18,fc2,2048,1154,0.5634765625,0.8149763345718384
init-init,proj-wikitext2-r50-s0,proj-alpaca-r50-s0,L19.qkv,19,qkv,2048,1490,0.7275390625,0.8686569929122925
final-final,proj-wikitext2-r50-s0,proj-alpaca-r50-s0,L19.qkv,19,qkv,2048,1490,0.7275390625,0.8671377301216125
init-init,proj-wikitext2-r50-s0,proj-alpaca-r50-s0,L19.o,19,o,2048,1490,0.7275390625,0.8703562617301941
final-final,proj-wikitext2-r50-s0,proj-alpaca-r50-s0,L19.o,19,o,2048,1490,0.7275390625,0.868381917476654
init-init,proj-wikitext2-r50-s0,proj-alpaca-r50-s0,L19.fc1,19,fc1,2048,1154,0.5634765625,0.8035923838615417
final-final,proj-wikitext2-r50-s0,proj-alpaca-r50-s0,L19.fc1,19,fc1,2048,1154,0.5634765625,0.7993143796920776
init-init,proj-wikitext2-r50-s0,proj-alpaca-r50-s0,L19.fc2,19,fc2,2048,1154,0.5634765625,0.814103364944458
final-final,proj-wikitext2-r50-s0,proj-alpaca-r50-s0,L19.fc2,19,fc2,2048,1154,0.5634765625,0.8091545701026917
init-init,proj-wikitext2-r50-s0,proj-alpaca-r50-s0,L20.qkv,20,qkv,2048,1490,0.7275390625,0.865972101688385
final-final,proj-wikitext2-r50-s0,proj-alpaca-r50-s0,L20.qkv,20,qkv,2048,1490,0.7275390625,0.864564061164856
init-init,proj-wikitext2-r50-s0,proj-alpaca-r50-s0,L20.o,20,o,2048,1490,0.7275390625,0.8661259412765503
final-final,proj-wikitext2-r50-s0,proj-alpaca-r50-s0,L20.o,20,o,2048,1490,0.7275390625,0.8642196655273438
init-init,proj-wikitext2-r50-s0,proj-alpaca-r50-s0,L20.fc1,20,fc1,2048,1154,0.5634765625,0.8005403280258179
final-final,proj-wikitext2-r50-s0,proj-alpaca-r50-s0,L20.fc1,20,fc1,2048,1154,0.5634765625,0.7962052822113037
init-init,proj-wikitext2-r50-s0,proj-alpaca-r50-s0,L20.fc2,20,fc2,2048,1154,0.5634765625,0.8057752847671509
final-final,proj-wikitext2-r50-s0,proj-alpaca-r50-s0,L20.fc2,20,fc2,2048,1154,0.5634765625,0.8007723093032837
init-init,proj-wikitext2-r50-s0,proj-alpaca-r50-s0,L21.qkv,21,qkv,2048,1490,0.7275390625,0.8585972189903259
final-final,proj-wikitext2-r50-s0,proj-alpaca-r50-s0,L21.qkv,21,qkv,2048,1490,0.7275390625,0.8571780323982239
init-init,proj-wikitext2-r50-s0,proj-alpaca-r50-s0,L21.o,21,o,2048,1490,0.7275390625,0.8502695560455322
final-final,proj-wikitext2-r50-s0,proj-alpaca-r50-s0,L21.o,21,o,2048,1490,0.7275390625,0.8484646677970886
init-init,proj-wikitext2-r50-s0,proj-alpaca-r50-s0,L21.fc1,21,fc1,2048,1154,0.5634765625,0.7938948273658752
final-final,proj-wikitext2-r50-s0,proj-alpaca-r50-s0,L21.fc1,21,fc1,2048,1154,0.5634765625,0.7901913523674011
init-init,proj-wikitext2-r50-s0,proj-alpaca-r50-s0,L21.fc2,21,fc2,2048,1154,0.5634765625,0.8033739328384399
final-final,proj-wikitext2-r50-s0,proj-alpaca-r50-s0,L21.fc2,21,fc2,2048,1154,0.5634765625,0.7989013195037842
init-init,proj-wikitext2-r50-s0,proj-alpaca-r50-s0,L22.qkv,22,qkv,2048,1490,0.7275390625,0.8530350923538208
final-final,proj-wikitext2-r50-s0,proj-alpaca-r50-s0,L22.qkv,22,qkv,2048,1490,0.7275390625,0.8514555096626282
init-init,proj-wikitext2-r50-s0,proj-alpaca-r50-s0,L22.o,22,o,2048,1490,0.7275390625,0.849118173122406
final-final,proj-wikitext2-r50-s0,proj-alpaca-r50-s0,L22.o,22,o,2048,1490,0.7275390625,0.8473026752471924
init-init,proj-wikitext2-r50-s0,proj-alpaca-r50-s0,L22.fc1,22,fc1,2048,1154,0.5634765625,0.7869005799293518
final-final,proj-wikitext2-r50-s0,proj-alpaca-r50-s0,L22.fc1,22,fc1,2048,1154,0.5634765625,0.7844864130020142
init-init,proj-wikitext2-r50-s0,proj-alpaca-r50-s0,L22.fc2,22,fc2,2048,1154,0.5634765625,0.8117319941520691
final-final,proj-wikitext2-r50-s0,proj-alpaca-r50-s0,L22.fc2,22,fc2,2048,1154,0.5634765625,0.8075814843177795
init-init,proj-wikitext2-r50-s0,proj-alpaca-r50-s0,L23.qkv,23,qkv,2048,1490,0.7275390625,0.8547680377960205
final-final,proj-wikitext2-r50-s0,proj-alpaca-r50-s0,L23.qkv,23,qkv,2048,1490,0.7275390625,0.8540331721305847
init-init,proj-wikitext2-r50-s0,proj-alpaca-r50-s0,L23.o,23,o,2048,1490,0.7275390625,0.8495064973831177
final-final,proj-wikitext2-r50-s0,proj-alpaca-r50-s0,L23.o,23,o,2048,1490,0.7275390625,0.8471803069114685
init-init,proj-wikitext2-r50-s0,proj-alpaca-r50-s0,L23.fc1,23,fc1,2048,1154,0.5634765625,0.7772741913795471
final-final,proj-wikitext2-r50-s0,proj-alpaca-r50-s0,L23.fc1,23,fc1,2048,1154,0.5634765625,0.7755286693572998
init-init,proj-wikitext2-r50-s0,proj-alpaca-r50-s0,L23.fc2,23,fc2,2048,1154,0.5634765625,0.8243955969810486
final-final,proj-wikitext2-r50-s0,proj-alpaca-r50-s0,L23.fc2,23,fc2,2048,1154,0.5634765625,0.8191002011299133
init-init,proj-wikitext2-r50-s0,proj-selfgen-r50-s0,L0.qkv,0,qkv,2048,1490,0.7275390625,0.923892617225647
final-final,proj-wikitext2-r50-s0,proj-selfgen-r50-s0,L0.qkv,0,qkv,2048,1490,0.7275390625,0.9196053743362427
init-init,proj-wikitext2-r50-s0,proj-selfgen-r50-s0,L0.o,0,o,2048,1490,0.7275390625,0.9596537351608276
final-final,proj-wikitext2-r50-s0,proj-selfgen-r50-s0,L0.o,0,o,2048,1490,0.7275390625,0.9564951062202454
init-init,proj-wikitext2-r50-s0,proj-selfgen-r50-s0,L0.fc1,0,fc1,2048,1154,0.5634765625,0.8916292786598206
final-final,proj-wikitext2-r50-s0,proj-selfgen-r50-s0,L0.fc1,0,fc1,2048,1154,0.5634765625,0.8875898718833923
init-init,proj-wikitext2-r50-s0,proj-selfgen-r50-s0,L0.fc2,0,fc2,2048,1154,0.5634765625,0.907410204410553
final-final,proj-wikitext2-r50-s0,proj-selfgen-r50-s0,L0.fc2,0,fc2,2048,1154,0.5634765625,0.9023157358169556
init-init,proj-wikitext2-r50-s0,proj-selfgen-r50-s0,L1.qkv,1,qkv,2048,1490,0.7275390625,0.9546249508857727
final-final,proj-wikitext2-r50-s0,proj-selfgen-r50-s0,L1.qkv,1,qkv,2048,1490,0.7275390625,0.9508222341537476
init-init,proj-wikitext2-r50-s0,proj-selfgen-r50-s0,L1.o,1,o,2048,1490,0.7275390625,0.9347679615020752
final-final,proj-wikitext2-r50-s0,proj-selfgen-r50-s0,L1.o,1,o,2048,1490,0.7275390625,0.9319553375244141
init-init,proj-wikitext2-r50-s0,proj-selfgen-r50-s0,L1.fc1,1,fc1,2048,1154,0.5634765625,0.9295657277107239
final-final,proj-wikitext2-r50-s0,proj-selfgen-r50-s0,L1.fc1,1,fc1,2048,1154,0.5634765625,0.9264442920684814
init-init,proj-wikitext2-r50-s0,proj-selfgen-r50-s0,L1.fc2,1,fc2,2048,1154,0.5634765625,0.8826563954353333
final-final,proj-wikitext2-r50-s0,proj-selfgen-r50-s0,L1.fc2,1,fc2,2048,1154,0.5634765625,0.8780844211578369
init-init,proj-wikitext2-r50-s0,proj-selfgen-r50-s0,L2.qkv,2,qkv,2048,1490,0.7275390625,0.9513119459152222
final-final,proj-wikitext2-r50-s0,proj-selfgen-r50-s0,L2.qkv,2,qkv,2048,1490,0.7275390625,0.9470821619033813
init-init,proj-wikitext2-r50-s0,proj-selfgen-r50-s0,L2.o,2,o,2048,1490,0.7275390625,0.9413959383964539
final-final,proj-wikitext2-r50-s0,proj-selfgen-r50-s0,L2.o,2,o,2048,1490,0.7275390625,0.9391246438026428
init-init,proj-wikitext2-r50-s0,proj-selfgen-r50-s0,L2.fc1,2,fc1,2048,1154,0.5634765625,0.9192080497741699
final-final,proj-wikitext2-r50-s0,proj-selfgen-r50-s0,L2.fc1,2,fc1,2048,1154,0.5634765625,0.9161180257797241
init-init,proj-wikitext2-r50-s0,proj-selfgen-r50-s0,L2.fc2,2,fc2,2048,1154,0.5634765625,0.8797084093093872
final-final,proj-wikitext2-r50-s0,proj-selfgen-r50-s0,L2.fc2,2,fc2,2048,1154,0.5634765625,0.8752119541168213
init-init,proj-wikitext2-r50-s0,proj-selfgen-r50-s0,L3.qkv,3,qkv,2048,1490,0.7275390625,0.9458293318748474
final-final,proj-wikitext2-r50-s0,proj-selfgen-r50-s0,L3.qkv,3,qkv,2048,1490,0.7275390625,0.9413188695907593
init-init,proj-wikitext2-r50-s0,proj-selfgen-r50-s0,L3.o,3,o,2048,1490,0.7275390625,0.922268271446228
final-final,proj-wikitext2-r50-s0,proj-selfgen-r50-s0,L3.o,3,o,2048,1490,0.7275390625,0.9197421669960022
init-init,proj-wikitext2-r50-s0,proj-selfgen-r50-s0,L3.fc1,3,fc1,2048,1154,0.5634765625,0.9105086922645569
final-final,proj-wikitext2-r50-s0,proj-selfgen-r50-s0,L3.fc1,3,fc1,2048,1154,0.5634765625,0.9061909914016724
init-init,proj-wikitext2-r50-s0,proj-selfgen-r50-s0,L3.fc2,3,fc2,2048,1154,0.5634765625,0.8687074184417725
final-final,proj-wikitext2-r50-s0,proj-selfgen-r50-s0,L3.fc2,3,fc2,2048,1154,0.5634765625,0.8638719916343689
init-init,proj-wikitext2-r50-s0,proj-selfgen-r50-s0,L4.qkv,4,qkv,2048,1490,0.7275390625,0.9413276314735413
final-final,proj-wikitext2-r50-s0,proj-selfgen-r50-s0,L4.qkv,4,qkv,2048,1490,0.7275390625,0.9370819926261902
init-init,proj-wikitext2-r50-s0,proj-selfgen-r50-s0,L4.o,4,o,2048,1490,0.7275390625,0.9342349171638489
final-final,proj-wikitext2-r50-s0,proj-selfgen-r50-s0,L4.o,4,o,2048,1490,0.7275390625,0.9317548871040344
init-init,proj-wikitext2-r50-s0,proj-selfgen-r50-s0,L4.fc1,4,fc1,2048,1154,0.5634765625,0.9042457938194275
final-final,proj-wikitext2-r50-s0,proj-selfgen-r50-s0,L4.fc1,4,fc1,2048,1154,0.5634765625,0.8993368148803711
init-init,proj-wikitext2-r50-s0,proj-selfgen-r50-s0,L4.fc2,4,fc2,2048,1154,0.5634765625,0.8407027125358582
final-final,proj-wikitext2-r50-s0,proj-selfgen-r50-s0,L4.fc2,4,fc2,2048,1154,0.5634765625,0.8363904356956482
init-init,proj-wikitext2-r50-s0,proj-selfgen-r50-s0,L5.qkv,5,qkv,2048,1490,0.7275390625,0.9338599443435669
final-final,proj-wikitext2-r50-s0,proj-selfgen-r50-s0,L5.qkv,5,qkv,2048,1490,0.7275390625,0.9296964406967163
init-init,proj-wikitext2-r50-s0,proj-selfgen-r50-s0,L5.o,5,o,2048,1490,0.7275390625,0.9259520173072815
final-final,proj-wikitext2-r50-s0,proj-selfgen-r50-s0,L5.o,5,o,2048,1490,0.7275390625,0.9232550263404846
init-init,proj-wikitext2-r50-s0,proj-selfgen-r50-s0,L5.fc1,5,fc1,2048,1154,0.5634765625,0.8957496285438538
final-final,proj-wikitext2-r50-s0,proj-selfgen-r50-s0,L5.fc1,5,fc1,2048,1154,0.5634765625,0.8905304074287415
init-init,proj-wikitext2-r50-s0,proj-selfgen-r50-s0,L5.fc2,5,fc2,2048,1154,0.5634765625,0.8293449878692627
final-final,proj-wikitext2-r50-s0,proj-selfgen-r50-s0,L5.fc2,5,fc2,2048,1154,0.5634765625,0.825065553188324
init-init,proj-wikitext2-r50-s0,proj-selfgen-r50-s0,L6.qkv,6,qkv,2048,1490,0.7275390625,0.9298867583274841
final-final,proj-wikitext2-r50-s0,proj-selfgen-r50-s0,L6.qkv,6,qkv,2048,1490,0.7275390625,0.9253545999526978
init-init,proj-wikitext2-r50-s0,proj-selfgen-r50-s0,L6.o,6,o,2048,1490,0.7275390625,0.9189364910125732
final-final,proj-wikitext2-r50-s0,proj-selfgen-r50-s0,L6.o,6,o,2048,1490,0.7275390625,0.9153335690498352
init-init,proj-wikitext2-r50-s0,proj-selfgen-r50-s0,L6.fc1,6,fc1,2048,1154,0.5634765625,0.8858863115310669
final-final,proj-wikitext2-r50-s0,proj-selfgen-r50-s0,L6.fc1,6,fc1,2048,1154,0.5634765625,0.8804487586021423
init-init,proj-wikitext2-r50-s0,proj-selfgen-r50-s0,L6.fc2,6,fc2,2048,1154,0.5634765625,0.8257587552070618
final-final,proj-wikitext2-r50-s0,proj-selfgen-r50-s0,L6.fc2,6,fc2,2048,1154,0.5634765625,0.8216915130615234
init-init,proj-wikitext2-r50-s0,proj-selfgen-r50-s0,L7.qkv,7,qkv,2048,1490,0.7275390625,0.9240898489952087
final-final,proj-wikitext2-r50-s0,proj-selfgen-r50-s0,L7.qkv,7,qkv,2048,1490,0.7275390625,0.9195712804794312
init-init,proj-wikitext2-r50-s0,proj-selfgen-r50-s0,L7.o,7,o,2048,1490,0.7275390625,0.9171955585479736
final-final,proj-wikitext2-r50-s0,proj-selfgen-r50-s0,L7.o,7,o,2048,1490,0.7275390625,0.9133332371711731
init-init,proj-wikitext2-r50-s0,proj-selfgen-r50-s0,L7.fc1,7,fc1,2048,1154,0.5634765625,0.8759159445762634
final-final,proj-wikitext2-r50-s0,proj-selfgen-r50-s0,L7.fc1,7,fc1,2048,1154,0.5634765625,0.8703497052192688
init-init,proj-wikitext2-r50-s0,proj-selfgen-r50-s0,L7.fc2,7,fc2,2048,1154,0.5634765625,0.8231515884399414
final-final,proj-wikitext2-r50-s0,proj-selfgen-r50-s0,L7.fc2,7,fc2,2048,1154,0.5634765625,0.8191117644309998
init-init,proj-wikitext2-r50-s0,proj-selfgen-r50-s0,L8.qkv,8,qkv,2048,1490,0.7275390625,0.9190167784690857
final-final,proj-wikitext2-r50-s0,proj-selfgen-r50-s0,L8.qkv,8,qkv,2048,1490,0.7275390625,0.914615273475647
init-init,proj-wikitext2-r50-s0,proj-selfgen-r50-s0,L8.o,8,o,2048,1490,0.7275390625,0.9121348261833191
final-final,proj-wikitext2-r50-s0,proj-selfgen-r50-s0,L8.o,8,o,2048,1490,0.7275390625,0.9082047939300537
init-init,proj-wikitext2-r50-s0,proj-selfgen-r50-s0,L8.fc1,8,fc1,2048,1154,0.5634765625,0.8653663396835327
final-final,proj-wikitext2-r50-s0,proj-selfgen-r50-s0,L8.fc1,8,fc1,2048,1154,0.5634765625,0.8597950339317322
init-init,proj-wikitext2-r50-s0,proj-selfgen-r50-s0,L8.fc2,8,fc2,2048,1154,0.5634765625,0.8295224905014038
final-final,proj-wikitext2-r50-s0,proj-selfgen-r50-s0,L8.fc2,8,fc2,2048,1154,0.5634765625,0.8247448801994324
init-init,proj-wikitext2-r50-s0,proj-selfgen-r50-s0,L9.qkv,9,qkv,2048,1490,0.7275390625,0.9126493334770203
final-final,proj-wikitext2-r50-s0,proj-selfgen-r50-s0,L9.qkv,9,qkv,2048,1490,0.7275390625,0.9082916975021362
init-init,proj-wikitext2-r50-s0,proj-selfgen-r50-s0,L9.o,9,o,2048,1490,0.7275390625,0.9122726321220398
final-final,proj-wikitext2-r50-s0,proj-selfgen-r50-s0,L9.o,9,o,2048,1490,0.7275390625,0.9082236289978027
init-init,proj-wikitext2-r50-s0,proj-selfgen-r50-s0,L9.fc1,9,fc1,2048,1154,0.5634765625,0.8556087017059326
final-final,proj-wikitext2-r50-s0,proj-selfgen-r50-s0,L9.fc1,9,fc1,2048,1154,0.5634765625,0.850096583366394
init-init,proj-wikitext2-r50-s0,proj-selfgen-r50-s0,L9.fc2,9,fc2,2048,1154,0.5634765625,0.8507444262504578
final-final,proj-wikitext2-r50-s0,proj-selfgen-r50-s0,L9.fc2,9,fc2,2048,1154,0.5634765625,0.8451805710792542
init-init,proj-wikitext2-r50-s0,proj-selfgen-r50-s0,L10.qkv,10,qkv,2048,1490,0.7275390625,0.9136734008789062
final-final,proj-wikitext2-r50-s0,proj-selfgen-r50-s0,L10.qkv,10,qkv,2048,1490,0.7275390625,0.9095684885978699
init-init,proj-wikitext2-r50-s0,proj-selfgen-r50-s0,L10.o,10,o,2048,1490,0.7275390625,0.9118613600730896
final-final,proj-wikitext2-r50-s0,proj-selfgen-r50-s0,L10.o,10,o,2048,1490,0.7275390625,0.9075571894645691
init-init,proj-wikitext2-r50-s0,proj-selfgen-r50-s0,L10.fc1,10,fc1,2048,1154,0.5634765625,0.850155234336853
final-final,proj-wikitext2-r50-s0,proj-selfgen-r50-s0,L10.fc1,10,fc1,2048,1154,0.5634765625,0.8448068499565125
init-init,proj-wikitext2-r50-s0,proj-selfgen-r50-s0,L10.fc2,10,fc2,2048,1154,0.5634765625,0.8525576591491699
final-final,proj-wikitext2-r50-s0,proj-selfgen-r50-s0,L10.fc2,10,fc2,2048,1154,0.5634765625,0.8469399213790894
init-init,proj-wikitext2-r50-s0,proj-selfgen-r50-s0,L11.qkv,11,qkv,2048,1490,0.7275390625,0.9095105528831482
final-final,proj-wikitext2-r50-s0,proj-selfgen-r50-s0,L11.qkv,11,qkv,2048,1490,0.7275390625,0.9053740501403809
init-init,proj-wikitext2-r50-s0,proj-selfgen-r50-s0,L11.o,11,o,2048,1490,0.7275390625,0.9157898426055908
final-final,proj-wikitext2-r50-s0,proj-selfgen-r50-s0,L11.o,11,o,2048,1490,0.7275390625,0.9118701815605164
init-init,proj-wikitext2-r50-s0,proj-selfgen-r50-s0,L11.fc1,11,fc1,2048,1154,0.5634765625,0.8462814688682556
final-final,proj-wikitext2-r50-s0,proj-selfgen-r50-s0,L11.fc1,11,fc1,2048,1154,0.5634765625,0.84101802110672
init-init,proj-wikitext2-r50-s0,proj-selfgen-r50-s0,L11.fc2,11,fc2,2048,1154,0.5634765625,0.8648340106010437
final-final,proj-wikitext2-r50-s0,proj-selfgen-r50-s0,L11.fc2,11,fc2,2048,1154,0.5634765625,0.8586761355400085
init-init,proj-wikitext2-r50-s0,proj-selfgen-r50-s0,L12.qkv,12,qkv,2048,1490,0.7275390625,0.9098793864250183
final-final,proj-wikitext2-r50-s0,proj-selfgen-r50-s0,L12.qkv,12,qkv,2048,1490,0.7275390625,0.9059004783630371
init-init,proj-wikitext2-r50-s0,proj-selfgen-r50-s0,L12.o,12,o,2048,1490,0.7275390625,0.9179741740226746
final-final,proj-wikitext2-r50-s0,proj-selfgen-r50-s0,L12.o,12,o,2048,1490,0.7275390625,0.9139243960380554
init-init,proj-wikitext2-r50-s0,proj-selfgen-r50-s0,L12.fc1,12,fc1,2048,1154,0.5634765625,0.8450438380241394
final-final,proj-wikitext2-r50-s0,proj-selfgen-r50-s0,L12.fc1,12,fc1,2048,1154,0.5634765625,0.8399670124053955
init-init,proj-wikitext2-r50-s0,proj-selfgen-r50-s0,L12.fc2,12,fc2,2048,1154,0.5634765625,0.8708449006080627
final-final,proj-wikitext2-r50-s0,proj-selfgen-r50-s0,L12.fc2,12,fc2,2048,1154,0.5634765625,0.8646073937416077
init-init,proj-wikitext2-r50-s0,proj-selfgen-r50-s0,L13.qkv,13,qkv,2048,1490,0.7275390625,0.9128729104995728
final-final,proj-wikitext2-r50-s0,proj-selfgen-r50-s0,L13.qkv,13,qkv,2048,1490,0.7275390625,0.908969521522522
init-init,proj-wikitext2-r50-s0,proj-selfgen-r50-s0,L13.o,13,o,2048,1490,0.7275390625,0.9249236583709717
final-final,proj-wikitext2-r50-s0,proj-selfgen-r50-s0,L13.o,13,o,2048,1490,0.7275390625,0.9205204844474792
init-init,proj-wikitext2-r50-s0,proj-selfgen-r50-s0,L13.fc1,13,fc1,2048,1154,0.5634765625,0.84405517578125
final-final,proj-wikitext2-r50-s0,proj-selfgen-r50-s0,L13.fc1,13,fc1,2048,1154,0.5634765625,0.8391313552856445
init-init,proj-wikitext2-r50-s0,proj-selfgen-r50-s0,L13.fc2,13,fc2,2048,1154,0.5634765625,0.8735095262527466
final-final,proj-wikitext2-r50-s0,proj-selfgen-r50-s0,L13.fc2,13,fc2,2048,1154,0.5634765625,0.8672158122062683
init-init,proj-wikitext2-r50-s0,proj-selfgen-r50-s0,L14.qkv,14,qkv,2048,1490,0.7275390625,0.9100084900856018
final-final,proj-wikitext2-r50-s0,proj-selfgen-r50-s0,L14.qkv,14,qkv,2048,1490,0.7275390625,0.906516969203949
init-init,proj-wikitext2-r50-s0,proj-selfgen-r50-s0,L14.o,14,o,2048,1490,0.7275390625,0.91070157289505
final-final,proj-wikitext2-r50-s0,proj-selfgen-r50-s0,L14.o,14,o,2048,1490,0.7275390625,0.906843364238739
init-init,proj-wikitext2-r50-s0,proj-selfgen-r50-s0,L14.fc1,14,fc1,2048,1154,0.5634765625,0.8411716222763062
final-final,proj-wikitext2-r50-s0,proj-selfgen-r50-s0,L14.fc1,14,fc1,2048,1154,0.5634765625,0.8363857865333557
init-init,proj-wikitext2-r50-s0,proj-selfgen-r50-s0,L14.fc2,14,fc2,2048,1154,0.5634765625,0.8674291372299194
final-final,proj-wikitext2-r50-s0,proj-selfgen-r50-s0,L14.fc2,14,fc2,2048,1154,0.5634765625,0.8612145781517029
init-init,proj-wikitext2-r50-s0,proj-selfgen-r50-s0,L15.qkv,15,qkv,2048,1490,0.7275390625,0.9120688438415527
final-final,proj-wikitext2-r50-s0,proj-selfgen-r50-s0,L15.qkv,15,qkv,2048,1490,0.7275390625,0.90868079662323
init-init,proj-wikitext2-r50-s0,proj-selfgen-r50-s0,L15.o,15,o,2048,1490,0.7275390625,0.9073249101638794
final-final,proj-wikitext2-r50-s0,proj-selfgen-r50-s0,L15.o,15,o,2048,1490,0.7275390625,0.9036170244216919
init-init,proj-wikitext2-r50-s0,proj-selfgen-r50-s0,L15.fc1,15,fc1,2048,1154,0.5634765625,0.8376782536506653
final-final,proj-wikitext2-r50-s0,proj-selfgen-r50-s0,L15.fc1,15,fc1,2048,1154,0.5634765625,0.8328000903129578
init-init,proj-wikitext2-r50-s0,proj-selfgen-r50-s0,L15.fc2,15,fc2,2048,1154,0.5634765625,0.8674022555351257
final-final,proj-wikitext2-r50-s0,proj-selfgen-r50-s0,L15.fc2,15,fc2,2048,1154,0.5634765625,0.8611738681793213
init-init,proj-wikitext2-r50-s0,proj-selfgen-r50-s0,L16.qkv,16,qkv,2048,1490,0.7275390625,0.9045320153236389
final-final,proj-wikitext2-r50-s0,proj-selfgen-r50-s0,L16.qkv,16,qkv,2048,1490,0.7275390625,0.9016587734222412
init-init,proj-wikitext2-r50-s0,proj-selfgen-r50-s0,L16.o,16,o,2048,1490,0.7275390625,0.9075815677642822
final-final,proj-wikitext2-r50-s0,proj-selfgen-r50-s0,L16.o,16,o,2048,1490,0.7275390625,0.9041160345077515
init-init,proj-wikitext2-r50-s0,proj-selfgen-r50-s0,L16.fc1,16,fc1,2048,1154,0.5634765625,0.8385037779808044
final-final,proj-wikitext2-r50-s0,proj-selfgen-r50-s0,L16.fc1,16,fc1,2048,1154,0.5634765625,0.8334653377532959
init-init,proj-wikitext2-r50-s0,proj-selfgen-r50-s0,L16.fc2,16,fc2,2048,1154,0.5634765625,0.8614180088043213
final-final,proj-wikitext2-r50-s0,proj-selfgen-r50-s0,L16.fc2,16,fc2,2048,1154,0.5634765625,0.8550633192062378
init-init,proj-wikitext2-r50-s0,proj-selfgen-r50-s0,L17.qkv,17,qkv,2048,1490,0.7275390625,0.899523138999939
final-final,proj-wikitext2-r50-s0,proj-selfgen-r50-s0,L17.qkv,17,qkv,2048,1490,0.7275390625,0.8964726328849792
init-init,proj-wikitext2-r50-s0,proj-selfgen-r50-s0,L17.o,17,o,2048,1490,0.7275390625,0.9038861989974976
final-final,proj-wikitext2-r50-s0,proj-selfgen-r50-s0,L17.o,17,o,2048,1490,0.7275390625,0.9003745317459106
init-init,proj-wikitext2-r50-s0,proj-selfgen-r50-s0,L17.fc1,17,fc1,2048,1154,0.5634765625,0.8380699157714844
final-final,proj-wikitext2-r50-s0,proj-selfgen-r50-s0,L17.fc1,17,fc1,2048,1154,0.5634765625,0.8330559134483337
init-init,proj-wikitext2-r50-s0,proj-selfgen-r50-s0,L17.fc2,17,fc2,2048,1154,0.5634765625,0.8574783802032471
final-final,proj-wikitext2-r50-s0,proj-selfgen-r50-s0,L17.fc2,17,fc2,2048,1154,0.5634765625,0.851418137550354
init-init,proj-wikitext2-r50-s0,proj-selfgen-r50-s0,L18.qkv,18,qkv,2048,1490,0.7275390625,0.899111807346344
final-final,proj-wikitext2-r50-s0,proj-selfgen-r50-s0,L18.qkv,18,qkv,2048,1490,0.7275390625,0.8967986106872559
init-init,proj-wikitext2-r50-s0,proj-selfgen-r50-s0,L18.o,18,o,2048,1490,0.7275390625,0.9018130898475647
final-final,proj-wikitext2-r50-s0,proj-selfgen-r50-s0,L18.o,18,o,2048,1490,0.7275390625,0.8983665704727173
init-init,proj-wikitext2-r50-s0,proj-selfgen-r50-s0,L18.fc1,18,fc1,2048,1154,0.5634765625,0.8392243385314941
final-final,proj-wikitext2-r50-s0,proj-selfgen-r50-s0,L18.fc1,18,fc1,2048,1154,0.5634765625,0.8337512612342834
init-init,proj-wikitext2-r50-s0,proj-selfgen-r50-s0,L18.fc2,18,fc2,2048,1154,0.5634765625,0.8535246253013611
final-final,proj-wikitext2-r50-s0,proj-selfgen-r50-s0,L18.fc2,18,fc2,2048,1154,0.5634765625,0.8472023606300354
init-init,proj-wikitext2-r50-s0,proj-selfgen-r50-s0,L19.qkv,19,qkv,2048,1490,0.7275390625,0.8951318264007568
final-final,proj-wikitext2-r50-s0,proj-selfgen-r50-s0,L19.qkv,19,qkv,2048,1490,0.7275390625,0.8929513096809387
init-init,proj-wikitext2-r50-s0,proj-selfgen-r50-s0,L19.o,19,o,2048,1490,0.7275390625,0.8989385962486267
final-final,proj-wikitext2-r50-s0,proj-selfgen-r50-s0,L19.o,19,o,2048,1490,0.7275390625,0.8958917260169983
init-init,proj-wikitext2-r50-s0,proj-selfgen-r50-s0,L19.fc1,19,fc1,2048,1154,0.5634765625,0.8376258611679077
final-final,proj-wikitext2-r50-s0,proj-selfgen-r50-s0,L19.fc1,19,fc1,2048,1154,0.5634765625,0.8324158191680908
init-init,proj-wikitext2-r50-s0,proj-selfgen-r50-s0,L19.fc2,19,fc2,2048,1154,0.5634765625,0.8503974676132202
final-final,proj-wikitext2-r50-s0,proj-selfgen-r50-s0,L19.fc2,19,fc2,2048,1154,0.5634765625,0.8439680337905884
init-init,proj-wikitext2-r50-s0,proj-selfgen-r50-s0,L20.qkv,20,qkv,2048,1490,0.7275390625,0.8951868414878845
final-final,proj-wikitext2-r50-s0,proj-selfgen-r50-s0,L20.qkv,20,qkv,2048,1490,0.7275390625,0.8931142687797546
init-init,proj-wikitext2-r50-s0,proj-selfgen-r50-s0,L20.o,20,o,2048,1490,0.7275390625,0.8979431986808777
final-final,proj-wikitext2-r50-s0,proj-selfgen-r50-s0,L20.o,20,o,2048,1490,0.7275390625,0.8944690227508545
init-init,proj-wikitext2-r50-s0,proj-selfgen-r50-s0,L20.fc1,20,fc1,2048,1154,0.5634765625,0.8360703587532043
final-final,proj-wikitext2-r50-s0,proj-selfgen-r50-s0,L20.fc1,20,fc1,2048,1154,0.5634765625,0.8306757807731628
init-init,proj-wikitext2-r50-s0,proj-selfgen-r50-s0,L20.fc2,20,fc2,2048,1154,0.5634765625,0.8438889980316162
final-final,proj-wikitext2-r50-s0,proj-selfgen-r50-s0,L20.fc2,20,fc2,2048,1154,0.5634765625,0.8371652960777283
init-init,proj-wikitext2-r50-s0,proj-selfgen-r50-s0,L21.qkv,21,qkv,2048,1490,0.7275390625,0.887018620967865
final-final,proj-wikitext2-r50-s0,proj-selfgen-r50-s0,L21.qkv,21,qkv,2048,1490,0.7275390625,0.8849583268165588
init-init,proj-wikitext2-r50-s0,proj-selfgen-r50-s0,L21.o,21,o,2048,1490,0.7275390625,0.8792222142219543
final-final,proj-wikitext2-r50-s0,proj-selfgen-r50-s0,L21.o,21,o,2048,1490,0.7275390625,0.8766533136367798
init-init,proj-wikitext2-r50-s0,proj-selfgen-r50-s0,L21.fc1,21,fc1,2048,1154,0.5634765625,0.8302590250968933
final-final,proj-wikitext2-r50-s0,proj-selfgen-r50-s0,L21.fc1,21,fc1,2048,1154,0.5634765625,0.8254855871200562
init-init,proj-wikitext2-r50-s0,proj-selfgen-r50-s0,L21.fc2,21,fc2,2048,1154,0.5634765625,0.8448533415794373
final-final,proj-wikitext2-r50-s0,proj-selfgen-r50-s0,L21.fc2,21,fc2,2048,1154,0.5634765625,0.8384824991226196
init-init,proj-wikitext2-r50-s0,proj-selfgen-r50-s0,L22.qkv,22,qkv,2048,1490,0.7275390625,0.8814871907234192
final-final,proj-wikitext2-r50-s0,proj-selfgen-r50-s0,L22.qkv,22,qkv,2048,1490,0.7275390625,0.8795913457870483
init-init,proj-wikitext2-r50-s0,proj-selfgen-r50-s0,L22.o,22,o,2048,1490,0.7275390625,0.8637444972991943
final-final,proj-wikitext2-r50-s0,proj-selfgen-r50-s0,L22.o,22,o,2048,1490,0.7275390625,0.861696183681488
init-init,proj-wikitext2-r50-s0,proj-selfgen-r50-s0,L22.fc1,22,fc1,2048,1154,0.5634765625,0.8240364193916321
final-final,proj-wikitext2-r50-s0,proj-selfgen-r50-s0,L22.fc1,22,fc1,2048,1154,0.5634765625,0.8206491470336914
init-init,proj-wikitext2-r50-s0,proj-selfgen-r50-s0,L22.fc2,22,fc2,2048,1154,0.5634765625,0.854341983795166
final-final,proj-wikitext2-r50-s0,proj-selfgen-r50-s0,L22.fc2,22,fc2,2048,1154,0.5634765625,0.848504900932312
init-init,proj-wikitext2-r50-s0,proj-selfgen-r50-s0,L23.qkv,23,qkv,2048,1490,0.7275390625,0.8850520849227905
final-final,proj-wikitext2-r50-s0,proj-selfgen-r50-s0,L23.qkv,23,qkv,2048,1490,0.7275390625,0.8842193484306335
init-init,proj-wikitext2-r50-s0,proj-selfgen-r50-s0,L23.o,23,o,2048,1490,0.7275390625,0.8676866888999939
final-final,proj-wikitext2-r50-s0,proj-selfgen-r50-s0,L23.o,23,o,2048,1490,0.7275390625,0.8649225234985352
init-init,proj-wikitext2-r50-s0,proj-selfgen-r50-s0,L23.fc1,23,fc1,2048,1154,0.5634765625,0.8150899410247803
final-final,proj-wikitext2-r50-s0,proj-selfgen-r50-s0,L23.fc1,23,fc1,2048,1154,0.5634765625,0.8124415874481201
init-init,proj-wikitext2-r50-s0,proj-selfgen-r50-s0,L23.fc2,23,fc2,2048,1154,0.5634765625,0.8648303151130676
final-final,proj-wikitext2-r50-s0,proj-selfgen-r50-s0,L23.fc2,23,fc2,2048,1154,0.5634765625,0.8570596575737
init-init,proj-wikitext2-r50-s0,proj-selfdoc-r50-s0,L0.qkv,0,qkv,2048,1490,0.7275390625,0.9222440123558044
final-final,proj-wikitext2-r50-s0,proj-selfdoc-r50-s0,L0.qkv,0,qkv,2048,1490,0.7275390625,0.9180089235305786
init-init,proj-wikitext2-r50-s0,proj-selfdoc-r50-s0,L0.o,0,o,2048,1490,0.7275390625,0.9605110287666321
final-final,proj-wikitext2-r50-s0,proj-selfdoc-r50-s0,L0.o,0,o,2048,1490,0.7275390625,0.9571282863616943
init-init,proj-wikitext2-r50-s0,proj-selfdoc-r50-s0,L0.fc1,0,fc1,2048,1154,0.5634765625,0.8901136517524719
final-final,proj-wikitext2-r50-s0,proj-selfdoc-r50-s0,L0.fc1,0,fc1,2048,1154,0.5634765625,0.8859255313873291
init-init,proj-wikitext2-r50-s0,proj-selfdoc-r50-s0,L0.fc2,0,fc2,2048,1154,0.5634765625,0.9080067873001099
final-final,proj-wikitext2-r50-s0,proj-selfdoc-r50-s0,L0.fc2,0,fc2,2048,1154,0.5634765625,0.9027395844459534
init-init,proj-wikitext2-r50-s0,proj-selfdoc-r50-s0,L1.qkv,1,qkv,2048,1490,0.7275390625,0.9545692205429077
final-final,proj-wikitext2-r50-s0,proj-selfdoc-r50-s0,L1.qkv,1,qkv,2048,1490,0.7275390625,0.9510259032249451
init-init,proj-wikitext2-r50-s0,proj-selfdoc-r50-s0,L1.o,1,o,2048,1490,0.7275390625,0.9354271292686462
final-final,proj-wikitext2-r50-s0,proj-selfdoc-r50-s0,L1.o,1,o,2048,1490,0.7275390625,0.9328446388244629
init-init,proj-wikitext2-r50-s0,proj-selfdoc-r50-s0,L1.fc1,1,fc1,2048,1154,0.5634765625,0.9295124411582947
final-final,proj-wikitext2-r50-s0,proj-selfdoc-r50-s0,L1.fc1,1,fc1,2048,1154,0.5634765625,0.9261927604675293
init-init,proj-wikitext2-r50-s0,proj-selfdoc-r50-s0,L1.fc2,1,fc2,2048,1154,0.5634765625,0.8814389705657959
final-final,proj-wikitext2-r50-s0,proj-selfdoc-r50-s0,L1.fc2,1,fc2,2048,1154,0.5634765625,0.8767012357711792
init-init,proj-wikitext2-r50-s0,proj-selfdoc-r50-s0,L2.qkv,2,qkv,2048,1490,0.7275390625,0.9507871866226196
final-final,proj-wikitext2-r50-s0,proj-selfdoc-r50-s0,L2.qkv,2,qkv,2048,1490,0.7275390625,0.9466952681541443
init-init,proj-wikitext2-r50-s0,proj-selfdoc-r50-s0,L2.o,2,o,2048,1490,0.7275390625,0.9411165714263916
final-final,proj-wikitext2-r50-s0,proj-selfdoc-r50-s0,L2.o,2,o,2048,1490,0.7275390625,0.9390063285827637
init-init,proj-wikitext2-r50-s0,proj-selfdoc-r50-s0,L2.fc1,2,fc1,2048,1154,0.5634765625,0.9186505079269409
final-final,proj-wikitext2-r50-s0,proj-selfdoc-r50-s0,L2.fc1,2,fc1,2048,1154,0.5634765625,0.9152205586433411
init-init,proj-wikitext2-r50-s0,proj-selfdoc-r50-s0,L2.fc2,2,fc2,2048,1154,0.5634765625,0.8784877061843872
final-final,proj-wikitext2-r50-s0,proj-selfdoc-r50-s0,L2.fc2,2,fc2,2048,1154,0.5634765625,0.8738075494766235
init-init,proj-wikitext2-r50-s0,proj-selfdoc-r50-s0,L3.qkv,3,qkv,2048,1490,0.7275390625,0.9451903104782104
final-final,proj-wikitext2-r50-s0,proj-selfdoc-r50-s0,L3.qkv,3,qkv,2048,1490,0.7275390625,0.9407193064689636
init-init,proj-wikitext2-r50-s0,proj-selfdoc-r50-s0,L3.o,3,o,2048,1490,0.7275390625,0.9234431982040405
final-final,proj-wikitext2-r50-s0,proj-selfdoc-r50-s0,L3.o,3,o,2048,1490,0.7275390625,0.9209631681442261
init-init,proj-wikitext2-r50-s0,proj-selfdoc-r50-s0,L3.fc1,3,fc1,2048,1154,0.5634765625,0.9096089601516724
final-final,proj-wikitext2-r50-s0,proj-selfdoc-r50-s0,L3.fc1,3,fc1,2048,1154,0.5634765625,0.905130922794342
init-init,proj-wikitext2-r50-s0,proj-selfdoc-r50-s0,L3.fc2,3,fc2,2048,1154,0.5634765625,0.8682820796966553
final-final,proj-wikitext2-r50-s0,proj-selfdoc-r50-s0,L3.fc2,3,fc2,2048,1154,0.5634765625,0.8633641600608826
init-init,proj-wikitext2-r50-s0,proj-selfdoc-r50-s0,L4.qkv,4,qkv,2048,1490,0.7275390625,0.9403977990150452
final-final,proj-wikitext2-r50-s0,proj-selfdoc-r50-s0,L4.qkv,4,qkv,2048,1490,0.7275390625,0.9361136555671692
init-init,proj-wikitext2-r50-s0,proj-selfdoc-r50-s0,L4.o,4,o,2048,1490,0.7275390625,0.9326717853546143
final-final,proj-wikitext2-r50-s0,proj-selfdoc-r50-s0,L4.o,4,o,2048,1490,0.7275390625,0.930264949798584
init-init,proj-wikitext2-r50-s0,proj-selfdoc-r50-s0,L4.fc1,4,fc1,2048,1154,0.5634765625,0.9028047323226929
final-final,proj-wikitext2-r50-s0,proj-selfdoc-r50-s0,L4.fc1,4,fc1,2048,1154,0.5634765625,0.8978005051612854
init-init,proj-wikitext2-r50-s0,proj-selfdoc-r50-s0,L4.fc2,4,fc2,2048,1154,0.5634765625,0.8386616706848145
final-final,proj-wikitext2-r50-s0,proj-selfdoc-r50-s0,L4.fc2,4,fc2,2048,1154,0.5634765625,0.8341818451881409
init-init,proj-wikitext2-r50-s0,proj-selfdoc-r50-s0,L5.qkv,5,qkv,2048,1490,0.7275390625,0.9327495098114014
final-final,proj-wikitext2-r50-s0,proj-selfdoc-r50-s0,L5.qkv,5,qkv,2048,1490,0.7275390625,0.9285509586334229
init-init,proj-wikitext2-r50-s0,proj-selfdoc-r50-s0,L5.o,5,o,2048,1490,0.7275390625,0.9246295690536499
final-final,proj-wikitext2-r50-s0,proj-selfdoc-r50-s0,L5.o,5,o,2048,1490,0.7275390625,0.9220120310783386
init-init,proj-wikitext2-r50-s0,proj-selfdoc-r50-s0,L5.fc1,5,fc1,2048,1154,0.5634765625,0.8942054510116577
final-final,proj-wikitext2-r50-s0,proj-selfdoc-r50-s0,L5.fc1,5,fc1,2048,1154,0.5634765625,0.888940155506134
init-init,proj-wikitext2-r50-s0,proj-selfdoc-r50-s0,L5.fc2,5,fc2,2048,1154,0.5634765625,0.8297892212867737
final-final,proj-wikitext2-r50-s0,proj-selfdoc-r50-s0,L5.fc2,5,fc2,2048,1154,0.5634765625,0.8252429962158203
init-init,proj-wikitext2-r50-s0,proj-selfdoc-r50-s0,L6.qkv,6,qkv,2048,1490,0.7275390625,0.9284544587135315
final-final,proj-wikitext2-r50-s0,proj-selfdoc-r50-s0,L6.qkv,6,qkv,2048,1490,0.7275390625,0.9238192439079285
init-init,proj-wikitext2-r50-s0,proj-selfdoc-r50-s0,L6.o,6,o,2048,1490,0.7275390625,0.9168649911880493
final-final,proj-wikitext2-r50-s0,proj-selfdoc-r50-s0,L6.o,6,o,2048,1490,0.7275390625,0.9133979678153992
init-init,proj-wikitext2-r50-s0,proj-selfdoc-r50-s0,L6.fc1,6,fc1,2048,1154,0.5634765625,0.8838456273078918
final-final,proj-wikitext2-r50-s0,proj-selfdoc-r50-s0,L6.fc1,6,fc1,2048,1154,0.5634765625,0.8782647848129272
init-init,proj-wikitext2-r50-s0,proj-selfdoc-r50-s0,L6.fc2,6,fc2,2048,1154,0.5634765625,0.8233420848846436
final-final,proj-wikitext2-r50-s0,proj-selfdoc-r50-s0,L6.fc2,6,fc2,2048,1154,0.5634765625,0.8192098736763
init-init,proj-wikitext2-r50-s0,proj-selfdoc-r50-s0,L7.qkv,7,qkv,2048,1490,0.7275390625,0.9224555492401123
final-final,proj-wikitext2-r50-s0,proj-selfdoc-r50-s0,L7.qkv,7,qkv,2048,1490,0.7275390625,0.9178586602210999
init-init,proj-wikitext2-r50-s0,proj-selfdoc-r50-s0,L7.o,7,o,2048,1490,0.7275390625,0.9147894978523254
final-final,proj-wikitext2-r50-s0,proj-selfdoc-r50-s0,L7.o,7,o,2048,1490,0.7275390625,0.9109947085380554
init-init,proj-wikitext2-r50-s0,proj-selfdoc-r50-s0,L7.fc1,7,fc1,2048,1154,0.5634765625,0.8738183975219727
final-final,proj-wikitext2-r50-s0,proj-selfdoc-r50-s0,L7.fc1,7,fc1,2048,1154,0.5634765625,0.8681223392486572
init-init,proj-wikitext2-r50-s0,proj-selfdoc-r50-s0,L7.fc2,7,fc2,2048,1154,0.5634765625,0.822472333908081
final-final,proj-wikitext2-r50-s0,proj-selfdoc-r50-s0,L7.fc2,7,fc2,2048,1154,0.5634765625,0.8182673454284668
init-init,proj-wikitext2-r50-s0,proj-selfdoc-r50-s0,L8.qkv,8,qkv,2048,1490,0.7275390625,0.9172055721282959
final-final,proj-wikitext2-r50-s0,proj-selfdoc-r50-s0,L8.qkv,8,qkv,2048,1490,0.7275390625,0.9127143621444702
init-init,proj-wikitext2-r50-s0,proj-selfdoc-r50-s0,L8.o,8,o,2048,1490,0.7275390625,0.9106844067573547
final-final,proj-wikitext2-r50-s0,proj-selfdoc-r50-s0,L8.o,8,o,2048,1490,0.7275390625,0.9067050814628601
init-init,proj-wikitext2-r50-s0,proj-selfdoc-r50-s0,L8.fc1,8,fc1,2048,1154,0.5634765625,0.8631731271743774
final-final,proj-wikitext2-r50-s0,proj-selfdoc-r50-s0,L8.fc1,8,fc1,2048,1154,0.5634765625,0.8573961853981018
init-init,proj-wikitext2-r50-s0,proj-selfdoc-r50-s0,L8.fc2,8,fc2,2048,1154,0.5634765625,0.8289839029312134
final-final,proj-wikitext2-r50-s0,proj-selfdoc-r50-s0,L8.fc2,8,fc2,2048,1154,0.5634765625,0.8238343596458435
init-init,proj-wikitext2-r50-s0,proj-selfdoc-r50-s0,L9.qkv,9,qkv,2048,1490,0.7275390625,0.9110104441642761
final-final,proj-wikitext2-r50-s0,proj-selfdoc-r50-s0,L9.qkv,9,qkv,2048,1490,0.7275390625,0.9064514636993408
init-init,proj-wikitext2-r50-s0,proj-selfdoc-r50-s0,L9.o,9,o,2048,1490,0.7275390625,0.9099582433700562
final-final,proj-wikitext2-r50-s0,proj-selfdoc-r50-s0,L9.o,9,o,2048,1490,0.7275390625,0.9059544205665588
init-init,proj-wikitext2-r50-s0,proj-selfdoc-r50-s0,L9.fc1,9,fc1,2048,1154,0.5634765625,0.853394091129303
final-final,proj-wikitext2-r50-s0,proj-selfdoc-r50-s0,L9.fc1,9,fc1,2048,1154,0.5634765625,0.8478290438652039
init-init,proj-wikitext2-r50-s0,proj-selfdoc-r50-s0,L9.fc2,9,fc2,2048,1154,0.5634765625,0.8484561443328857
final-final,proj-wikitext2-r50-s0,proj-selfdoc-r50-s0,L9.fc2,9,fc2,2048,1154,0.5634765625,0.8427666425704956
init-init,proj-wikitext2-r50-s0,proj-selfdoc-r50-s0,L10.qkv,10,qkv,2048,1490,0.7275390625,0.9116809368133545
final-final,proj-wikitext2-r50-s0,proj-selfdoc-r50-s0,L10.qkv,10,qkv,2048,1490,0.7275390625,0.9073597192764282
init-init,proj-wikitext2-r50-s0,proj-selfdoc-r50-s0,L10.o,10,o,2048,1490,0.7275390625,0.9077694416046143
final-final,proj-wikitext2-r50-s0,proj-selfdoc-r50-s0,L10.o,10,o,2048,1490,0.7275390625,0.9034225940704346
init-init,proj-wikitext2-r50-s0,proj-selfdoc-r50-s0,L10.fc1,10,fc1,2048,1154,0.5634765625,0.8476888537406921
final-final,proj-wikitext2-r50-s0,proj-selfdoc-r50-s0,L10.fc1,10,fc1,2048,1154,0.5634765625,0.8422611355781555
init-init,proj-wikitext2-r50-s0,proj-selfdoc-r50-s0,L10.fc2,10,fc2,2048,1154,0.5634765625,0.8499460816383362
final-final,proj-wikitext2-r50-s0,proj-selfdoc-r50-s0,L10.fc2,10,fc2,2048,1154,0.5634765625,0.8441351056098938
init-init,proj-wikitext2-r50-s0,proj-selfdoc-r50-s0,L11.qkv,11,qkv,2048,1490,0.7275390625,0.9076708555221558
final-final,proj-wikitext2-r50-s0,proj-selfdoc-r50-s0,L11.qkv,11,qkv,2048,1490,0.7275390625,0.9034293293952942
init-init,proj-wikitext2-r50-s0,proj-selfdoc-r50-s0,L11.o,11,o,2048,1490,0.7275390625,0.9127264618873596
final-final,proj-wikitext2-r50-s0,proj-selfdoc-r50-s0,L11.o,11,o,2048,1490,0.7275390625,0.9086734056472778
init-init,proj-wikitext2-r50-s0,proj-selfdoc-r50-s0,L11.fc1,11,fc1,2048,1154,0.5634765625,0.843619167804718
final-final,proj-wikitext2-r50-s0,proj-selfdoc-r50-s0,L11.fc1,11,fc1,2048,1154,0.5634765625,0.8382702469825745
init-init,proj-wikitext2-r50-s0,proj-selfdoc-r50-s0,L11.fc2,11,fc2,2048,1154,0.5634765625,0.861655056476593
final-final,proj-wikitext2-r50-s0,proj-selfdoc-r50-s0,L11.fc2,11,fc2,2048,1154,0.5634765625,0.8553389310836792
init-init,proj-wikitext2-r50-s0,proj-selfdoc-r50-s0,L12.qkv,12,qkv,2048,1490,0.7275390625,0.9077631235122681
final-final,proj-wikitext2-r50-s0,proj-selfdoc-r50-s0,L12.qkv,12,qkv,2048,1490,0.7275390625,0.9037560224533081
init-init,proj-wikitext2-r50-s0,proj-selfdoc-r50-s0,L12.o,12,o,2048,1490,0.7275390625,0.9154553413391113
final-final,proj-wikitext2-r50-s0,proj-selfdoc-r50-s0,L12.o,12,o,2048,1490,0.7275390625,0.9114164710044861
init-init,proj-wikitext2-r50-s0,proj-selfdoc-r50-s0,L12.fc1,12,fc1,2048,1154,0.5634765625,0.8418703079223633
final-final,proj-wikitext2-r50-s0,proj-selfdoc-r50-s0,L12.fc1,12,fc1,2048,1154,0.5634765625,0.8366070985794067
init-init,proj-wikitext2-r50-s0,proj-selfdoc-r50-s0,L12.fc2,12,fc2,2048,1154,0.5634765625,0.8669187426567078
final-final,proj-wikitext2-r50-s0,proj-selfdoc-r50-s0,L12.fc2,12,fc2,2048,1154,0.5634765625,0.8604487180709839
init-init,proj-wikitext2-r50-s0,proj-selfdoc-r50-s0,L13.qkv,13,qkv,2048,1490,0.7275390625,0.9108726382255554
final-final,proj-wikitext2-r50-s0,proj-selfdoc-r50-s0,L13.qkv,13,qkv,2048,1490,0.7275390625,0.9067579507827759
init-init,proj-wikitext2-r50-s0,proj-selfdoc-r50-s0,L13.o,13,o,2048,1490,0.7275390625,0.9218271374702454
final-final,proj-wikitext2-r50-s0,proj-selfdoc-r50-s0,L13.o,13,o,2048,1490,0.7275390625,0.9173202514648438
init-init,proj-wikitext2-r50-s0,proj-selfdoc-r50-s0,L13.fc1,13,fc1,2048,1154,0.5634765625,0.8406634330749512
final-final,proj-wikitext2-r50-s0,proj-selfdoc-r50-s0,L13.fc1,13,fc1,2048,1154,0.5634765625,0.8354900479316711
init-init,proj-wikitext2-r50-s0,proj-selfdoc-r50-s0,L13.fc2,13,fc2,2048,1154,0.5634765625,0.8692581057548523
final-final,proj-wikitext2-r50-s0,proj-selfdoc-r50-s0,L13.fc2,13,fc2,2048,1154,0.5634765625,0.8625677824020386
init-init,proj-wikitext2-r50-s0,proj-selfdoc-r50-s0,L14.qkv,14,qkv,2048,1490,0.7275390625,0.9078667759895325
final-final,proj-wikitext2-r50-s0,proj-selfdoc-r50-s0,L14.qkv,14,qkv,2048,1490,0.7275390625,0.9042146801948547
init-init,proj-wikitext2-r50-s0,proj-selfdoc-r50-s0,L14.o,14,o,2048,1490,0.7275390625,0.9063813090324402
final-final,proj-wikitext2-r50-s0,proj-selfdoc-r50-s0,L14.o,14,o,2048,1490,0.7275390625,0.9023950695991516
init-init,proj-wikitext2-r50-s0,proj-selfdoc-r50-s0,L14.fc1,14,fc1,2048,1154,0.5634765625,0.8376824259757996
final-final,proj-wikitext2-r50-s0,proj-selfdoc-r50-s0,L14.fc1,14,fc1,2048,1154,0.5634765625,0.8326108455657959
init-init,proj-wikitext2-r50-s0,proj-selfdoc-r50-s0,L14.fc2,14,fc2,2048,1154,0.5634765625,0.8631253242492676
final-final,proj-wikitext2-r50-s0,proj-selfdoc-r50-s0,L14.fc2,14,fc2,2048,1154,0.5634765625,0.856566309928894
init-init,proj-wikitext2-r50-s0,proj-selfdoc-r50-s0,L15.qkv,15,qkv,2048,1490,0.7275390625,0.9094661474227905
final-final,proj-wikitext2-r50-s0,proj-selfdoc-r50-s0,L15.qkv,15,qkv,2048,1490,0.7275390625,0.9059997797012329
init-init,proj-wikitext2-r50-s0,proj-selfdoc-r50-s0,L15.o,15,o,2048,1490,0.7275390625,0.8984723687171936
final-final,proj-wikitext2-r50-s0,proj-selfdoc-r50-s0,L15.o,15,o,2048,1490,0.7275390625,0.894940972328186
init-init,proj-wikitext2-r50-s0,proj-selfdoc-r50-s0,L15.fc1,15,fc1,2048,1154,0.5634765625,0.8338317275047302
final-final,proj-wikitext2-r50-s0,proj-selfdoc-r50-s0,L15.fc1,15,fc1,2048,1154,0.5634765625,0.8288355469703674
init-init,proj-wikitext2-r50-s0,proj-selfdoc-r50-s0,L15.fc2,15,fc2,2048,1154,0.5634765625,0.8628126382827759
final-final,proj-wikitext2-r50-s0,proj-selfdoc-r50-s0,L15.fc2,15,fc2,2048,1154,0.5634765625,0.8562946915626526
init-init,proj-wikitext2-r50-s0,proj-selfdoc-r50-s0,L16.qkv,16,qkv,2048,1490,0.7275390625,0.901556134223938
final-final,proj-wikitext2-r50-s0,proj-selfdoc-r50-s0,L16.qkv,16,qkv,2048,1490,0.7275390625,0.8986988663673401
init-init,proj-wikitext2-r50-s0,proj-selfdoc-r50-s0,L16.o,16,o,2048,1490,0.7275390625,0.902546226978302
final-final,proj-wikitext2-r50-s0,proj-selfdoc-r50-s0,L16.o,16,o,2048,1490,0.7275390625,0.8992137312889099
init-init,proj-wikitext2-r50-s0,proj-selfdoc-r50-s0,L16.fc1,16,fc1,2048,1154,0.5634765625,0.8348423838615417
final-final,proj-wikitext2-r50-s0,proj-selfdoc-r50-s0,L16.fc1,16,fc1,2048,1154,0.5634765625,0.8296577334403992
init-init,proj-wikitext2-r50-s0,proj-selfdoc-r50-s0,L16.fc2,16,fc2,2048,1154,0.5634765625,0.8568723201751709
final-final,proj-wikitext2-r50-s0,proj-selfdoc-r50-s0,L16.fc2,16,fc2,2048,1154,0.5634765625,0.8501942753791809
init-init,proj-wikitext2-r50-s0,proj-selfdoc-r50-s0,L17.qkv,17,qkv,2048,1490,0.7275390625,0.8967973589897156
final-final,proj-wikitext2-r50-s0,proj-selfdoc-r50-s0,L17.qkv,17,qkv,2048,1490,0.7275390625,0.89370197057724
init-init,proj-wikitext2-r50-s0,proj-selfdoc-r50-s0,L17.o,17,o,2048,1490,0.7275390625,0.8985736966133118
final-final,proj-wikitext2-r50-s0,proj-selfdoc-r50-s0,L17.o,17,o,2048,1490,0.7275390625,0.8952407836914062
init-init,proj-wikitext2-r50-s0,proj-selfdoc-r50-s0,L17.fc1,17,fc1,2048,1154,0.5634765625,0.8345774412155151
final-final,proj-wikitext2-r50-s0,proj-selfdoc-r50-s0,L17.fc1,17,fc1,2048,1154,0.5634765625,0.8293266892433167
init-init,proj-wikitext2-r50-s0,proj-selfdoc-r50-s0,L17.fc2,17,fc2,2048,1154,0.5634765625,0.8525111079216003
final-final,proj-wikitext2-r50-s0,proj-selfdoc-r50-s0,L17.fc2,17,fc2,2048,1154,0.5634765625,0.8461470007896423
init-init,proj-wikitext2-r50-s0,proj-selfdoc-r50-s0,L18.qkv,18,qkv,2048,1490,0.7275390625,0.8962388634681702
final-final,proj-wikitext2-r50-s0,proj-selfdoc-r50-s0,L18.qkv,18,qkv,2048,1490,0.7275390625,0.893880307674408
init-init,proj-wikitext2-r50-s0,proj-selfdoc-r50-s0,L18.o,18,o,2048,1490,0.7275390625,0.8972325325012207
final-final,proj-wikitext2-r50-s0,proj-selfdoc-r50-s0,L18.o,18,o,2048,1490,0.7275390625,0.8940938115119934
init-init,proj-wikitext2-r50-s0,proj-selfdoc-r50-s0,L18.fc1,18,fc1,2048,1154,0.5634765625,0.8359052538871765
final-final,proj-wikitext2-r50-s0,proj-selfdoc-r50-s0,L18.fc1,18,fc1,2048,1154,0.5634765625,0.8303678631782532
init-init,proj-wikitext2-r50-s0,proj-selfdoc-r50-s0,L18.fc2,18,fc2,2048,1154,0.5634765625,0.8493424654006958
final-final,proj-wikitext2-r50-s0,proj-selfdoc-r50-s0,L18.fc2,18,fc2,2048,1154,0.5634765625,0.8425997495651245
init-init,proj-wikitext2-r50-s0,proj-selfdoc-r50-s0,L19.qkv,19,qkv,2048,1490,0.7275390625,0.8926820158958435
final-final,proj-wikitext2-r50-s0,proj-selfdoc-r50-s0,L19.qkv,19,qkv,2048,1490,0.7275390625,0.8906393051147461
init-init,proj-wikitext2-r50-s0,proj-selfdoc-r50-s0,L19.o,19,o,2048,1490,0.7275390625,0.8966661095619202
final-final,proj-wikitext2-r50-s0,proj-selfdoc-r50-s0,L19.o,19,o,2048,1490,0.7275390625,0.8936313390731812
init-init,proj-wikitext2-r50-s0,proj-selfdoc-r50-s0,L19.fc1,19,fc1,2048,1154,0.5634765625,0.8345978856086731
final-final,proj-wikitext2-r50-s0,proj-selfdoc-r50-s0,L19.fc1,19,fc1,2048,1154,0.5634765625,0.829189121723175
init-init,proj-wikitext2-r50-s0,proj-selfdoc-r50-s0,L19.fc2,19,fc2,2048,1154,0.5634765625,0.8457887172698975
final-final,proj-wikitext2-r50-s0,proj-selfdoc-r50-s0,L19.fc2,19,fc2,2048,1154,0.5634765625,0.8389949798583984
init-init,proj-wikitext2-r50-s0,proj-selfdoc-r50-s0,L20.qkv,20,qkv,2048,1490,0.7275390625,0.8929300904273987
final-final,proj-wikitext2-r50-s0,proj-selfdoc-r50-s0,L20.qkv,20,qkv,2048,1490,0.7275390625,0.8910712003707886
init-init,proj-wikitext2-r50-s0,proj-selfdoc-r50-s0,L20.o,20,o,2048,1490,0.7275390625,0.8981761932373047
final-final,proj-wikitext2-r50-s0,proj-selfdoc-r50-s0,L20.o,20,o,2048,1490,0.7275390625,0.8944711685180664
init-init,proj-wikitext2-r50-s0,proj-selfdoc-r50-s0,L20.fc1,20,fc1,2048,1154,0.5634765625,0.833337664604187
final-final,proj-wikitext2-r50-s0,proj-selfdoc-r50-s0,L20.fc1,20,fc1,2048,1154,0.5634765625,0.8275159597396851
init-init,proj-wikitext2-r50-s0,proj-selfdoc-r50-s0,L20.fc2,20,fc2,2048,1154,0.5634765625,0.8394477963447571
final-final,proj-wikitext2-r50-s0,proj-selfdoc-r50-s0,L20.fc2,20,fc2,2048,1154,0.5634765625,0.8322161436080933
init-init,proj-wikitext2-r50-s0,proj-selfdoc-r50-s0,L21.qkv,21,qkv,2048,1490,0.7275390625,0.8842413425445557
final-final,proj-wikitext2-r50-s0,proj-selfdoc-r50-s0,L21.qkv,21,qkv,2048,1490,0.7275390625,0.8823634386062622
init-init,proj-wikitext2-r50-s0,proj-selfdoc-r50-s0,L21.o,21,o,2048,1490,0.7275390625,0.8811773061752319
final-final,proj-wikitext2-r50-s0,proj-selfdoc-r50-s0,L21.o,21,o,2048,1490,0.7275390625,0.8783035278320312
init-init,proj-wikitext2-r50-s0,proj-selfdoc-r50-s0,L21.fc1,21,fc1,2048,1154,0.5634765625,0.8274853825569153
final-final,proj-wikitext2-r50-s0,proj-selfdoc-r50-s0,L21.fc1,21,fc1,2048,1154,0.5634765625,0.8222861289978027
init-init,proj-wikitext2-r50-s0,proj-selfdoc-r50-s0,L21.fc2,21,fc2,2048,1154,0.5634765625,0.8409518599510193
final-final,proj-wikitext2-r50-s0,proj-selfdoc-r50-s0,L21.fc2,21,fc2,2048,1154,0.5634765625,0.8341836929321289
init-init,proj-wikitext2-r50-s0,proj-selfdoc-r50-s0,L22.qkv,22,qkv,2048,1490,0.7275390625,0.8793659806251526
final-final,proj-wikitext2-r50-s0,proj-selfdoc-r50-s0,L22.qkv,22,qkv,2048,1490,0.7275390625,0.8773922920227051
init-init,proj-wikitext2-r50-s0,proj-selfdoc-r50-s0,L22.o,22,o,2048,1490,0.7275390625,0.8663431406021118
final-final,proj-wikitext2-r50-s0,proj-selfdoc-r50-s0,L22.o,22,o,2048,1490,0.7275390625,0.8639765381813049
init-init,proj-wikitext2-r50-s0,proj-selfdoc-r50-s0,L22.fc1,22,fc1,2048,1154,0.5634765625,0.8213576078414917
final-final,proj-wikitext2-r50-s0,proj-selfdoc-r50-s0,L22.fc1,22,fc1,2048,1154,0.5634765625,0.8175565004348755
init-init,proj-wikitext2-r50-s0,proj-selfdoc-r50-s0,L22.fc2,22,fc2,2048,1154,0.5634765625,0.8514115810394287
final-final,proj-wikitext2-r50-s0,proj-selfdoc-r50-s0,L22.fc2,22,fc2,2048,1154,0.5634765625,0.8453522324562073
init-init,proj-wikitext2-r50-s0,proj-selfdoc-r50-s0,L23.qkv,23,qkv,2048,1490,0.7275390625,0.8827951550483704
final-final,proj-wikitext2-r50-s0,proj-selfdoc-r50-s0,L23.qkv,23,qkv,2048,1490,0.7275390625,0.8819342255592346
init-init,proj-wikitext2-r50-s0,proj-selfdoc-r50-s0,L23.o,23,o,2048,1490,0.7275390625,0.8704658150672913
final-final,proj-wikitext2-r50-s0,proj-selfdoc-r50-s0,L23.o,23,o,2048,1490,0.7275390625,0.8676573038101196
init-init,proj-wikitext2-r50-s0,proj-selfdoc-r50-s0,L23.fc1,23,fc1,2048,1154,0.5634765625,0.8117783069610596
final-final,proj-wikitext2-r50-s0,proj-selfdoc-r50-s0,L23.fc1,23,fc1,2048,1154,0.5634765625,0.8092517852783203
init-init,proj-wikitext2-r50-s0,proj-selfdoc-r50-s0,L23.fc2,23,fc2,2048,1154,0.5634765625,0.8648499846458435
final-final,proj-wikitext2-r50-s0,proj-selfdoc-r50-s0,L23.fc2,23,fc2,2048,1154,0.5634765625,0.856328010559082
init-init,proj-c4-r50-s0,proj-slimpajama-r50-s0,L0.qkv,0,qkv,2048,1490,0.7275390625,0.9506043195724487
final-final,proj-c4-r50-s0,proj-slimpajama-r50-s0,L0.qkv,0,qkv,2048,1490,0.7275390625,0.9460659027099609
init-init,proj-c4-r50-s0,proj-slimpajama-r50-s0,L0.o,0,o,2048,1490,0.7275390625,0.9602805972099304
final-final,proj-c4-r50-s0,proj-slimpajama-r50-s0,L0.o,0,o,2048,1490,0.7275390625,0.9566454887390137
init-init,proj-c4-r50-s0,proj-slimpajama-r50-s0,L0.fc1,0,fc1,2048,1154,0.5634765625,0.9194061160087585
final-final,proj-c4-r50-s0,proj-slimpajama-r50-s0,L0.fc1,0,fc1,2048,1154,0.5634765625,0.9150453209877014
init-init,proj-c4-r50-s0,proj-slimpajama-r50-s0,L0.fc2,0,fc2,2048,1154,0.5634765625,0.9299501776695251
final-final,proj-c4-r50-s0,proj-slimpajama-r50-s0,L0.fc2,0,fc2,2048,1154,0.5634765625,0.9248026013374329
init-init,proj-c4-r50-s0,proj-slimpajama-r50-s0,L1.qkv,1,qkv,2048,1490,0.7275390625,0.9677737355232239
final-final,proj-c4-r50-s0,proj-slimpajama-r50-s0,L1.qkv,1,qkv,2048,1490,0.7275390625,0.9636082649230957
init-init,proj-c4-r50-s0,proj-slimpajama-r50-s0,L1.o,1,o,2048,1490,0.7275390625,0.9494416117668152
final-final,proj-c4-r50-s0,proj-slimpajama-r50-s0,L1.o,1,o,2048,1490,0.7275390625,0.9460225105285645
init-init,proj-c4-r50-s0,proj-slimpajama-r50-s0,L1.fc1,1,fc1,2048,1154,0.5634765625,0.9522586464881897
final-final,proj-c4-r50-s0,proj-slimpajama-r50-s0,L1.fc1,1,fc1,2048,1154,0.5634765625,0.9487327933311462
init-init,proj-c4-r50-s0,proj-slimpajama-r50-s0,L1.fc2,1,fc2,2048,1154,0.5634765625,0.9139909744262695
final-final,proj-c4-r50-s0,proj-slimpajama-r50-s0,L1.fc2,1,fc2,2048,1154,0.5634765625,0.9089460968971252
init-init,proj-c4-r50-s0,proj-slimpajama-r50-s0,L2.qkv,2,qkv,2048,1490,0.7275390625,0.9670187830924988
final-final,proj-c4-r50-s0,proj-slimpajama-r50-s0,L2.qkv,2,qkv,2048,1490,0.7275390625,0.9622378945350647
init-init,proj-c4-r50-s0,proj-slimpajama-r50-s0,L2.o,2,o,2048,1490,0.7275390625,0.9627430438995361
final-final,proj-c4-r50-s0,proj-slimpajama-r50-s0,L2.o,2,o,2048,1490,0.7275390625,0.9596568942070007
init-init,proj-c4-r50-s0,proj-slimpajama-r50-s0,L2.fc1,2,fc1,2048,1154,0.5634765625,0.9450588226318359
final-final,proj-c4-r50-s0,proj-slimpajama-r50-s0,L2.fc1,2,fc1,2048,1154,0.5634765625,0.9414252638816833
init-init,proj-c4-r50-s0,proj-slimpajama-r50-s0,L2.fc2,2,fc2,2048,1154,0.5634765625,0.9156745672225952
final-final,proj-c4-r50-s0,proj-slimpajama-r50-s0,L2.fc2,2,fc2,2048,1154,0.5634765625,0.9106340408325195
init-init,proj-c4-r50-s0,proj-slimpajama-r50-s0,L3.qkv,3,qkv,2048,1490,0.7275390625,0.964709997177124
final-final,proj-c4-r50-s0,proj-slimpajama-r50-s0,L3.qkv,3,qkv,2048,1490,0.7275390625,0.9597371816635132
init-init,proj-c4-r50-s0,proj-slimpajama-r50-s0,L3.o,3,o,2048,1490,0.7275390625,0.9539647698402405
final-final,proj-c4-r50-s0,proj-slimpajama-r50-s0,L3.o,3,o,2048,1490,0.7275390625,0.9505104422569275
init-init,proj-c4-r50-s0,proj-slimpajama-r50-s0,L3.fc1,3,fc1,2048,1154,0.5634765625,0.941059947013855
final-final,proj-c4-r50-s0,proj-slimpajama-r50-s0,L3.fc1,3,fc1,2048,1154,0.5634765625,0.936515212059021
init-init,proj-c4-r50-s0,proj-slimpajama-r50-s0,L3.fc2,3,fc2,2048,1154,0.5634765625,0.9118645787239075
final-final,proj-c4-r50-s0,proj-slimpajama-r50-s0,L3.fc2,3,fc2,2048,1154,0.5634765625,0.9068117141723633
init-init,proj-c4-r50-s0,proj-slimpajama-r50-s0,L4.qkv,4,qkv,2048,1490,0.7275390625,0.9627665281295776
final-final,proj-c4-r50-s0,proj-slimpajama-r50-s0,L4.qkv,4,qkv,2048,1490,0.7275390625,0.9580216407775879
init-init,proj-c4-r50-s0,proj-slimpajama-r50-s0,L4.o,4,o,2048,1490,0.7275390625,0.9651877880096436
final-final,proj-c4-r50-s0,proj-slimpajama-r50-s0,L4.o,4,o,2048,1490,0.7275390625,0.9617907404899597
init-init,proj-c4-r50-s0,proj-slimpajama-r50-s0,L4.fc1,4,fc1,2048,1154,0.5634765625,0.9385635256767273
final-final,proj-c4-r50-s0,proj-slimpajama-r50-s0,L4.fc1,4,fc1,2048,1154,0.5634765625,0.9334906339645386
init-init,proj-c4-r50-s0,proj-slimpajama-r50-s0,L4.fc2,4,fc2,2048,1154,0.5634765625,0.8953230381011963
final-final,proj-c4-r50-s0,proj-slimpajama-r50-s0,L4.fc2,4,fc2,2048,1154,0.5634765625,0.8903394937515259
init-init,proj-c4-r50-s0,proj-slimpajama-r50-s0,L5.qkv,5,qkv,2048,1490,0.7275390625,0.9590452313423157
final-final,proj-c4-r50-s0,proj-slimpajama-r50-s0,L5.qkv,5,qkv,2048,1490,0.7275390625,0.9544600248336792
init-init,proj-c4-r50-s0,proj-slimpajama-r50-s0,L5.o,5,o,2048,1490,0.7275390625,0.9590564370155334
final-final,proj-c4-r50-s0,proj-slimpajama-r50-s0,L5.o,5,o,2048,1490,0.7275390625,0.9555042386054993
init-init,proj-c4-r50-s0,proj-slimpajama-r50-s0,L5.fc1,5,fc1,2048,1154,0.5634765625,0.9339306354522705
final-final,proj-c4-r50-s0,proj-slimpajama-r50-s0,L5.fc1,5,fc1,2048,1154,0.5634765625,0.9283667206764221
init-init,proj-c4-r50-s0,proj-slimpajama-r50-s0,L5.fc2,5,fc2,2048,1154,0.5634765625,0.8868048787117004
final-final,proj-c4-r50-s0,proj-slimpajama-r50-s0,L5.fc2,5,fc2,2048,1154,0.5634765625,0.881771981716156
init-init,proj-c4-r50-s0,proj-slimpajama-r50-s0,L6.qkv,6,qkv,2048,1490,0.7275390625,0.9566823840141296
final-final,proj-c4-r50-s0,proj-slimpajama-r50-s0,L6.qkv,6,qkv,2048,1490,0.7275390625,0.9516955614089966
init-init,proj-c4-r50-s0,proj-slimpajama-r50-s0,L6.o,6,o,2048,1490,0.7275390625,0.9547238349914551
final-final,proj-c4-r50-s0,proj-slimpajama-r50-s0,L6.o,6,o,2048,1490,0.7275390625,0.9502871036529541
init-init,proj-c4-r50-s0,proj-slimpajama-r50-s0,L6.fc1,6,fc1,2048,1154,0.5634765625,0.9290031790733337
final-final,proj-c4-r50-s0,proj-slimpajama-r50-s0,L6.fc1,6,fc1,2048,1154,0.5634765625,0.9230085611343384
init-init,proj-c4-r50-s0,proj-slimpajama-r50-s0,L6.fc2,6,fc2,2048,1154,0.5634765625,0.8726764917373657
final-final,proj-c4-r50-s0,proj-slimpajama-r50-s0,L6.fc2,6,fc2,2048,1154,0.5634765625,0.8680781722068787
init-init,proj-c4-r50-s0,proj-slimpajama-r50-s0,L7.qkv,7,qkv,2048,1490,0.7275390625,0.9528176784515381
final-final,proj-c4-r50-s0,proj-slimpajama-r50-s0,L7.qkv,7,qkv,2048,1490,0.7275390625,0.9477695822715759
init-init,proj-c4-r50-s0,proj-slimpajama-r50-s0,L7.o,7,o,2048,1490,0.7275390625,0.9488966464996338
final-final,proj-c4-r50-s0,proj-slimpajama-r50-s0,L7.o,7,o,2048,1490,0.7275390625,0.9444305300712585
init-init,proj-c4-r50-s0,proj-slimpajama-r50-s0,L7.fc1,7,fc1,2048,1154,0.5634765625,0.9223699569702148
final-final,proj-c4-r50-s0,proj-slimpajama-r50-s0,L7.fc1,7,fc1,2048,1154,0.5634765625,0.9163078665733337
init-init,proj-c4-r50-s0,proj-slimpajama-r50-s0,L7.fc2,7,fc2,2048,1154,0.5634765625,0.8695167899131775
final-final,proj-c4-r50-s0,proj-slimpajama-r50-s0,L7.fc2,7,fc2,2048,1154,0.5634765625,0.8649162650108337
init-init,proj-c4-r50-s0,proj-slimpajama-r50-s0,L8.qkv,8,qkv,2048,1490,0.7275390625,0.9488568305969238
final-final,proj-c4-r50-s0,proj-slimpajama-r50-s0,L8.qkv,8,qkv,2048,1490,0.7275390625,0.9439379572868347
init-init,proj-c4-r50-s0,proj-slimpajama-r50-s0,L8.o,8,o,2048,1490,0.7275390625,0.9462631940841675
final-final,proj-c4-r50-s0,proj-slimpajama-r50-s0,L8.o,8,o,2048,1490,0.7275390625,0.9416060447692871
init-init,proj-c4-r50-s0,proj-slimpajama-r50-s0,L8.fc1,8,fc1,2048,1154,0.5634765625,0.9145637154579163
final-final,proj-c4-r50-s0,proj-slimpajama-r50-s0,L8.fc1,8,fc1,2048,1154,0.5634765625,0.9084057807922363
init-init,proj-c4-r50-s0,proj-slimpajama-r50-s0,L8.fc2,8,fc2,2048,1154,0.5634765625,0.886486291885376
final-final,proj-c4-r50-s0,proj-slimpajama-r50-s0,L8.fc2,8,fc2,2048,1154,0.5634765625,0.8809801936149597
init-init,proj-c4-r50-s0,proj-slimpajama-r50-s0,L9.qkv,9,qkv,2048,1490,0.7275390625,0.9459009170532227
final-final,proj-c4-r50-s0,proj-slimpajama-r50-s0,L9.qkv,9,qkv,2048,1490,0.7275390625,0.9409178495407104
init-init,proj-c4-r50-s0,proj-slimpajama-r50-s0,L9.o,9,o,2048,1490,0.7275390625,0.9459531903266907
final-final,proj-c4-r50-s0,proj-slimpajama-r50-s0,L9.o,9,o,2048,1490,0.7275390625,0.9411858916282654
init-init,proj-c4-r50-s0,proj-slimpajama-r50-s0,L9.fc1,9,fc1,2048,1154,0.5634765625,0.9095461368560791
final-final,proj-c4-r50-s0,proj-slimpajama-r50-s0,L9.fc1,9,fc1,2048,1154,0.5634765625,0.9032606482505798
init-init,proj-c4-r50-s0,proj-slimpajama-r50-s0,L9.fc2,9,fc2,2048,1154,0.5634765625,0.9038068056106567
final-final,proj-c4-r50-s0,proj-slimpajama-r50-s0,L9.fc2,9,fc2,2048,1154,0.5634765625,0.8975155353546143
init-init,proj-c4-r50-s0,proj-slimpajama-r50-s0,L10.qkv,10,qkv,2048,1490,0.7275390625,0.946803092956543
final-final,proj-c4-r50-s0,proj-slimpajama-r50-s0,L10.qkv,10,qkv,2048,1490,0.7275390625,0.9420652985572815
init-init,proj-c4-r50-s0,proj-slimpajama-r50-s0,L10.o,10,o,2048,1490,0.7275390625,0.9455801248550415
final-final,proj-c4-r50-s0,proj-slimpajama-r50-s0,L10.o,10,o,2048,1490,0.7275390625,0.940699577331543
init-init,proj-c4-r50-s0,proj-slimpajama-r50-s0,L10.fc1,10,fc1,2048,1154,0.5634765625,0.9072238206863403
final-final,proj-c4-r50-s0,proj-slimpajama-r50-s0,L10.fc1,10,fc1,2048,1154,0.5634765625,0.9010147452354431
init-init,proj-c4-r50-s0,proj-slimpajama-r50-s0,L10.fc2,10,fc2,2048,1154,0.5634765625,0.9136090278625488
final-final,proj-c4-r50-s0,proj-slimpajama-r50-s0,L10.fc2,10,fc2,2048,1154,0.5634765625,0.907283365726471
init-init,proj-c4-r50-s0,proj-slimpajama-r50-s0,L11.qkv,11,qkv,2048,1490,0.7275390625,0.9459402561187744
final-final,proj-c4-r50-s0,proj-slimpajama-r50-s0,L11.qkv,11,qkv,2048,1490,0.7275390625,0.941207766532898
init-init,proj-c4-r50-s0,proj-slimpajama-r50-s0,L11.o,11,o,2048,1490,0.7275390625,0.9486616849899292
final-final,proj-c4-r50-s0,proj-slimpajama-r50-s0,L11.o,11,o,2048,1490,0.7275390625,0.9441673159599304
init-init,proj-c4-r50-s0,proj-slimpajama-r50-s0,L11.fc1,11,fc1,2048,1154,0.5634765625,0.9081692695617676
final-final,proj-c4-r50-s0,proj-slimpajama-r50-s0,L11.fc1,11,fc1,2048,1154,0.5634765625,0.9019679427146912
init-init,proj-c4-r50-s0,proj-slimpajama-r50-s0,L11.fc2,11,fc2,2048,1154,0.5634765625,0.9188094735145569
final-final,proj-c4-r50-s0,proj-slimpajama-r50-s0,L11.fc2,11,fc2,2048,1154,0.5634765625,0.911979079246521
init-init,proj-c4-r50-s0,proj-slimpajama-r50-s0,L12.qkv,12,qkv,2048,1490,0.7275390625,0.9481090307235718
final-final,proj-c4-r50-s0,proj-slimpajama-r50-s0,L12.qkv,12,qkv,2048,1490,0.7275390625,0.9434633851051331
init-init,proj-c4-r50-s0,proj-slimpajama-r50-s0,L12.o,12,o,2048,1490,0.7275390625,0.9526757001876831
final-final,proj-c4-r50-s0,proj-slimpajama-r50-s0,L12.o,12,o,2048,1490,0.7275390625,0.9480504989624023
init-init,proj-c4-r50-s0,proj-slimpajama-r50-s0,L12.fc1,12,fc1,2048,1154,0.5634765625,0.9102277755737305
final-final,proj-c4-r50-s0,proj-slimpajama-r50-s0,L12.fc1,12,fc1,2048,1154,0.5634765625,0.9041902422904968
init-init,proj-c4-r50-s0,proj-slimpajama-r50-s0,L12.fc2,12,fc2,2048,1154,0.5634765625,0.9253564476966858
final-final,proj-c4-r50-s0,proj-slimpajama-r50-s0,L12.fc2,12,fc2,2048,1154,0.5634765625,0.9185251593589783
init-init,proj-c4-r50-s0,proj-slimpajama-r50-s0,L13.qkv,13,qkv,2048,1490,0.7275390625,0.9517950415611267
final-final,proj-c4-r50-s0,proj-slimpajama-r50-s0,L13.qkv,13,qkv,2048,1490,0.7275390625,0.9469587802886963
init-init,proj-c4-r50-s0,proj-slimpajama-r50-s0,L13.o,13,o,2048,1490,0.7275390625,0.953028678894043
final-final,proj-c4-r50-s0,proj-slimpajama-r50-s0,L13.o,13,o,2048,1490,0.7275390625,0.94810950756073
init-init,proj-c4-r50-s0,proj-slimpajama-r50-s0,L13.fc1,13,fc1,2048,1154,0.5634765625,0.9122462272644043
final-final,proj-c4-r50-s0,proj-slimpajama-r50-s0,L13.fc1,13,fc1,2048,1154,0.5634765625,0.9063019156455994
init-init,proj-c4-r50-s0,proj-slimpajama-r50-s0,L13.fc2,13,fc2,2048,1154,0.5634765625,0.9319757223129272
final-final,proj-c4-r50-s0,proj-slimpajama-r50-s0,L13.fc2,13,fc2,2048,1154,0.5634765625,0.9248397946357727
init-init,proj-c4-r50-s0,proj-slimpajama-r50-s0,L14.qkv,14,qkv,2048,1490,0.7275390625,0.9510637521743774
final-final,proj-c4-r50-s0,proj-slimpajama-r50-s0,L14.qkv,14,qkv,2048,1490,0.7275390625,0.9467663764953613
init-init,proj-c4-r50-s0,proj-slimpajama-r50-s0,L14.o,14,o,2048,1490,0.7275390625,0.9467389583587646
final-final,proj-c4-r50-s0,proj-slimpajama-r50-s0,L14.o,14,o,2048,1490,0.7275390625,0.942169189453125
init-init,proj-c4-r50-s0,proj-slimpajama-r50-s0,L14.fc1,14,fc1,2048,1154,0.5634765625,0.9133403301239014
final-final,proj-c4-r50-s0,proj-slimpajama-r50-s0,L14.fc1,14,fc1,2048,1154,0.5634765625,0.9076644778251648
init-init,proj-c4-r50-s0,proj-slimpajama-r50-s0,L14.fc2,14,fc2,2048,1154,0.5634765625,0.9305340647697449
final-final,proj-c4-r50-s0,proj-slimpajama-r50-s0,L14.fc2,14,fc2,2048,1154,0.5634765625,0.923616349697113
init-init,proj-c4-r50-s0,proj-slimpajama-r50-s0,L15.qkv,15,qkv,2048,1490,0.7275390625,0.9536777138710022
final-final,proj-c4-r50-s0,proj-slimpajama-r50-s0,L15.qkv,15,qkv,2048,1490,0.7275390625,0.9496188163757324
init-init,proj-c4-r50-s0,proj-slimpajama-r50-s0,L15.o,15,o,2048,1490,0.7275390625,0.9399064779281616
final-final,proj-c4-r50-s0,proj-slimpajama-r50-s0,L15.o,15,o,2048,1490,0.7275390625,0.9356572031974792
init-init,proj-c4-r50-s0,proj-slimpajama-r50-s0,L15.fc1,15,fc1,2048,1154,0.5634765625,0.9118593335151672
final-final,proj-c4-r50-s0,proj-slimpajama-r50-s0,L15.fc1,15,fc1,2048,1154,0.5634765625,0.9056328535079956
init-init,proj-c4-r50-s0,proj-slimpajama-r50-s0,L15.fc2,15,fc2,2048,1154,0.5634765625,0.9292280673980713
final-final,proj-c4-r50-s0,proj-slimpajama-r50-s0,L15.fc2,15,fc2,2048,1154,0.5634765625,0.9220003485679626
init-init,proj-c4-r50-s0,proj-slimpajama-r50-s0,L16.qkv,16,qkv,2048,1490,0.7275390625,0.9483017325401306
final-final,proj-c4-r50-s0,proj-slimpajama-r50-s0,L16.qkv,16,qkv,2048,1490,0.7275390625,0.9442873001098633
init-init,proj-c4-r50-s0,proj-slimpajama-r50-s0,L16.o,16,o,2048,1490,0.7275390625,0.9406535625457764
final-final,proj-c4-r50-s0,proj-slimpajama-r50-s0,L16.o,16,o,2048,1490,0.7275390625,0.9367546439170837
init-init,proj-c4-r50-s0,proj-slimpajama-r50-s0,L16.fc1,16,fc1,2048,1154,0.5634765625,0.912409782409668
final-final,proj-c4-r50-s0,proj-slimpajama-r50-s0,L16.fc1,16,fc1,2048,1154,0.5634765625,0.9062016606330872
init-init,proj-c4-r50-s0,proj-slimpajama-r50-s0,L16.fc2,16,fc2,2048,1154,0.5634765625,0.9279199242591858
final-final,proj-c4-r50-s0,proj-slimpajama-r50-s0,L16.fc2,16,fc2,2048,1154,0.5634765625,0.9207759499549866
init-init,proj-c4-r50-s0,proj-slimpajama-r50-s0,L17.qkv,17,qkv,2048,1490,0.7275390625,0.9454177021980286
final-final,proj-c4-r50-s0,proj-slimpajama-r50-s0,L17.qkv,17,qkv,2048,1490,0.7275390625,0.9412742257118225
init-init,proj-c4-r50-s0,proj-slimpajama-r50-s0,L17.o,17,o,2048,1490,0.7275390625,0.9403018951416016
final-final,proj-c4-r50-s0,proj-slimpajama-r50-s0,L17.o,17,o,2048,1490,0.7275390625,0.9364032745361328
init-init,proj-c4-r50-s0,proj-slimpajama-r50-s0,L17.fc1,17,fc1,2048,1154,0.5634765625,0.9117897152900696
final-final,proj-c4-r50-s0,proj-slimpajama-r50-s0,L17.fc1,17,fc1,2048,1154,0.5634765625,0.9054872989654541
init-init,proj-c4-r50-s0,proj-slimpajama-r50-s0,L17.fc2,17,fc2,2048,1154,0.5634765625,0.9282412528991699
final-final,proj-c4-r50-s0,proj-slimpajama-r50-s0,L17.fc2,17,fc2,2048,1154,0.5634765625,0.9209727048873901
init-init,proj-c4-r50-s0,proj-slimpajama-r50-s0,L18.qkv,18,qkv,2048,1490,0.7275390625,0.9439827799797058
final-final,proj-c4-r50-s0,proj-slimpajama-r50-s0,L18.qkv,18,qkv,2048,1490,0.7275390625,0.9404209852218628
init-init,proj-c4-r50-s0,proj-slimpajama-r50-s0,L18.o,18,o,2048,1490,0.7275390625,0.9375880360603333
final-final,proj-c4-r50-s0,proj-slimpajama-r50-s0,L18.o,18,o,2048,1490,0.7275390625,0.9337688088417053
init-init,proj-c4-r50-s0,proj-slimpajama-r50-s0,L18.fc1,18,fc1,2048,1154,0.5634765625,0.911179780960083
final-final,proj-c4-r50-s0,proj-slimpajama-r50-s0,L18.fc1,18,fc1,2048,1154,0.5634765625,0.9043000340461731
init-init,proj-c4-r50-s0,proj-slimpajama-r50-s0,L18.fc2,18,fc2,2048,1154,0.5634765625,0.925743579864502
final-final,proj-c4-r50-s0,proj-slimpajama-r50-s0,L18.fc2,18,fc2,2048,1154,0.5634765625,0.918207585811615
init-init,proj-c4-r50-s0,proj-slimpajama-r50-s0,L19.qkv,19,qkv,2048,1490,0.7275390625,0.941231369972229
final-final,proj-c4-r50-s0,proj-slimpajama-r50-s0,L19.qkv,19,qkv,2048,1490,0.7275390625,0.9378983378410339
init-init,proj-c4-r50-s0,proj-slimpajama-r50-s0,L19.o,19,o,2048,1490,0.7275390625,0.9276032447814941
final-final,proj-c4-r50-s0,proj-slimpajama-r50-s0,L19.o,19,o,2048,1490,0.7275390625,0.9241843819618225
init-init,proj-c4-r50-s0,proj-slimpajama-r50-s0,L19.fc1,19,fc1,2048,1154,0.5634765625,0.9075302481651306
final-final,proj-c4-r50-s0,proj-slimpajama-r50-s0,L19.fc1,19,fc1,2048,1154,0.5634765625,0.9008294939994812
init-init,proj-c4-r50-s0,proj-slimpajama-r50-s0,L19.fc2,19,fc2,2048,1154,0.5634765625,0.9219866991043091
final-final,proj-c4-r50-s0,proj-slimpajama-r50-s0,L19.fc2,19,fc2,2048,1154,0.5634765625,0.9143725633621216
init-init,proj-c4-r50-s0,proj-slimpajama-r50-s0,L20.qkv,20,qkv,2048,1490,0.7275390625,0.9383871555328369
final-final,proj-c4-r50-s0,proj-slimpajama-r50-s0,L20.qkv,20,qkv,2048,1490,0.7275390625,0.9352285265922546
init-init,proj-c4-r50-s0,proj-slimpajama-r50-s0,L20.o,20,o,2048,1490,0.7275390625,0.9223197102546692
final-final,proj-c4-r50-s0,proj-slimpajama-r50-s0,L20.o,20,o,2048,1490,0.7275390625,0.9184700846672058
init-init,proj-c4-r50-s0,proj-slimpajama-r50-s0,L20.fc1,20,fc1,2048,1154,0.5634765625,0.9039006233215332
final-final,proj-c4-r50-s0,proj-slimpajama-r50-s0,L20.fc1,20,fc1,2048,1154,0.5634765625,0.8975352048873901
init-init,proj-c4-r50-s0,proj-slimpajama-r50-s0,L20.fc2,20,fc2,2048,1154,0.5634765625,0.9143263101577759
final-final,proj-c4-r50-s0,proj-slimpajama-r50-s0,L20.fc2,20,fc2,2048,1154,0.5634765625,0.9067119359970093
init-init,proj-c4-r50-s0,proj-slimpajama-r50-s0,L21.qkv,21,qkv,2048,1490,0.7275390625,0.9301626086235046
final-final,proj-c4-r50-s0,proj-slimpajama-r50-s0,L21.qkv,21,qkv,2048,1490,0.7275390625,0.9270913600921631
init-init,proj-c4-r50-s0,proj-slimpajama-r50-s0,L21.o,21,o,2048,1490,0.7275390625,0.9070265889167786
final-final,proj-c4-r50-s0,proj-slimpajama-r50-s0,L21.o,21,o,2048,1490,0.7275390625,0.9039915800094604
init-init,proj-c4-r50-s0,proj-slimpajama-r50-s0,L21.fc1,21,fc1,2048,1154,0.5634765625,0.8984687924385071
final-final,proj-c4-r50-s0,proj-slimpajama-r50-s0,L21.fc1,21,fc1,2048,1154,0.5634765625,0.8925098180770874
init-init,proj-c4-r50-s0,proj-slimpajama-r50-s0,L21.fc2,21,fc2,2048,1154,0.5634765625,0.9117894768714905
final-final,proj-c4-r50-s0,proj-slimpajama-r50-s0,L21.fc2,21,fc2,2048,1154,0.5634765625,0.9043309092521667
init-init,proj-c4-r50-s0,proj-slimpajama-r50-s0,L22.qkv,22,qkv,2048,1490,0.7275390625,0.9276896715164185
final-final,proj-c4-r50-s0,proj-slimpajama-r50-s0,L22.qkv,22,qkv,2048,1490,0.7275390625,0.9247927665710449
init-init,proj-c4-r50-s0,proj-slimpajama-r50-s0,L22.o,22,o,2048,1490,0.7275390625,0.8987084627151489
final-final,proj-c4-r50-s0,proj-slimpajama-r50-s0,L22.o,22,o,2048,1490,0.7275390625,0.8958936333656311
init-init,proj-c4-r50-s0,proj-slimpajama-r50-s0,L22.fc1,22,fc1,2048,1154,0.5634765625,0.8929608464241028
final-final,proj-c4-r50-s0,proj-slimpajama-r50-s0,L22.fc1,22,fc1,2048,1154,0.5634765625,0.8884230852127075
init-init,proj-c4-r50-s0,proj-slimpajama-r50-s0,L22.fc2,22,fc2,2048,1154,0.5634765625,0.9125303030014038
final-final,proj-c4-r50-s0,proj-slimpajama-r50-s0,L22.fc2,22,fc2,2048,1154,0.5634765625,0.9059220552444458
init-init,proj-c4-r50-s0,proj-slimpajama-r50-s0,L23.qkv,23,qkv,2048,1490,0.7275390625,0.927777111530304
final-final,proj-c4-r50-s0,proj-slimpajama-r50-s0,L23.qkv,23,qkv,2048,1490,0.7275390625,0.9269222617149353
init-init,proj-c4-r50-s0,proj-slimpajama-r50-s0,L23.o,23,o,2048,1490,0.7275390625,0.9009984135627747
final-final,proj-c4-r50-s0,proj-slimpajama-r50-s0,L23.o,23,o,2048,1490,0.7275390625,0.8978176116943359
init-init,proj-c4-r50-s0,proj-slimpajama-r50-s0,L23.fc1,23,fc1,2048,1154,0.5634765625,0.886539101600647
final-final,proj-c4-r50-s0,proj-slimpajama-r50-s0,L23.fc1,23,fc1,2048,1154,0.5634765625,0.883375883102417
init-init,proj-c4-r50-s0,proj-slimpajama-r50-s0,L23.fc2,23,fc2,2048,1154,0.5634765625,0.9130476713180542
final-final,proj-c4-r50-s0,proj-slimpajama-r50-s0,L23.fc2,23,fc2,2048,1154,0.5634765625,0.9058553576469421
init-init,proj-c4-r50-s0,proj-alpaca-r50-s0,L0.qkv,0,qkv,2048,1490,0.7275390625,0.9259572625160217
final-final,proj-c4-r50-s0,proj-alpaca-r50-s0,L0.qkv,0,qkv,2048,1490,0.7275390625,0.9215653538703918
init-init,proj-c4-r50-s0,proj-alpaca-r50-s0,L0.o,0,o,2048,1490,0.7275390625,0.9638532400131226
final-final,proj-c4-r50-s0,proj-alpaca-r50-s0,L0.o,0,o,2048,1490,0.7275390625,0.9601715207099915
init-init,proj-c4-r50-s0,proj-alpaca-r50-s0,L0.fc1,0,fc1,2048,1154,0.5634765625,0.8840578198432922
final-final,proj-c4-r50-s0,proj-alpaca-r50-s0,L0.fc1,0,fc1,2048,1154,0.5634765625,0.8798844218254089
init-init,proj-c4-r50-s0,proj-alpaca-r50-s0,L0.fc2,0,fc2,2048,1154,0.5634765625,0.9077845811843872
final-final,proj-c4-r50-s0,proj-alpaca-r50-s0,L0.fc2,0,fc2,2048,1154,0.5634765625,0.9023272395133972
init-init,proj-c4-r50-s0,proj-alpaca-r50-s0,L1.qkv,1,qkv,2048,1490,0.7275390625,0.9509406089782715
final-final,proj-c4-r50-s0,proj-alpaca-r50-s0,L1.qkv,1,qkv,2048,1490,0.7275390625,0.946756899356842
init-init,proj-c4-r50-s0,proj-alpaca-r50-s0,L1.o,1,o,2048,1490,0.7275390625,0.94599848985672
final-final,proj-c4-r50-s0,proj-alpaca-r50-s0,L1.o,1,o,2048,1490,0.7275390625,0.9426648616790771
init-init,proj-c4-r50-s0,proj-alpaca-r50-s0,L1.fc1,1,fc1,2048,1154,0.5634765625,0.9296612739562988
final-final,proj-c4-r50-s0,proj-alpaca-r50-s0,L1.fc1,1,fc1,2048,1154,0.5634765625,0.9258583784103394
init-init,proj-c4-r50-s0,proj-alpaca-r50-s0,L1.fc2,1,fc2,2048,1154,0.5634765625,0.8834469318389893
final-final,proj-c4-r50-s0,proj-alpaca-r50-s0,L1.fc2,1,fc2,2048,1154,0.5634765625,0.8786847591400146
init-init,proj-c4-r50-s0,proj-alpaca-r50-s0,L2.qkv,2,qkv,2048,1490,0.7275390625,0.94919353723526
final-final,proj-c4-r50-s0,proj-alpaca-r50-s0,L2.qkv,2,qkv,2048,1490,0.7275390625,0.9445444941520691
init-init,proj-c4-r50-s0,proj-alpaca-r50-s0,L2.o,2,o,2048,1490,0.7275390625,0.9579460620880127
final-final,proj-c4-r50-s0,proj-alpaca-r50-s0,L2.o,2,o,2048,1490,0.7275390625,0.9548763036727905
init-init,proj-c4-r50-s0,proj-alpaca-r50-s0,L2.fc1,2,fc1,2048,1154,0.5634765625,0.9203031063079834
final-final,proj-c4-r50-s0,proj-alpaca-r50-s0,L2.fc1,2,fc1,2048,1154,0.5634765625,0.9164685606956482
init-init,proj-c4-r50-s0,proj-alpaca-r50-s0,L2.fc2,2,fc2,2048,1154,0.5634765625,0.8820516467094421
final-final,proj-c4-r50-s0,proj-alpaca-r50-s0,L2.fc2,2,fc2,2048,1154,0.5634765625,0.8771617412567139
init-init,proj-c4-r50-s0,proj-alpaca-r50-s0,L3.qkv,3,qkv,2048,1490,0.7275390625,0.9451030492782593
final-final,proj-c4-r50-s0,proj-alpaca-r50-s0,L3.qkv,3,qkv,2048,1490,0.7275390625,0.9401313662528992
init-init,proj-c4-r50-s0,proj-alpaca-r50-s0,L3.o,3,o,2048,1490,0.7275390625,0.9346690773963928
final-final,proj-c4-r50-s0,proj-alpaca-r50-s0,L3.o,3,o,2048,1490,0.7275390625,0.931286096572876
init-init,proj-c4-r50-s0,proj-alpaca-r50-s0,L3.fc1,3,fc1,2048,1154,0.5634765625,0.9129560589790344
final-final,proj-c4-r50-s0,proj-alpaca-r50-s0,L3.fc1,3,fc1,2048,1154,0.5634765625,0.9083025455474854
init-init,proj-c4-r50-s0,proj-alpaca-r50-s0,L3.fc2,3,fc2,2048,1154,0.5634765625,0.8814591765403748
final-final,proj-c4-r50-s0,proj-alpaca-r50-s0,L3.fc2,3,fc2,2048,1154,0.5634765625,0.8765442967414856
init-init,proj-c4-r50-s0,proj-alpaca-r50-s0,L4.qkv,4,qkv,2048,1490,0.7275390625,0.9425302147865295
final-final,proj-c4-r50-s0,proj-alpaca-r50-s0,L4.qkv,4,qkv,2048,1490,0.7275390625,0.9375848174095154
init-init,proj-c4-r50-s0,proj-alpaca-r50-s0,L4.o,4,o,2048,1490,0.7275390625,0.9483903646469116
final-final,proj-c4-r50-s0,proj-alpaca-r50-s0,L4.o,4,o,2048,1490,0.7275390625,0.9451253414154053
init-init,proj-c4-r50-s0,proj-alpaca-r50-s0,L4.fc1,4,fc1,2048,1154,0.5634765625,0.9079610705375671
final-final,proj-c4-r50-s0,proj-alpaca-r50-s0,L4.fc1,4,fc1,2048,1154,0.5634765625,0.9028011560440063
init-init,proj-c4-r50-s0,proj-alpaca-r50-s0,L4.fc2,4,fc2,2048,1154,0.5634765625,0.8676671385765076
final-final,proj-c4-r50-s0,proj-alpaca-r50-s0,L4.fc2,4,fc2,2048,1154,0.5634765625,0.8627837300300598
init-init,proj-c4-r50-s0,proj-alpaca-r50-s0,L5.qkv,5,qkv,2048,1490,0.7275390625,0.9373410940170288
final-final,proj-c4-r50-s0,proj-alpaca-r50-s0,L5.qkv,5,qkv,2048,1490,0.7275390625,0.9328347444534302
init-init,proj-c4-r50-s0,proj-alpaca-r50-s0,L5.o,5,o,2048,1490,0.7275390625,0.9431136250495911
final-final,proj-c4-r50-s0,proj-alpaca-r50-s0,L5.o,5,o,2048,1490,0.7275390625,0.9397680163383484
init-init,proj-c4-r50-s0,proj-alpaca-r50-s0,L5.fc1,5,fc1,2048,1154,0.5634765625,0.9025548100471497
final-final,proj-c4-r50-s0,proj-alpaca-r50-s0,L5.fc1,5,fc1,2048,1154,0.5634765625,0.8969117403030396
init-init,proj-c4-r50-s0,proj-alpaca-r50-s0,L5.fc2,5,fc2,2048,1154,0.5634765625,0.8549185991287231
final-final,proj-c4-r50-s0,proj-alpaca-r50-s0,L5.fc2,5,fc2,2048,1154,0.5634765625,0.8501951098442078
init-init,proj-c4-r50-s0,proj-alpaca-r50-s0,L6.qkv,6,qkv,2048,1490,0.7275390625,0.9345945119857788
final-final,proj-c4-r50-s0,proj-alpaca-r50-s0,L6.qkv,6,qkv,2048,1490,0.7275390625,0.929684579372406
init-init,proj-c4-r50-s0,proj-alpaca-r50-s0,L6.o,6,o,2048,1490,0.7275390625,0.9301090240478516
final-final,proj-c4-r50-s0,proj-alpaca-r50-s0,L6.o,6,o,2048,1490,0.7275390625,0.9260485172271729
init-init,proj-c4-r50-s0,proj-alpaca-r50-s0,L6.fc1,6,fc1,2048,1154,0.5634765625,0.8957784175872803
final-final,proj-c4-r50-s0,proj-alpaca-r50-s0,L6.fc1,6,fc1,2048,1154,0.5634765625,0.8898796439170837
init-init,proj-c4-r50-s0,proj-alpaca-r50-s0,L6.fc2,6,fc2,2048,1154,0.5634765625,0.8547372221946716
final-final,proj-c4-r50-s0,proj-alpaca-r50-s0,L6.fc2,6,fc2,2048,1154,0.5634765625,0.8501437902450562
init-init,proj-c4-r50-s0,proj-alpaca-r50-s0,L7.qkv,7,qkv,2048,1490,0.7275390625,0.9301106333732605
final-final,proj-c4-r50-s0,proj-alpaca-r50-s0,L7.qkv,7,qkv,2048,1490,0.7275390625,0.9252178072929382
init-init,proj-c4-r50-s0,proj-alpaca-r50-s0,L7.o,7,o,2048,1490,0.7275390625,0.9213716983795166
final-final,proj-c4-r50-s0,proj-alpaca-r50-s0,L7.o,7,o,2048,1490,0.7275390625,0.9173997044563293
init-init,proj-c4-r50-s0,proj-alpaca-r50-s0,L7.fc1,7,fc1,2048,1154,0.5634765625,0.8882817625999451
final-final,proj-c4-r50-s0,proj-alpaca-r50-s0,L7.fc1,7,fc1,2048,1154,0.5634765625,0.8824114799499512
init-init,proj-c4-r50-s0,proj-alpaca-r50-s0,L7.fc2,7,fc2,2048,1154,0.5634765625,0.856712818145752
final-final,proj-c4-r50-s0,proj-alpaca-r50-s0,L7.fc2,7,fc2,2048,1154,0.5634765625,0.8520187139511108
init-init,proj-c4-r50-s0,proj-alpaca-r50-s0,L8.qkv,8,qkv,2048,1490,0.7275390625,0.925627589225769
final-final,proj-c4-r50-s0,proj-alpaca-r50-s0,L8.qkv,8,qkv,2048,1490,0.7275390625,0.9208583235740662
init-init,proj-c4-r50-s0,proj-alpaca-r50-s0,L8.o,8,o,2048,1490,0.7275390625,0.9160256385803223
final-final,proj-c4-r50-s0,proj-alpaca-r50-s0,L8.o,8,o,2048,1490,0.7275390625,0.912118673324585
init-init,proj-c4-r50-s0,proj-alpaca-r50-s0,L8.fc1,8,fc1,2048,1154,0.5634765625,0.8788700699806213
final-final,proj-c4-r50-s0,proj-alpaca-r50-s0,L8.fc1,8,fc1,2048,1154,0.5634765625,0.8729770183563232
init-init,proj-c4-r50-s0,proj-alpaca-r50-s0,L8.fc2,8,fc2,2048,1154,0.5634765625,0.8645229339599609
final-final,proj-c4-r50-s0,proj-alpaca-r50-s0,L8.fc2,8,fc2,2048,1154,0.5634765625,0.8590958714485168
init-init,proj-c4-r50-s0,proj-alpaca-r50-s0,L9.qkv,9,qkv,2048,1490,0.7275390625,0.9212750196456909
final-final,proj-c4-r50-s0,proj-alpaca-r50-s0,L9.qkv,9,qkv,2048,1490,0.7275390625,0.9166606068611145
init-init,proj-c4-r50-s0,proj-alpaca-r50-s0,L9.o,9,o,2048,1490,0.7275390625,0.9196083545684814
final-final,proj-c4-r50-s0,proj-alpaca-r50-s0,L9.o,9,o,2048,1490,0.7275390625,0.9155665636062622
init-init,proj-c4-r50-s0,proj-alpaca-r50-s0,L9.fc1,9,fc1,2048,1154,0.5634765625,0.8725160956382751
final-final,proj-c4-r50-s0,proj-alpaca-r50-s0,L9.fc1,9,fc1,2048,1154,0.5634765625,0.8666383028030396
init-init,proj-c4-r50-s0,proj-alpaca-r50-s0,L9.fc2,9,fc2,2048,1154,0.5634765625,0.86955326795578
final-final,proj-c4-r50-s0,proj-alpaca-r50-s0,L9.fc2,9,fc2,2048,1154,0.5634765625,0.8637369275093079
init-init,proj-c4-r50-s0,proj-alpaca-r50-s0,L10.qkv,10,qkv,2048,1490,0.7275390625,0.9202538728713989
final-final,proj-c4-r50-s0,proj-alpaca-r50-s0,L10.qkv,10,qkv,2048,1490,0.7275390625,0.9158845543861389
init-init,proj-c4-r50-s0,proj-alpaca-r50-s0,L10.o,10,o,2048,1490,0.7275390625,0.9149171710014343
final-final,proj-c4-r50-s0,proj-alpaca-r50-s0,L10.o,10,o,2048,1490,0.7275390625,0.9106879830360413
init-init,proj-c4-r50-s0,proj-alpaca-r50-s0,L10.fc1,10,fc1,2048,1154,0.5634765625,0.8670706152915955
final-final,proj-c4-r50-s0,proj-alpaca-r50-s0,L10.fc1,10,fc1,2048,1154,0.5634765625,0.8614092469215393
init-init,proj-c4-r50-s0,proj-alpaca-r50-s0,L10.fc2,10,fc2,2048,1154,0.5634765625,0.8727393746376038
final-final,proj-c4-r50-s0,proj-alpaca-r50-s0,L10.fc2,10,fc2,2048,1154,0.5634765625,0.8670042753219604
init-init,proj-c4-r50-s0,proj-alpaca-r50-s0,L11.qkv,11,qkv,2048,1490,0.7275390625,0.9165467023849487
final-final,proj-c4-r50-s0,proj-alpaca-r50-s0,L11.qkv,11,qkv,2048,1490,0.7275390625,0.9122608304023743
init-init,proj-c4-r50-s0,proj-alpaca-r50-s0,L11.o,11,o,2048,1490,0.7275390625,0.911899209022522
final-final,proj-c4-r50-s0,proj-alpaca-r50-s0,L11.o,11,o,2048,1490,0.7275390625,0.908252477645874
init-init,proj-c4-r50-s0,proj-alpaca-r50-s0,L11.fc1,11,fc1,2048,1154,0.5634765625,0.8634285926818848
final-final,proj-c4-r50-s0,proj-alpaca-r50-s0,L11.fc1,11,fc1,2048,1154,0.5634765625,0.8579609394073486
init-init,proj-c4-r50-s0,proj-alpaca-r50-s0,L11.fc2,11,fc2,2048,1154,0.5634765625,0.8774806261062622
final-final,proj-c4-r50-s0,proj-alpaca-r50-s0,L11.fc2,11,fc2,2048,1154,0.5634765625,0.8713484406471252
init-init,proj-c4-r50-s0,proj-alpaca-r50-s0,L12.qkv,12,qkv,2048,1490,0.7275390625,0.9161071181297302
final-final,proj-c4-r50-s0,proj-alpaca-r50-s0,L12.qkv,12,qkv,2048,1490,0.7275390625,0.9120485186576843
init-init,proj-c4-r50-s0,proj-alpaca-r50-s0,L12.o,12,o,2048,1490,0.7275390625,0.9147253036499023
final-final,proj-c4-r50-s0,proj-alpaca-r50-s0,L12.o,12,o,2048,1490,0.7275390625,0.9110177159309387
init-init,proj-c4-r50-s0,proj-alpaca-r50-s0,L12.fc1,12,fc1,2048,1154,0.5634765625,0.8613985776901245
final-final,proj-c4-r50-s0,proj-alpaca-r50-s0,L12.fc1,12,fc1,2048,1154,0.5634765625,0.8560092449188232
init-init,proj-c4-r50-s0,proj-alpaca-r50-s0,L12.fc2,12,fc2,2048,1154,0.5634765625,0.8789022564888
final-final,proj-c4-r50-s0,proj-alpaca-r50-s0,L12.fc2,12,fc2,2048,1154,0.5634765625,0.8728082180023193
init-init,proj-c4-r50-s0,proj-alpaca-r50-s0,L13.qkv,13,qkv,2048,1490,0.7275390625,0.9174374341964722
final-final,proj-c4-r50-s0,proj-alpaca-r50-s0,L13.qkv,13,qkv,2048,1490,0.7275390625,0.9134020209312439
init-init,proj-c4-r50-s0,proj-alpaca-r50-s0,L13.o,13,o,2048,1490,0.7275390625,0.9126529097557068
final-final,proj-c4-r50-s0,proj-alpaca-r50-s0,L13.o,13,o,2048,1490,0.7275390625,0.909000039100647
init-init,proj-c4-r50-s0,proj-alpaca-r50-s0,L13.fc1,13,fc1,2048,1154,0.5634765625,0.8589586019515991
final-final,proj-c4-r50-s0,proj-alpaca-r50-s0,L13.fc1,13,fc1,2048,1154,0.5634765625,0.8539628982543945
init-init,proj-c4-r50-s0,proj-alpaca-r50-s0,L13.fc2,13,fc2,2048,1154,0.5634765625,0.8797412514686584
final-final,proj-c4-r50-s0,proj-alpaca-r50-s0,L13.fc2,13,fc2,2048,1154,0.5634765625,0.8735974431037903
init-init,proj-c4-r50-s0,proj-alpaca-r50-s0,L14.qkv,14,qkv,2048,1490,0.7275390625,0.9133815765380859
final-final,proj-c4-r50-s0,proj-alpaca-r50-s0,L14.qkv,14,qkv,2048,1490,0.7275390625,0.9099088907241821
init-init,proj-c4-r50-s0,proj-alpaca-r50-s0,L14.o,14,o,2048,1490,0.7275390625,0.9046136140823364
final-final,proj-c4-r50-s0,proj-alpaca-r50-s0,L14.o,14,o,2048,1490,0.7275390625,0.9012338519096375
init-init,proj-c4-r50-s0,proj-alpaca-r50-s0,L14.fc1,14,fc1,2048,1154,0.5634765625,0.8556451797485352
final-final,proj-c4-r50-s0,proj-alpaca-r50-s0,L14.fc1,14,fc1,2048,1154,0.5634765625,0.8509299159049988
init-init,proj-c4-r50-s0,proj-alpaca-r50-s0,L14.fc2,14,fc2,2048,1154,0.5634765625,0.8759726881980896
final-final,proj-c4-r50-s0,proj-alpaca-r50-s0,L14.fc2,14,fc2,2048,1154,0.5634765625,0.8701874017715454
init-init,proj-c4-r50-s0,proj-alpaca-r50-s0,L15.qkv,15,qkv,2048,1490,0.7275390625,0.9141895174980164
final-final,proj-c4-r50-s0,proj-alpaca-r50-s0,L15.qkv,15,qkv,2048,1490,0.7275390625,0.9107857942581177
init-init,proj-c4-r50-s0,proj-alpaca-r50-s0,L15.o,15,o,2048,1490,0.7275390625,0.8977264165878296
final-final,proj-c4-r50-s0,proj-alpaca-r50-s0,L15.o,15,o,2048,1490,0.7275390625,0.8944128155708313
init-init,proj-c4-r50-s0,proj-alpaca-r50-s0,L15.fc1,15,fc1,2048,1154,0.5634765625,0.8523944616317749
final-final,proj-c4-r50-s0,proj-alpaca-r50-s0,L15.fc1,15,fc1,2048,1154,0.5634765625,0.8473877906799316
init-init,proj-c4-r50-s0,proj-alpaca-r50-s0,L15.fc2,15,fc2,2048,1154,0.5634765625,0.8732169270515442
final-final,proj-c4-r50-s0,proj-alpaca-r50-s0,L15.fc2,15,fc2,2048,1154,0.5634765625,0.8673017621040344
init-init,proj-c4-r50-s0,proj-alpaca-r50-s0,L16.qkv,16,qkv,2048,1490,0.7275390625,0.9073304533958435
final-final,proj-c4-r50-s0,proj-alpaca-r50-s0,L16.qkv,16,qkv,2048,1490,0.7275390625,0.9043696522712708
init-init,proj-c4-r50-s0,proj-alpaca-r50-s0,L16.o,16,o,2048,1490,0.7275390625,0.9064467549324036
final-final,proj-c4-r50-s0,proj-alpaca-r50-s0,L16.o,16,o,2048,1490,0.7275390625,0.9033722877502441
init-init,proj-c4-r50-s0,proj-alpaca-r50-s0,L16.fc1,16,fc1,2048,1154,0.5634765625,0.8530919551849365
final-final,proj-c4-r50-s0,proj-alpaca-r50-s0,L16.fc1,16,fc1,2048,1154,0.5634765625,0.8480053544044495
init-init,proj-c4-r50-s0,proj-alpaca-r50-s0,L16.fc2,16,fc2,2048,1154,0.5634765625,0.8735250234603882
final-final,proj-c4-r50-s0,proj-alpaca-r50-s0,L16.fc2,16,fc2,2048,1154,0.5634765625,0.8674970865249634
init-init,proj-c4-r50-s0,proj-alpaca-r50-s0,L17.qkv,17,qkv,2048,1490,0.7275390625,0.9042444825172424
final-final,proj-c4-r50-s0,proj-alpaca-r50-s0,L17.qkv,17,qkv,2048,1490,0.7275390625,0.9011096358299255
init-init,proj-c4-r50-s0,proj-alpaca-r50-s0,L17.o,17,o,2048,1490,0.7275390625,0.899965763092041
final-final,proj-c4-r50-s0,proj-alpaca-r50-s0,L17.o,17,o,2048,1490,0.7275390625,0.896938145160675
init-init,proj-c4-r50-s0,proj-alpaca-r50-s0,L17.fc1,17,fc1,2048,1154,0.5634765625,0.8532705903053284
final-final,proj-c4-r50-s0,proj-alpaca-r50-s0,L17.fc1,17,fc1,2048,1154,0.5634765625,0.8480682373046875
init-init,proj-c4-r50-s0,proj-alpaca-r50-s0,L17.fc2,17,fc2,2048,1154,0.5634765625,0.8727402091026306
final-final,proj-c4-r50-s0,proj-alpaca-r50-s0,L17.fc2,17,fc2,2048,1154,0.5634765625,0.8667357563972473
init-init,proj-c4-r50-s0,proj-alpaca-r50-s0,L18.qkv,18,qkv,2048,1490,0.7275390625,0.9050145149230957
final-final,proj-c4-r50-s0,proj-alpaca-r50-s0,L18.qkv,18,qkv,2048,1490,0.7275390625,0.9023477435112
init-init,proj-c4-r50-s0,proj-alpaca-r50-s0,L18.o,18,o,2048,1490,0.7275390625,0.9032423496246338
final-final,proj-c4-r50-s0,proj-alpaca-r50-s0,L18.o,18,o,2048,1490,0.7275390625,0.9002980589866638
init-init,proj-c4-r50-s0,proj-alpaca-r50-s0,L18.fc1,18,fc1,2048,1154,0.5634765625,0.854901134967804
final-final,proj-c4-r50-s0,proj-alpaca-r50-s0,L18.fc1,18,fc1,2048,1154,0.5634765625,0.8491385579109192
init-init,proj-c4-r50-s0,proj-alpaca-r50-s0,L18.fc2,18,fc2,2048,1154,0.5634765625,0.8719995617866516
final-final,proj-c4-r50-s0,proj-alpaca-r50-s0,L18.fc2,18,fc2,2048,1154,0.5634765625,0.8656606674194336
init-init,proj-c4-r50-s0,proj-alpaca-r50-s0,L19.qkv,19,qkv,2048,1490,0.7275390625,0.9034634828567505
final-final,proj-c4-r50-s0,proj-alpaca-r50-s0,L19.qkv,19,qkv,2048,1490,0.7275390625,0.9007466435432434
init-init,proj-c4-r50-s0,proj-alpaca-r50-s0,L19.o,19,o,2048,1490,0.7275390625,0.8970339894294739
final-final,proj-c4-r50-s0,proj-alpaca-r50-s0,L19.o,19,o,2048,1490,0.7275390625,0.8943312168121338
init-init,proj-c4-r50-s0,proj-alpaca-r50-s0,L19.fc1,19,fc1,2048,1154,0.5634765625,0.8547980785369873
final-final,proj-c4-r50-s0,proj-alpaca-r50-s0,L19.fc1,19,fc1,2048,1154,0.5634765625,0.8492305874824524
init-init,proj-c4-r50-s0,proj-alpaca-r50-s0,L19.fc2,19,fc2,2048,1154,0.5634765625,0.8697218298912048
final-final,proj-c4-r50-s0,proj-alpaca-r50-s0,L19.fc2,19,fc2,2048,1154,0.5634765625,0.8631941676139832
init-init,proj-c4-r50-s0,proj-alpaca-r50-s0,L20.qkv,20,qkv,2048,1490,0.7275390625,0.9017496705055237
final-final,proj-c4-r50-s0,proj-alpaca-r50-s0,L20.qkv,20,qkv,2048,1490,0.7275390625,0.8992350101470947
init-init,proj-c4-r50-s0,proj-alpaca-r50-s0,L20.o,20,o,2048,1490,0.7275390625,0.888505756855011
final-final,proj-c4-r50-s0,proj-alpaca-r50-s0,L20.o,20,o,2048,1490,0.7275390625,0.8859490156173706
init-init,proj-c4-r50-s0,proj-alpaca-r50-s0,L20.fc1,20,fc1,2048,1154,0.5634765625,0.8533058762550354
final-final,proj-c4-r50-s0,proj-alpaca-r50-s0,L20.fc1,20,fc1,2048,1154,0.5634765625,0.8482750654220581
init-init,proj-c4-r50-s0,proj-alpaca-r50-s0,L20.fc2,20,fc2,2048,1154,0.5634765625,0.8656575083732605
final-final,proj-c4-r50-s0,proj-alpaca-r50-s0,L20.fc2,20,fc2,2048,1154,0.5634765625,0.8593676090240479
init-init,proj-c4-r50-s0,proj-alpaca-r50-s0,L21.qkv,21,qkv,2048,1490,0.7275390625,0.8972343802452087
final-final,proj-c4-r50-s0,proj-alpaca-r50-s0,L21.qkv,21,qkv,2048,1490,0.7275390625,0.8947511911392212
init-init,proj-c4-r50-s0,proj-alpaca-r50-s0,L21.o,21,o,2048,1490,0.7275390625,0.8788480162620544
final-final,proj-c4-r50-s0,proj-alpaca-r50-s0,L21.o,21,o,2048,1490,0.7275390625,0.8763157725334167
init-init,proj-c4-r50-s0,proj-alpaca-r50-s0,L21.fc1,21,fc1,2048,1154,0.5634765625,0.8489717841148376
final-final,proj-c4-r50-s0,proj-alpaca-r50-s0,L21.fc1,21,fc1,2048,1154,0.5634765625,0.8441796898841858
init-init,proj-c4-r50-s0,proj-alpaca-r50-s0,L21.fc2,21,fc2,2048,1154,0.5634765625,0.8654779195785522
final-final,proj-c4-r50-s0,proj-alpaca-r50-s0,L21.fc2,21,fc2,2048,1154,0.5634765625,0.8593927025794983
init-init,proj-c4-r50-s0,proj-alpaca-r50-s0,L22.qkv,22,qkv,2048,1490,0.7275390625,0.8933004140853882
final-final,proj-c4-r50-s0,proj-alpaca-r50-s0,L22.qkv,22,qkv,2048,1490,0.7275390625,0.8908531069755554
init-init,proj-c4-r50-s0,proj-alpaca-r50-s0,L22.o,22,o,2048,1490,0.7275390625,0.8797379732131958
final-final,proj-c4-r50-s0,proj-alpaca-r50-s0,L22.o,22,o,2048,1490,0.7275390625,0.8771882057189941
init-init,proj-c4-r50-s0,proj-alpaca-r50-s0,L22.fc1,22,fc1,2048,1154,0.5634765625,0.8452020287513733
final-final,proj-c4-r50-s0,proj-alpaca-r50-s0,L22.fc1,22,fc1,2048,1154,0.5634765625,0.8418489098548889
init-init,proj-c4-r50-s0,proj-alpaca-r50-s0,L22.fc2,22,fc2,2048,1154,0.5634765625,0.8693243861198425
final-final,proj-c4-r50-s0,proj-alpaca-r50-s0,L22.fc2,22,fc2,2048,1154,0.5634765625,0.8637295365333557
init-init,proj-c4-r50-s0,proj-alpaca-r50-s0,L23.qkv,23,qkv,2048,1490,0.7275390625,0.8947433233261108
final-final,proj-c4-r50-s0,proj-alpaca-r50-s0,L23.qkv,23,qkv,2048,1490,0.7275390625,0.8942751884460449
init-init,proj-c4-r50-s0,proj-alpaca-r50-s0,L23.o,23,o,2048,1490,0.7275390625,0.8884492516517639
final-final,proj-c4-r50-s0,proj-alpaca-r50-s0,L23.o,23,o,2048,1490,0.7275390625,0.8856900334358215
init-init,proj-c4-r50-s0,proj-alpaca-r50-s0,L23.fc1,23,fc1,2048,1154,0.5634765625,0.8390640616416931
final-final,proj-c4-r50-s0,proj-alpaca-r50-s0,L23.fc1,23,fc1,2048,1154,0.5634765625,0.8364846706390381
init-init,proj-c4-r50-s0,proj-alpaca-r50-s0,L23.fc2,23,fc2,2048,1154,0.5634765625,0.8768594861030579
final-final,proj-c4-r50-s0,proj-alpaca-r50-s0,L23.fc2,23,fc2,2048,1154,0.5634765625,0.8703731894493103
init-init,proj-c4-r50-s0,proj-selfgen-r50-s0,L0.qkv,0,qkv,2048,1490,0.7275390625,0.9666556119918823
final-final,proj-c4-r50-s0,proj-selfgen-r50-s0,L0.qkv,0,qkv,2048,1490,0.7275390625,0.9615325927734375
init-init,proj-c4-r50-s0,proj-selfgen-r50-s0,L0.o,0,o,2048,1490,0.7275390625,0.9708559513092041
final-final,proj-c4-r50-s0,proj-selfgen-r50-s0,L0.o,0,o,2048,1490,0.7275390625,0.9674051403999329
init-init,proj-c4-r50-s0,proj-selfgen-r50-s0,L0.fc1,0,fc1,2048,1154,0.5634765625,0.9457753896713257
final-final,proj-c4-r50-s0,proj-selfgen-r50-s0,L0.fc1,0,fc1,2048,1154,0.5634765625,0.9405828714370728
init-init,proj-c4-r50-s0,proj-selfgen-r50-s0,L0.fc2,0,fc2,2048,1154,0.5634765625,0.9439667463302612
final-final,proj-c4-r50-s0,proj-selfgen-r50-s0,L0.fc2,0,fc2,2048,1154,0.5634765625,0.9382979869842529
init-init,proj-c4-r50-s0,proj-selfgen-r50-s0,L1.qkv,1,qkv,2048,1490,0.7275390625,0.978739321231842
final-final,proj-c4-r50-s0,proj-selfgen-r50-s0,L1.qkv,1,qkv,2048,1490,0.7275390625,0.9744507074356079
init-init,proj-c4-r50-s0,proj-selfgen-r50-s0,L1.o,1,o,2048,1490,0.7275390625,0.9544509053230286
final-final,proj-c4-r50-s0,proj-selfgen-r50-s0,L1.o,1,o,2048,1490,0.7275390625,0.9513498544692993
init-init,proj-c4-r50-s0,proj-selfgen-r50-s0,L1.fc1,1,fc1,2048,1154,0.5634765625,0.9659051299095154
final-final,proj-c4-r50-s0,proj-selfgen-r50-s0,L1.fc1,1,fc1,2048,1154,0.5634765625,0.9620441794395447
init-init,proj-c4-r50-s0,proj-selfgen-r50-s0,L1.fc2,1,fc2,2048,1154,0.5634765625,0.927189290523529
final-final,proj-c4-r50-s0,proj-selfgen-r50-s0,L1.fc2,1,fc2,2048,1154,0.5634765625,0.9213829040527344
init-init,proj-c4-r50-s0,proj-selfgen-r50-s0,L2.qkv,2,qkv,2048,1490,0.7275390625,0.9773924350738525
final-final,proj-c4-r50-s0,proj-selfgen-r50-s0,L2.qkv,2,qkv,2048,1490,0.7275390625,0.9725761413574219
init-init,proj-c4-r50-s0,proj-selfgen-r50-s0,L2.o,2,o,2048,1490,0.7275390625,0.9674178957939148
final-final,proj-c4-r50-s0,proj-selfgen-r50-s0,L2.o,2,o,2048,1490,0.7275390625,0.9646056890487671
init-init,proj-c4-r50-s0,proj-selfgen-r50-s0,L2.fc1,2,fc1,2048,1154,0.5634765625,0.9584952592849731
final-final,proj-c4-r50-s0,proj-selfgen-r50-s0,L2.fc1,2,fc1,2048,1154,0.5634765625,0.9548217058181763
init-init,proj-c4-r50-s0,proj-selfgen-r50-s0,L2.fc2,2,fc2,2048,1154,0.5634765625,0.9246494174003601
final-final,proj-c4-r50-s0,proj-selfgen-r50-s0,L2.fc2,2,fc2,2048,1154,0.5634765625,0.9191105365753174
init-init,proj-c4-r50-s0,proj-selfgen-r50-s0,L3.qkv,3,qkv,2048,1490,0.7275390625,0.9740235805511475
final-final,proj-c4-r50-s0,proj-selfgen-r50-s0,L3.qkv,3,qkv,2048,1490,0.7275390625,0.9689772129058838
init-init,proj-c4-r50-s0,proj-selfgen-r50-s0,L3.o,3,o,2048,1490,0.7275390625,0.9546955823898315
final-final,proj-c4-r50-s0,proj-selfgen-r50-s0,L3.o,3,o,2048,1490,0.7275390625,0.9513852596282959
init-init,proj-c4-r50-s0,proj-selfgen-r50-s0,L3.fc1,3,fc1,2048,1154,0.5634765625,0.9532896876335144
final-final,proj-c4-r50-s0,proj-selfgen-r50-s0,L3.fc1,3,fc1,2048,1154,0.5634765625,0.948506236076355
init-init,proj-c4-r50-s0,proj-selfgen-r50-s0,L3.fc2,3,fc2,2048,1154,0.5634765625,0.9167637825012207
final-final,proj-c4-r50-s0,proj-selfgen-r50-s0,L3.fc2,3,fc2,2048,1154,0.5634765625,0.9110780954360962
init-init,proj-c4-r50-s0,proj-selfgen-r50-s0,L4.qkv,4,qkv,2048,1490,0.7275390625,0.9713497161865234
final-final,proj-c4-r50-s0,proj-selfgen-r50-s0,L4.qkv,4,qkv,2048,1490,0.7275390625,0.9664038419723511
init-init,proj-c4-r50-s0,proj-selfgen-r50-s0,L4.o,4,o,2048,1490,0.7275390625,0.9637507200241089
final-final,proj-c4-r50-s0,proj-selfgen-r50-s0,L4.o,4,o,2048,1490,0.7275390625,0.9605077505111694
init-init,proj-c4-r50-s0,proj-selfgen-r50-s0,L4.fc1,4,fc1,2048,1154,0.5634765625,0.9498506784439087
final-final,proj-c4-r50-s0,proj-selfgen-r50-s0,L4.fc1,4,fc1,2048,1154,0.5634765625,0.9442187547683716
init-init,proj-c4-r50-s0,proj-selfgen-r50-s0,L4.fc2,4,fc2,2048,1154,0.5634765625,0.89509516954422
final-final,proj-c4-r50-s0,proj-selfgen-r50-s0,L4.fc2,4,fc2,2048,1154,0.5634765625,0.8896978497505188
init-init,proj-c4-r50-s0,proj-selfgen-r50-s0,L5.qkv,5,qkv,2048,1490,0.7275390625,0.9668447375297546
final-final,proj-c4-r50-s0,proj-selfgen-r50-s0,L5.qkv,5,qkv,2048,1490,0.7275390625,0.9619542360305786
init-init,proj-c4-r50-s0,proj-selfgen-r50-s0,L5.o,5,o,2048,1490,0.7275390625,0.9631123542785645
final-final,proj-c4-r50-s0,proj-selfgen-r50-s0,L5.o,5,o,2048,1490,0.7275390625,0.9595543146133423
init-init,proj-c4-r50-s0,proj-selfgen-r50-s0,L5.fc1,5,fc1,2048,1154,0.5634765625,0.9448437690734863
final-final,proj-c4-r50-s0,proj-selfgen-r50-s0,L5.fc1,5,fc1,2048,1154,0.5634765625,0.9385764002799988
init-init,proj-c4-r50-s0,proj-selfgen-r50-s0,L5.fc2,5,fc2,2048,1154,0.5634765625,0.8814916014671326
final-final,proj-c4-r50-s0,proj-selfgen-r50-s0,L5.fc2,5,fc2,2048,1154,0.5634765625,0.8761637806892395
init-init,proj-c4-r50-s0,proj-selfgen-r50-s0,L6.qkv,6,qkv,2048,1490,0.7275390625,0.964177131652832
final-final,proj-c4-r50-s0,proj-selfgen-r50-s0,L6.qkv,6,qkv,2048,1490,0.7275390625,0.9587093591690063
init-init,proj-c4-r50-s0,proj-selfgen-r50-s0,L6.o,6,o,2048,1490,0.7275390625,0.9596129655838013
final-final,proj-c4-r50-s0,proj-selfgen-r50-s0,L6.o,6,o,2048,1490,0.7275390625,0.9549328088760376
init-init,proj-c4-r50-s0,proj-selfgen-r50-s0,L6.fc1,6,fc1,2048,1154,0.5634765625,0.9384029507637024
final-final,proj-c4-r50-s0,proj-selfgen-r50-s0,L6.fc1,6,fc1,2048,1154,0.5634765625,0.9317485094070435
init-init,proj-c4-r50-s0,proj-selfgen-r50-s0,L6.fc2,6,fc2,2048,1154,0.5634765625,0.8757956027984619
final-final,proj-c4-r50-s0,proj-selfgen-r50-s0,L6.fc2,6,fc2,2048,1154,0.5634765625,0.8707922101020813
init-init,proj-c4-r50-s0,proj-selfgen-r50-s0,L7.qkv,7,qkv,2048,1490,0.7275390625,0.9604163765907288
final-final,proj-c4-r50-s0,proj-selfgen-r50-s0,L7.qkv,7,qkv,2048,1490,0.7275390625,0.9547393918037415
init-init,proj-c4-r50-s0,proj-selfgen-r50-s0,L7.o,7,o,2048,1490,0.7275390625,0.9485855102539062
final-final,proj-c4-r50-s0,proj-selfgen-r50-s0,L7.o,7,o,2048,1490,0.7275390625,0.94371098279953
init-init,proj-c4-r50-s0,proj-selfgen-r50-s0,L7.fc1,7,fc1,2048,1154,0.5634765625,0.9312610626220703
final-final,proj-c4-r50-s0,proj-selfgen-r50-s0,L7.fc1,7,fc1,2048,1154,0.5634765625,0.9243667721748352
init-init,proj-c4-r50-s0,proj-selfgen-r50-s0,L7.fc2,7,fc2,2048,1154,0.5634765625,0.8709248900413513
final-final,proj-c4-r50-s0,proj-selfgen-r50-s0,L7.fc2,7,fc2,2048,1154,0.5634765625,0.8659334778785706
init-init,proj-c4-r50-s0,proj-selfgen-r50-s0,L8.qkv,8,qkv,2048,1490,0.7275390625,0.9569081664085388
final-final,proj-c4-r50-s0,proj-selfgen-r50-s0,L8.qkv,8,qkv,2048,1490,0.7275390625,0.9513082504272461
init-init,proj-c4-r50-s0,proj-selfgen-r50-s0,L8.o,8,o,2048,1490,0.7275390625,0.9508293867111206
final-final,proj-c4-r50-s0,proj-selfgen-r50-s0,L8.o,8,o,2048,1490,0.7275390625,0.9457953572273254
init-init,proj-c4-r50-s0,proj-selfgen-r50-s0,L8.fc1,8,fc1,2048,1154,0.5634765625,0.9222612977027893
final-final,proj-c4-r50-s0,proj-selfgen-r50-s0,L8.fc1,8,fc1,2048,1154,0.5634765625,0.9154213666915894
init-init,proj-c4-r50-s0,proj-selfgen-r50-s0,L8.fc2,8,fc2,2048,1154,0.5634765625,0.8795594573020935
final-final,proj-c4-r50-s0,proj-selfgen-r50-s0,L8.fc2,8,fc2,2048,1154,0.5634765625,0.8739151954650879
init-init,proj-c4-r50-s0,proj-selfgen-r50-s0,L9.qkv,9,qkv,2048,1490,0.7275390625,0.9519925117492676
final-final,proj-c4-r50-s0,proj-selfgen-r50-s0,L9.qkv,9,qkv,2048,1490,0.7275390625,0.9465661644935608
init-init,proj-c4-r50-s0,proj-selfgen-r50-s0,L9.o,9,o,2048,1490,0.7275390625,0.951104462146759
final-final,proj-c4-r50-s0,proj-selfgen-r50-s0,L9.o,9,o,2048,1490,0.7275390625,0.9458789229393005
init-init,proj-c4-r50-s0,proj-selfgen-r50-s0,L9.fc1,9,fc1,2048,1154,0.5634765625,0.9144378304481506
final-final,proj-c4-r50-s0,proj-selfgen-r50-s0,L9.fc1,9,fc1,2048,1154,0.5634765625,0.9074234366416931
init-init,proj-c4-r50-s0,proj-selfgen-r50-s0,L9.fc2,9,fc2,2048,1154,0.5634765625,0.9001840353012085
final-final,proj-c4-r50-s0,proj-selfgen-r50-s0,L9.fc2,9,fc2,2048,1154,0.5634765625,0.893376350402832
init-init,proj-c4-r50-s0,proj-selfgen-r50-s0,L10.qkv,10,qkv,2048,1490,0.7275390625,0.9524202942848206
final-final,proj-c4-r50-s0,proj-selfgen-r50-s0,L10.qkv,10,qkv,2048,1490,0.7275390625,0.947127103805542
init-init,proj-c4-r50-s0,proj-selfgen-r50-s0,L10.o,10,o,2048,1490,0.7275390625,0.9539371728897095
final-final,proj-c4-r50-s0,proj-selfgen-r50-s0,L10.o,10,o,2048,1490,0.7275390625,0.9485653638839722
init-init,proj-c4-r50-s0,proj-selfgen-r50-s0,L10.fc1,10,fc1,2048,1154,0.5634765625,0.9116382598876953
final-final,proj-c4-r50-s0,proj-selfgen-r50-s0,L10.fc1,10,fc1,2048,1154,0.5634765625,0.9048128724098206
init-init,proj-c4-r50-s0,proj-selfgen-r50-s0,L10.fc2,10,fc2,2048,1154,0.5634765625,0.9076641798019409
final-final,proj-c4-r50-s0,proj-selfgen-r50-s0,L10.fc2,10,fc2,2048,1154,0.5634765625,0.9008331894874573
init-init,proj-c4-r50-s0,proj-selfgen-r50-s0,L11.qkv,11,qkv,2048,1490,0.7275390625,0.9502218961715698
final-final,proj-c4-r50-s0,proj-selfgen-r50-s0,L11.qkv,11,qkv,2048,1490,0.7275390625,0.9449407458305359
init-init,proj-c4-r50-s0,proj-selfgen-r50-s0,L11.o,11,o,2048,1490,0.7275390625,0.9481199383735657
final-final,proj-c4-r50-s0,proj-selfgen-r50-s0,L11.o,11,o,2048,1490,0.7275390625,0.9433433413505554
init-init,proj-c4-r50-s0,proj-selfgen-r50-s0,L11.fc1,11,fc1,2048,1154,0.5634765625,0.9088935256004333
final-final,proj-c4-r50-s0,proj-selfgen-r50-s0,L11.fc1,11,fc1,2048,1154,0.5634765625,0.9022004008293152
init-init,proj-c4-r50-s0,proj-selfgen-r50-s0,L11.fc2,11,fc2,2048,1154,0.5634765625,0.917277991771698
final-final,proj-c4-r50-s0,proj-selfgen-r50-s0,L11.fc2,11,fc2,2048,1154,0.5634765625,0.9098832607269287
init-init,proj-c4-r50-s0,proj-selfgen-r50-s0,L12.qkv,12,qkv,2048,1490,0.7275390625,0.9502280950546265
final-final,proj-c4-r50-s0,proj-selfgen-r50-s0,L12.qkv,12,qkv,2048,1490,0.7275390625,0.9453217387199402
init-init,proj-c4-r50-s0,proj-selfgen-r50-s0,L12.o,12,o,2048,1490,0.7275390625,0.9522726535797119
final-final,proj-c4-r50-s0,proj-selfgen-r50-s0,L12.o,12,o,2048,1490,0.7275390625,0.9473354816436768
init-init,proj-c4-r50-s0,proj-selfgen-r50-s0,L12.fc1,12,fc1,2048,1154,0.5634765625,0.908944845199585
final-final,proj-c4-r50-s0,proj-selfgen-r50-s0,L12.fc1,12,fc1,2048,1154,0.5634765625,0.9024897217750549
init-init,proj-c4-r50-s0,proj-selfgen-r50-s0,L12.fc2,12,fc2,2048,1154,0.5634765625,0.9240879416465759
final-final,proj-c4-r50-s0,proj-selfgen-r50-s0,L12.fc2,12,fc2,2048,1154,0.5634765625,0.9166496992111206
init-init,proj-c4-r50-s0,proj-selfgen-r50-s0,L13.qkv,13,qkv,2048,1490,0.7275390625,0.9527062177658081
final-final,proj-c4-r50-s0,proj-selfgen-r50-s0,L13.qkv,13,qkv,2048,1490,0.7275390625,0.9477536082267761
init-init,proj-c4-r50-s0,proj-selfgen-r50-s0,L13.o,13,o,2048,1490,0.7275390625,0.9566044807434082
final-final,proj-c4-r50-s0,proj-selfgen-r50-s0,L13.o,13,o,2048,1490,0.7275390625,0.9512954354286194
init-init,proj-c4-r50-s0,proj-selfgen-r50-s0,L13.fc1,13,fc1,2048,1154,0.5634765625,0.9087235927581787
final-final,proj-c4-r50-s0,proj-selfgen-r50-s0,L13.fc1,13,fc1,2048,1154,0.5634765625,0.9024461507797241
init-init,proj-c4-r50-s0,proj-selfgen-r50-s0,L13.fc2,13,fc2,2048,1154,0.5634765625,0.9248905777931213
final-final,proj-c4-r50-s0,proj-selfgen-r50-s0,L13.fc2,13,fc2,2048,1154,0.5634765625,0.9173561930656433
init-init,proj-c4-r50-s0,proj-selfgen-r50-s0,L14.qkv,14,qkv,2048,1490,0.7275390625,0.9501092433929443
final-final,proj-c4-r50-s0,proj-selfgen-r50-s0,L14.qkv,14,qkv,2048,1490,0.7275390625,0.9455990195274353
init-init,proj-c4-r50-s0,proj-selfgen-r50-s0,L14.o,14,o,2048,1490,0.7275390625,0.9465914964675903
final-final,proj-c4-r50-s0,proj-selfgen-r50-s0,L14.o,14,o,2048,1490,0.7275390625,0.9417467713356018
init-init,proj-c4-r50-s0,proj-selfgen-r50-s0,L14.fc1,14,fc1,2048,1154,0.5634765625,0.9080145955085754
final-final,proj-c4-r50-s0,proj-selfgen-r50-s0,L14.fc1,14,fc1,2048,1154,0.5634765625,0.9018715620040894
init-init,proj-c4-r50-s0,proj-selfgen-r50-s0,L14.fc2,14,fc2,2048,1154,0.5634765625,0.9188730716705322
final-final,proj-c4-r50-s0,proj-selfgen-r50-s0,L14.fc2,14,fc2,2048,1154,0.5634765625,0.9116289019584656
init-init,proj-c4-r50-s0,proj-selfgen-r50-s0,L15.qkv,15,qkv,2048,1490,0.7275390625,0.9507298469543457
final-final,proj-c4-r50-s0,proj-selfgen-r50-s0,L15.qkv,15,qkv,2048,1490,0.7275390625,0.9461961984634399
init-init,proj-c4-r50-s0,proj-selfgen-r50-s0,L15.o,15,o,2048,1490,0.7275390625,0.9452832341194153
final-final,proj-c4-r50-s0,proj-selfgen-r50-s0,L15.o,15,o,2048,1490,0.7275390625,0.9405278563499451
init-init,proj-c4-r50-s0,proj-selfgen-r50-s0,L15.fc1,15,fc1,2048,1154,0.5634765625,0.9052624106407166
final-final,proj-c4-r50-s0,proj-selfgen-r50-s0,L15.fc1,15,fc1,2048,1154,0.5634765625,0.8986564874649048
init-init,proj-c4-r50-s0,proj-selfgen-r50-s0,L15.fc2,15,fc2,2048,1154,0.5634765625,0.9212085008621216
final-final,proj-c4-r50-s0,proj-selfgen-r50-s0,L15.fc2,15,fc2,2048,1154,0.5634765625,0.9133965373039246
init-init,proj-c4-r50-s0,proj-selfgen-r50-s0,L16.qkv,16,qkv,2048,1490,0.7275390625,0.9455177783966064
final-final,proj-c4-r50-s0,proj-selfgen-r50-s0,L16.qkv,16,qkv,2048,1490,0.7275390625,0.9415441155433655
init-init,proj-c4-r50-s0,proj-selfgen-r50-s0,L16.o,16,o,2048,1490,0.7275390625,0.9452270865440369
final-final,proj-c4-r50-s0,proj-selfgen-r50-s0,L16.o,16,o,2048,1490,0.7275390625,0.9409485459327698
init-init,proj-c4-r50-s0,proj-selfgen-r50-s0,L16.fc1,16,fc1,2048,1154,0.5634765625,0.9058635830879211
final-final,proj-c4-r50-s0,proj-selfgen-r50-s0,L16.fc1,16,fc1,2048,1154,0.5634765625,0.8990330696105957
init-init,proj-c4-r50-s0,proj-selfgen-r50-s0,L16.fc2,16,fc2,2048,1154,0.5634765625,0.9186309576034546
final-final,proj-c4-r50-s0,proj-selfgen-r50-s0,L16.fc2,16,fc2,2048,1154,0.5634765625,0.9107958078384399
init-init,proj-c4-r50-s0,proj-selfgen-r50-s0,L17.qkv,17,qkv,2048,1490,0.7275390625,0.9417902231216431
final-final,proj-c4-r50-s0,proj-selfgen-r50-s0,L17.qkv,17,qkv,2048,1490,0.7275390625,0.9373872876167297
init-init,proj-c4-r50-s0,proj-selfgen-r50-s0,L17.o,17,o,2048,1490,0.7275390625,0.9382984042167664
final-final,proj-c4-r50-s0,proj-selfgen-r50-s0,L17.o,17,o,2048,1490,0.7275390625,0.9340590238571167
init-init,proj-c4-r50-s0,proj-selfgen-r50-s0,L17.fc1,17,fc1,2048,1154,0.5634765625,0.9053340554237366
final-final,proj-c4-r50-s0,proj-selfgen-r50-s0,L17.fc1,17,fc1,2048,1154,0.5634765625,0.8984767198562622
init-init,proj-c4-r50-s0,proj-selfgen-r50-s0,L17.fc2,17,fc2,2048,1154,0.5634765625,0.9141374826431274
final-final,proj-c4-r50-s0,proj-selfgen-r50-s0,L17.fc2,17,fc2,2048,1154,0.5634765625,0.9063404202461243
init-init,proj-c4-r50-s0,proj-selfgen-r50-s0,L18.qkv,18,qkv,2048,1490,0.7275390625,0.9414829611778259
final-final,proj-c4-r50-s0,proj-selfgen-r50-s0,L18.qkv,18,qkv,2048,1490,0.7275390625,0.9375372529029846
init-init,proj-c4-r50-s0,proj-selfgen-r50-s0,L18.o,18,o,2048,1490,0.7275390625,0.9416818618774414
final-final,proj-c4-r50-s0,proj-selfgen-r50-s0,L18.o,18,o,2048,1490,0.7275390625,0.9371264576911926
init-init,proj-c4-r50-s0,proj-selfgen-r50-s0,L18.fc1,18,fc1,2048,1154,0.5634765625,0.9055963754653931
final-final,proj-c4-r50-s0,proj-selfgen-r50-s0,L18.fc1,18,fc1,2048,1154,0.5634765625,0.8981848955154419
init-init,proj-c4-r50-s0,proj-selfgen-r50-s0,L18.fc2,18,fc2,2048,1154,0.5634765625,0.9109671711921692
final-final,proj-c4-r50-s0,proj-selfgen-r50-s0,L18.fc2,18,fc2,2048,1154,0.5634765625,0.9029080867767334
init-init,proj-c4-r50-s0,proj-selfgen-r50-s0,L19.qkv,19,qkv,2048,1490,0.7275390625,0.9382414817810059
final-final,proj-c4-r50-s0,proj-selfgen-r50-s0,L19.qkv,19,qkv,2048,1490,0.7275390625,0.9344223737716675
init-init,proj-c4-r50-s0,proj-selfgen-r50-s0,L19.o,19,o,2048,1490,0.7275390625,0.9327037930488586
final-final,proj-c4-r50-s0,proj-selfgen-r50-s0,L19.o,19,o,2048,1490,0.7275390625,0.9287719130516052
init-init,proj-c4-r50-s0,proj-selfgen-r50-s0,L19.fc1,19,fc1,2048,1154,0.5634765625,0.904009997844696
final-final,proj-c4-r50-s0,proj-selfgen-r50-s0,L19.fc1,19,fc1,2048,1154,0.5634765625,0.8968265652656555
init-init,proj-c4-r50-s0,proj-selfgen-r50-s0,L19.fc2,19,fc2,2048,1154,0.5634765625,0.9079720973968506
final-final,proj-c4-r50-s0,proj-selfgen-r50-s0,L19.fc2,19,fc2,2048,1154,0.5634765625,0.8998652100563049
init-init,proj-c4-r50-s0,proj-selfgen-r50-s0,L20.qkv,20,qkv,2048,1490,0.7275390625,0.9353612065315247
final-final,proj-c4-r50-s0,proj-selfgen-r50-s0,L20.qkv,20,qkv,2048,1490,0.7275390625,0.9316394925117493
init-init,proj-c4-r50-s0,proj-selfgen-r50-s0,L20.o,20,o,2048,1490,0.7275390625,0.9243642687797546
final-final,proj-c4-r50-s0,proj-selfgen-r50-s0,L20.o,20,o,2048,1490,0.7275390625,0.9199233651161194
init-init,proj-c4-r50-s0,proj-selfgen-r50-s0,L20.fc1,20,fc1,2048,1154,0.5634765625,0.9021871089935303
final-final,proj-c4-r50-s0,proj-selfgen-r50-s0,L20.fc1,20,fc1,2048,1154,0.5634765625,0.8954484462738037
init-init,proj-c4-r50-s0,proj-selfgen-r50-s0,L20.fc2,20,fc2,2048,1154,0.5634765625,0.8991517424583435
final-final,proj-c4-r50-s0,proj-selfgen-r50-s0,L20.fc2,20,fc2,2048,1154,0.5634765625,0.8910436630249023
init-init,proj-c4-r50-s0,proj-selfgen-r50-s0,L21.qkv,21,qkv,2048,1490,0.7275390625,0.928245484828949
final-final,proj-c4-r50-s0,proj-selfgen-r50-s0,L21.qkv,21,qkv,2048,1490,0.7275390625,0.9248155355453491
init-init,proj-c4-r50-s0,proj-selfgen-r50-s0,L21.o,21,o,2048,1490,0.7275390625,0.9032097458839417
final-final,proj-c4-r50-s0,proj-selfgen-r50-s0,L21.o,21,o,2048,1490,0.7275390625,0.8998860716819763
init-init,proj-c4-r50-s0,proj-selfgen-r50-s0,L21.fc1,21,fc1,2048,1154,0.5634765625,0.895423173904419
final-final,proj-c4-r50-s0,proj-selfgen-r50-s0,L21.fc1,21,fc1,2048,1154,0.5634765625,0.8890640139579773
init-init,proj-c4-r50-s0,proj-selfgen-r50-s0,L21.fc2,21,fc2,2048,1154,0.5634765625,0.8995662927627563
final-final,proj-c4-r50-s0,proj-selfgen-r50-s0,L21.fc2,21,fc2,2048,1154,0.5634765625,0.8914228081703186
init-init,proj-c4-r50-s0,proj-selfgen-r50-s0,L22.qkv,22,qkv,2048,1490,0.7275390625,0.9240450859069824
final-final,proj-c4-r50-s0,proj-selfgen-r50-s0,L22.qkv,22,qkv,2048,1490,0.7275390625,0.9211055040359497
init-init,proj-c4-r50-s0,proj-selfgen-r50-s0,L22.o,22,o,2048,1490,0.7275390625,0.8924672603607178
final-final,proj-c4-r50-s0,proj-selfgen-r50-s0,L22.o,22,o,2048,1490,0.7275390625,0.8896986842155457
init-init,proj-c4-r50-s0,proj-selfgen-r50-s0,L22.fc1,22,fc1,2048,1154,0.5634765625,0.8879266381263733
final-final,proj-c4-r50-s0,proj-selfgen-r50-s0,L22.fc1,22,fc1,2048,1154,0.5634765625,0.8830588459968567
init-init,proj-c4-r50-s0,proj-selfgen-r50-s0,L22.fc2,22,fc2,2048,1154,0.5634765625,0.9065857529640198
final-final,proj-c4-r50-s0,proj-selfgen-r50-s0,L22.fc2,22,fc2,2048,1154,0.5634765625,0.8993641138076782
init-init,proj-c4-r50-s0,proj-selfgen-r50-s0,L23.qkv,23,qkv,2048,1490,0.7275390625,0.9241883754730225
final-final,proj-c4-r50-s0,proj-selfgen-r50-s0,L23.qkv,23,qkv,2048,1490,0.7275390625,0.9235594272613525
init-init,proj-c4-r50-s0,proj-selfgen-r50-s0,L23.o,23,o,2048,1490,0.7275390625,0.8949540853500366
final-final,proj-c4-r50-s0,proj-selfgen-r50-s0,L23.o,23,o,2048,1490,0.7275390625,0.8918133974075317
init-init,proj-c4-r50-s0,proj-selfgen-r50-s0,L23.fc1,23,fc1,2048,1154,0.5634765625,0.8784275054931641
final-final,proj-c4-r50-s0,proj-selfgen-r50-s0,L23.fc1,23,fc1,2048,1154,0.5634765625,0.8747730851173401
init-init,proj-c4-r50-s0,proj-selfgen-r50-s0,L23.fc2,23,fc2,2048,1154,0.5634765625,0.9099721908569336
final-final,proj-c4-r50-s0,proj-selfgen-r50-s0,L23.fc2,23,fc2,2048,1154,0.5634765625,0.9011077880859375
init-init,proj-c4-r50-s0,proj-selfdoc-r50-s0,L0.qkv,0,qkv,2048,1490,0.7275390625,0.967336893081665
final-final,proj-c4-r50-s0,proj-selfdoc-r50-s0,L0.qkv,0,qkv,2048,1490,0.7275390625,0.9621232748031616
init-init,proj-c4-r50-s0,proj-selfdoc-r50-s0,L0.o,0,o,2048,1490,0.7275390625,0.9716981649398804
final-final,proj-c4-r50-s0,proj-selfdoc-r50-s0,L0.o,0,o,2048,1490,0.7275390625,0.9680155515670776
init-init,proj-c4-r50-s0,proj-selfdoc-r50-s0,L0.fc1,0,fc1,2048,1154,0.5634765625,0.9479387998580933
final-final,proj-c4-r50-s0,proj-selfdoc-r50-s0,L0.fc1,0,fc1,2048,1154,0.5634765625,0.9422386288642883
init-init,proj-c4-r50-s0,proj-selfdoc-r50-s0,L0.fc2,0,fc2,2048,1154,0.5634765625,0.9471376538276672
final-final,proj-c4-r50-s0,proj-selfdoc-r50-s0,L0.fc2,0,fc2,2048,1154,0.5634765625,0.9411119818687439
init-init,proj-c4-r50-s0,proj-selfdoc-r50-s0,L1.qkv,1,qkv,2048,1490,0.7275390625,0.9798148274421692
final-final,proj-c4-r50-s0,proj-selfdoc-r50-s0,L1.qkv,1,qkv,2048,1490,0.7275390625,0.9757471084594727
init-init,proj-c4-r50-s0,proj-selfdoc-r50-s0,L1.o,1,o,2048,1490,0.7275390625,0.9553972482681274
final-final,proj-c4-r50-s0,proj-selfdoc-r50-s0,L1.o,1,o,2048,1490,0.7275390625,0.9524259567260742
init-init,proj-c4-r50-s0,proj-selfdoc-r50-s0,L1.fc1,1,fc1,2048,1154,0.5634765625,0.9671910405158997
final-final,proj-c4-r50-s0,proj-selfdoc-r50-s0,L1.fc1,1,fc1,2048,1154,0.5634765625,0.9630897045135498
init-init,proj-c4-r50-s0,proj-selfdoc-r50-s0,L1.fc2,1,fc2,2048,1154,0.5634765625,0.9304630756378174
final-final,proj-c4-r50-s0,proj-selfdoc-r50-s0,L1.fc2,1,fc2,2048,1154,0.5634765625,0.9243269562721252
init-init,proj-c4-r50-s0,proj-selfdoc-r50-s0,L2.qkv,2,qkv,2048,1490,0.7275390625,0.9784157276153564
final-final,proj-c4-r50-s0,proj-selfdoc-r50-s0,L2.qkv,2,qkv,2048,1490,0.7275390625,0.9737502336502075
init-init,proj-c4-r50-s0,proj-selfdoc-r50-s0,L2.o,2,o,2048,1490,0.7275390625,0.9683454632759094
final-final,proj-c4-r50-s0,proj-selfdoc-r50-s0,L2.o,2,o,2048,1490,0.7275390625,0.9657366275787354
init-init,proj-c4-r50-s0,proj-selfdoc-r50-s0,L2.fc1,2,fc1,2048,1154,0.5634765625,0.9603722095489502
final-final,proj-c4-r50-s0,proj-selfdoc-r50-s0,L2.fc1,2,fc1,2048,1154,0.5634765625,0.9562896490097046
init-init,proj-c4-r50-s0,proj-selfdoc-r50-s0,L2.fc2,2,fc2,2048,1154,0.5634765625,0.9267024993896484
final-final,proj-c4-r50-s0,proj-selfdoc-r50-s0,L2.fc2,2,fc2,2048,1154,0.5634765625,0.9208174347877502
init-init,proj-c4-r50-s0,proj-selfdoc-r50-s0,L3.qkv,3,qkv,2048,1490,0.7275390625,0.9748923778533936
final-final,proj-c4-r50-s0,proj-selfdoc-r50-s0,L3.qkv,3,qkv,2048,1490,0.7275390625,0.969831645488739
init-init,proj-c4-r50-s0,proj-selfdoc-r50-s0,L3.o,3,o,2048,1490,0.7275390625,0.9567362666130066
final-final,proj-c4-r50-s0,proj-selfdoc-r50-s0,L3.o,3,o,2048,1490,0.7275390625,0.9535366296768188
init-init,proj-c4-r50-s0,proj-selfdoc-r50-s0,L3.fc1,3,fc1,2048,1154,0.5634765625,0.9546902179718018
final-final,proj-c4-r50-s0,proj-selfdoc-r50-s0,L3.fc1,3,fc1,2048,1154,0.5634765625,0.9496456980705261
init-init,proj-c4-r50-s0,proj-selfdoc-r50-s0,L3.fc2,3,fc2,2048,1154,0.5634765625,0.9204975366592407
final-final,proj-c4-r50-s0,proj-selfdoc-r50-s0,L3.fc2,3,fc2,2048,1154,0.5634765625,0.9145102500915527
init-init,proj-c4-r50-s0,proj-selfdoc-r50-s0,L4.qkv,4,qkv,2048,1490,0.7275390625,0.9724549055099487
final-final,proj-c4-r50-s0,proj-selfdoc-r50-s0,L4.qkv,4,qkv,2048,1490,0.7275390625,0.9674444794654846
init-init,proj-c4-r50-s0,proj-selfdoc-r50-s0,L4.o,4,o,2048,1490,0.7275390625,0.9649097919464111
final-final,proj-c4-r50-s0,proj-selfdoc-r50-s0,L4.o,4,o,2048,1490,0.7275390625,0.9617345333099365
init-init,proj-c4-r50-s0,proj-selfdoc-r50-s0,L4.fc1,4,fc1,2048,1154,0.5634765625,0.9511547684669495
final-final,proj-c4-r50-s0,proj-selfdoc-r50-s0,L4.fc1,4,fc1,2048,1154,0.5634765625,0.9453300833702087
init-init,proj-c4-r50-s0,proj-selfdoc-r50-s0,L4.fc2,4,fc2,2048,1154,0.5634765625,0.8998966217041016
final-final,proj-c4-r50-s0,proj-selfdoc-r50-s0,L4.fc2,4,fc2,2048,1154,0.5634765625,0.8941015601158142
init-init,proj-c4-r50-s0,proj-selfdoc-r50-s0,L5.qkv,5,qkv,2048,1490,0.7275390625,0.96787029504776
final-final,proj-c4-r50-s0,proj-selfdoc-r50-s0,L5.qkv,5,qkv,2048,1490,0.7275390625,0.9628835916519165
init-init,proj-c4-r50-s0,proj-selfdoc-r50-s0,L5.o,5,o,2048,1490,0.7275390625,0.9637579321861267
final-final,proj-c4-r50-s0,proj-selfdoc-r50-s0,L5.o,5,o,2048,1490,0.7275390625,0.9602826237678528
init-init,proj-c4-r50-s0,proj-selfdoc-r50-s0,L5.fc1,5,fc1,2048,1154,0.5634765625,0.9462093114852905
final-final,proj-c4-r50-s0,proj-selfdoc-r50-s0,L5.fc1,5,fc1,2048,1154,0.5634765625,0.9397882223129272
init-init,proj-c4-r50-s0,proj-selfdoc-r50-s0,L5.fc2,5,fc2,2048,1154,0.5634765625,0.8881881237030029
final-final,proj-c4-r50-s0,proj-selfdoc-r50-s0,L5.fc2,5,fc2,2048,1154,0.5634765625,0.8824562430381775
init-init,proj-c4-r50-s0,proj-selfdoc-r50-s0,L6.qkv,6,qkv,2048,1490,0.7275390625,0.9650174975395203
final-final,proj-c4-r50-s0,proj-selfdoc-r50-s0,L6.qkv,6,qkv,2048,1490,0.7275390625,0.9594196081161499
init-init,proj-c4-r50-s0,proj-selfdoc-r50-s0,L6.o,6,o,2048,1490,0.7275390625,0.9596956968307495
final-final,proj-c4-r50-s0,proj-selfdoc-r50-s0,L6.o,6,o,2048,1490,0.7275390625,0.9550950527191162
init-init,proj-c4-r50-s0,proj-selfdoc-r50-s0,L6.fc1,6,fc1,2048,1154,0.5634765625,0.940072774887085
final-final,proj-c4-r50-s0,proj-selfdoc-r50-s0,L6.fc1,6,fc1,2048,1154,0.5634765625,0.9332191944122314
init-init,proj-c4-r50-s0,proj-selfdoc-r50-s0,L6.fc2,6,fc2,2048,1154,0.5634765625,0.8811116218566895
final-final,proj-c4-r50-s0,proj-selfdoc-r50-s0,L6.fc2,6,fc2,2048,1154,0.5634765625,0.8758763074874878
init-init,proj-c4-r50-s0,proj-selfdoc-r50-s0,L7.qkv,7,qkv,2048,1490,0.7275390625,0.961404025554657
final-final,proj-c4-r50-s0,proj-selfdoc-r50-s0,L7.qkv,7,qkv,2048,1490,0.7275390625,0.9556267261505127
init-init,proj-c4-r50-s0,proj-selfdoc-r50-s0,L7.o,7,o,2048,1490,0.7275390625,0.9491584300994873
final-final,proj-c4-r50-s0,proj-selfdoc-r50-s0,L7.o,7,o,2048,1490,0.7275390625,0.94431072473526
init-init,proj-c4-r50-s0,proj-selfdoc-r50-s0,L7.fc1,7,fc1,2048,1154,0.5634765625,0.9331088662147522
final-final,proj-c4-r50-s0,proj-selfdoc-r50-s0,L7.fc1,7,fc1,2048,1154,0.5634765625,0.9260520339012146
init-init,proj-c4-r50-s0,proj-selfdoc-r50-s0,L7.fc2,7,fc2,2048,1154,0.5634765625,0.8770864605903625
final-final,proj-c4-r50-s0,proj-selfdoc-r50-s0,L7.fc2,7,fc2,2048,1154,0.5634765625,0.8718164563179016
init-init,proj-c4-r50-s0,proj-selfdoc-r50-s0,L8.qkv,8,qkv,2048,1490,0.7275390625,0.9577996730804443
final-final,proj-c4-r50-s0,proj-selfdoc-r50-s0,L8.qkv,8,qkv,2048,1490,0.7275390625,0.9520584344863892
init-init,proj-c4-r50-s0,proj-selfdoc-r50-s0,L8.o,8,o,2048,1490,0.7275390625,0.95127934217453
final-final,proj-c4-r50-s0,proj-selfdoc-r50-s0,L8.o,8,o,2048,1490,0.7275390625,0.9461764693260193
init-init,proj-c4-r50-s0,proj-selfdoc-r50-s0,L8.fc1,8,fc1,2048,1154,0.5634765625,0.9244340062141418
final-final,proj-c4-r50-s0,proj-selfdoc-r50-s0,L8.fc1,8,fc1,2048,1154,0.5634765625,0.9173353314399719
init-init,proj-c4-r50-s0,proj-selfdoc-r50-s0,L8.fc2,8,fc2,2048,1154,0.5634765625,0.8855608105659485
final-final,proj-c4-r50-s0,proj-selfdoc-r50-s0,L8.fc2,8,fc2,2048,1154,0.5634765625,0.8793722987174988
init-init,proj-c4-r50-s0,proj-selfdoc-r50-s0,L9.qkv,9,qkv,2048,1490,0.7275390625,0.9531086683273315
final-final,proj-c4-r50-s0,proj-selfdoc-r50-s0,L9.qkv,9,qkv,2048,1490,0.7275390625,0.9473147988319397
init-init,proj-c4-r50-s0,proj-selfdoc-r50-s0,L9.o,9,o,2048,1490,0.7275390625,0.9522467851638794
final-final,proj-c4-r50-s0,proj-selfdoc-r50-s0,L9.o,9,o,2048,1490,0.7275390625,0.9469916224479675
init-init,proj-c4-r50-s0,proj-selfdoc-r50-s0,L9.fc1,9,fc1,2048,1154,0.5634765625,0.9168716073036194
final-final,proj-c4-r50-s0,proj-selfdoc-r50-s0,L9.fc1,9,fc1,2048,1154,0.5634765625,0.9096484780311584
init-init,proj-c4-r50-s0,proj-selfdoc-r50-s0,L9.fc2,9,fc2,2048,1154,0.5634765625,0.9040639400482178
final-final,proj-c4-r50-s0,proj-selfdoc-r50-s0,L9.fc2,9,fc2,2048,1154,0.5634765625,0.8969797492027283
init-init,proj-c4-r50-s0,proj-selfdoc-r50-s0,L10.qkv,10,qkv,2048,1490,0.7275390625,0.9532408118247986
final-final,proj-c4-r50-s0,proj-selfdoc-r50-s0,L10.qkv,10,qkv,2048,1490,0.7275390625,0.9477493762969971
init-init,proj-c4-r50-s0,proj-selfdoc-r50-s0,L10.o,10,o,2048,1490,0.7275390625,0.952062726020813
final-final,proj-c4-r50-s0,proj-selfdoc-r50-s0,L10.o,10,o,2048,1490,0.7275390625,0.9465208053588867
init-init,proj-c4-r50-s0,proj-selfdoc-r50-s0,L10.fc1,10,fc1,2048,1154,0.5634765625,0.9137543439865112
final-final,proj-c4-r50-s0,proj-selfdoc-r50-s0,L10.fc1,10,fc1,2048,1154,0.5634765625,0.9067537188529968
init-init,proj-c4-r50-s0,proj-selfdoc-r50-s0,L10.fc2,10,fc2,2048,1154,0.5634765625,0.9099702835083008
final-final,proj-c4-r50-s0,proj-selfdoc-r50-s0,L10.fc2,10,fc2,2048,1154,0.5634765625,0.9027895927429199
init-init,proj-c4-r50-s0,proj-selfdoc-r50-s0,L11.qkv,11,qkv,2048,1490,0.7275390625,0.9508833885192871
final-final,proj-c4-r50-s0,proj-selfdoc-r50-s0,L11.qkv,11,qkv,2048,1490,0.7275390625,0.9454419016838074
init-init,proj-c4-r50-s0,proj-selfdoc-r50-s0,L11.o,11,o,2048,1490,0.7275390625,0.9467663168907166
final-final,proj-c4-r50-s0,proj-selfdoc-r50-s0,L11.o,11,o,2048,1490,0.7275390625,0.9417576789855957
init-init,proj-c4-r50-s0,proj-selfdoc-r50-s0,L11.fc1,11,fc1,2048,1154,0.5634765625,0.911034882068634
final-final,proj-c4-r50-s0,proj-selfdoc-r50-s0,L11.fc1,11,fc1,2048,1154,0.5634765625,0.9041121602058411
init-init,proj-c4-r50-s0,proj-selfdoc-r50-s0,L11.fc2,11,fc2,2048,1154,0.5634765625,0.9184553623199463
final-final,proj-c4-r50-s0,proj-selfdoc-r50-s0,L11.fc2,11,fc2,2048,1154,0.5634765625,0.9107478857040405
init-init,proj-c4-r50-s0,proj-selfdoc-r50-s0,L12.qkv,12,qkv,2048,1490,0.7275390625,0.9508263468742371
final-final,proj-c4-r50-s0,proj-selfdoc-r50-s0,L12.qkv,12,qkv,2048,1490,0.7275390625,0.9456871747970581
init-init,proj-c4-r50-s0,proj-selfdoc-r50-s0,L12.o,12,o,2048,1490,0.7275390625,0.9512940049171448
final-final,proj-c4-r50-s0,proj-selfdoc-r50-s0,L12.o,12,o,2048,1490,0.7275390625,0.9462940096855164
init-init,proj-c4-r50-s0,proj-selfdoc-r50-s0,L12.fc1,12,fc1,2048,1154,0.5634765625,0.9105855226516724
final-final,proj-c4-r50-s0,proj-selfdoc-r50-s0,L12.fc1,12,fc1,2048,1154,0.5634765625,0.9038416147232056
init-init,proj-c4-r50-s0,proj-selfdoc-r50-s0,L12.fc2,12,fc2,2048,1154,0.5634765625,0.9239583611488342
final-final,proj-c4-r50-s0,proj-selfdoc-r50-s0,L12.fc2,12,fc2,2048,1154,0.5634765625,0.9160789847373962
init-init,proj-c4-r50-s0,proj-selfdoc-r50-s0,L13.qkv,13,qkv,2048,1490,0.7275390625,0.9529030919075012
final-final,proj-c4-r50-s0,proj-selfdoc-r50-s0,L13.qkv,13,qkv,2048,1490,0.7275390625,0.9475709199905396
init-init,proj-c4-r50-s0,proj-selfdoc-r50-s0,L13.o,13,o,2048,1490,0.7275390625,0.9556242227554321
final-final,proj-c4-r50-s0,proj-selfdoc-r50-s0,L13.o,13,o,2048,1490,0.7275390625,0.9500293135643005
init-init,proj-c4-r50-s0,proj-selfdoc-r50-s0,L13.fc1,13,fc1,2048,1154,0.5634765625,0.909812867641449
final-final,proj-c4-r50-s0,proj-selfdoc-r50-s0,L13.fc1,13,fc1,2048,1154,0.5634765625,0.9031351208686829
init-init,proj-c4-r50-s0,proj-selfdoc-r50-s0,L13.fc2,13,fc2,2048,1154,0.5634765625,0.9247675538063049
final-final,proj-c4-r50-s0,proj-selfdoc-r50-s0,L13.fc2,13,fc2,2048,1154,0.5634765625,0.9167335629463196
init-init,proj-c4-r50-s0,proj-selfdoc-r50-s0,L14.qkv,14,qkv,2048,1490,0.7275390625,0.9503918886184692
final-final,proj-c4-r50-s0,proj-selfdoc-r50-s0,L14.qkv,14,qkv,2048,1490,0.7275390625,0.9455978274345398
init-init,proj-c4-r50-s0,proj-selfdoc-r50-s0,L14.o,14,o,2048,1490,0.7275390625,0.9446122050285339
final-final,proj-c4-r50-s0,proj-selfdoc-r50-s0,L14.o,14,o,2048,1490,0.7275390625,0.9395982623100281
init-init,proj-c4-r50-s0,proj-selfdoc-r50-s0,L14.fc1,14,fc1,2048,1154,0.5634765625,0.9087339043617249
final-final,proj-c4-r50-s0,proj-selfdoc-r50-s0,L14.fc1,14,fc1,2048,1154,0.5634765625,0.9020776152610779
init-init,proj-c4-r50-s0,proj-selfdoc-r50-s0,L14.fc2,14,fc2,2048,1154,0.5634765625,0.9180564284324646
final-final,proj-c4-r50-s0,proj-selfdoc-r50-s0,L14.fc2,14,fc2,2048,1154,0.5634765625,0.910212516784668
init-init,proj-c4-r50-s0,proj-selfdoc-r50-s0,L15.qkv,15,qkv,2048,1490,0.7275390625,0.9503664970397949
final-final,proj-c4-r50-s0,proj-selfdoc-r50-s0,L15.qkv,15,qkv,2048,1490,0.7275390625,0.9456876516342163
init-init,proj-c4-r50-s0,proj-selfdoc-r50-s0,L15.o,15,o,2048,1490,0.7275390625,0.9387934803962708
final-final,proj-c4-r50-s0,proj-selfdoc-r50-s0,L15.o,15,o,2048,1490,0.7275390625,0.934167742729187
init-init,proj-c4-r50-s0,proj-selfdoc-r50-s0,L15.fc1,15,fc1,2048,1154,0.5634765625,0.9059792160987854
final-final,proj-c4-r50-s0,proj-selfdoc-r50-s0,L15.fc1,15,fc1,2048,1154,0.5634765625,0.8990263938903809
init-init,proj-c4-r50-s0,proj-selfdoc-r50-s0,L15.fc2,15,fc2,2048,1154,0.5634765625,0.9210803508758545
final-final,proj-c4-r50-s0,proj-selfdoc-r50-s0,L15.fc2,15,fc2,2048,1154,0.5634765625,0.9128956198692322
init-init,proj-c4-r50-s0,proj-selfdoc-r50-s0,L16.qkv,16,qkv,2048,1490,0.7275390625,0.9449588060379028
final-final,proj-c4-r50-s0,proj-selfdoc-r50-s0,L16.qkv,16,qkv,2048,1490,0.7275390625,0.9408334493637085
init-init,proj-c4-r50-s0,proj-selfdoc-r50-s0,L16.o,16,o,2048,1490,0.7275390625,0.9425662755966187
final-final,proj-c4-r50-s0,proj-selfdoc-r50-s0,L16.o,16,o,2048,1490,0.7275390625,0.9383128881454468
init-init,proj-c4-r50-s0,proj-selfdoc-r50-s0,L16.fc1,16,fc1,2048,1154,0.5634765625,0.9068030118942261
final-final,proj-c4-r50-s0,proj-selfdoc-r50-s0,L16.fc1,16,fc1,2048,1154,0.5634765625,0.8995875716209412
init-init,proj-c4-r50-s0,proj-selfdoc-r50-s0,L16.fc2,16,fc2,2048,1154,0.5634765625,0.9187088012695312
final-final,proj-c4-r50-s0,proj-selfdoc-r50-s0,L16.fc2,16,fc2,2048,1154,0.5634765625,0.9103542566299438
init-init,proj-c4-r50-s0,proj-selfdoc-r50-s0,L17.qkv,17,qkv,2048,1490,0.7275390625,0.9418352246284485
final-final,proj-c4-r50-s0,proj-selfdoc-r50-s0,L17.qkv,17,qkv,2048,1490,0.7275390625,0.9372648000717163
init-init,proj-c4-r50-s0,proj-selfdoc-r50-s0,L17.o,17,o,2048,1490,0.7275390625,0.9358457922935486
final-final,proj-c4-r50-s0,proj-selfdoc-r50-s0,L17.o,17,o,2048,1490,0.7275390625,0.9317381381988525
init-init,proj-c4-r50-s0,proj-selfdoc-r50-s0,L17.fc1,17,fc1,2048,1154,0.5634765625,0.9064010381698608
final-final,proj-c4-r50-s0,proj-selfdoc-r50-s0,L17.fc1,17,fc1,2048,1154,0.5634765625,0.8992128968238831
init-init,proj-c4-r50-s0,proj-selfdoc-r50-s0,L17.fc2,17,fc2,2048,1154,0.5634765625,0.9138301014900208
final-final,proj-c4-r50-s0,proj-selfdoc-r50-s0,L17.fc2,17,fc2,2048,1154,0.5634765625,0.9055219292640686
init-init,proj-c4-r50-s0,proj-selfdoc-r50-s0,L18.qkv,18,qkv,2048,1490,0.7275390625,0.9416857957839966
final-final,proj-c4-r50-s0,proj-selfdoc-r50-s0,L18.qkv,18,qkv,2048,1490,0.7275390625,0.9376263618469238
init-init,proj-c4-r50-s0,proj-selfdoc-r50-s0,L18.o,18,o,2048,1490,0.7275390625,0.9403878450393677
final-final,proj-c4-r50-s0,proj-selfdoc-r50-s0,L18.o,18,o,2048,1490,0.7275390625,0.9360543489456177
init-init,proj-c4-r50-s0,proj-selfdoc-r50-s0,L18.fc1,18,fc1,2048,1154,0.5634765625,0.9071015119552612
final-final,proj-c4-r50-s0,proj-selfdoc-r50-s0,L18.fc1,18,fc1,2048,1154,0.5634765625,0.8994379639625549
init-init,proj-c4-r50-s0,proj-selfdoc-r50-s0,L18.fc2,18,fc2,2048,1154,0.5634765625,0.9114987254142761
final-final,proj-c4-r50-s0,proj-selfdoc-r50-s0,L18.fc2,18,fc2,2048,1154,0.5634765625,0.9028698205947876
init-init,proj-c4-r50-s0,proj-selfdoc-r50-s0,L19.qkv,19,qkv,2048,1490,0.7275390625,0.9391185641288757
final-final,proj-c4-r50-s0,proj-selfdoc-r50-s0,L19.qkv,19,qkv,2048,1490,0.7275390625,0.935126781463623
init-init,proj-c4-r50-s0,proj-selfdoc-r50-s0,L19.o,19,o,2048,1490,0.7275390625,0.9341679811477661
final-final,proj-c4-r50-s0,proj-selfdoc-r50-s0,L19.o,19,o,2048,1490,0.7275390625,0.9301566481590271
init-init,proj-c4-r50-s0,proj-selfdoc-r50-s0,L19.fc1,19,fc1,2048,1154,0.5634765625,0.9060835242271423
final-final,proj-c4-r50-s0,proj-selfdoc-r50-s0,L19.fc1,19,fc1,2048,1154,0.5634765625,0.8985490798950195
init-init,proj-c4-r50-s0,proj-selfdoc-r50-s0,L19.fc2,19,fc2,2048,1154,0.5634765625,0.908409595489502
final-final,proj-c4-r50-s0,proj-selfdoc-r50-s0,L19.fc2,19,fc2,2048,1154,0.5634765625,0.8996461629867554
init-init,proj-c4-r50-s0,proj-selfdoc-r50-s0,L20.qkv,20,qkv,2048,1490,0.7275390625,0.9367162585258484
final-final,proj-c4-r50-s0,proj-selfdoc-r50-s0,L20.qkv,20,qkv,2048,1490,0.7275390625,0.932914137840271
init-init,proj-c4-r50-s0,proj-selfdoc-r50-s0,L20.o,20,o,2048,1490,0.7275390625,0.9279700517654419
final-final,proj-c4-r50-s0,proj-selfdoc-r50-s0,L20.o,20,o,2048,1490,0.7275390625,0.9232254028320312
init-init,proj-c4-r50-s0,proj-selfdoc-r50-s0,L20.fc1,20,fc1,2048,1154,0.5634765625,0.9047794342041016
final-final,proj-c4-r50-s0,proj-selfdoc-r50-s0,L20.fc1,20,fc1,2048,1154,0.5634765625,0.8973698616027832
init-init,proj-c4-r50-s0,proj-selfdoc-r50-s0,L20.fc2,20,fc2,2048,1154,0.5634765625,0.900493860244751
final-final,proj-c4-r50-s0,proj-selfdoc-r50-s0,L20.fc2,20,fc2,2048,1154,0.5634765625,0.8917452096939087
init-init,proj-c4-r50-s0,proj-selfdoc-r50-s0,L21.qkv,21,qkv,2048,1490,0.7275390625,0.9298861026763916
final-final,proj-c4-r50-s0,proj-selfdoc-r50-s0,L21.qkv,21,qkv,2048,1490,0.7275390625,0.9262472987174988
init-init,proj-c4-r50-s0,proj-selfdoc-r50-s0,L21.o,21,o,2048,1490,0.7275390625,0.9092006683349609
final-final,proj-c4-r50-s0,proj-selfdoc-r50-s0,L21.o,21,o,2048,1490,0.7275390625,0.9054617285728455
init-init,proj-c4-r50-s0,proj-selfdoc-r50-s0,L21.fc1,21,fc1,2048,1154,0.5634765625,0.8988354206085205
final-final,proj-c4-r50-s0,proj-selfdoc-r50-s0,L21.fc1,21,fc1,2048,1154,0.5634765625,0.8917050361633301
init-init,proj-c4-r50-s0,proj-selfdoc-r50-s0,L21.fc2,21,fc2,2048,1154,0.5634765625,0.9012472033500671
final-final,proj-c4-r50-s0,proj-selfdoc-r50-s0,L21.fc2,21,fc2,2048,1154,0.5634765625,0.8924335241317749
init-init,proj-c4-r50-s0,proj-selfdoc-r50-s0,L22.qkv,22,qkv,2048,1490,0.7275390625,0.926536500453949
final-final,proj-c4-r50-s0,proj-selfdoc-r50-s0,L22.qkv,22,qkv,2048,1490,0.7275390625,0.9233292937278748
init-init,proj-c4-r50-s0,proj-selfdoc-r50-s0,L22.o,22,o,2048,1490,0.7275390625,0.8998953104019165
final-final,proj-c4-r50-s0,proj-selfdoc-r50-s0,L22.o,22,o,2048,1490,0.7275390625,0.8967757225036621
init-init,proj-c4-r50-s0,proj-selfdoc-r50-s0,L22.fc1,22,fc1,2048,1154,0.5634765625,0.8920248746871948
final-final,proj-c4-r50-s0,proj-selfdoc-r50-s0,L22.fc1,22,fc1,2048,1154,0.5634765625,0.8863791823387146
init-init,proj-c4-r50-s0,proj-selfdoc-r50-s0,L22.fc2,22,fc2,2048,1154,0.5634765625,0.9088709950447083
final-final,proj-c4-r50-s0,proj-selfdoc-r50-s0,L22.fc2,22,fc2,2048,1154,0.5634765625,0.9012856483459473
init-init,proj-c4-r50-s0,proj-selfdoc-r50-s0,L23.qkv,23,qkv,2048,1490,0.7275390625,0.9267448782920837
final-final,proj-c4-r50-s0,proj-selfdoc-r50-s0,L23.qkv,23,qkv,2048,1490,0.7275390625,0.9260649085044861
init-init,proj-c4-r50-s0,proj-selfdoc-r50-s0,L23.o,23,o,2048,1490,0.7275390625,0.9030272364616394
final-final,proj-c4-r50-s0,proj-selfdoc-r50-s0,L23.o,23,o,2048,1490,0.7275390625,0.8999292254447937
init-init,proj-c4-r50-s0,proj-selfdoc-r50-s0,L23.fc1,23,fc1,2048,1154,0.5634765625,0.8826671838760376
final-final,proj-c4-r50-s0,proj-selfdoc-r50-s0,L23.fc1,23,fc1,2048,1154,0.5634765625,0.8791226148605347
init-init,proj-c4-r50-s0,proj-selfdoc-r50-s0,L23.fc2,23,fc2,2048,1154,0.5634765625,0.9150571227073669
final-final,proj-c4-r50-s0,proj-selfdoc-r50-s0,L23.fc2,23,fc2,2048,1154,0.5634765625,0.9053792357444763
init-init,proj-slimpajama-r50-s0,proj-alpaca-r50-s0,L0.qkv,0,qkv,2048,1490,0.7275390625,0.9091222882270813
final-final,proj-slimpajama-r50-s0,proj-alpaca-r50-s0,L0.qkv,0,qkv,2048,1490,0.7275390625,0.9051164388656616
init-init,proj-slimpajama-r50-s0,proj-alpaca-r50-s0,L0.o,0,o,2048,1490,0.7275390625,0.9571669697761536
final-final,proj-slimpajama-r50-s0,proj-alpaca-r50-s0,L0.o,0,o,2048,1490,0.7275390625,0.9531776309013367
init-init,proj-slimpajama-r50-s0,proj-alpaca-r50-s0,L0.fc1,0,fc1,2048,1154,0.5634765625,0.8576399087905884
final-final,proj-slimpajama-r50-s0,proj-alpaca-r50-s0,L0.fc1,0,fc1,2048,1154,0.5634765625,0.8539950847625732
init-init,proj-slimpajama-r50-s0,proj-alpaca-r50-s0,L0.fc2,0,fc2,2048,1154,0.5634765625,0.8935047388076782
final-final,proj-slimpajama-r50-s0,proj-alpaca-r50-s0,L0.fc2,0,fc2,2048,1154,0.5634765625,0.8880752921104431
init-init,proj-slimpajama-r50-s0,proj-alpaca-r50-s0,L1.qkv,1,qkv,2048,1490,0.7275390625,0.9421598315238953
final-final,proj-slimpajama-r50-s0,proj-alpaca-r50-s0,L1.qkv,1,qkv,2048,1490,0.7275390625,0.9374292492866516
init-init,proj-slimpajama-r50-s0,proj-alpaca-r50-s0,L1.o,1,o,2048,1490,0.7275390625,0.9403143525123596
final-final,proj-slimpajama-r50-s0,proj-alpaca-r50-s0,L1.o,1,o,2048,1490,0.7275390625,0.9364497661590576
init-init,proj-slimpajama-r50-s0,proj-alpaca-r50-s0,L1.fc1,1,fc1,2048,1154,0.5634765625,0.9181756377220154
final-final,proj-slimpajama-r50-s0,proj-alpaca-r50-s0,L1.fc1,1,fc1,2048,1154,0.5634765625,0.9142895340919495
init-init,proj-slimpajama-r50-s0,proj-alpaca-r50-s0,L1.fc2,1,fc2,2048,1154,0.5634765625,0.8656148910522461
final-final,proj-slimpajama-r50-s0,proj-alpaca-r50-s0,L1.fc2,1,fc2,2048,1154,0.5634765625,0.8609376549720764
init-init,proj-slimpajama-r50-s0,proj-alpaca-r50-s0,L2.qkv,2,qkv,2048,1490,0.7275390625,0.9405406713485718
final-final,proj-slimpajama-r50-s0,proj-alpaca-r50-s0,L2.qkv,2,qkv,2048,1490,0.7275390625,0.9354223608970642
init-init,proj-slimpajama-r50-s0,proj-alpaca-r50-s0,L2.o,2,o,2048,1490,0.7275390625,0.9511209726333618
final-final,proj-slimpajama-r50-s0,proj-alpaca-r50-s0,L2.o,2,o,2048,1490,0.7275390625,0.9475764036178589
init-init,proj-slimpajama-r50-s0,proj-alpaca-r50-s0,L2.fc1,2,fc1,2048,1154,0.5634765625,0.9059159755706787
final-final,proj-slimpajama-r50-s0,proj-alpaca-r50-s0,L2.fc1,2,fc1,2048,1154,0.5634765625,0.9017927646636963
init-init,proj-slimpajama-r50-s0,proj-alpaca-r50-s0,L2.fc2,2,fc2,2048,1154,0.5634765625,0.8646679520606995
final-final,proj-slimpajama-r50-s0,proj-alpaca-r50-s0,L2.fc2,2,fc2,2048,1154,0.5634765625,0.8599029779434204
init-init,proj-slimpajama-r50-s0,proj-alpaca-r50-s0,L3.qkv,3,qkv,2048,1490,0.7275390625,0.9357843399047852
final-final,proj-slimpajama-r50-s0,proj-alpaca-r50-s0,L3.qkv,3,qkv,2048,1490,0.7275390625,0.930293619632721
init-init,proj-slimpajama-r50-s0,proj-alpaca-r50-s0,L3.o,3,o,2048,1490,0.7275390625,0.9286380410194397
final-final,proj-slimpajama-r50-s0,proj-alpaca-r50-s0,L3.o,3,o,2048,1490,0.7275390625,0.9248071908950806
init-init,proj-slimpajama-r50-s0,proj-alpaca-r50-s0,L3.fc1,3,fc1,2048,1154,0.5634765625,0.8977885246276855
final-final,proj-slimpajama-r50-s0,proj-alpaca-r50-s0,L3.fc1,3,fc1,2048,1154,0.5634765625,0.8928325176239014
init-init,proj-slimpajama-r50-s0,proj-alpaca-r50-s0,L3.fc2,3,fc2,2048,1154,0.5634765625,0.8613348007202148
final-final,proj-slimpajama-r50-s0,proj-alpaca-r50-s0,L3.fc2,3,fc2,2048,1154,0.5634765625,0.8565983772277832
init-init,proj-slimpajama-r50-s0,proj-alpaca-r50-s0,L4.qkv,4,qkv,2048,1490,0.7275390625,0.9327432513237
final-final,proj-slimpajama-r50-s0,proj-alpaca-r50-s0,L4.qkv,4,qkv,2048,1490,0.7275390625,0.9276423454284668
init-init,proj-slimpajama-r50-s0,proj-alpaca-r50-s0,L4.o,4,o,2048,1490,0.7275390625,0.940830647945404
final-final,proj-slimpajama-r50-s0,proj-alpaca-r50-s0,L4.o,4,o,2048,1490,0.7275390625,0.9372290372848511
init-init,proj-slimpajama-r50-s0,proj-alpaca-r50-s0,L4.fc1,4,fc1,2048,1154,0.5634765625,0.8916928768157959
final-final,proj-slimpajama-r50-s0,proj-alpaca-r50-s0,L4.fc1,4,fc1,2048,1154,0.5634765625,0.8866642117500305
init-init,proj-slimpajama-r50-s0,proj-alpaca-r50-s0,L4.fc2,4,fc2,2048,1154,0.5634765625,0.8527981042861938
final-final,proj-slimpajama-r50-s0,proj-alpaca-r50-s0,L4.fc2,4,fc2,2048,1154,0.5634765625,0.8480899333953857
init-init,proj-slimpajama-r50-s0,proj-alpaca-r50-s0,L5.qkv,5,qkv,2048,1490,0.7275390625,0.9273681044578552
final-final,proj-slimpajama-r50-s0,proj-alpaca-r50-s0,L5.qkv,5,qkv,2048,1490,0.7275390625,0.9225178360939026
init-init,proj-slimpajama-r50-s0,proj-alpaca-r50-s0,L5.o,5,o,2048,1490,0.7275390625,0.9377089738845825
final-final,proj-slimpajama-r50-s0,proj-alpaca-r50-s0,L5.o,5,o,2048,1490,0.7275390625,0.9339891076087952
init-init,proj-slimpajama-r50-s0,proj-alpaca-r50-s0,L5.fc1,5,fc1,2048,1154,0.5634765625,0.8853099942207336
final-final,proj-slimpajama-r50-s0,proj-alpaca-r50-s0,L5.fc1,5,fc1,2048,1154,0.5634765625,0.8799747228622437
init-init,proj-slimpajama-r50-s0,proj-alpaca-r50-s0,L5.fc2,5,fc2,2048,1154,0.5634765625,0.8456038236618042
final-final,proj-slimpajama-r50-s0,proj-alpaca-r50-s0,L5.fc2,5,fc2,2048,1154,0.5634765625,0.8408442139625549
init-init,proj-slimpajama-r50-s0,proj-alpaca-r50-s0,L6.qkv,6,qkv,2048,1490,0.7275390625,0.9251822233200073
final-final,proj-slimpajama-r50-s0,proj-alpaca-r50-s0,L6.qkv,6,qkv,2048,1490,0.7275390625,0.9201853275299072
init-init,proj-slimpajama-r50-s0,proj-alpaca-r50-s0,L6.o,6,o,2048,1490,0.7275390625,0.9227582216262817
final-final,proj-slimpajama-r50-s0,proj-alpaca-r50-s0,L6.o,6,o,2048,1490,0.7275390625,0.9184374213218689
init-init,proj-slimpajama-r50-s0,proj-alpaca-r50-s0,L6.fc1,6,fc1,2048,1154,0.5634765625,0.8787107467651367
final-final,proj-slimpajama-r50-s0,proj-alpaca-r50-s0,L6.fc1,6,fc1,2048,1154,0.5634765625,0.8731476068496704
init-init,proj-slimpajama-r50-s0,proj-alpaca-r50-s0,L6.fc2,6,fc2,2048,1154,0.5634765625,0.8339948654174805
final-final,proj-slimpajama-r50-s0,proj-alpaca-r50-s0,L6.fc2,6,fc2,2048,1154,0.5634765625,0.8294769525527954
init-init,proj-slimpajama-r50-s0,proj-alpaca-r50-s0,L7.qkv,7,qkv,2048,1490,0.7275390625,0.9205753803253174
final-final,proj-slimpajama-r50-s0,proj-alpaca-r50-s0,L7.qkv,7,qkv,2048,1490,0.7275390625,0.9155574440956116
init-init,proj-slimpajama-r50-s0,proj-alpaca-r50-s0,L7.o,7,o,2048,1490,0.7275390625,0.9125606417655945
final-final,proj-slimpajama-r50-s0,proj-alpaca-r50-s0,L7.o,7,o,2048,1490,0.7275390625,0.9085198640823364
init-init,proj-slimpajama-r50-s0,proj-alpaca-r50-s0,L7.fc1,7,fc1,2048,1154,0.5634765625,0.8708528876304626
final-final,proj-slimpajama-r50-s0,proj-alpaca-r50-s0,L7.fc1,7,fc1,2048,1154,0.5634765625,0.8655404448509216
init-init,proj-slimpajama-r50-s0,proj-alpaca-r50-s0,L7.fc2,7,fc2,2048,1154,0.5634765625,0.8312332034111023
final-final,proj-slimpajama-r50-s0,proj-alpaca-r50-s0,L7.fc2,7,fc2,2048,1154,0.5634765625,0.8267513513565063
init-init,proj-slimpajama-r50-s0,proj-alpaca-r50-s0,L8.qkv,8,qkv,2048,1490,0.7275390625,0.9157167673110962
final-final,proj-slimpajama-r50-s0,proj-alpaca-r50-s0,L8.qkv,8,qkv,2048,1490,0.7275390625,0.9109886288642883
init-init,proj-slimpajama-r50-s0,proj-alpaca-r50-s0,L8.o,8,o,2048,1490,0.7275390625,0.9101633429527283
final-final,proj-slimpajama-r50-s0,proj-alpaca-r50-s0,L8.o,8,o,2048,1490,0.7275390625,0.9060562252998352
init-init,proj-slimpajama-r50-s0,proj-alpaca-r50-s0,L8.fc1,8,fc1,2048,1154,0.5634765625,0.8610116839408875
final-final,proj-slimpajama-r50-s0,proj-alpaca-r50-s0,L8.fc1,8,fc1,2048,1154,0.5634765625,0.8554856777191162
init-init,proj-slimpajama-r50-s0,proj-alpaca-r50-s0,L8.fc2,8,fc2,2048,1154,0.5634765625,0.8434014916419983
final-final,proj-slimpajama-r50-s0,proj-alpaca-r50-s0,L8.fc2,8,fc2,2048,1154,0.5634765625,0.8380706906318665
init-init,proj-slimpajama-r50-s0,proj-alpaca-r50-s0,L9.qkv,9,qkv,2048,1490,0.7275390625,0.9116769433021545
final-final,proj-slimpajama-r50-s0,proj-alpaca-r50-s0,L9.qkv,9,qkv,2048,1490,0.7275390625,0.9069601893424988
init-init,proj-slimpajama-r50-s0,proj-alpaca-r50-s0,L9.o,9,o,2048,1490,0.7275390625,0.9113348722457886
final-final,proj-slimpajama-r50-s0,proj-alpaca-r50-s0,L9.o,9,o,2048,1490,0.7275390625,0.9072083830833435
init-init,proj-slimpajama-r50-s0,proj-alpaca-r50-s0,L9.fc1,9,fc1,2048,1154,0.5634765625,0.8546823859214783
final-final,proj-slimpajama-r50-s0,proj-alpaca-r50-s0,L9.fc1,9,fc1,2048,1154,0.5634765625,0.8491450548171997
init-init,proj-slimpajama-r50-s0,proj-alpaca-r50-s0,L9.fc2,9,fc2,2048,1154,0.5634765625,0.8569028377532959
final-final,proj-slimpajama-r50-s0,proj-alpaca-r50-s0,L9.fc2,9,fc2,2048,1154,0.5634765625,0.8512313961982727
init-init,proj-slimpajama-r50-s0,proj-alpaca-r50-s0,L10.qkv,10,qkv,2048,1490,0.7275390625,0.9118533134460449
final-final,proj-slimpajama-r50-s0,proj-alpaca-r50-s0,L10.qkv,10,qkv,2048,1490,0.7275390625,0.907504141330719
init-init,proj-slimpajama-r50-s0,proj-alpaca-r50-s0,L10.o,10,o,2048,1490,0.7275390625,0.9082127213478088
final-final,proj-slimpajama-r50-s0,proj-alpaca-r50-s0,L10.o,10,o,2048,1490,0.7275390625,0.9039130210876465
init-init,proj-slimpajama-r50-s0,proj-alpaca-r50-s0,L10.fc1,10,fc1,2048,1154,0.5634765625,0.8510023951530457
final-final,proj-slimpajama-r50-s0,proj-alpaca-r50-s0,L10.fc1,10,fc1,2048,1154,0.5634765625,0.8455024361610413
init-init,proj-slimpajama-r50-s0,proj-alpaca-r50-s0,L10.fc2,10,fc2,2048,1154,0.5634765625,0.8613722920417786
final-final,proj-slimpajama-r50-s0,proj-alpaca-r50-s0,L10.fc2,10,fc2,2048,1154,0.5634765625,0.8556936383247375
init-init,proj-slimpajama-r50-s0,proj-alpaca-r50-s0,L11.qkv,11,qkv,2048,1490,0.7275390625,0.9085761904716492
final-final,proj-slimpajama-r50-s0,proj-alpaca-r50-s0,L11.qkv,11,qkv,2048,1490,0.7275390625,0.904217004776001
init-init,proj-slimpajama-r50-s0,proj-alpaca-r50-s0,L11.o,11,o,2048,1490,0.7275390625,0.906672477722168
final-final,proj-slimpajama-r50-s0,proj-alpaca-r50-s0,L11.o,11,o,2048,1490,0.7275390625,0.902847409248352
init-init,proj-slimpajama-r50-s0,proj-alpaca-r50-s0,L11.fc1,11,fc1,2048,1154,0.5634765625,0.8484434485435486
final-final,proj-slimpajama-r50-s0,proj-alpaca-r50-s0,L11.fc1,11,fc1,2048,1154,0.5634765625,0.8431150317192078
init-init,proj-slimpajama-r50-s0,proj-alpaca-r50-s0,L11.fc2,11,fc2,2048,1154,0.5634765625,0.8660694360733032
final-final,proj-slimpajama-r50-s0,proj-alpaca-r50-s0,L11.fc2,11,fc2,2048,1154,0.5634765625,0.8600193858146667
init-init,proj-slimpajama-r50-s0,proj-alpaca-r50-s0,L12.qkv,12,qkv,2048,1490,0.7275390625,0.9086484909057617
final-final,proj-slimpajama-r50-s0,proj-alpaca-r50-s0,L12.qkv,12,qkv,2048,1490,0.7275390625,0.9043870568275452
init-init,proj-slimpajama-r50-s0,proj-alpaca-r50-s0,L12.o,12,o,2048,1490,0.7275390625,0.9121132493019104
final-final,proj-slimpajama-r50-s0,proj-alpaca-r50-s0,L12.o,12,o,2048,1490,0.7275390625,0.9080911874771118
init-init,proj-slimpajama-r50-s0,proj-alpaca-r50-s0,L12.fc1,12,fc1,2048,1154,0.5634765625,0.8477982878684998
final-final,proj-slimpajama-r50-s0,proj-alpaca-r50-s0,L12.fc1,12,fc1,2048,1154,0.5634765625,0.8425586819648743
init-init,proj-slimpajama-r50-s0,proj-alpaca-r50-s0,L12.fc2,12,fc2,2048,1154,0.5634765625,0.8688846230506897
final-final,proj-slimpajama-r50-s0,proj-alpaca-r50-s0,L12.fc2,12,fc2,2048,1154,0.5634765625,0.8628016710281372
init-init,proj-slimpajama-r50-s0,proj-alpaca-r50-s0,L13.qkv,13,qkv,2048,1490,0.7275390625,0.9112324118614197
final-final,proj-slimpajama-r50-s0,proj-alpaca-r50-s0,L13.qkv,13,qkv,2048,1490,0.7275390625,0.907012939453125
init-init,proj-slimpajama-r50-s0,proj-alpaca-r50-s0,L13.o,13,o,2048,1490,0.7275390625,0.904363214969635
final-final,proj-slimpajama-r50-s0,proj-alpaca-r50-s0,L13.o,13,o,2048,1490,0.7275390625,0.900700032711029
init-init,proj-slimpajama-r50-s0,proj-alpaca-r50-s0,L13.fc1,13,fc1,2048,1154,0.5634765625,0.8467094302177429
final-final,proj-slimpajama-r50-s0,proj-alpaca-r50-s0,L13.fc1,13,fc1,2048,1154,0.5634765625,0.8417600393295288
init-init,proj-slimpajama-r50-s0,proj-alpaca-r50-s0,L13.fc2,13,fc2,2048,1154,0.5634765625,0.8692946434020996
final-final,proj-slimpajama-r50-s0,proj-alpaca-r50-s0,L13.fc2,13,fc2,2048,1154,0.5634765625,0.8631345629692078
init-init,proj-slimpajama-r50-s0,proj-alpaca-r50-s0,L14.qkv,14,qkv,2048,1490,0.7275390625,0.907344400882721
final-final,proj-slimpajama-r50-s0,proj-alpaca-r50-s0,L14.qkv,14,qkv,2048,1490,0.7275390625,0.9038349986076355
init-init,proj-slimpajama-r50-s0,proj-alpaca-r50-s0,L14.o,14,o,2048,1490,0.7275390625,0.9055072665214539
final-final,proj-slimpajama-r50-s0,proj-alpaca-r50-s0,L14.o,14,o,2048,1490,0.7275390625,0.9018612504005432
init-init,proj-slimpajama-r50-s0,proj-alpaca-r50-s0,L14.fc1,14,fc1,2048,1154,0.5634765625,0.8441599011421204
final-final,proj-slimpajama-r50-s0,proj-alpaca-r50-s0,L14.fc1,14,fc1,2048,1154,0.5634765625,0.8394185900688171
init-init,proj-slimpajama-r50-s0,proj-alpaca-r50-s0,L14.fc2,14,fc2,2048,1154,0.5634765625,0.8688526153564453
final-final,proj-slimpajama-r50-s0,proj-alpaca-r50-s0,L14.fc2,14,fc2,2048,1154,0.5634765625,0.8628565669059753
init-init,proj-slimpajama-r50-s0,proj-alpaca-r50-s0,L15.qkv,15,qkv,2048,1490,0.7275390625,0.9088648557662964
final-final,proj-slimpajama-r50-s0,proj-alpaca-r50-s0,L15.qkv,15,qkv,2048,1490,0.7275390625,0.9054276347160339
init-init,proj-slimpajama-r50-s0,proj-alpaca-r50-s0,L15.o,15,o,2048,1490,0.7275390625,0.8944070935249329
final-final,proj-slimpajama-r50-s0,proj-alpaca-r50-s0,L15.o,15,o,2048,1490,0.7275390625,0.8909684419631958
init-init,proj-slimpajama-r50-s0,proj-alpaca-r50-s0,L15.fc1,15,fc1,2048,1154,0.5634765625,0.8420140743255615
final-final,proj-slimpajama-r50-s0,proj-alpaca-r50-s0,L15.fc1,15,fc1,2048,1154,0.5634765625,0.8371303677558899
init-init,proj-slimpajama-r50-s0,proj-alpaca-r50-s0,L15.fc2,15,fc2,2048,1154,0.5634765625,0.8675262331962585
final-final,proj-slimpajama-r50-s0,proj-alpaca-r50-s0,L15.fc2,15,fc2,2048,1154,0.5634765625,0.8616136312484741
init-init,proj-slimpajama-r50-s0,proj-alpaca-r50-s0,L16.qkv,16,qkv,2048,1490,0.7275390625,0.9017046093940735
final-final,proj-slimpajama-r50-s0,proj-alpaca-r50-s0,L16.qkv,16,qkv,2048,1490,0.7275390625,0.8983927965164185
init-init,proj-slimpajama-r50-s0,proj-alpaca-r50-s0,L16.o,16,o,2048,1490,0.7275390625,0.9007914662361145
final-final,proj-slimpajama-r50-s0,proj-alpaca-r50-s0,L16.o,16,o,2048,1490,0.7275390625,0.8974862098693848
init-init,proj-slimpajama-r50-s0,proj-alpaca-r50-s0,L16.fc1,16,fc1,2048,1154,0.5634765625,0.8425400853157043
final-final,proj-slimpajama-r50-s0,proj-alpaca-r50-s0,L16.fc1,16,fc1,2048,1154,0.5634765625,0.8376769423484802
init-init,proj-slimpajama-r50-s0,proj-alpaca-r50-s0,L16.fc2,16,fc2,2048,1154,0.5634765625,0.8661931753158569
final-final,proj-slimpajama-r50-s0,proj-alpaca-r50-s0,L16.fc2,16,fc2,2048,1154,0.5634765625,0.8602145910263062
init-init,proj-slimpajama-r50-s0,proj-alpaca-r50-s0,L17.qkv,17,qkv,2048,1490,0.7275390625,0.8980556130409241
final-final,proj-slimpajama-r50-s0,proj-alpaca-r50-s0,L17.qkv,17,qkv,2048,1490,0.7275390625,0.8947718143463135
init-init,proj-slimpajama-r50-s0,proj-alpaca-r50-s0,L17.o,17,o,2048,1490,0.7275390625,0.8966015577316284
final-final,proj-slimpajama-r50-s0,proj-alpaca-r50-s0,L17.o,17,o,2048,1490,0.7275390625,0.893334150314331
init-init,proj-slimpajama-r50-s0,proj-alpaca-r50-s0,L17.fc1,17,fc1,2048,1154,0.5634765625,0.8415948748588562
final-final,proj-slimpajama-r50-s0,proj-alpaca-r50-s0,L17.fc1,17,fc1,2048,1154,0.5634765625,0.836609959602356
init-init,proj-slimpajama-r50-s0,proj-alpaca-r50-s0,L17.fc2,17,fc2,2048,1154,0.5634765625,0.8670167326927185
final-final,proj-slimpajama-r50-s0,proj-alpaca-r50-s0,L17.fc2,17,fc2,2048,1154,0.5634765625,0.8612366318702698
init-init,proj-slimpajama-r50-s0,proj-alpaca-r50-s0,L18.qkv,18,qkv,2048,1490,0.7275390625,0.8979310393333435
final-final,proj-slimpajama-r50-s0,proj-alpaca-r50-s0,L18.qkv,18,qkv,2048,1490,0.7275390625,0.8951616287231445
init-init,proj-slimpajama-r50-s0,proj-alpaca-r50-s0,L18.o,18,o,2048,1490,0.7275390625,0.8988525867462158
final-final,proj-slimpajama-r50-s0,proj-alpaca-r50-s0,L18.o,18,o,2048,1490,0.7275390625,0.8957433700561523
init-init,proj-slimpajama-r50-s0,proj-alpaca-r50-s0,L18.fc1,18,fc1,2048,1154,0.5634765625,0.8423107266426086
final-final,proj-slimpajama-r50-s0,proj-alpaca-r50-s0,L18.fc1,18,fc1,2048,1154,0.5634765625,0.8368996977806091
init-init,proj-slimpajama-r50-s0,proj-alpaca-r50-s0,L18.fc2,18,fc2,2048,1154,0.5634765625,0.8661728501319885
final-final,proj-slimpajama-r50-s0,proj-alpaca-r50-s0,L18.fc2,18,fc2,2048,1154,0.5634765625,0.8600624799728394
init-init,proj-slimpajama-r50-s0,proj-alpaca-r50-s0,L19.qkv,19,qkv,2048,1490,0.7275390625,0.8950937986373901
final-final,proj-slimpajama-r50-s0,proj-alpaca-r50-s0,L19.qkv,19,qkv,2048,1490,0.7275390625,0.8923861384391785
init-init,proj-slimpajama-r50-s0,proj-alpaca-r50-s0,L19.o,19,o,2048,1490,0.7275390625,0.8896360397338867
final-final,proj-slimpajama-r50-s0,proj-alpaca-r50-s0,L19.o,19,o,2048,1490,0.7275390625,0.8868626356124878
init-init,proj-slimpajama-r50-s0,proj-alpaca-r50-s0,L19.fc1,19,fc1,2048,1154,0.5634765625,0.8409737944602966
final-final,proj-slimpajama-r50-s0,proj-alpaca-r50-s0,L19.fc1,19,fc1,2048,1154,0.5634765625,0.8356748223304749
init-init,proj-slimpajama-r50-s0,proj-alpaca-r50-s0,L19.fc2,19,fc2,2048,1154,0.5634765625,0.8647338151931763
final-final,proj-slimpajama-r50-s0,proj-alpaca-r50-s0,L19.fc2,19,fc2,2048,1154,0.5634765625,0.858525276184082
init-init,proj-slimpajama-r50-s0,proj-alpaca-r50-s0,L20.qkv,20,qkv,2048,1490,0.7275390625,0.8923170566558838
final-final,proj-slimpajama-r50-s0,proj-alpaca-r50-s0,L20.qkv,20,qkv,2048,1490,0.7275390625,0.8898635506629944
init-init,proj-slimpajama-r50-s0,proj-alpaca-r50-s0,L20.o,20,o,2048,1490,0.7275390625,0.8782222270965576
final-final,proj-slimpajama-r50-s0,proj-alpaca-r50-s0,L20.o,20,o,2048,1490,0.7275390625,0.8756951093673706
init-init,proj-slimpajama-r50-s0,proj-alpaca-r50-s0,L20.fc1,20,fc1,2048,1154,0.5634765625,0.8390592932701111
final-final,proj-slimpajama-r50-s0,proj-alpaca-r50-s0,L20.fc1,20,fc1,2048,1154,0.5634765625,0.8338426351547241
init-init,proj-slimpajama-r50-s0,proj-alpaca-r50-s0,L20.fc2,20,fc2,2048,1154,0.5634765625,0.8609939217567444
final-final,proj-slimpajama-r50-s0,proj-alpaca-r50-s0,L20.fc2,20,fc2,2048,1154,0.5634765625,0.8546240925788879
init-init,proj-slimpajama-r50-s0,proj-alpaca-r50-s0,L21.qkv,21,qkv,2048,1490,0.7275390625,0.8868711590766907
final-final,proj-slimpajama-r50-s0,proj-alpaca-r50-s0,L21.qkv,21,qkv,2048,1490,0.7275390625,0.8842844367027283
init-init,proj-slimpajama-r50-s0,proj-alpaca-r50-s0,L21.o,21,o,2048,1490,0.7275390625,0.8720045685768127
final-final,proj-slimpajama-r50-s0,proj-alpaca-r50-s0,L21.o,21,o,2048,1490,0.7275390625,0.8695336580276489
init-init,proj-slimpajama-r50-s0,proj-alpaca-r50-s0,L21.fc1,21,fc1,2048,1154,0.5634765625,0.8346700668334961
final-final,proj-slimpajama-r50-s0,proj-alpaca-r50-s0,L21.fc1,21,fc1,2048,1154,0.5634765625,0.8299417495727539
init-init,proj-slimpajama-r50-s0,proj-alpaca-r50-s0,L21.fc2,21,fc2,2048,1154,0.5634765625,0.8617076873779297
final-final,proj-slimpajama-r50-s0,proj-alpaca-r50-s0,L21.fc2,21,fc2,2048,1154,0.5634765625,0.8557245135307312
init-init,proj-slimpajama-r50-s0,proj-alpaca-r50-s0,L22.qkv,22,qkv,2048,1490,0.7275390625,0.883618175983429
final-final,proj-slimpajama-r50-s0,proj-alpaca-r50-s0,L22.qkv,22,qkv,2048,1490,0.7275390625,0.8811055421829224
init-init,proj-slimpajama-r50-s0,proj-alpaca-r50-s0,L22.o,22,o,2048,1490,0.7275390625,0.8704164028167725
final-final,proj-slimpajama-r50-s0,proj-alpaca-r50-s0,L22.o,22,o,2048,1490,0.7275390625,0.8678767085075378
init-init,proj-slimpajama-r50-s0,proj-alpaca-r50-s0,L22.fc1,22,fc1,2048,1154,0.5634765625,0.8312554955482483
final-final,proj-slimpajama-r50-s0,proj-alpaca-r50-s0,L22.fc1,22,fc1,2048,1154,0.5634765625,0.827720046043396
init-init,proj-slimpajama-r50-s0,proj-alpaca-r50-s0,L22.fc2,22,fc2,2048,1154,0.5634765625,0.8659192323684692
final-final,proj-slimpajama-r50-s0,proj-alpaca-r50-s0,L22.fc2,22,fc2,2048,1154,0.5634765625,0.8605400919914246
init-init,proj-slimpajama-r50-s0,proj-alpaca-r50-s0,L23.qkv,23,qkv,2048,1490,0.7275390625,0.8855978846549988
final-final,proj-slimpajama-r50-s0,proj-alpaca-r50-s0,L23.qkv,23,qkv,2048,1490,0.7275390625,0.8848575949668884
init-init,proj-slimpajama-r50-s0,proj-alpaca-r50-s0,L23.o,23,o,2048,1490,0.7275390625,0.8794032335281372
final-final,proj-slimpajama-r50-s0,proj-alpaca-r50-s0,L23.o,23,o,2048,1490,0.7275390625,0.8763641715049744
init-init,proj-slimpajama-r50-s0,proj-alpaca-r50-s0,L23.fc1,23,fc1,2048,1154,0.5634765625,0.8263368010520935
final-final,proj-slimpajama-r50-s0,proj-alpaca-r50-s0,L23.fc1,23,fc1,2048,1154,0.5634765625,0.8237707614898682
init-init,proj-slimpajama-r50-s0,proj-alpaca-r50-s0,L23.fc2,23,fc2,2048,1154,0.5634765625,0.8668068051338196
final-final,proj-slimpajama-r50-s0,proj-alpaca-r50-s0,L23.fc2,23,fc2,2048,1154,0.5634765625,0.8607537150382996
init-init,proj-slimpajama-r50-s0,proj-selfgen-r50-s0,L0.qkv,0,qkv,2048,1490,0.7275390625,0.9524828791618347
final-final,proj-slimpajama-r50-s0,proj-selfgen-r50-s0,L0.qkv,0,qkv,2048,1490,0.7275390625,0.9475917220115662
init-init,proj-slimpajama-r50-s0,proj-selfgen-r50-s0,L0.o,0,o,2048,1490,0.7275390625,0.9611448049545288
final-final,proj-slimpajama-r50-s0,proj-selfgen-r50-s0,L0.o,0,o,2048,1490,0.7275390625,0.9573420882225037
init-init,proj-slimpajama-r50-s0,proj-selfgen-r50-s0,L0.fc1,0,fc1,2048,1154,0.5634765625,0.9214935302734375
final-final,proj-slimpajama-r50-s0,proj-selfgen-r50-s0,L0.fc1,0,fc1,2048,1154,0.5634765625,0.9168036580085754
init-init,proj-slimpajama-r50-s0,proj-selfgen-r50-s0,L0.fc2,0,fc2,2048,1154,0.5634765625,0.9270790815353394
final-final,proj-slimpajama-r50-s0,proj-selfgen-r50-s0,L0.fc2,0,fc2,2048,1154,0.5634765625,0.921424388885498
init-init,proj-slimpajama-r50-s0,proj-selfgen-r50-s0,L1.qkv,1,qkv,2048,1490,0.7275390625,0.9677258729934692
final-final,proj-slimpajama-r50-s0,proj-selfgen-r50-s0,L1.qkv,1,qkv,2048,1490,0.7275390625,0.962859034538269
init-init,proj-slimpajama-r50-s0,proj-selfgen-r50-s0,L1.o,1,o,2048,1490,0.7275390625,0.9480234980583191
final-final,proj-slimpajama-r50-s0,proj-selfgen-r50-s0,L1.o,1,o,2048,1490,0.7275390625,0.9442512392997742
init-init,proj-slimpajama-r50-s0,proj-selfgen-r50-s0,L1.fc1,1,fc1,2048,1154,0.5634765625,0.9510332942008972
final-final,proj-slimpajama-r50-s0,proj-selfgen-r50-s0,L1.fc1,1,fc1,2048,1154,0.5634765625,0.9471933841705322
init-init,proj-slimpajama-r50-s0,proj-selfgen-r50-s0,L1.fc2,1,fc2,2048,1154,0.5634765625,0.911133348941803
final-final,proj-slimpajama-r50-s0,proj-selfgen-r50-s0,L1.fc2,1,fc2,2048,1154,0.5634765625,0.9055037498474121
init-init,proj-slimpajama-r50-s0,proj-selfgen-r50-s0,L2.qkv,2,qkv,2048,1490,0.7275390625,0.9667620062828064
final-final,proj-slimpajama-r50-s0,proj-selfgen-r50-s0,L2.qkv,2,qkv,2048,1490,0.7275390625,0.9615256190299988
init-init,proj-slimpajama-r50-s0,proj-selfgen-r50-s0,L2.o,2,o,2048,1490,0.7275390625,0.9588467478752136
final-final,proj-slimpajama-r50-s0,proj-selfgen-r50-s0,L2.o,2,o,2048,1490,0.7275390625,0.9555218815803528
init-init,proj-slimpajama-r50-s0,proj-selfgen-r50-s0,L2.fc1,2,fc1,2048,1154,0.5634765625,0.9432798027992249
final-final,proj-slimpajama-r50-s0,proj-selfgen-r50-s0,L2.fc1,2,fc1,2048,1154,0.5634765625,0.9393223524093628
init-init,proj-slimpajama-r50-s0,proj-selfgen-r50-s0,L2.fc2,2,fc2,2048,1154,0.5634765625,0.9080895185470581
final-final,proj-slimpajama-r50-s0,proj-selfgen-r50-s0,L2.fc2,2,fc2,2048,1154,0.5634765625,0.9026714563369751
init-init,proj-slimpajama-r50-s0,proj-selfgen-r50-s0,L3.qkv,3,qkv,2048,1490,0.7275390625,0.9634559750556946
final-final,proj-slimpajama-r50-s0,proj-selfgen-r50-s0,L3.qkv,3,qkv,2048,1490,0.7275390625,0.9578552842140198
init-init,proj-slimpajama-r50-s0,proj-selfgen-r50-s0,L3.o,3,o,2048,1490,0.7275390625,0.9461129307746887
final-final,proj-slimpajama-r50-s0,proj-selfgen-r50-s0,L3.o,3,o,2048,1490,0.7275390625,0.9423391222953796
init-init,proj-slimpajama-r50-s0,proj-selfgen-r50-s0,L3.fc1,3,fc1,2048,1154,0.5634765625,0.9377917647361755
final-final,proj-slimpajama-r50-s0,proj-selfgen-r50-s0,L3.fc1,3,fc1,2048,1154,0.5634765625,0.9326522946357727
init-init,proj-slimpajama-r50-s0,proj-selfgen-r50-s0,L3.fc2,3,fc2,2048,1154,0.5634765625,0.8963430523872375
final-final,proj-slimpajama-r50-s0,proj-selfgen-r50-s0,L3.fc2,3,fc2,2048,1154,0.5634765625,0.8909832835197449
init-init,proj-slimpajama-r50-s0,proj-selfgen-r50-s0,L4.qkv,4,qkv,2048,1490,0.7275390625,0.9607576131820679
final-final,proj-slimpajama-r50-s0,proj-selfgen-r50-s0,L4.qkv,4,qkv,2048,1490,0.7275390625,0.9556531310081482
init-init,proj-slimpajama-r50-s0,proj-selfgen-r50-s0,L4.o,4,o,2048,1490,0.7275390625,0.9559760689735413
final-final,proj-slimpajama-r50-s0,proj-selfgen-r50-s0,L4.o,4,o,2048,1490,0.7275390625,0.952389657497406
init-init,proj-slimpajama-r50-s0,proj-selfgen-r50-s0,L4.fc1,4,fc1,2048,1154,0.5634765625,0.9336415529251099
final-final,proj-slimpajama-r50-s0,proj-selfgen-r50-s0,L4.fc1,4,fc1,2048,1154,0.5634765625,0.9282026886940002
init-init,proj-slimpajama-r50-s0,proj-selfgen-r50-s0,L4.fc2,4,fc2,2048,1154,0.5634765625,0.8675711154937744
final-final,proj-slimpajama-r50-s0,proj-selfgen-r50-s0,L4.fc2,4,fc2,2048,1154,0.5634765625,0.8628246784210205
init-init,proj-slimpajama-r50-s0,proj-selfgen-r50-s0,L5.qkv,5,qkv,2048,1490,0.7275390625,0.9549395442008972
final-final,proj-slimpajama-r50-s0,proj-selfgen-r50-s0,L5.qkv,5,qkv,2048,1490,0.7275390625,0.949854850769043
init-init,proj-slimpajama-r50-s0,proj-selfgen-r50-s0,L5.o,5,o,2048,1490,0.7275390625,0.9537440538406372
final-final,proj-slimpajama-r50-s0,proj-selfgen-r50-s0,L5.o,5,o,2048,1490,0.7275390625,0.9499717950820923
init-init,proj-slimpajama-r50-s0,proj-selfgen-r50-s0,L5.fc1,5,fc1,2048,1154,0.5634765625,0.9257512092590332
final-final,proj-slimpajama-r50-s0,proj-selfgen-r50-s0,L5.fc1,5,fc1,2048,1154,0.5634765625,0.9198152422904968
init-init,proj-slimpajama-r50-s0,proj-selfgen-r50-s0,L5.fc2,5,fc2,2048,1154,0.5634765625,0.8561001420021057
final-final,proj-slimpajama-r50-s0,proj-selfgen-r50-s0,L5.fc2,5,fc2,2048,1154,0.5634765625,0.8513320684432983
init-init,proj-slimpajama-r50-s0,proj-selfgen-r50-s0,L6.qkv,6,qkv,2048,1490,0.7275390625,0.9514099955558777
final-final,proj-slimpajama-r50-s0,proj-selfgen-r50-s0,L6.qkv,6,qkv,2048,1490,0.7275390625,0.9459522366523743
init-init,proj-slimpajama-r50-s0,proj-selfgen-r50-s0,L6.o,6,o,2048,1490,0.7275390625,0.9466843008995056
final-final,proj-slimpajama-r50-s0,proj-selfgen-r50-s0,L6.o,6,o,2048,1490,0.7275390625,0.9418945908546448
init-init,proj-slimpajama-r50-s0,proj-selfgen-r50-s0,L6.fc1,6,fc1,2048,1154,0.5634765625,0.9180597066879272
final-final,proj-slimpajama-r50-s0,proj-selfgen-r50-s0,L6.fc1,6,fc1,2048,1154,0.5634765625,0.9119519591331482
init-init,proj-slimpajama-r50-s0,proj-selfgen-r50-s0,L6.fc2,6,fc2,2048,1154,0.5634765625,0.8486332893371582
final-final,proj-slimpajama-r50-s0,proj-selfgen-r50-s0,L6.fc2,6,fc2,2048,1154,0.5634765625,0.8441375494003296
init-init,proj-slimpajama-r50-s0,proj-selfgen-r50-s0,L7.qkv,7,qkv,2048,1490,0.7275390625,0.9460080862045288
final-final,proj-slimpajama-r50-s0,proj-selfgen-r50-s0,L7.qkv,7,qkv,2048,1490,0.7275390625,0.9404030442237854
init-init,proj-slimpajama-r50-s0,proj-selfgen-r50-s0,L7.o,7,o,2048,1490,0.7275390625,0.9373671412467957
final-final,proj-slimpajama-r50-s0,proj-selfgen-r50-s0,L7.o,7,o,2048,1490,0.7275390625,0.9324188232421875
init-init,proj-slimpajama-r50-s0,proj-selfgen-r50-s0,L7.fc1,7,fc1,2048,1154,0.5634765625,0.9082856178283691
final-final,proj-slimpajama-r50-s0,proj-selfgen-r50-s0,L7.fc1,7,fc1,2048,1154,0.5634765625,0.9021788239479065
init-init,proj-slimpajama-r50-s0,proj-selfgen-r50-s0,L7.fc2,7,fc2,2048,1154,0.5634765625,0.8479133248329163
final-final,proj-slimpajama-r50-s0,proj-selfgen-r50-s0,L7.fc2,7,fc2,2048,1154,0.5634765625,0.8433292508125305
init-init,proj-slimpajama-r50-s0,proj-selfgen-r50-s0,L8.qkv,8,qkv,2048,1490,0.7275390625,0.9406827092170715
final-final,proj-slimpajama-r50-s0,proj-selfgen-r50-s0,L8.qkv,8,qkv,2048,1490,0.7275390625,0.9352613687515259
init-init,proj-slimpajama-r50-s0,proj-selfgen-r50-s0,L8.o,8,o,2048,1490,0.7275390625,0.9325231909751892
final-final,proj-slimpajama-r50-s0,proj-selfgen-r50-s0,L8.o,8,o,2048,1490,0.7275390625,0.9275190830230713
init-init,proj-slimpajama-r50-s0,proj-selfgen-r50-s0,L8.fc1,8,fc1,2048,1154,0.5634765625,0.8984017372131348
final-final,proj-slimpajama-r50-s0,proj-selfgen-r50-s0,L8.fc1,8,fc1,2048,1154,0.5634765625,0.8922039866447449
init-init,proj-slimpajama-r50-s0,proj-selfgen-r50-s0,L8.fc2,8,fc2,2048,1154,0.5634765625,0.8611935973167419
final-final,proj-slimpajama-r50-s0,proj-selfgen-r50-s0,L8.fc2,8,fc2,2048,1154,0.5634765625,0.8558608889579773
init-init,proj-slimpajama-r50-s0,proj-selfgen-r50-s0,L9.qkv,9,qkv,2048,1490,0.7275390625,0.9357492923736572
final-final,proj-slimpajama-r50-s0,proj-selfgen-r50-s0,L9.qkv,9,qkv,2048,1490,0.7275390625,0.9304887652397156
init-init,proj-slimpajama-r50-s0,proj-selfgen-r50-s0,L9.o,9,o,2048,1490,0.7275390625,0.9356982111930847
final-final,proj-slimpajama-r50-s0,proj-selfgen-r50-s0,L9.o,9,o,2048,1490,0.7275390625,0.9306077361106873
init-init,proj-slimpajama-r50-s0,proj-selfgen-r50-s0,L9.fc1,9,fc1,2048,1154,0.5634765625,0.8904167413711548
final-final,proj-slimpajama-r50-s0,proj-selfgen-r50-s0,L9.fc1,9,fc1,2048,1154,0.5634765625,0.8840732574462891
init-init,proj-slimpajama-r50-s0,proj-selfgen-r50-s0,L9.fc2,9,fc2,2048,1154,0.5634765625,0.8821062445640564
final-final,proj-slimpajama-r50-s0,proj-selfgen-r50-s0,L9.fc2,9,fc2,2048,1154,0.5634765625,0.8758359551429749
init-init,proj-slimpajama-r50-s0,proj-selfgen-r50-s0,L10.qkv,10,qkv,2048,1490,0.7275390625,0.9360439777374268
final-final,proj-slimpajama-r50-s0,proj-selfgen-r50-s0,L10.qkv,10,qkv,2048,1490,0.7275390625,0.9309113621711731
init-init,proj-slimpajama-r50-s0,proj-selfgen-r50-s0,L10.o,10,o,2048,1490,0.7275390625,0.9291894435882568
final-final,proj-slimpajama-r50-s0,proj-selfgen-r50-s0,L10.o,10,o,2048,1490,0.7275390625,0.9241150617599487
init-init,proj-slimpajama-r50-s0,proj-selfgen-r50-s0,L10.fc1,10,fc1,2048,1154,0.5634765625,0.886287271976471
final-final,proj-slimpajama-r50-s0,proj-selfgen-r50-s0,L10.fc1,10,fc1,2048,1154,0.5634765625,0.8800027966499329
init-init,proj-slimpajama-r50-s0,proj-selfgen-r50-s0,L10.fc2,10,fc2,2048,1154,0.5634765625,0.8911954760551453
final-final,proj-slimpajama-r50-s0,proj-selfgen-r50-s0,L10.fc2,10,fc2,2048,1154,0.5634765625,0.8846741914749146
init-init,proj-slimpajama-r50-s0,proj-selfgen-r50-s0,L11.qkv,11,qkv,2048,1490,0.7275390625,0.9341042041778564
final-final,proj-slimpajama-r50-s0,proj-selfgen-r50-s0,L11.qkv,11,qkv,2048,1490,0.7275390625,0.9290034770965576
init-init,proj-slimpajama-r50-s0,proj-selfgen-r50-s0,L11.o,11,o,2048,1490,0.7275390625,0.9302010536193848
final-final,proj-slimpajama-r50-s0,proj-selfgen-r50-s0,L11.o,11,o,2048,1490,0.7275390625,0.9255476593971252
init-init,proj-slimpajama-r50-s0,proj-selfgen-r50-s0,L11.fc1,11,fc1,2048,1154,0.5634765625,0.8850803375244141
final-final,proj-slimpajama-r50-s0,proj-selfgen-r50-s0,L11.fc1,11,fc1,2048,1154,0.5634765625,0.8787980675697327
init-init,proj-slimpajama-r50-s0,proj-selfgen-r50-s0,L11.fc2,11,fc2,2048,1154,0.5634765625,0.8987742066383362
final-final,proj-slimpajama-r50-s0,proj-selfgen-r50-s0,L11.fc2,11,fc2,2048,1154,0.5634765625,0.8917449116706848
init-init,proj-slimpajama-r50-s0,proj-selfgen-r50-s0,L12.qkv,12,qkv,2048,1490,0.7275390625,0.9351505637168884
final-final,proj-slimpajama-r50-s0,proj-selfgen-r50-s0,L12.qkv,12,qkv,2048,1490,0.7275390625,0.9302430748939514
init-init,proj-slimpajama-r50-s0,proj-selfgen-r50-s0,L12.o,12,o,2048,1490,0.7275390625,0.9388343691825867
final-final,proj-slimpajama-r50-s0,proj-selfgen-r50-s0,L12.o,12,o,2048,1490,0.7275390625,0.9338361024856567
init-init,proj-slimpajama-r50-s0,proj-selfgen-r50-s0,L12.fc1,12,fc1,2048,1154,0.5634765625,0.8863236904144287
final-final,proj-slimpajama-r50-s0,proj-selfgen-r50-s0,L12.fc1,12,fc1,2048,1154,0.5634765625,0.8802562952041626
init-init,proj-slimpajama-r50-s0,proj-selfgen-r50-s0,L12.fc2,12,fc2,2048,1154,0.5634765625,0.9047694802284241
final-final,proj-slimpajama-r50-s0,proj-selfgen-r50-s0,L12.fc2,12,fc2,2048,1154,0.5634765625,0.8977183103561401
init-init,proj-slimpajama-r50-s0,proj-selfgen-r50-s0,L13.qkv,13,qkv,2048,1490,0.7275390625,0.9385136365890503
final-final,proj-slimpajama-r50-s0,proj-selfgen-r50-s0,L13.qkv,13,qkv,2048,1490,0.7275390625,0.933566153049469
init-init,proj-slimpajama-r50-s0,proj-selfgen-r50-s0,L13.o,13,o,2048,1490,0.7275390625,0.9373558759689331
final-final,proj-slimpajama-r50-s0,proj-selfgen-r50-s0,L13.o,13,o,2048,1490,0.7275390625,0.9322599172592163
init-init,proj-slimpajama-r50-s0,proj-selfgen-r50-s0,L13.fc1,13,fc1,2048,1154,0.5634765625,0.8865565061569214
final-final,proj-slimpajama-r50-s0,proj-selfgen-r50-s0,L13.fc1,13,fc1,2048,1154,0.5634765625,0.8806118369102478
init-init,proj-slimpajama-r50-s0,proj-selfgen-r50-s0,L13.fc2,13,fc2,2048,1154,0.5634765625,0.9124040007591248
final-final,proj-slimpajama-r50-s0,proj-selfgen-r50-s0,L13.fc2,13,fc2,2048,1154,0.5634765625,0.9050455689430237
init-init,proj-slimpajama-r50-s0,proj-selfgen-r50-s0,L14.qkv,14,qkv,2048,1490,0.7275390625,0.9367842674255371
final-final,proj-slimpajama-r50-s0,proj-selfgen-r50-s0,L14.qkv,14,qkv,2048,1490,0.7275390625,0.9323176741600037
init-init,proj-slimpajama-r50-s0,proj-selfgen-r50-s0,L14.o,14,o,2048,1490,0.7275390625,0.9273895025253296
final-final,proj-slimpajama-r50-s0,proj-selfgen-r50-s0,L14.o,14,o,2048,1490,0.7275390625,0.9226747155189514
init-init,proj-slimpajama-r50-s0,proj-selfgen-r50-s0,L14.fc1,14,fc1,2048,1154,0.5634765625,0.8866551518440247
final-final,proj-slimpajama-r50-s0,proj-selfgen-r50-s0,L14.fc1,14,fc1,2048,1154,0.5634765625,0.880738377571106
init-init,proj-slimpajama-r50-s0,proj-selfgen-r50-s0,L14.fc2,14,fc2,2048,1154,0.5634765625,0.9063932299613953
final-final,proj-slimpajama-r50-s0,proj-selfgen-r50-s0,L14.fc2,14,fc2,2048,1154,0.5634765625,0.8992219567298889
init-init,proj-slimpajama-r50-s0,proj-selfgen-r50-s0,L15.qkv,15,qkv,2048,1490,0.7275390625,0.9386860132217407
final-final,proj-slimpajama-r50-s0,proj-selfgen-r50-s0,L15.qkv,15,qkv,2048,1490,0.7275390625,0.9342709183692932
init-init,proj-slimpajama-r50-s0,proj-selfgen-r50-s0,L15.o,15,o,2048,1490,0.7275390625,0.9119953513145447
final-final,proj-slimpajama-r50-s0,proj-selfgen-r50-s0,L15.o,15,o,2048,1490,0.7275390625,0.9079096913337708
init-init,proj-slimpajama-r50-s0,proj-selfgen-r50-s0,L15.fc1,15,fc1,2048,1154,0.5634765625,0.8824708461761475
final-final,proj-slimpajama-r50-s0,proj-selfgen-r50-s0,L15.fc1,15,fc1,2048,1154,0.5634765625,0.8764115571975708
init-init,proj-slimpajama-r50-s0,proj-selfgen-r50-s0,L15.fc2,15,fc2,2048,1154,0.5634765625,0.9085033535957336
final-final,proj-slimpajama-r50-s0,proj-selfgen-r50-s0,L15.fc2,15,fc2,2048,1154,0.5634765625,0.9010674357414246
init-init,proj-slimpajama-r50-s0,proj-selfgen-r50-s0,L16.qkv,16,qkv,2048,1490,0.7275390625,0.9319203495979309
final-final,proj-slimpajama-r50-s0,proj-selfgen-r50-s0,L16.qkv,16,qkv,2048,1490,0.7275390625,0.9278132319450378
init-init,proj-slimpajama-r50-s0,proj-selfgen-r50-s0,L16.o,16,o,2048,1490,0.7275390625,0.9197695255279541
final-final,proj-slimpajama-r50-s0,proj-selfgen-r50-s0,L16.o,16,o,2048,1490,0.7275390625,0.9157702326774597
init-init,proj-slimpajama-r50-s0,proj-selfgen-r50-s0,L16.fc1,16,fc1,2048,1154,0.5634765625,0.884194016456604
final-final,proj-slimpajama-r50-s0,proj-selfgen-r50-s0,L16.fc1,16,fc1,2048,1154,0.5634765625,0.8781092762947083
init-init,proj-slimpajama-r50-s0,proj-selfgen-r50-s0,L16.fc2,16,fc2,2048,1154,0.5634765625,0.9069873094558716
final-final,proj-slimpajama-r50-s0,proj-selfgen-r50-s0,L16.fc2,16,fc2,2048,1154,0.5634765625,0.8996531367301941
init-init,proj-slimpajama-r50-s0,proj-selfgen-r50-s0,L17.qkv,17,qkv,2048,1490,0.7275390625,0.9290319681167603
final-final,proj-slimpajama-r50-s0,proj-selfgen-r50-s0,L17.qkv,17,qkv,2048,1490,0.7275390625,0.9247164130210876
init-init,proj-slimpajama-r50-s0,proj-selfgen-r50-s0,L17.o,17,o,2048,1490,0.7275390625,0.9198276996612549
final-final,proj-slimpajama-r50-s0,proj-selfgen-r50-s0,L17.o,17,o,2048,1490,0.7275390625,0.9158135652542114
init-init,proj-slimpajama-r50-s0,proj-selfgen-r50-s0,L17.fc1,17,fc1,2048,1154,0.5634765625,0.8849288821220398
final-final,proj-slimpajama-r50-s0,proj-selfgen-r50-s0,L17.fc1,17,fc1,2048,1154,0.5634765625,0.87873774766922
init-init,proj-slimpajama-r50-s0,proj-selfgen-r50-s0,L17.fc2,17,fc2,2048,1154,0.5634765625,0.9062067270278931
final-final,proj-slimpajama-r50-s0,proj-selfgen-r50-s0,L17.fc2,17,fc2,2048,1154,0.5634765625,0.8988572359085083
init-init,proj-slimpajama-r50-s0,proj-selfgen-r50-s0,L18.qkv,18,qkv,2048,1490,0.7275390625,0.9286898374557495
final-final,proj-slimpajama-r50-s0,proj-selfgen-r50-s0,L18.qkv,18,qkv,2048,1490,0.7275390625,0.9249697327613831
init-init,proj-slimpajama-r50-s0,proj-selfgen-r50-s0,L18.o,18,o,2048,1490,0.7275390625,0.921911895275116
final-final,proj-slimpajama-r50-s0,proj-selfgen-r50-s0,L18.o,18,o,2048,1490,0.7275390625,0.9178472757339478
init-init,proj-slimpajama-r50-s0,proj-selfgen-r50-s0,L18.fc1,18,fc1,2048,1154,0.5634765625,0.8857089877128601
final-final,proj-slimpajama-r50-s0,proj-selfgen-r50-s0,L18.fc1,18,fc1,2048,1154,0.5634765625,0.8789801597595215
init-init,proj-slimpajama-r50-s0,proj-selfgen-r50-s0,L18.fc2,18,fc2,2048,1154,0.5634765625,0.9034442901611328
final-final,proj-slimpajama-r50-s0,proj-selfgen-r50-s0,L18.fc2,18,fc2,2048,1154,0.5634765625,0.8957902193069458
init-init,proj-slimpajama-r50-s0,proj-selfgen-r50-s0,L19.qkv,19,qkv,2048,1490,0.7275390625,0.9263128042221069
final-final,proj-slimpajama-r50-s0,proj-selfgen-r50-s0,L19.qkv,19,qkv,2048,1490,0.7275390625,0.9227864146232605
init-init,proj-slimpajama-r50-s0,proj-selfgen-r50-s0,L19.o,19,o,2048,1490,0.7275390625,0.9167121052742004
final-final,proj-slimpajama-r50-s0,proj-selfgen-r50-s0,L19.o,19,o,2048,1490,0.7275390625,0.9129806160926819
init-init,proj-slimpajama-r50-s0,proj-selfgen-r50-s0,L19.fc1,19,fc1,2048,1154,0.5634765625,0.8835914731025696
final-final,proj-slimpajama-r50-s0,proj-selfgen-r50-s0,L19.fc1,19,fc1,2048,1154,0.5634765625,0.877099871635437
init-init,proj-slimpajama-r50-s0,proj-selfgen-r50-s0,L19.fc2,19,fc2,2048,1154,0.5634765625,0.8991173505783081
final-final,proj-slimpajama-r50-s0,proj-selfgen-r50-s0,L19.fc2,19,fc2,2048,1154,0.5634765625,0.8915449976921082
init-init,proj-slimpajama-r50-s0,proj-selfgen-r50-s0,L20.qkv,20,qkv,2048,1490,0.7275390625,0.9245787858963013
final-final,proj-slimpajama-r50-s0,proj-selfgen-r50-s0,L20.qkv,20,qkv,2048,1490,0.7275390625,0.9211939573287964
init-init,proj-slimpajama-r50-s0,proj-selfgen-r50-s0,L20.o,20,o,2048,1490,0.7275390625,0.9139215350151062
final-final,proj-slimpajama-r50-s0,proj-selfgen-r50-s0,L20.o,20,o,2048,1490,0.7275390625,0.9096785187721252
init-init,proj-slimpajama-r50-s0,proj-selfgen-r50-s0,L20.fc1,20,fc1,2048,1154,0.5634765625,0.8823493123054504
final-final,proj-slimpajama-r50-s0,proj-selfgen-r50-s0,L20.fc1,20,fc1,2048,1154,0.5634765625,0.8758943676948547
init-init,proj-slimpajama-r50-s0,proj-selfgen-r50-s0,L20.fc2,20,fc2,2048,1154,0.5634765625,0.8932594656944275
final-final,proj-slimpajama-r50-s0,proj-selfgen-r50-s0,L20.fc2,20,fc2,2048,1154,0.5634765625,0.8852114677429199
init-init,proj-slimpajama-r50-s0,proj-selfgen-r50-s0,L21.qkv,21,qkv,2048,1490,0.7275390625,0.9161575436592102
final-final,proj-slimpajama-r50-s0,proj-selfgen-r50-s0,L21.qkv,21,qkv,2048,1490,0.7275390625,0.9128928184509277
init-init,proj-slimpajama-r50-s0,proj-selfgen-r50-s0,L21.o,21,o,2048,1490,0.7275390625,0.8934508562088013
final-final,proj-slimpajama-r50-s0,proj-selfgen-r50-s0,L21.o,21,o,2048,1490,0.7275390625,0.8902090191841125
init-init,proj-slimpajama-r50-s0,proj-selfgen-r50-s0,L21.fc1,21,fc1,2048,1154,0.5634765625,0.8775396943092346
final-final,proj-slimpajama-r50-s0,proj-selfgen-r50-s0,L21.fc1,21,fc1,2048,1154,0.5634765625,0.8716726899147034
init-init,proj-slimpajama-r50-s0,proj-selfgen-r50-s0,L21.fc2,21,fc2,2048,1154,0.5634765625,0.8921581506729126
final-final,proj-slimpajama-r50-s0,proj-selfgen-r50-s0,L21.fc2,21,fc2,2048,1154,0.5634765625,0.8843750357627869
init-init,proj-slimpajama-r50-s0,proj-selfgen-r50-s0,L22.qkv,22,qkv,2048,1490,0.7275390625,0.9139007329940796
final-final,proj-slimpajama-r50-s0,proj-selfgen-r50-s0,L22.qkv,22,qkv,2048,1490,0.7275390625,0.9109378457069397
init-init,proj-slimpajama-r50-s0,proj-selfgen-r50-s0,L22.o,22,o,2048,1490,0.7275390625,0.8898123502731323
final-final,proj-slimpajama-r50-s0,proj-selfgen-r50-s0,L22.o,22,o,2048,1490,0.7275390625,0.8869416117668152
init-init,proj-slimpajama-r50-s0,proj-selfgen-r50-s0,L22.fc1,22,fc1,2048,1154,0.5634765625,0.8727216720581055
final-final,proj-slimpajama-r50-s0,proj-selfgen-r50-s0,L22.fc1,22,fc1,2048,1154,0.5634765625,0.8680868148803711
init-init,proj-slimpajama-r50-s0,proj-selfgen-r50-s0,L22.fc2,22,fc2,2048,1154,0.5634765625,0.8994175791740417
final-final,proj-slimpajama-r50-s0,proj-selfgen-r50-s0,L22.fc2,22,fc2,2048,1154,0.5634765625,0.8924785852432251
init-init,proj-slimpajama-r50-s0,proj-selfgen-r50-s0,L23.qkv,23,qkv,2048,1490,0.7275390625,0.9157440662384033
final-final,proj-slimpajama-r50-s0,proj-selfgen-r50-s0,L23.qkv,23,qkv,2048,1490,0.7275390625,0.9148910045623779
init-init,proj-slimpajama-r50-s0,proj-selfgen-r50-s0,L23.o,23,o,2048,1490,0.7275390625,0.8901757597923279
final-final,proj-slimpajama-r50-s0,proj-selfgen-r50-s0,L23.o,23,o,2048,1490,0.7275390625,0.8867843151092529
init-init,proj-slimpajama-r50-s0,proj-selfgen-r50-s0,L23.fc1,23,fc1,2048,1154,0.5634765625,0.8658292889595032
final-final,proj-slimpajama-r50-s0,proj-selfgen-r50-s0,L23.fc1,23,fc1,2048,1154,0.5634765625,0.8624494075775146
init-init,proj-slimpajama-r50-s0,proj-selfgen-r50-s0,L23.fc2,23,fc2,2048,1154,0.5634765625,0.9049712419509888
final-final,proj-slimpajama-r50-s0,proj-selfgen-r50-s0,L23.fc2,23,fc2,2048,1154,0.5634765625,0.8963479995727539
init-init,proj-slimpajama-r50-s0,proj-selfdoc-r50-s0,L0.qkv,0,qkv,2048,1490,0.7275390625,0.9499465227127075
final-final,proj-slimpajama-r50-s0,proj-selfdoc-r50-s0,L0.qkv,0,qkv,2048,1490,0.7275390625,0.945098876953125
init-init,proj-slimpajama-r50-s0,proj-selfdoc-r50-s0,L0.o,0,o,2048,1490,0.7275390625,0.9616268873214722
final-final,proj-slimpajama-r50-s0,proj-selfdoc-r50-s0,L0.o,0,o,2048,1490,0.7275390625,0.9576670527458191
init-init,proj-slimpajama-r50-s0,proj-selfdoc-r50-s0,L0.fc1,0,fc1,2048,1154,0.5634765625,0.9191190004348755
final-final,proj-slimpajama-r50-s0,proj-selfdoc-r50-s0,L0.fc1,0,fc1,2048,1154,0.5634765625,0.9141619205474854
init-init,proj-slimpajama-r50-s0,proj-selfdoc-r50-s0,L0.fc2,0,fc2,2048,1154,0.5634765625,0.9279628396034241
final-final,proj-slimpajama-r50-s0,proj-selfdoc-r50-s0,L0.fc2,0,fc2,2048,1154,0.5634765625,0.9220608472824097
init-init,proj-slimpajama-r50-s0,proj-selfdoc-r50-s0,L1.qkv,1,qkv,2048,1490,0.7275390625,0.9674926400184631
final-final,proj-slimpajama-r50-s0,proj-selfdoc-r50-s0,L1.qkv,1,qkv,2048,1490,0.7275390625,0.9629048109054565
init-init,proj-slimpajama-r50-s0,proj-selfdoc-r50-s0,L1.o,1,o,2048,1490,0.7275390625,0.9482064843177795
final-final,proj-slimpajama-r50-s0,proj-selfdoc-r50-s0,L1.o,1,o,2048,1490,0.7275390625,0.944619357585907
init-init,proj-slimpajama-r50-s0,proj-selfdoc-r50-s0,L1.fc1,1,fc1,2048,1154,0.5634765625,0.950491726398468
final-final,proj-slimpajama-r50-s0,proj-selfdoc-r50-s0,L1.fc1,1,fc1,2048,1154,0.5634765625,0.946495771408081
init-init,proj-slimpajama-r50-s0,proj-selfdoc-r50-s0,L1.fc2,1,fc2,2048,1154,0.5634765625,0.9100938439369202
final-final,proj-slimpajama-r50-s0,proj-selfdoc-r50-s0,L1.fc2,1,fc2,2048,1154,0.5634765625,0.9043027758598328
init-init,proj-slimpajama-r50-s0,proj-selfdoc-r50-s0,L2.qkv,2,qkv,2048,1490,0.7275390625,0.9661839604377747
final-final,proj-slimpajama-r50-s0,proj-selfdoc-r50-s0,L2.qkv,2,qkv,2048,1490,0.7275390625,0.9610564112663269
init-init,proj-slimpajama-r50-s0,proj-selfdoc-r50-s0,L2.o,2,o,2048,1490,0.7275390625,0.9578326940536499
final-final,proj-slimpajama-r50-s0,proj-selfdoc-r50-s0,L2.o,2,o,2048,1490,0.7275390625,0.9547222852706909
init-init,proj-slimpajama-r50-s0,proj-selfdoc-r50-s0,L2.fc1,2,fc1,2048,1154,0.5634765625,0.9422870874404907
final-final,proj-slimpajama-r50-s0,proj-selfdoc-r50-s0,L2.fc1,2,fc1,2048,1154,0.5634765625,0.9380528926849365
init-init,proj-slimpajama-r50-s0,proj-selfdoc-r50-s0,L2.fc2,2,fc2,2048,1154,0.5634765625,0.9070181846618652
final-final,proj-slimpajama-r50-s0,proj-selfdoc-r50-s0,L2.fc2,2,fc2,2048,1154,0.5634765625,0.901376485824585
init-init,proj-slimpajama-r50-s0,proj-selfdoc-r50-s0,L3.qkv,3,qkv,2048,1490,0.7275390625,0.9627138376235962
final-final,proj-slimpajama-r50-s0,proj-selfdoc-r50-s0,L3.qkv,3,qkv,2048,1490,0.7275390625,0.9571610689163208
init-init,proj-slimpajama-r50-s0,proj-selfdoc-r50-s0,L3.o,3,o,2048,1490,0.7275390625,0.9464090466499329
final-final,proj-slimpajama-r50-s0,proj-selfdoc-r50-s0,L3.o,3,o,2048,1490,0.7275390625,0.9428252577781677
init-init,proj-slimpajama-r50-s0,proj-selfdoc-r50-s0,L3.fc1,3,fc1,2048,1154,0.5634765625,0.9365308284759521
final-final,proj-slimpajama-r50-s0,proj-selfdoc-r50-s0,L3.fc1,3,fc1,2048,1154,0.5634765625,0.9314244389533997
init-init,proj-slimpajama-r50-s0,proj-selfdoc-r50-s0,L3.fc2,3,fc2,2048,1154,0.5634765625,0.8959847688674927
final-final,proj-slimpajama-r50-s0,proj-selfdoc-r50-s0,L3.fc2,3,fc2,2048,1154,0.5634765625,0.8905238509178162
init-init,proj-slimpajama-r50-s0,proj-selfdoc-r50-s0,L4.qkv,4,qkv,2048,1490,0.7275390625,0.9599254727363586
final-final,proj-slimpajama-r50-s0,proj-selfdoc-r50-s0,L4.qkv,4,qkv,2048,1490,0.7275390625,0.9547853469848633
init-init,proj-slimpajama-r50-s0,proj-selfdoc-r50-s0,L4.o,4,o,2048,1490,0.7275390625,0.9546452760696411
final-final,proj-slimpajama-r50-s0,proj-selfdoc-r50-s0,L4.o,4,o,2048,1490,0.7275390625,0.9511843919754028
init-init,proj-slimpajama-r50-s0,proj-selfdoc-r50-s0,L4.fc1,4,fc1,2048,1154,0.5634765625,0.9319643378257751
final-final,proj-slimpajama-r50-s0,proj-selfdoc-r50-s0,L4.fc1,4,fc1,2048,1154,0.5634765625,0.926410436630249
init-init,proj-slimpajama-r50-s0,proj-selfdoc-r50-s0,L4.fc2,4,fc2,2048,1154,0.5634765625,0.8671062588691711
final-final,proj-slimpajama-r50-s0,proj-selfdoc-r50-s0,L4.fc2,4,fc2,2048,1154,0.5634765625,0.8621720671653748
init-init,proj-slimpajama-r50-s0,proj-selfdoc-r50-s0,L5.qkv,5,qkv,2048,1490,0.7275390625,0.9538185596466064
final-final,proj-slimpajama-r50-s0,proj-selfdoc-r50-s0,L5.qkv,5,qkv,2048,1490,0.7275390625,0.9486632347106934
init-init,proj-slimpajama-r50-s0,proj-selfdoc-r50-s0,L5.o,5,o,2048,1490,0.7275390625,0.9532174468040466
final-final,proj-slimpajama-r50-s0,proj-selfdoc-r50-s0,L5.o,5,o,2048,1490,0.7275390625,0.9494853615760803
init-init,proj-slimpajama-r50-s0,proj-selfdoc-r50-s0,L5.fc1,5,fc1,2048,1154,0.5634765625,0.9240648746490479
final-final,proj-slimpajama-r50-s0,proj-selfdoc-r50-s0,L5.fc1,5,fc1,2048,1154,0.5634765625,0.9181258082389832
init-init,proj-slimpajama-r50-s0,proj-selfdoc-r50-s0,L5.fc2,5,fc2,2048,1154,0.5634765625,0.857122004032135
final-final,proj-slimpajama-r50-s0,proj-selfdoc-r50-s0,L5.fc2,5,fc2,2048,1154,0.5634765625,0.8520433902740479
init-init,proj-slimpajama-r50-s0,proj-selfdoc-r50-s0,L6.qkv,6,qkv,2048,1490,0.7275390625,0.9501940608024597
final-final,proj-slimpajama-r50-s0,proj-selfdoc-r50-s0,L6.qkv,6,qkv,2048,1490,0.7275390625,0.9446123838424683
init-init,proj-slimpajama-r50-s0,proj-selfdoc-r50-s0,L6.o,6,o,2048,1490,0.7275390625,0.9441791772842407
final-final,proj-slimpajama-r50-s0,proj-selfdoc-r50-s0,L6.o,6,o,2048,1490,0.7275390625,0.9395153522491455
init-init,proj-slimpajama-r50-s0,proj-selfdoc-r50-s0,L6.fc1,6,fc1,2048,1154,0.5634765625,0.9158055186271667
final-final,proj-slimpajama-r50-s0,proj-selfdoc-r50-s0,L6.fc1,6,fc1,2048,1154,0.5634765625,0.909551739692688
init-init,proj-slimpajama-r50-s0,proj-selfdoc-r50-s0,L6.fc2,6,fc2,2048,1154,0.5634765625,0.8467137813568115
final-final,proj-slimpajama-r50-s0,proj-selfdoc-r50-s0,L6.fc2,6,fc2,2048,1154,0.5634765625,0.84211665391922
init-init,proj-slimpajama-r50-s0,proj-selfdoc-r50-s0,L7.qkv,7,qkv,2048,1490,0.7275390625,0.9445642232894897
final-final,proj-slimpajama-r50-s0,proj-selfdoc-r50-s0,L7.qkv,7,qkv,2048,1490,0.7275390625,0.9389448761940002
init-init,proj-slimpajama-r50-s0,proj-selfdoc-r50-s0,L7.o,7,o,2048,1490,0.7275390625,0.9348995089530945
final-final,proj-slimpajama-r50-s0,proj-selfdoc-r50-s0,L7.o,7,o,2048,1490,0.7275390625,0.9300457239151001
init-init,proj-slimpajama-r50-s0,proj-selfdoc-r50-s0,L7.fc1,7,fc1,2048,1154,0.5634765625,0.9058334231376648
final-final,proj-slimpajama-r50-s0,proj-selfdoc-r50-s0,L7.fc1,7,fc1,2048,1154,0.5634765625,0.8995959758758545
init-init,proj-slimpajama-r50-s0,proj-selfdoc-r50-s0,L7.fc2,7,fc2,2048,1154,0.5634765625,0.8452507853507996
final-final,proj-slimpajama-r50-s0,proj-selfdoc-r50-s0,L7.fc2,7,fc2,2048,1154,0.5634765625,0.8406530618667603
init-init,proj-slimpajama-r50-s0,proj-selfdoc-r50-s0,L8.qkv,8,qkv,2048,1490,0.7275390625,0.9391093254089355
final-final,proj-slimpajama-r50-s0,proj-selfdoc-r50-s0,L8.qkv,8,qkv,2048,1490,0.7275390625,0.9336186647415161
init-init,proj-slimpajama-r50-s0,proj-selfdoc-r50-s0,L8.o,8,o,2048,1490,0.7275390625,0.9302072525024414
final-final,proj-slimpajama-r50-s0,proj-selfdoc-r50-s0,L8.o,8,o,2048,1490,0.7275390625,0.925209105014801
init-init,proj-slimpajama-r50-s0,proj-selfdoc-r50-s0,L8.fc1,8,fc1,2048,1154,0.5634765625,0.8958869576454163
final-final,proj-slimpajama-r50-s0,proj-selfdoc-r50-s0,L8.fc1,8,fc1,2048,1154,0.5634765625,0.8895837068557739
init-init,proj-slimpajama-r50-s0,proj-selfdoc-r50-s0,L8.fc2,8,fc2,2048,1154,0.5634765625,0.8597779273986816
final-final,proj-slimpajama-r50-s0,proj-selfdoc-r50-s0,L8.fc2,8,fc2,2048,1154,0.5634765625,0.8540948033332825
init-init,proj-slimpajama-r50-s0,proj-selfdoc-r50-s0,L9.qkv,9,qkv,2048,1490,0.7275390625,0.9343237280845642
final-final,proj-slimpajama-r50-s0,proj-selfdoc-r50-s0,L9.qkv,9,qkv,2048,1490,0.7275390625,0.9287311434745789
init-init,proj-slimpajama-r50-s0,proj-selfdoc-r50-s0,L9.o,9,o,2048,1490,0.7275390625,0.9333661198616028
final-final,proj-slimpajama-r50-s0,proj-selfdoc-r50-s0,L9.o,9,o,2048,1490,0.7275390625,0.9283485412597656
init-init,proj-slimpajama-r50-s0,proj-selfdoc-r50-s0,L9.fc1,9,fc1,2048,1154,0.5634765625,0.8881196975708008
final-final,proj-slimpajama-r50-s0,proj-selfdoc-r50-s0,L9.fc1,9,fc1,2048,1154,0.5634765625,0.8816949129104614
init-init,proj-slimpajama-r50-s0,proj-selfdoc-r50-s0,L9.fc2,9,fc2,2048,1154,0.5634765625,0.880742609500885
final-final,proj-slimpajama-r50-s0,proj-selfdoc-r50-s0,L9.fc2,9,fc2,2048,1154,0.5634765625,0.8742386102676392
init-init,proj-slimpajama-r50-s0,proj-selfdoc-r50-s0,L10.qkv,10,qkv,2048,1490,0.7275390625,0.9344667792320251
final-final,proj-slimpajama-r50-s0,proj-selfdoc-r50-s0,L10.qkv,10,qkv,2048,1490,0.7275390625,0.9291881322860718
init-init,proj-slimpajama-r50-s0,proj-selfdoc-r50-s0,L10.o,10,o,2048,1490,0.7275390625,0.9241182804107666
final-final,proj-slimpajama-r50-s0,proj-selfdoc-r50-s0,L10.o,10,o,2048,1490,0.7275390625,0.9189891815185547
init-init,proj-slimpajama-r50-s0,proj-selfdoc-r50-s0,L10.fc1,10,fc1,2048,1154,0.5634765625,0.8836283683776855
final-final,proj-slimpajama-r50-s0,proj-selfdoc-r50-s0,L10.fc1,10,fc1,2048,1154,0.5634765625,0.8772940635681152
init-init,proj-slimpajama-r50-s0,proj-selfdoc-r50-s0,L10.fc2,10,fc2,2048,1154,0.5634765625,0.8891732692718506
final-final,proj-slimpajama-r50-s0,proj-selfdoc-r50-s0,L10.fc2,10,fc2,2048,1154,0.5634765625,0.8824461698532104
init-init,proj-slimpajama-r50-s0,proj-selfdoc-r50-s0,L11.qkv,11,qkv,2048,1490,0.7275390625,0.9322975277900696
final-final,proj-slimpajama-r50-s0,proj-selfdoc-r50-s0,L11.qkv,11,qkv,2048,1490,0.7275390625,0.9270452260971069
init-init,proj-slimpajama-r50-s0,proj-selfdoc-r50-s0,L11.o,11,o,2048,1490,0.7275390625,0.9261043071746826
final-final,proj-slimpajama-r50-s0,proj-selfdoc-r50-s0,L11.o,11,o,2048,1490,0.7275390625,0.9212862849235535
init-init,proj-slimpajama-r50-s0,proj-selfdoc-r50-s0,L11.fc1,11,fc1,2048,1154,0.5634765625,0.8824169039726257
final-final,proj-slimpajama-r50-s0,proj-selfdoc-r50-s0,L11.fc1,11,fc1,2048,1154,0.5634765625,0.8760629296302795
init-init,proj-slimpajama-r50-s0,proj-selfdoc-r50-s0,L11.fc2,11,fc2,2048,1154,0.5634765625,0.8955998420715332
final-final,proj-slimpajama-r50-s0,proj-selfdoc-r50-s0,L11.fc2,11,fc2,2048,1154,0.5634765625,0.8884042501449585
init-init,proj-slimpajama-r50-s0,proj-selfdoc-r50-s0,L12.qkv,12,qkv,2048,1490,0.7275390625,0.9331261515617371
final-final,proj-slimpajama-r50-s0,proj-selfdoc-r50-s0,L12.qkv,12,qkv,2048,1490,0.7275390625,0.9280558228492737
init-init,proj-slimpajama-r50-s0,proj-selfdoc-r50-s0,L12.o,12,o,2048,1490,0.7275390625,0.9363346099853516
final-final,proj-slimpajama-r50-s0,proj-selfdoc-r50-s0,L12.o,12,o,2048,1490,0.7275390625,0.9313563704490662
init-init,proj-slimpajama-r50-s0,proj-selfdoc-r50-s0,L12.fc1,12,fc1,2048,1154,0.5634765625,0.8830532431602478
final-final,proj-slimpajama-r50-s0,proj-selfdoc-r50-s0,L12.fc1,12,fc1,2048,1154,0.5634765625,0.8767909407615662
init-init,proj-slimpajama-r50-s0,proj-selfdoc-r50-s0,L12.fc2,12,fc2,2048,1154,0.5634765625,0.9010509252548218
final-final,proj-slimpajama-r50-s0,proj-selfdoc-r50-s0,L12.fc2,12,fc2,2048,1154,0.5634765625,0.8937429785728455
init-init,proj-slimpajama-r50-s0,proj-selfdoc-r50-s0,L13.qkv,13,qkv,2048,1490,0.7275390625,0.936346173286438
final-final,proj-slimpajama-r50-s0,proj-selfdoc-r50-s0,L13.qkv,13,qkv,2048,1490,0.7275390625,0.9311608076095581
init-init,proj-slimpajama-r50-s0,proj-selfdoc-r50-s0,L13.o,13,o,2048,1490,0.7275390625,0.9338825941085815
final-final,proj-slimpajama-r50-s0,proj-selfdoc-r50-s0,L13.o,13,o,2048,1490,0.7275390625,0.9286308288574219
init-init,proj-slimpajama-r50-s0,proj-selfdoc-r50-s0,L13.fc1,13,fc1,2048,1154,0.5634765625,0.8833920955657959
final-final,proj-slimpajama-r50-s0,proj-selfdoc-r50-s0,L13.fc1,13,fc1,2048,1154,0.5634765625,0.8771684169769287
init-init,proj-slimpajama-r50-s0,proj-selfdoc-r50-s0,L13.fc2,13,fc2,2048,1154,0.5634765625,0.9091627597808838
final-final,proj-slimpajama-r50-s0,proj-selfdoc-r50-s0,L13.fc2,13,fc2,2048,1154,0.5634765625,0.9014039039611816
init-init,proj-slimpajama-r50-s0,proj-selfdoc-r50-s0,L14.qkv,14,qkv,2048,1490,0.7275390625,0.9344920516014099
final-final,proj-slimpajama-r50-s0,proj-selfdoc-r50-s0,L14.qkv,14,qkv,2048,1490,0.7275390625,0.9298415780067444
init-init,proj-slimpajama-r50-s0,proj-selfdoc-r50-s0,L14.o,14,o,2048,1490,0.7275390625,0.9227269291877747
final-final,proj-slimpajama-r50-s0,proj-selfdoc-r50-s0,L14.o,14,o,2048,1490,0.7275390625,0.917920708656311
init-init,proj-slimpajama-r50-s0,proj-selfdoc-r50-s0,L14.fc1,14,fc1,2048,1154,0.5634765625,0.8831183910369873
final-final,proj-slimpajama-r50-s0,proj-selfdoc-r50-s0,L14.fc1,14,fc1,2048,1154,0.5634765625,0.8769913911819458
init-init,proj-slimpajama-r50-s0,proj-selfdoc-r50-s0,L14.fc2,14,fc2,2048,1154,0.5634765625,0.9027239084243774
final-final,proj-slimpajama-r50-s0,proj-selfdoc-r50-s0,L14.fc2,14,fc2,2048,1154,0.5634765625,0.895121157169342
init-init,proj-slimpajama-r50-s0,proj-selfdoc-r50-s0,L15.qkv,15,qkv,2048,1490,0.7275390625,0.935766339302063
final-final,proj-slimpajama-r50-s0,proj-selfdoc-r50-s0,L15.qkv,15,qkv,2048,1490,0.7275390625,0.9312883615493774
init-init,proj-slimpajama-r50-s0,proj-selfdoc-r50-s0,L15.o,15,o,2048,1490,0.7275390625,0.9009562730789185
final-final,proj-slimpajama-r50-s0,proj-selfdoc-r50-s0,L15.o,15,o,2048,1490,0.7275390625,0.8970990180969238
init-init,proj-slimpajama-r50-s0,proj-selfdoc-r50-s0,L15.fc1,15,fc1,2048,1154,0.5634765625,0.8785341382026672
final-final,proj-slimpajama-r50-s0,proj-selfdoc-r50-s0,L15.fc1,15,fc1,2048,1154,0.5634765625,0.8722988963127136
init-init,proj-slimpajama-r50-s0,proj-selfdoc-r50-s0,L15.fc2,15,fc2,2048,1154,0.5634765625,0.9044390320777893
final-final,proj-slimpajama-r50-s0,proj-selfdoc-r50-s0,L15.fc2,15,fc2,2048,1154,0.5634765625,0.8967310786247253
init-init,proj-slimpajama-r50-s0,proj-selfdoc-r50-s0,L16.qkv,16,qkv,2048,1490,0.7275390625,0.9286660552024841
final-final,proj-slimpajama-r50-s0,proj-selfdoc-r50-s0,L16.qkv,16,qkv,2048,1490,0.7275390625,0.9244738221168518
init-init,proj-slimpajama-r50-s0,proj-selfdoc-r50-s0,L16.o,16,o,2048,1490,0.7275390625,0.9129982590675354
final-final,proj-slimpajama-r50-s0,proj-selfdoc-r50-s0,L16.o,16,o,2048,1490,0.7275390625,0.9091708064079285
init-init,proj-slimpajama-r50-s0,proj-selfdoc-r50-s0,L16.fc1,16,fc1,2048,1154,0.5634765625,0.8804298043251038
final-final,proj-slimpajama-r50-s0,proj-selfdoc-r50-s0,L16.fc1,16,fc1,2048,1154,0.5634765625,0.8741047978401184
init-init,proj-slimpajama-r50-s0,proj-selfdoc-r50-s0,L16.fc2,16,fc2,2048,1154,0.5634765625,0.903652548789978
final-final,proj-slimpajama-r50-s0,proj-selfdoc-r50-s0,L16.fc2,16,fc2,2048,1154,0.5634765625,0.8959119915962219
init-init,proj-slimpajama-r50-s0,proj-selfdoc-r50-s0,L17.qkv,17,qkv,2048,1490,0.7275390625,0.9261673092842102
final-final,proj-slimpajama-r50-s0,proj-selfdoc-r50-s0,L17.qkv,17,qkv,2048,1490,0.7275390625,0.9217578768730164
init-init,proj-slimpajama-r50-s0,proj-selfdoc-r50-s0,L17.o,17,o,2048,1490,0.7275390625,0.9134564399719238
final-final,proj-slimpajama-r50-s0,proj-selfdoc-r50-s0,L17.o,17,o,2048,1490,0.7275390625,0.9096798300743103
init-init,proj-slimpajama-r50-s0,proj-selfdoc-r50-s0,L17.fc1,17,fc1,2048,1154,0.5634765625,0.8811460733413696
final-final,proj-slimpajama-r50-s0,proj-selfdoc-r50-s0,L17.fc1,17,fc1,2048,1154,0.5634765625,0.8747162818908691
init-init,proj-slimpajama-r50-s0,proj-selfdoc-r50-s0,L17.fc2,17,fc2,2048,1154,0.5634765625,0.902869462966919
final-final,proj-slimpajama-r50-s0,proj-selfdoc-r50-s0,L17.fc2,17,fc2,2048,1154,0.5634765625,0.895089328289032
init-init,proj-slimpajama-r50-s0,proj-selfdoc-r50-s0,L18.qkv,18,qkv,2048,1490,0.7275390625,0.9257490634918213
final-final,proj-slimpajama-r50-s0,proj-selfdoc-r50-s0,L18.qkv,18,qkv,2048,1490,0.7275390625,0.9220767617225647
init-init,proj-slimpajama-r50-s0,proj-selfdoc-r50-s0,L18.o,18,o,2048,1490,0.7275390625,0.91642826795578
final-final,proj-slimpajama-r50-s0,proj-selfdoc-r50-s0,L18.o,18,o,2048,1490,0.7275390625,0.9126686453819275
init-init,proj-slimpajama-r50-s0,proj-selfdoc-r50-s0,L18.fc1,18,fc1,2048,1154,0.5634765625,0.8821539878845215
final-final,proj-slimpajama-r50-s0,proj-selfdoc-r50-s0,L18.fc1,18,fc1,2048,1154,0.5634765625,0.8752884268760681
init-init,proj-slimpajama-r50-s0,proj-selfdoc-r50-s0,L18.fc2,18,fc2,2048,1154,0.5634765625,0.9005205035209656
final-final,proj-slimpajama-r50-s0,proj-selfdoc-r50-s0,L18.fc2,18,fc2,2048,1154,0.5634765625,0.892413854598999
init-init,proj-slimpajama-r50-s0,proj-selfdoc-r50-s0,L19.qkv,19,qkv,2048,1490,0.7275390625,0.9238429069519043
final-final,proj-slimpajama-r50-s0,proj-selfdoc-r50-s0,L19.qkv,19,qkv,2048,1490,0.7275390625,0.9203234314918518
init-init,proj-slimpajama-r50-s0,proj-selfdoc-r50-s0,L19.o,19,o,2048,1490,0.7275390625,0.9140258431434631
final-final,proj-slimpajama-r50-s0,proj-selfdoc-r50-s0,L19.o,19,o,2048,1490,0.7275390625,0.9103761911392212
init-init,proj-slimpajama-r50-s0,proj-selfdoc-r50-s0,L19.fc1,19,fc1,2048,1154,0.5634765625,0.880548357963562
final-final,proj-slimpajama-r50-s0,proj-selfdoc-r50-s0,L19.fc1,19,fc1,2048,1154,0.5634765625,0.8738161325454712
init-init,proj-slimpajama-r50-s0,proj-selfdoc-r50-s0,L19.fc2,19,fc2,2048,1154,0.5634765625,0.8962233066558838
final-final,proj-slimpajama-r50-s0,proj-selfdoc-r50-s0,L19.fc2,19,fc2,2048,1154,0.5634765625,0.8881192803382874
init-init,proj-slimpajama-r50-s0,proj-selfdoc-r50-s0,L20.qkv,20,qkv,2048,1490,0.7275390625,0.922381579875946
final-final,proj-slimpajama-r50-s0,proj-selfdoc-r50-s0,L20.qkv,20,qkv,2048,1490,0.7275390625,0.9191139340400696
init-init,proj-slimpajama-r50-s0,proj-selfdoc-r50-s0,L20.o,20,o,2048,1490,0.7275390625,0.9152606129646301
final-final,proj-slimpajama-r50-s0,proj-selfdoc-r50-s0,L20.o,20,o,2048,1490,0.7275390625,0.9106965661048889
init-init,proj-slimpajama-r50-s0,proj-selfdoc-r50-s0,L20.fc1,20,fc1,2048,1154,0.5634765625,0.8797838091850281
final-final,proj-slimpajama-r50-s0,proj-selfdoc-r50-s0,L20.fc1,20,fc1,2048,1154,0.5634765625,0.8728857040405273
init-init,proj-slimpajama-r50-s0,proj-selfdoc-r50-s0,L20.fc2,20,fc2,2048,1154,0.5634765625,0.8909315466880798
final-final,proj-slimpajama-r50-s0,proj-selfdoc-r50-s0,L20.fc2,20,fc2,2048,1154,0.5634765625,0.8823904395103455
init-init,proj-slimpajama-r50-s0,proj-selfdoc-r50-s0,L21.qkv,21,qkv,2048,1490,0.7275390625,0.9140104055404663
final-final,proj-slimpajama-r50-s0,proj-selfdoc-r50-s0,L21.qkv,21,qkv,2048,1490,0.7275390625,0.9108461141586304
init-init,proj-slimpajama-r50-s0,proj-selfdoc-r50-s0,L21.o,21,o,2048,1490,0.7275390625,0.8958470821380615
final-final,proj-slimpajama-r50-s0,proj-selfdoc-r50-s0,L21.o,21,o,2048,1490,0.7275390625,0.8923266530036926
init-init,proj-slimpajama-r50-s0,proj-selfdoc-r50-s0,L21.fc1,21,fc1,2048,1154,0.5634765625,0.8755561709403992
final-final,proj-slimpajama-r50-s0,proj-selfdoc-r50-s0,L21.fc1,21,fc1,2048,1154,0.5634765625,0.8692070841789246
init-init,proj-slimpajama-r50-s0,proj-selfdoc-r50-s0,L21.fc2,21,fc2,2048,1154,0.5634765625,0.8903424739837646
final-final,proj-slimpajama-r50-s0,proj-selfdoc-r50-s0,L21.fc2,21,fc2,2048,1154,0.5634765625,0.8819990754127502
init-init,proj-slimpajama-r50-s0,proj-selfdoc-r50-s0,L22.qkv,22,qkv,2048,1490,0.7275390625,0.9124207496643066
final-final,proj-slimpajama-r50-s0,proj-selfdoc-r50-s0,L22.qkv,22,qkv,2048,1490,0.7275390625,0.9093340039253235
init-init,proj-slimpajama-r50-s0,proj-selfdoc-r50-s0,L22.o,22,o,2048,1490,0.7275390625,0.8935756087303162
final-final,proj-slimpajama-r50-s0,proj-selfdoc-r50-s0,L22.o,22,o,2048,1490,0.7275390625,0.8904901742935181
init-init,proj-slimpajama-r50-s0,proj-selfdoc-r50-s0,L22.fc1,22,fc1,2048,1154,0.5634765625,0.8712179064750671
final-final,proj-slimpajama-r50-s0,proj-selfdoc-r50-s0,L22.fc1,22,fc1,2048,1154,0.5634765625,0.8661333322525024
init-init,proj-slimpajama-r50-s0,proj-selfdoc-r50-s0,L22.fc2,22,fc2,2048,1154,0.5634765625,0.8982014060020447
final-final,proj-slimpajama-r50-s0,proj-selfdoc-r50-s0,L22.fc2,22,fc2,2048,1154,0.5634765625,0.8909256458282471
init-init,proj-slimpajama-r50-s0,proj-selfdoc-r50-s0,L23.qkv,23,qkv,2048,1490,0.7275390625,0.9144209027290344
final-final,proj-slimpajama-r50-s0,proj-selfdoc-r50-s0,L23.qkv,23,qkv,2048,1490,0.7275390625,0.9135715365409851
init-init,proj-slimpajama-r50-s0,proj-selfdoc-r50-s0,L23.o,23,o,2048,1490,0.7275390625,0.8946713209152222
final-final,proj-slimpajama-r50-s0,proj-selfdoc-r50-s0,L23.o,23,o,2048,1490,0.7275390625,0.8913439512252808
init-init,proj-slimpajama-r50-s0,proj-selfdoc-r50-s0,L23.fc1,23,fc1,2048,1154,0.5634765625,0.8645152449607849
final-final,proj-slimpajama-r50-s0,proj-selfdoc-r50-s0,L23.fc1,23,fc1,2048,1154,0.5634765625,0.861301600933075
init-init,proj-slimpajama-r50-s0,proj-selfdoc-r50-s0,L23.fc2,23,fc2,2048,1154,0.5634765625,0.9058935046195984
final-final,proj-slimpajama-r50-s0,proj-selfdoc-r50-s0,L23.fc2,23,fc2,2048,1154,0.5634765625,0.8964490294456482
init-init,proj-alpaca-r50-s0,proj-selfgen-r50-s0,L0.qkv,0,qkv,2048,1490,0.7275390625,0.9112715721130371
final-final,proj-alpaca-r50-s0,proj-selfgen-r50-s0,L0.qkv,0,qkv,2048,1490,0.7275390625,0.9068136811256409
init-init,proj-alpaca-r50-s0,proj-selfgen-r50-s0,L0.o,0,o,2048,1490,0.7275390625,0.9646963477134705
final-final,proj-alpaca-r50-s0,proj-selfgen-r50-s0,L0.o,0,o,2048,1490,0.7275390625,0.9606823921203613
init-init,proj-alpaca-r50-s0,proj-selfgen-r50-s0,L0.fc1,0,fc1,2048,1154,0.5634765625,0.8658697009086609
final-final,proj-alpaca-r50-s0,proj-selfgen-r50-s0,L0.fc1,0,fc1,2048,1154,0.5634765625,0.8619436621665955
init-init,proj-alpaca-r50-s0,proj-selfgen-r50-s0,L0.fc2,0,fc2,2048,1154,0.5634765625,0.8934780955314636
final-final,proj-alpaca-r50-s0,proj-selfgen-r50-s0,L0.fc2,0,fc2,2048,1154,0.5634765625,0.8877965211868286
init-init,proj-alpaca-r50-s0,proj-selfgen-r50-s0,L1.qkv,1,qkv,2048,1490,0.7275390625,0.9434526562690735
final-final,proj-alpaca-r50-s0,proj-selfgen-r50-s0,L1.qkv,1,qkv,2048,1490,0.7275390625,0.9386517405509949
init-init,proj-alpaca-r50-s0,proj-selfgen-r50-s0,L1.o,1,o,2048,1490,0.7275390625,0.945949375629425
final-final,proj-alpaca-r50-s0,proj-selfgen-r50-s0,L1.o,1,o,2048,1490,0.7275390625,0.942196786403656
init-init,proj-alpaca-r50-s0,proj-selfgen-r50-s0,L1.fc1,1,fc1,2048,1154,0.5634765625,0.9193780422210693
final-final,proj-alpaca-r50-s0,proj-selfgen-r50-s0,L1.fc1,1,fc1,2048,1154,0.5634765625,0.9154571890830994
init-init,proj-alpaca-r50-s0,proj-selfgen-r50-s0,L1.fc2,1,fc2,2048,1154,0.5634765625,0.8634756803512573
final-final,proj-alpaca-r50-s0,proj-selfgen-r50-s0,L1.fc2,1,fc2,2048,1154,0.5634765625,0.8585683703422546
init-init,proj-alpaca-r50-s0,proj-selfgen-r50-s0,L2.qkv,2,qkv,2048,1490,0.7275390625,0.9410127997398376
final-final,proj-alpaca-r50-s0,proj-selfgen-r50-s0,L2.qkv,2,qkv,2048,1490,0.7275390625,0.9359036087989807
init-init,proj-alpaca-r50-s0,proj-selfgen-r50-s0,L2.o,2,o,2048,1490,0.7275390625,0.9542996883392334
final-final,proj-alpaca-r50-s0,proj-selfgen-r50-s0,L2.o,2,o,2048,1490,0.7275390625,0.9508966207504272
init-init,proj-alpaca-r50-s0,proj-selfgen-r50-s0,L2.fc1,2,fc1,2048,1154,0.5634765625,0.9072365164756775
final-final,proj-alpaca-r50-s0,proj-selfgen-r50-s0,L2.fc1,2,fc1,2048,1154,0.5634765625,0.9032094478607178
init-init,proj-alpaca-r50-s0,proj-selfgen-r50-s0,L2.fc2,2,fc2,2048,1154,0.5634765625,0.8576329946517944
final-final,proj-alpaca-r50-s0,proj-selfgen-r50-s0,L2.fc2,2,fc2,2048,1154,0.5634765625,0.8527975082397461
init-init,proj-alpaca-r50-s0,proj-selfgen-r50-s0,L3.qkv,3,qkv,2048,1490,0.7275390625,0.9356029629707336
final-final,proj-alpaca-r50-s0,proj-selfgen-r50-s0,L3.qkv,3,qkv,2048,1490,0.7275390625,0.929976224899292
init-init,proj-alpaca-r50-s0,proj-selfgen-r50-s0,L3.o,3,o,2048,1490,0.7275390625,0.9215428829193115
final-final,proj-alpaca-r50-s0,proj-selfgen-r50-s0,L3.o,3,o,2048,1490,0.7275390625,0.9179154634475708
init-init,proj-alpaca-r50-s0,proj-selfgen-r50-s0,L3.fc1,3,fc1,2048,1154,0.5634765625,0.896869957447052
final-final,proj-alpaca-r50-s0,proj-selfgen-r50-s0,L3.fc1,3,fc1,2048,1154,0.5634765625,0.8918964862823486
init-init,proj-alpaca-r50-s0,proj-selfgen-r50-s0,L3.fc2,3,fc2,2048,1154,0.5634765625,0.8481771349906921
final-final,proj-alpaca-r50-s0,proj-selfgen-r50-s0,L3.fc2,3,fc2,2048,1154,0.5634765625,0.8433990478515625
init-init,proj-alpaca-r50-s0,proj-selfgen-r50-s0,L4.qkv,4,qkv,2048,1490,0.7275390625,0.9312633275985718
final-final,proj-alpaca-r50-s0,proj-selfgen-r50-s0,L4.qkv,4,qkv,2048,1490,0.7275390625,0.9259751439094543
init-init,proj-alpaca-r50-s0,proj-selfgen-r50-s0,L4.o,4,o,2048,1490,0.7275390625,0.9389286041259766
final-final,proj-alpaca-r50-s0,proj-selfgen-r50-s0,L4.o,4,o,2048,1490,0.7275390625,0.9353315830230713
init-init,proj-alpaca-r50-s0,proj-selfgen-r50-s0,L4.fc1,4,fc1,2048,1154,0.5634765625,0.8895853757858276
final-final,proj-alpaca-r50-s0,proj-selfgen-r50-s0,L4.fc1,4,fc1,2048,1154,0.5634765625,0.8842933177947998
init-init,proj-alpaca-r50-s0,proj-selfgen-r50-s0,L4.fc2,4,fc2,2048,1154,0.5634765625,0.8204341530799866
final-final,proj-alpaca-r50-s0,proj-selfgen-r50-s0,L4.fc2,4,fc2,2048,1154,0.5634765625,0.8161332607269287
init-init,proj-alpaca-r50-s0,proj-selfgen-r50-s0,L5.qkv,5,qkv,2048,1490,0.7275390625,0.923653244972229
final-final,proj-alpaca-r50-s0,proj-selfgen-r50-s0,L5.qkv,5,qkv,2048,1490,0.7275390625,0.9187343716621399
init-init,proj-alpaca-r50-s0,proj-selfgen-r50-s0,L5.o,5,o,2048,1490,0.7275390625,0.9373216032981873
final-final,proj-alpaca-r50-s0,proj-selfgen-r50-s0,L5.o,5,o,2048,1490,0.7275390625,0.9337062835693359
init-init,proj-alpaca-r50-s0,proj-selfgen-r50-s0,L5.fc1,5,fc1,2048,1154,0.5634765625,0.8802818059921265
final-final,proj-alpaca-r50-s0,proj-selfgen-r50-s0,L5.fc1,5,fc1,2048,1154,0.5634765625,0.874607264995575
init-init,proj-alpaca-r50-s0,proj-selfgen-r50-s0,L5.fc2,5,fc2,2048,1154,0.5634765625,0.8012219071388245
final-final,proj-alpaca-r50-s0,proj-selfgen-r50-s0,L5.fc2,5,fc2,2048,1154,0.5634765625,0.7971117496490479
init-init,proj-alpaca-r50-s0,proj-selfgen-r50-s0,L6.qkv,6,qkv,2048,1490,0.7275390625,0.9192299842834473
final-final,proj-alpaca-r50-s0,proj-selfgen-r50-s0,L6.qkv,6,qkv,2048,1490,0.7275390625,0.9140409827232361
init-init,proj-alpaca-r50-s0,proj-selfgen-r50-s0,L6.o,6,o,2048,1490,0.7275390625,0.9192755222320557
final-final,proj-alpaca-r50-s0,proj-selfgen-r50-s0,L6.o,6,o,2048,1490,0.7275390625,0.914973258972168
init-init,proj-alpaca-r50-s0,proj-selfgen-r50-s0,L6.fc1,6,fc1,2048,1154,0.5634765625,0.8696300983428955
final-final,proj-alpaca-r50-s0,proj-selfgen-r50-s0,L6.fc1,6,fc1,2048,1154,0.5634765625,0.8638201355934143
init-init,proj-alpaca-r50-s0,proj-selfgen-r50-s0,L6.fc2,6,fc2,2048,1154,0.5634765625,0.7987865209579468
final-final,proj-alpaca-r50-s0,proj-selfgen-r50-s0,L6.fc2,6,fc2,2048,1154,0.5634765625,0.7946935296058655
init-init,proj-alpaca-r50-s0,proj-selfgen-r50-s0,L7.qkv,7,qkv,2048,1490,0.7275390625,0.9127870798110962
final-final,proj-alpaca-r50-s0,proj-selfgen-r50-s0,L7.qkv,7,qkv,2048,1490,0.7275390625,0.9076031446456909
init-init,proj-alpaca-r50-s0,proj-selfgen-r50-s0,L7.o,7,o,2048,1490,0.7275390625,0.9076511263847351
final-final,proj-alpaca-r50-s0,proj-selfgen-r50-s0,L7.o,7,o,2048,1490,0.7275390625,0.9034923911094666
init-init,proj-alpaca-r50-s0,proj-selfgen-r50-s0,L7.fc1,7,fc1,2048,1154,0.5634765625,0.8584569096565247
final-final,proj-alpaca-r50-s0,proj-selfgen-r50-s0,L7.fc1,7,fc1,2048,1154,0.5634765625,0.8528175354003906
init-init,proj-alpaca-r50-s0,proj-selfgen-r50-s0,L7.fc2,7,fc2,2048,1154,0.5634765625,0.7984525561332703
final-final,proj-alpaca-r50-s0,proj-selfgen-r50-s0,L7.fc2,7,fc2,2048,1154,0.5634765625,0.7944139838218689
init-init,proj-alpaca-r50-s0,proj-selfgen-r50-s0,L8.qkv,8,qkv,2048,1490,0.7275390625,0.9065819978713989
final-final,proj-alpaca-r50-s0,proj-selfgen-r50-s0,L8.qkv,8,qkv,2048,1490,0.7275390625,0.9017439484596252
init-init,proj-alpaca-r50-s0,proj-selfgen-r50-s0,L8.o,8,o,2048,1490,0.7275390625,0.9005659818649292
final-final,proj-alpaca-r50-s0,proj-selfgen-r50-s0,L8.o,8,o,2048,1490,0.7275390625,0.8964790105819702
init-init,proj-alpaca-r50-s0,proj-selfgen-r50-s0,L8.fc1,8,fc1,2048,1154,0.5634765625,0.8447505235671997
final-final,proj-alpaca-r50-s0,proj-selfgen-r50-s0,L8.fc1,8,fc1,2048,1154,0.5634765625,0.8391551971435547
init-init,proj-alpaca-r50-s0,proj-selfgen-r50-s0,L8.fc2,8,fc2,2048,1154,0.5634765625,0.8108000755310059
final-final,proj-alpaca-r50-s0,proj-selfgen-r50-s0,L8.fc2,8,fc2,2048,1154,0.5634765625,0.8059853315353394
init-init,proj-alpaca-r50-s0,proj-selfgen-r50-s0,L9.qkv,9,qkv,2048,1490,0.7275390625,0.900219202041626
final-final,proj-alpaca-r50-s0,proj-selfgen-r50-s0,L9.qkv,9,qkv,2048,1490,0.7275390625,0.895652174949646
init-init,proj-alpaca-r50-s0,proj-selfgen-r50-s0,L9.o,9,o,2048,1490,0.7275390625,0.9044987559318542
final-final,proj-alpaca-r50-s0,proj-selfgen-r50-s0,L9.o,9,o,2048,1490,0.7275390625,0.9002798199653625
init-init,proj-alpaca-r50-s0,proj-selfgen-r50-s0,L9.fc1,9,fc1,2048,1154,0.5634765625,0.8350275754928589
final-final,proj-alpaca-r50-s0,proj-selfgen-r50-s0,L9.fc1,9,fc1,2048,1154,0.5634765625,0.8293182253837585
init-init,proj-alpaca-r50-s0,proj-selfgen-r50-s0,L9.fc2,9,fc2,2048,1154,0.5634765625,0.8254364132881165
final-final,proj-alpaca-r50-s0,proj-selfgen-r50-s0,L9.fc2,9,fc2,2048,1154,0.5634765625,0.8199852108955383
init-init,proj-alpaca-r50-s0,proj-selfgen-r50-s0,L10.qkv,10,qkv,2048,1490,0.7275390625,0.8993229269981384
final-final,proj-alpaca-r50-s0,proj-selfgen-r50-s0,L10.qkv,10,qkv,2048,1490,0.7275390625,0.8948882222175598
init-init,proj-alpaca-r50-s0,proj-selfgen-r50-s0,L10.o,10,o,2048,1490,0.7275390625,0.8959208130836487
final-final,proj-alpaca-r50-s0,proj-selfgen-r50-s0,L10.o,10,o,2048,1490,0.7275390625,0.8916861414909363
init-init,proj-alpaca-r50-s0,proj-selfgen-r50-s0,L10.fc1,10,fc1,2048,1154,0.5634765625,0.8280251026153564
final-final,proj-alpaca-r50-s0,proj-selfgen-r50-s0,L10.fc1,10,fc1,2048,1154,0.5634765625,0.8227173089981079
init-init,proj-alpaca-r50-s0,proj-selfgen-r50-s0,L10.fc2,10,fc2,2048,1154,0.5634765625,0.8295102119445801
final-final,proj-alpaca-r50-s0,proj-selfgen-r50-s0,L10.fc2,10,fc2,2048,1154,0.5634765625,0.8240722417831421
init-init,proj-alpaca-r50-s0,proj-selfgen-r50-s0,L11.qkv,11,qkv,2048,1490,0.7275390625,0.8943524360656738
final-final,proj-alpaca-r50-s0,proj-selfgen-r50-s0,L11.qkv,11,qkv,2048,1490,0.7275390625,0.8899819254875183
init-init,proj-alpaca-r50-s0,proj-selfgen-r50-s0,L11.o,11,o,2048,1490,0.7275390625,0.8935323357582092
final-final,proj-alpaca-r50-s0,proj-selfgen-r50-s0,L11.o,11,o,2048,1490,0.7275390625,0.889777421951294
init-init,proj-alpaca-r50-s0,proj-selfgen-r50-s0,L11.fc1,11,fc1,2048,1154,0.5634765625,0.822544276714325
final-final,proj-alpaca-r50-s0,proj-selfgen-r50-s0,L11.fc1,11,fc1,2048,1154,0.5634765625,0.8173587918281555
init-init,proj-alpaca-r50-s0,proj-selfgen-r50-s0,L11.fc2,11,fc2,2048,1154,0.5634765625,0.8394065499305725
final-final,proj-alpaca-r50-s0,proj-selfgen-r50-s0,L11.fc2,11,fc2,2048,1154,0.5634765625,0.8334869146347046
init-init,proj-alpaca-r50-s0,proj-selfgen-r50-s0,L12.qkv,12,qkv,2048,1490,0.7275390625,0.8929815888404846
final-final,proj-alpaca-r50-s0,proj-selfgen-r50-s0,L12.qkv,12,qkv,2048,1490,0.7275390625,0.8890672922134399
init-init,proj-alpaca-r50-s0,proj-selfgen-r50-s0,L12.o,12,o,2048,1490,0.7275390625,0.8980838060379028
final-final,proj-alpaca-r50-s0,proj-selfgen-r50-s0,L12.o,12,o,2048,1490,0.7275390625,0.8942219018936157
init-init,proj-alpaca-r50-s0,proj-selfgen-r50-s0,L12.fc1,12,fc1,2048,1154,0.5634765625,0.819801390171051
final-final,proj-alpaca-r50-s0,proj-selfgen-r50-s0,L12.fc1,12,fc1,2048,1154,0.5634765625,0.8148407936096191
init-init,proj-alpaca-r50-s0,proj-selfgen-r50-s0,L12.fc2,12,fc2,2048,1154,0.5634765625,0.8443122506141663
final-final,proj-alpaca-r50-s0,proj-selfgen-r50-s0,L12.fc2,12,fc2,2048,1154,0.5634765625,0.8383148908615112
init-init,proj-alpaca-r50-s0,proj-selfgen-r50-s0,L13.qkv,13,qkv,2048,1490,0.7275390625,0.8950023055076599
final-final,proj-alpaca-r50-s0,proj-selfgen-r50-s0,L13.qkv,13,qkv,2048,1490,0.7275390625,0.8911615610122681
init-init,proj-alpaca-r50-s0,proj-selfgen-r50-s0,L13.o,13,o,2048,1490,0.7275390625,0.8934154510498047
final-final,proj-alpaca-r50-s0,proj-selfgen-r50-s0,L13.o,13,o,2048,1490,0.7275390625,0.8897243142127991
init-init,proj-alpaca-r50-s0,proj-selfgen-r50-s0,L13.fc1,13,fc1,2048,1154,0.5634765625,0.8165731430053711
final-final,proj-alpaca-r50-s0,proj-selfgen-r50-s0,L13.fc1,13,fc1,2048,1154,0.5634765625,0.8118838667869568
init-init,proj-alpaca-r50-s0,proj-selfgen-r50-s0,L13.fc2,13,fc2,2048,1154,0.5634765625,0.8446434736251831
final-final,proj-alpaca-r50-s0,proj-selfgen-r50-s0,L13.fc2,13,fc2,2048,1154,0.5634765625,0.8386556506156921
init-init,proj-alpaca-r50-s0,proj-selfgen-r50-s0,L14.qkv,14,qkv,2048,1490,0.7275390625,0.8898038864135742
final-final,proj-alpaca-r50-s0,proj-selfgen-r50-s0,L14.qkv,14,qkv,2048,1490,0.7275390625,0.8864583969116211
init-init,proj-alpaca-r50-s0,proj-selfgen-r50-s0,L14.o,14,o,2048,1490,0.7275390625,0.8842978477478027
final-final,proj-alpaca-r50-s0,proj-selfgen-r50-s0,L14.o,14,o,2048,1490,0.7275390625,0.8808896541595459
init-init,proj-alpaca-r50-s0,proj-selfgen-r50-s0,L14.fc1,14,fc1,2048,1154,0.5634765625,0.8130532503128052
final-final,proj-alpaca-r50-s0,proj-selfgen-r50-s0,L14.fc1,14,fc1,2048,1154,0.5634765625,0.8085303902626038
init-init,proj-alpaca-r50-s0,proj-selfgen-r50-s0,L14.fc2,14,fc2,2048,1154,0.5634765625,0.8398364186286926
final-final,proj-alpaca-r50-s0,proj-selfgen-r50-s0,L14.fc2,14,fc2,2048,1154,0.5634765625,0.8340367078781128
init-init,proj-alpaca-r50-s0,proj-selfgen-r50-s0,L15.qkv,15,qkv,2048,1490,0.7275390625,0.8911243081092834
final-final,proj-alpaca-r50-s0,proj-selfgen-r50-s0,L15.qkv,15,qkv,2048,1490,0.7275390625,0.8877722024917603
init-init,proj-alpaca-r50-s0,proj-selfgen-r50-s0,L15.o,15,o,2048,1490,0.7275390625,0.8787328600883484
final-final,proj-alpaca-r50-s0,proj-selfgen-r50-s0,L15.o,15,o,2048,1490,0.7275390625,0.8753837943077087
init-init,proj-alpaca-r50-s0,proj-selfgen-r50-s0,L15.fc1,15,fc1,2048,1154,0.5634765625,0.8086482286453247
final-final,proj-alpaca-r50-s0,proj-selfgen-r50-s0,L15.fc1,15,fc1,2048,1154,0.5634765625,0.8041393160820007
init-init,proj-alpaca-r50-s0,proj-selfgen-r50-s0,L15.fc2,15,fc2,2048,1154,0.5634765625,0.8405812978744507
final-final,proj-alpaca-r50-s0,proj-selfgen-r50-s0,L15.fc2,15,fc2,2048,1154,0.5634765625,0.8346673846244812
init-init,proj-alpaca-r50-s0,proj-selfgen-r50-s0,L16.qkv,16,qkv,2048,1490,0.7275390625,0.8823825716972351
final-final,proj-alpaca-r50-s0,proj-selfgen-r50-s0,L16.qkv,16,qkv,2048,1490,0.7275390625,0.8795885443687439
init-init,proj-alpaca-r50-s0,proj-selfgen-r50-s0,L16.o,16,o,2048,1490,0.7275390625,0.8890196084976196
final-final,proj-alpaca-r50-s0,proj-selfgen-r50-s0,L16.o,16,o,2048,1490,0.7275390625,0.8858849406242371
init-init,proj-alpaca-r50-s0,proj-selfgen-r50-s0,L16.fc1,16,fc1,2048,1154,0.5634765625,0.8104218244552612
final-final,proj-alpaca-r50-s0,proj-selfgen-r50-s0,L16.fc1,16,fc1,2048,1154,0.5634765625,0.8057233095169067
init-init,proj-alpaca-r50-s0,proj-selfgen-r50-s0,L16.fc2,16,fc2,2048,1154,0.5634765625,0.8386683464050293
final-final,proj-alpaca-r50-s0,proj-selfgen-r50-s0,L16.fc2,16,fc2,2048,1154,0.5634765625,0.8326742053031921
init-init,proj-alpaca-r50-s0,proj-selfgen-r50-s0,L17.qkv,17,qkv,2048,1490,0.7275390625,0.8783986568450928
final-final,proj-alpaca-r50-s0,proj-selfgen-r50-s0,L17.qkv,17,qkv,2048,1490,0.7275390625,0.8754962086677551
init-init,proj-alpaca-r50-s0,proj-selfgen-r50-s0,L17.o,17,o,2048,1490,0.7275390625,0.8810450434684753
final-final,proj-alpaca-r50-s0,proj-selfgen-r50-s0,L17.o,17,o,2048,1490,0.7275390625,0.8778217434883118
init-init,proj-alpaca-r50-s0,proj-selfgen-r50-s0,L17.fc1,17,fc1,2048,1154,0.5634765625,0.8107355237007141
final-final,proj-alpaca-r50-s0,proj-selfgen-r50-s0,L17.fc1,17,fc1,2048,1154,0.5634765625,0.8060008883476257
init-init,proj-alpaca-r50-s0,proj-selfgen-r50-s0,L17.fc2,17,fc2,2048,1154,0.5634765625,0.8359527587890625
final-final,proj-alpaca-r50-s0,proj-selfgen-r50-s0,L17.fc2,17,fc2,2048,1154,0.5634765625,0.8302285075187683
init-init,proj-alpaca-r50-s0,proj-selfgen-r50-s0,L18.qkv,18,qkv,2048,1490,0.7275390625,0.8794761896133423
final-final,proj-alpaca-r50-s0,proj-selfgen-r50-s0,L18.qkv,18,qkv,2048,1490,0.7275390625,0.8770413398742676
init-init,proj-alpaca-r50-s0,proj-selfgen-r50-s0,L18.o,18,o,2048,1490,0.7275390625,0.8874068856239319
final-final,proj-alpaca-r50-s0,proj-selfgen-r50-s0,L18.o,18,o,2048,1490,0.7275390625,0.8841904401779175
init-init,proj-alpaca-r50-s0,proj-selfgen-r50-s0,L18.fc1,18,fc1,2048,1154,0.5634765625,0.813400387763977
final-final,proj-alpaca-r50-s0,proj-selfgen-r50-s0,L18.fc1,18,fc1,2048,1154,0.5634765625,0.8082482814788818
init-init,proj-alpaca-r50-s0,proj-selfgen-r50-s0,L18.fc2,18,fc2,2048,1154,0.5634765625,0.8333572149276733
final-final,proj-alpaca-r50-s0,proj-selfgen-r50-s0,L18.fc2,18,fc2,2048,1154,0.5634765625,0.8273981809616089
init-init,proj-alpaca-r50-s0,proj-selfgen-r50-s0,L19.qkv,19,qkv,2048,1490,0.7275390625,0.8770464062690735
final-final,proj-alpaca-r50-s0,proj-selfgen-r50-s0,L19.qkv,19,qkv,2048,1490,0.7275390625,0.8746039271354675
init-init,proj-alpaca-r50-s0,proj-selfgen-r50-s0,L19.o,19,o,2048,1490,0.7275390625,0.8819463849067688
final-final,proj-alpaca-r50-s0,proj-selfgen-r50-s0,L19.o,19,o,2048,1490,0.7275390625,0.8790251016616821
init-init,proj-alpaca-r50-s0,proj-selfgen-r50-s0,L19.fc1,19,fc1,2048,1154,0.5634765625,0.8136287927627563
final-final,proj-alpaca-r50-s0,proj-selfgen-r50-s0,L19.fc1,19,fc1,2048,1154,0.5634765625,0.8085982203483582
init-init,proj-alpaca-r50-s0,proj-selfgen-r50-s0,L19.fc2,19,fc2,2048,1154,0.5634765625,0.8301974534988403
final-final,proj-alpaca-r50-s0,proj-selfgen-r50-s0,L19.fc2,19,fc2,2048,1154,0.5634765625,0.8239561319351196
init-init,proj-alpaca-r50-s0,proj-selfgen-r50-s0,L20.qkv,20,qkv,2048,1490,0.7275390625,0.8751768469810486
final-final,proj-alpaca-r50-s0,proj-selfgen-r50-s0,L20.qkv,20,qkv,2048,1490,0.7275390625,0.8728809952735901
init-init,proj-alpaca-r50-s0,proj-selfgen-r50-s0,L20.o,20,o,2048,1490,0.7275390625,0.8766210079193115
final-final,proj-alpaca-r50-s0,proj-selfgen-r50-s0,L20.o,20,o,2048,1490,0.7275390625,0.87383633852005
init-init,proj-alpaca-r50-s0,proj-selfgen-r50-s0,L20.fc1,20,fc1,2048,1154,0.5634765625,0.8139351606369019
final-final,proj-alpaca-r50-s0,proj-selfgen-r50-s0,L20.fc1,20,fc1,2048,1154,0.5634765625,0.8091113567352295
init-init,proj-alpaca-r50-s0,proj-selfgen-r50-s0,L20.fc2,20,fc2,2048,1154,0.5634765625,0.8286468982696533
final-final,proj-alpaca-r50-s0,proj-selfgen-r50-s0,L20.fc2,20,fc2,2048,1154,0.5634765625,0.8223442435264587
init-init,proj-alpaca-r50-s0,proj-selfgen-r50-s0,L21.qkv,21,qkv,2048,1490,0.7275390625,0.8698588013648987
final-final,proj-alpaca-r50-s0,proj-selfgen-r50-s0,L21.qkv,21,qkv,2048,1490,0.7275390625,0.8675151467323303
init-init,proj-alpaca-r50-s0,proj-selfgen-r50-s0,L21.o,21,o,2048,1490,0.7275390625,0.8554472327232361
final-final,proj-alpaca-r50-s0,proj-selfgen-r50-s0,L21.o,21,o,2048,1490,0.7275390625,0.8530206680297852
init-init,proj-alpaca-r50-s0,proj-selfgen-r50-s0,L21.fc1,21,fc1,2048,1154,0.5634765625,0.8088722825050354
final-final,proj-alpaca-r50-s0,proj-selfgen-r50-s0,L21.fc1,21,fc1,2048,1154,0.5634765625,0.8044885396957397
init-init,proj-alpaca-r50-s0,proj-selfgen-r50-s0,L21.fc2,21,fc2,2048,1154,0.5634765625,0.8303810954093933
final-final,proj-alpaca-r50-s0,proj-selfgen-r50-s0,L21.fc2,21,fc2,2048,1154,0.5634765625,0.8243364691734314
init-init,proj-alpaca-r50-s0,proj-selfgen-r50-s0,L22.qkv,22,qkv,2048,1490,0.7275390625,0.8649245500564575
final-final,proj-alpaca-r50-s0,proj-selfgen-r50-s0,L22.qkv,22,qkv,2048,1490,0.7275390625,0.8627284169197083
init-init,proj-alpaca-r50-s0,proj-selfgen-r50-s0,L22.o,22,o,2048,1490,0.7275390625,0.860089898109436
final-final,proj-alpaca-r50-s0,proj-selfgen-r50-s0,L22.o,22,o,2048,1490,0.7275390625,0.8577895760536194
init-init,proj-alpaca-r50-s0,proj-selfgen-r50-s0,L22.fc1,22,fc1,2048,1154,0.5634765625,0.8038067817687988
final-final,proj-alpaca-r50-s0,proj-selfgen-r50-s0,L22.fc1,22,fc1,2048,1154,0.5634765625,0.8004418015480042
init-init,proj-alpaca-r50-s0,proj-selfgen-r50-s0,L22.fc2,22,fc2,2048,1154,0.5634765625,0.8412015438079834
final-final,proj-alpaca-r50-s0,proj-selfgen-r50-s0,L22.fc2,22,fc2,2048,1154,0.5634765625,0.8356497883796692
init-init,proj-alpaca-r50-s0,proj-selfgen-r50-s0,L23.qkv,23,qkv,2048,1490,0.7275390625,0.8677271008491516
final-final,proj-alpaca-r50-s0,proj-selfgen-r50-s0,L23.qkv,23,qkv,2048,1490,0.7275390625,0.8672917485237122
init-init,proj-alpaca-r50-s0,proj-selfgen-r50-s0,L23.o,23,o,2048,1490,0.7275390625,0.8702039122581482
final-final,proj-alpaca-r50-s0,proj-selfgen-r50-s0,L23.o,23,o,2048,1490,0.7275390625,0.8675245046615601
init-init,proj-alpaca-r50-s0,proj-selfgen-r50-s0,L23.fc1,23,fc1,2048,1154,0.5634765625,0.7961746454238892
final-final,proj-alpaca-r50-s0,proj-selfgen-r50-s0,L23.fc1,23,fc1,2048,1154,0.5634765625,0.7935845851898193
init-init,proj-alpaca-r50-s0,proj-selfgen-r50-s0,L23.fc2,23,fc2,2048,1154,0.5634765625,0.8463572263717651
final-final,proj-alpaca-r50-s0,proj-selfgen-r50-s0,L23.fc2,23,fc2,2048,1154,0.5634765625,0.8389988541603088
init-init,proj-alpaca-r50-s0,proj-selfdoc-r50-s0,L0.qkv,0,qkv,2048,1490,0.7275390625,0.9125480651855469
final-final,proj-alpaca-r50-s0,proj-selfdoc-r50-s0,L0.qkv,0,qkv,2048,1490,0.7275390625,0.9080488085746765
init-init,proj-alpaca-r50-s0,proj-selfdoc-r50-s0,L0.o,0,o,2048,1490,0.7275390625,0.9661518335342407
final-final,proj-alpaca-r50-s0,proj-selfdoc-r50-s0,L0.o,0,o,2048,1490,0.7275390625,0.9619308114051819
init-init,proj-alpaca-r50-s0,proj-selfdoc-r50-s0,L0.fc1,0,fc1,2048,1154,0.5634765625,0.8688585162162781
final-final,proj-alpaca-r50-s0,proj-selfdoc-r50-s0,L0.fc1,0,fc1,2048,1154,0.5634765625,0.8645167946815491
init-init,proj-alpaca-r50-s0,proj-selfdoc-r50-s0,L0.fc2,0,fc2,2048,1154,0.5634765625,0.8968227505683899
final-final,proj-alpaca-r50-s0,proj-selfdoc-r50-s0,L0.fc2,0,fc2,2048,1154,0.5634765625,0.890789270401001
init-init,proj-alpaca-r50-s0,proj-selfdoc-r50-s0,L1.qkv,1,qkv,2048,1490,0.7275390625,0.9448109865188599
final-final,proj-alpaca-r50-s0,proj-selfdoc-r50-s0,L1.qkv,1,qkv,2048,1490,0.7275390625,0.9402745366096497
init-init,proj-alpaca-r50-s0,proj-selfdoc-r50-s0,L1.o,1,o,2048,1490,0.7275390625,0.9498656988143921
final-final,proj-alpaca-r50-s0,proj-selfdoc-r50-s0,L1.o,1,o,2048,1490,0.7275390625,0.9462435245513916
init-init,proj-alpaca-r50-s0,proj-selfdoc-r50-s0,L1.fc1,1,fc1,2048,1154,0.5634765625,0.921639621257782
final-final,proj-alpaca-r50-s0,proj-selfdoc-r50-s0,L1.fc1,1,fc1,2048,1154,0.5634765625,0.9174612164497375
init-init,proj-alpaca-r50-s0,proj-selfdoc-r50-s0,L1.fc2,1,fc2,2048,1154,0.5634765625,0.8665957450866699
final-final,proj-alpaca-r50-s0,proj-selfdoc-r50-s0,L1.fc2,1,fc2,2048,1154,0.5634765625,0.8613263368606567
init-init,proj-alpaca-r50-s0,proj-selfdoc-r50-s0,L2.qkv,2,qkv,2048,1490,0.7275390625,0.9424551129341125
final-final,proj-alpaca-r50-s0,proj-selfdoc-r50-s0,L2.qkv,2,qkv,2048,1490,0.7275390625,0.937471866607666
init-init,proj-alpaca-r50-s0,proj-selfdoc-r50-s0,L2.o,2,o,2048,1490,0.7275390625,0.9576942324638367
final-final,proj-alpaca-r50-s0,proj-selfdoc-r50-s0,L2.o,2,o,2048,1490,0.7275390625,0.9544020295143127
init-init,proj-alpaca-r50-s0,proj-selfdoc-r50-s0,L2.fc1,2,fc1,2048,1154,0.5634765625,0.909803569316864
final-final,proj-alpaca-r50-s0,proj-selfdoc-r50-s0,L2.fc1,2,fc1,2048,1154,0.5634765625,0.9054767489433289
init-init,proj-alpaca-r50-s0,proj-selfdoc-r50-s0,L2.fc2,2,fc2,2048,1154,0.5634765625,0.8608747720718384
final-final,proj-alpaca-r50-s0,proj-selfdoc-r50-s0,L2.fc2,2,fc2,2048,1154,0.5634765625,0.855674147605896
init-init,proj-alpaca-r50-s0,proj-selfdoc-r50-s0,L3.qkv,3,qkv,2048,1490,0.7275390625,0.9370005130767822
final-final,proj-alpaca-r50-s0,proj-selfdoc-r50-s0,L3.qkv,3,qkv,2048,1490,0.7275390625,0.9314178228378296
init-init,proj-alpaca-r50-s0,proj-selfdoc-r50-s0,L3.o,3,o,2048,1490,0.7275390625,0.9262228608131409
final-final,proj-alpaca-r50-s0,proj-selfdoc-r50-s0,L3.o,3,o,2048,1490,0.7275390625,0.922610878944397
init-init,proj-alpaca-r50-s0,proj-selfdoc-r50-s0,L3.fc1,3,fc1,2048,1154,0.5634765625,0.8996931314468384
final-final,proj-alpaca-r50-s0,proj-selfdoc-r50-s0,L3.fc1,3,fc1,2048,1154,0.5634765625,0.8944060206413269
init-init,proj-alpaca-r50-s0,proj-selfdoc-r50-s0,L3.fc2,3,fc2,2048,1154,0.5634765625,0.8531674742698669
final-final,proj-alpaca-r50-s0,proj-selfdoc-r50-s0,L3.fc2,3,fc2,2048,1154,0.5634765625,0.8480390906333923
init-init,proj-alpaca-r50-s0,proj-selfdoc-r50-s0,L4.qkv,4,qkv,2048,1490,0.7275390625,0.932942807674408
final-final,proj-alpaca-r50-s0,proj-selfdoc-r50-s0,L4.qkv,4,qkv,2048,1490,0.7275390625,0.927615761756897
init-init,proj-alpaca-r50-s0,proj-selfdoc-r50-s0,L4.o,4,o,2048,1490,0.7275390625,0.9439520835876465
final-final,proj-alpaca-r50-s0,proj-selfdoc-r50-s0,L4.o,4,o,2048,1490,0.7275390625,0.9403830170631409
init-init,proj-alpaca-r50-s0,proj-selfdoc-r50-s0,L4.fc1,4,fc1,2048,1154,0.5634765625,0.8926653861999512
final-final,proj-alpaca-r50-s0,proj-selfdoc-r50-s0,L4.fc1,4,fc1,2048,1154,0.5634765625,0.8870940208435059
init-init,proj-alpaca-r50-s0,proj-selfdoc-r50-s0,L4.fc2,4,fc2,2048,1154,0.5634765625,0.8269638419151306
final-final,proj-alpaca-r50-s0,proj-selfdoc-r50-s0,L4.fc2,4,fc2,2048,1154,0.5634765625,0.8221944570541382
init-init,proj-alpaca-r50-s0,proj-selfdoc-r50-s0,L5.qkv,5,qkv,2048,1490,0.7275390625,0.9255737066268921
final-final,proj-alpaca-r50-s0,proj-selfdoc-r50-s0,L5.qkv,5,qkv,2048,1490,0.7275390625,0.9205555319786072
init-init,proj-alpaca-r50-s0,proj-selfdoc-r50-s0,L5.o,5,o,2048,1490,0.7275390625,0.9411832094192505
final-final,proj-alpaca-r50-s0,proj-selfdoc-r50-s0,L5.o,5,o,2048,1490,0.7275390625,0.937506914138794
init-init,proj-alpaca-r50-s0,proj-selfdoc-r50-s0,L5.fc1,5,fc1,2048,1154,0.5634765625,0.8834769129753113
final-final,proj-alpaca-r50-s0,proj-selfdoc-r50-s0,L5.fc1,5,fc1,2048,1154,0.5634765625,0.8775712251663208
init-init,proj-alpaca-r50-s0,proj-selfdoc-r50-s0,L5.fc2,5,fc2,2048,1154,0.5634765625,0.8101832270622253
final-final,proj-alpaca-r50-s0,proj-selfdoc-r50-s0,L5.fc2,5,fc2,2048,1154,0.5634765625,0.805595874786377
init-init,proj-alpaca-r50-s0,proj-selfdoc-r50-s0,L6.qkv,6,qkv,2048,1490,0.7275390625,0.9211530089378357
final-final,proj-alpaca-r50-s0,proj-selfdoc-r50-s0,L6.qkv,6,qkv,2048,1490,0.7275390625,0.9158155918121338
init-init,proj-alpaca-r50-s0,proj-selfdoc-r50-s0,L6.o,6,o,2048,1490,0.7275390625,0.9212373495101929
final-final,proj-alpaca-r50-s0,proj-selfdoc-r50-s0,L6.o,6,o,2048,1490,0.7275390625,0.9169238209724426
init-init,proj-alpaca-r50-s0,proj-selfdoc-r50-s0,L6.fc1,6,fc1,2048,1154,0.5634765625,0.8731951713562012
final-final,proj-alpaca-r50-s0,proj-selfdoc-r50-s0,L6.fc1,6,fc1,2048,1154,0.5634765625,0.8671063780784607
init-init,proj-alpaca-r50-s0,proj-selfdoc-r50-s0,L6.fc2,6,fc2,2048,1154,0.5634765625,0.8063685297966003
final-final,proj-alpaca-r50-s0,proj-selfdoc-r50-s0,L6.fc2,6,fc2,2048,1154,0.5634765625,0.8020466566085815
init-init,proj-alpaca-r50-s0,proj-selfdoc-r50-s0,L7.qkv,7,qkv,2048,1490,0.7275390625,0.914745569229126
final-final,proj-alpaca-r50-s0,proj-selfdoc-r50-s0,L7.qkv,7,qkv,2048,1490,0.7275390625,0.9094263315200806
init-init,proj-alpaca-r50-s0,proj-selfdoc-r50-s0,L7.o,7,o,2048,1490,0.7275390625,0.9099889397621155
final-final,proj-alpaca-r50-s0,proj-selfdoc-r50-s0,L7.o,7,o,2048,1490,0.7275390625,0.9057163000106812
init-init,proj-alpaca-r50-s0,proj-selfdoc-r50-s0,L7.fc1,7,fc1,2048,1154,0.5634765625,0.8619397282600403
final-final,proj-alpaca-r50-s0,proj-selfdoc-r50-s0,L7.fc1,7,fc1,2048,1154,0.5634765625,0.8560784459114075
init-init,proj-alpaca-r50-s0,proj-selfdoc-r50-s0,L7.fc2,7,fc2,2048,1154,0.5634765625,0.8044800758361816
final-final,proj-alpaca-r50-s0,proj-selfdoc-r50-s0,L7.fc2,7,fc2,2048,1154,0.5634765625,0.800126314163208
init-init,proj-alpaca-r50-s0,proj-selfdoc-r50-s0,L8.qkv,8,qkv,2048,1490,0.7275390625,0.9083337783813477
final-final,proj-alpaca-r50-s0,proj-selfdoc-r50-s0,L8.qkv,8,qkv,2048,1490,0.7275390625,0.9032852649688721
init-init,proj-alpaca-r50-s0,proj-selfdoc-r50-s0,L8.o,8,o,2048,1490,0.7275390625,0.9020398259162903
final-final,proj-alpaca-r50-s0,proj-selfdoc-r50-s0,L8.o,8,o,2048,1490,0.7275390625,0.8978909254074097
init-init,proj-alpaca-r50-s0,proj-selfdoc-r50-s0,L8.fc1,8,fc1,2048,1154,0.5634765625,0.8482658267021179
final-final,proj-alpaca-r50-s0,proj-selfdoc-r50-s0,L8.fc1,8,fc1,2048,1154,0.5634765625,0.8424251079559326
init-init,proj-alpaca-r50-s0,proj-selfdoc-r50-s0,L8.fc2,8,fc2,2048,1154,0.5634765625,0.815950334072113
final-final,proj-alpaca-r50-s0,proj-selfdoc-r50-s0,L8.fc2,8,fc2,2048,1154,0.5634765625,0.8106488585472107
init-init,proj-alpaca-r50-s0,proj-selfdoc-r50-s0,L9.qkv,9,qkv,2048,1490,0.7275390625,0.9021522402763367
final-final,proj-alpaca-r50-s0,proj-selfdoc-r50-s0,L9.qkv,9,qkv,2048,1490,0.7275390625,0.8972381949424744
init-init,proj-alpaca-r50-s0,proj-selfdoc-r50-s0,L9.o,9,o,2048,1490,0.7275390625,0.9067357182502747
final-final,proj-alpaca-r50-s0,proj-selfdoc-r50-s0,L9.o,9,o,2048,1490,0.7275390625,0.902461588382721
init-init,proj-alpaca-r50-s0,proj-selfdoc-r50-s0,L9.fc1,9,fc1,2048,1154,0.5634765625,0.8386967778205872
final-final,proj-alpaca-r50-s0,proj-selfdoc-r50-s0,L9.fc1,9,fc1,2048,1154,0.5634765625,0.8328737616539001
init-init,proj-alpaca-r50-s0,proj-selfdoc-r50-s0,L9.fc2,9,fc2,2048,1154,0.5634765625,0.8292627930641174
final-final,proj-alpaca-r50-s0,proj-selfdoc-r50-s0,L9.fc2,9,fc2,2048,1154,0.5634765625,0.8235037922859192
init-init,proj-alpaca-r50-s0,proj-selfdoc-r50-s0,L10.qkv,10,qkv,2048,1490,0.7275390625,0.9012110829353333
final-final,proj-alpaca-r50-s0,proj-selfdoc-r50-s0,L10.qkv,10,qkv,2048,1490,0.7275390625,0.8965840339660645
init-init,proj-alpaca-r50-s0,proj-selfdoc-r50-s0,L10.o,10,o,2048,1490,0.7275390625,0.8961966633796692
final-final,proj-alpaca-r50-s0,proj-selfdoc-r50-s0,L10.o,10,o,2048,1490,0.7275390625,0.89179527759552
init-init,proj-alpaca-r50-s0,proj-selfdoc-r50-s0,L10.fc1,10,fc1,2048,1154,0.5634765625,0.8314409852027893
final-final,proj-alpaca-r50-s0,proj-selfdoc-r50-s0,L10.fc1,10,fc1,2048,1154,0.5634765625,0.8259137868881226
init-init,proj-alpaca-r50-s0,proj-selfdoc-r50-s0,L10.fc2,10,fc2,2048,1154,0.5634765625,0.8321771025657654
final-final,proj-alpaca-r50-s0,proj-selfdoc-r50-s0,L10.fc2,10,fc2,2048,1154,0.5634765625,0.8264197111129761
init-init,proj-alpaca-r50-s0,proj-selfdoc-r50-s0,L11.qkv,11,qkv,2048,1490,0.7275390625,0.896021842956543
final-final,proj-alpaca-r50-s0,proj-selfdoc-r50-s0,L11.qkv,11,qkv,2048,1490,0.7275390625,0.8914986848831177
init-init,proj-alpaca-r50-s0,proj-selfdoc-r50-s0,L11.o,11,o,2048,1490,0.7275390625,0.8941011428833008
final-final,proj-alpaca-r50-s0,proj-selfdoc-r50-s0,L11.o,11,o,2048,1490,0.7275390625,0.8901903629302979
init-init,proj-alpaca-r50-s0,proj-selfdoc-r50-s0,L11.fc1,11,fc1,2048,1154,0.5634765625,0.825456976890564
final-final,proj-alpaca-r50-s0,proj-selfdoc-r50-s0,L11.fc1,11,fc1,2048,1154,0.5634765625,0.820084810256958
init-init,proj-alpaca-r50-s0,proj-selfdoc-r50-s0,L11.fc2,11,fc2,2048,1154,0.5634765625,0.8413571715354919
final-final,proj-alpaca-r50-s0,proj-selfdoc-r50-s0,L11.fc2,11,fc2,2048,1154,0.5634765625,0.8351797461509705
init-init,proj-alpaca-r50-s0,proj-selfdoc-r50-s0,L12.qkv,12,qkv,2048,1490,0.7275390625,0.8943157196044922
final-final,proj-alpaca-r50-s0,proj-selfdoc-r50-s0,L12.qkv,12,qkv,2048,1490,0.7275390625,0.8901479244232178
init-init,proj-alpaca-r50-s0,proj-selfdoc-r50-s0,L12.o,12,o,2048,1490,0.7275390625,0.8986541628837585
final-final,proj-alpaca-r50-s0,proj-selfdoc-r50-s0,L12.o,12,o,2048,1490,0.7275390625,0.894682765007019
init-init,proj-alpaca-r50-s0,proj-selfdoc-r50-s0,L12.fc1,12,fc1,2048,1154,0.5634765625,0.8223666548728943
final-final,proj-alpaca-r50-s0,proj-selfdoc-r50-s0,L12.fc1,12,fc1,2048,1154,0.5634765625,0.8170286417007446
init-init,proj-alpaca-r50-s0,proj-selfdoc-r50-s0,L12.fc2,12,fc2,2048,1154,0.5634765625,0.8455414175987244
final-final,proj-alpaca-r50-s0,proj-selfdoc-r50-s0,L12.fc2,12,fc2,2048,1154,0.5634765625,0.8391178846359253
init-init,proj-alpaca-r50-s0,proj-selfdoc-r50-s0,L13.qkv,13,qkv,2048,1490,0.7275390625,0.8962047696113586
final-final,proj-alpaca-r50-s0,proj-selfdoc-r50-s0,L13.qkv,13,qkv,2048,1490,0.7275390625,0.8919669985771179
init-init,proj-alpaca-r50-s0,proj-selfdoc-r50-s0,L13.o,13,o,2048,1490,0.7275390625,0.8944739103317261
final-final,proj-alpaca-r50-s0,proj-selfdoc-r50-s0,L13.o,13,o,2048,1490,0.7275390625,0.8906545042991638
init-init,proj-alpaca-r50-s0,proj-selfdoc-r50-s0,L13.fc1,13,fc1,2048,1154,0.5634765625,0.8189424276351929
final-final,proj-alpaca-r50-s0,proj-selfdoc-r50-s0,L13.fc1,13,fc1,2048,1154,0.5634765625,0.813785970211029
init-init,proj-alpaca-r50-s0,proj-selfdoc-r50-s0,L13.fc2,13,fc2,2048,1154,0.5634765625,0.8461558222770691
final-final,proj-alpaca-r50-s0,proj-selfdoc-r50-s0,L13.fc2,13,fc2,2048,1154,0.5634765625,0.8397300243377686
init-init,proj-alpaca-r50-s0,proj-selfdoc-r50-s0,L14.qkv,14,qkv,2048,1490,0.7275390625,0.8909906148910522
final-final,proj-alpaca-r50-s0,proj-selfdoc-r50-s0,L14.qkv,14,qkv,2048,1490,0.7275390625,0.8873797655105591
init-init,proj-alpaca-r50-s0,proj-selfdoc-r50-s0,L14.o,14,o,2048,1490,0.7275390625,0.884182333946228
final-final,proj-alpaca-r50-s0,proj-selfdoc-r50-s0,L14.o,14,o,2048,1490,0.7275390625,0.880688488483429
init-init,proj-alpaca-r50-s0,proj-selfdoc-r50-s0,L14.fc1,14,fc1,2048,1154,0.5634765625,0.8155472874641418
final-final,proj-alpaca-r50-s0,proj-selfdoc-r50-s0,L14.fc1,14,fc1,2048,1154,0.5634765625,0.810646116733551
init-init,proj-alpaca-r50-s0,proj-selfdoc-r50-s0,L14.fc2,14,fc2,2048,1154,0.5634765625,0.8410980105400085
final-final,proj-alpaca-r50-s0,proj-selfdoc-r50-s0,L14.fc2,14,fc2,2048,1154,0.5634765625,0.834824800491333
init-init,proj-alpaca-r50-s0,proj-selfdoc-r50-s0,L15.qkv,15,qkv,2048,1490,0.7275390625,0.8922728896141052
final-final,proj-alpaca-r50-s0,proj-selfdoc-r50-s0,L15.qkv,15,qkv,2048,1490,0.7275390625,0.8888058066368103
init-init,proj-alpaca-r50-s0,proj-selfdoc-r50-s0,L15.o,15,o,2048,1490,0.7275390625,0.8768384456634521
final-final,proj-alpaca-r50-s0,proj-selfdoc-r50-s0,L15.o,15,o,2048,1490,0.7275390625,0.8735861778259277
init-init,proj-alpaca-r50-s0,proj-selfdoc-r50-s0,L15.fc1,15,fc1,2048,1154,0.5634765625,0.8108372688293457
final-final,proj-alpaca-r50-s0,proj-selfdoc-r50-s0,L15.fc1,15,fc1,2048,1154,0.5634765625,0.8059595227241516
init-init,proj-alpaca-r50-s0,proj-selfdoc-r50-s0,L15.fc2,15,fc2,2048,1154,0.5634765625,0.8415921926498413
final-final,proj-alpaca-r50-s0,proj-selfdoc-r50-s0,L15.fc2,15,fc2,2048,1154,0.5634765625,0.8352372050285339
init-init,proj-alpaca-r50-s0,proj-selfdoc-r50-s0,L16.qkv,16,qkv,2048,1490,0.7275390625,0.8833987712860107
final-final,proj-alpaca-r50-s0,proj-selfdoc-r50-s0,L16.qkv,16,qkv,2048,1490,0.7275390625,0.8804671168327332
init-init,proj-alpaca-r50-s0,proj-selfdoc-r50-s0,L16.o,16,o,2048,1490,0.7275390625,0.8892716765403748
final-final,proj-alpaca-r50-s0,proj-selfdoc-r50-s0,L16.o,16,o,2048,1490,0.7275390625,0.8861443996429443
init-init,proj-alpaca-r50-s0,proj-selfdoc-r50-s0,L16.fc1,16,fc1,2048,1154,0.5634765625,0.8127660751342773
final-final,proj-alpaca-r50-s0,proj-selfdoc-r50-s0,L16.fc1,16,fc1,2048,1154,0.5634765625,0.8077101707458496
init-init,proj-alpaca-r50-s0,proj-selfdoc-r50-s0,L16.fc2,16,fc2,2048,1154,0.5634765625,0.8394169211387634
final-final,proj-alpaca-r50-s0,proj-selfdoc-r50-s0,L16.fc2,16,fc2,2048,1154,0.5634765625,0.8329390287399292
init-init,proj-alpaca-r50-s0,proj-selfdoc-r50-s0,L17.qkv,17,qkv,2048,1490,0.7275390625,0.8797142505645752
final-final,proj-alpaca-r50-s0,proj-selfdoc-r50-s0,L17.qkv,17,qkv,2048,1490,0.7275390625,0.8766255974769592
init-init,proj-alpaca-r50-s0,proj-selfdoc-r50-s0,L17.o,17,o,2048,1490,0.7275390625,0.8805572390556335
final-final,proj-alpaca-r50-s0,proj-selfdoc-r50-s0,L17.o,17,o,2048,1490,0.7275390625,0.8773544430732727
init-init,proj-alpaca-r50-s0,proj-selfdoc-r50-s0,L17.fc1,17,fc1,2048,1154,0.5634765625,0.8131281137466431
final-final,proj-alpaca-r50-s0,proj-selfdoc-r50-s0,L17.fc1,17,fc1,2048,1154,0.5634765625,0.8079997897148132
init-init,proj-alpaca-r50-s0,proj-selfdoc-r50-s0,L17.fc2,17,fc2,2048,1154,0.5634765625,0.8364460468292236
final-final,proj-alpaca-r50-s0,proj-selfdoc-r50-s0,L17.fc2,17,fc2,2048,1154,0.5634765625,0.8301242589950562
init-init,proj-alpaca-r50-s0,proj-selfdoc-r50-s0,L18.qkv,18,qkv,2048,1490,0.7275390625,0.8808997869491577
final-final,proj-alpaca-r50-s0,proj-selfdoc-r50-s0,L18.qkv,18,qkv,2048,1490,0.7275390625,0.8783867359161377
init-init,proj-alpaca-r50-s0,proj-selfdoc-r50-s0,L18.o,18,o,2048,1490,0.7275390625,0.8882794976234436
final-final,proj-alpaca-r50-s0,proj-selfdoc-r50-s0,L18.o,18,o,2048,1490,0.7275390625,0.8852442502975464
init-init,proj-alpaca-r50-s0,proj-selfdoc-r50-s0,L18.fc1,18,fc1,2048,1154,0.5634765625,0.8158954977989197
final-final,proj-alpaca-r50-s0,proj-selfdoc-r50-s0,L18.fc1,18,fc1,2048,1154,0.5634765625,0.8104560971260071
init-init,proj-alpaca-r50-s0,proj-selfdoc-r50-s0,L18.fc2,18,fc2,2048,1154,0.5634765625,0.8345339298248291
final-final,proj-alpaca-r50-s0,proj-selfdoc-r50-s0,L18.fc2,18,fc2,2048,1154,0.5634765625,0.8279818892478943
init-init,proj-alpaca-r50-s0,proj-selfdoc-r50-s0,L19.qkv,19,qkv,2048,1490,0.7275390625,0.8787470459938049
final-final,proj-alpaca-r50-s0,proj-selfdoc-r50-s0,L19.qkv,19,qkv,2048,1490,0.7275390625,0.8761293292045593
init-init,proj-alpaca-r50-s0,proj-selfdoc-r50-s0,L19.o,19,o,2048,1490,0.7275390625,0.8847644329071045
final-final,proj-alpaca-r50-s0,proj-selfdoc-r50-s0,L19.o,19,o,2048,1490,0.7275390625,0.8817710876464844
init-init,proj-alpaca-r50-s0,proj-selfdoc-r50-s0,L19.fc1,19,fc1,2048,1154,0.5634765625,0.8160120248794556
final-final,proj-alpaca-r50-s0,proj-selfdoc-r50-s0,L19.fc1,19,fc1,2048,1154,0.5634765625,0.8107262849807739
init-init,proj-alpaca-r50-s0,proj-selfdoc-r50-s0,L19.fc2,19,fc2,2048,1154,0.5634765625,0.8317122459411621
final-final,proj-alpaca-r50-s0,proj-selfdoc-r50-s0,L19.fc2,19,fc2,2048,1154,0.5634765625,0.8249061107635498
init-init,proj-alpaca-r50-s0,proj-selfdoc-r50-s0,L20.qkv,20,qkv,2048,1490,0.7275390625,0.8769189119338989
final-final,proj-alpaca-r50-s0,proj-selfdoc-r50-s0,L20.qkv,20,qkv,2048,1490,0.7275390625,0.8745605945587158
init-init,proj-alpaca-r50-s0,proj-selfdoc-r50-s0,L20.o,20,o,2048,1490,0.7275390625,0.8808506727218628
final-final,proj-alpaca-r50-s0,proj-selfdoc-r50-s0,L20.o,20,o,2048,1490,0.7275390625,0.8779269456863403
init-init,proj-alpaca-r50-s0,proj-selfdoc-r50-s0,L20.fc1,20,fc1,2048,1154,0.5634765625,0.8170026540756226
final-final,proj-alpaca-r50-s0,proj-selfdoc-r50-s0,L20.fc1,20,fc1,2048,1154,0.5634765625,0.8115081787109375
init-init,proj-alpaca-r50-s0,proj-selfdoc-r50-s0,L20.fc2,20,fc2,2048,1154,0.5634765625,0.8309596180915833
final-final,proj-alpaca-r50-s0,proj-selfdoc-r50-s0,L20.fc2,20,fc2,2048,1154,0.5634765625,0.8240559697151184
init-init,proj-alpaca-r50-s0,proj-selfdoc-r50-s0,L21.qkv,21,qkv,2048,1490,0.7275390625,0.8718127608299255
final-final,proj-alpaca-r50-s0,proj-selfdoc-r50-s0,L21.qkv,21,qkv,2048,1490,0.7275390625,0.8692744374275208
init-init,proj-alpaca-r50-s0,proj-selfdoc-r50-s0,L21.o,21,o,2048,1490,0.7275390625,0.8601059913635254
final-final,proj-alpaca-r50-s0,proj-selfdoc-r50-s0,L21.o,21,o,2048,1490,0.7275390625,0.8573948740959167
init-init,proj-alpaca-r50-s0,proj-selfdoc-r50-s0,L21.fc1,21,fc1,2048,1154,0.5634765625,0.8121877312660217
final-final,proj-alpaca-r50-s0,proj-selfdoc-r50-s0,L21.fc1,21,fc1,2048,1154,0.5634765625,0.8071379065513611
init-init,proj-alpaca-r50-s0,proj-selfdoc-r50-s0,L21.fc2,21,fc2,2048,1154,0.5634765625,0.8327513337135315
final-final,proj-alpaca-r50-s0,proj-selfdoc-r50-s0,L21.fc2,21,fc2,2048,1154,0.5634765625,0.8260422348976135
init-init,proj-alpaca-r50-s0,proj-selfdoc-r50-s0,L22.qkv,22,qkv,2048,1490,0.7275390625,0.8673170804977417
final-final,proj-alpaca-r50-s0,proj-selfdoc-r50-s0,L22.qkv,22,qkv,2048,1490,0.7275390625,0.8648468255996704
init-init,proj-alpaca-r50-s0,proj-selfdoc-r50-s0,L22.o,22,o,2048,1490,0.7275390625,0.8668090105056763
final-final,proj-alpaca-r50-s0,proj-selfdoc-r50-s0,L22.o,22,o,2048,1490,0.7275390625,0.8641865849494934
init-init,proj-alpaca-r50-s0,proj-selfdoc-r50-s0,L22.fc1,22,fc1,2048,1154,0.5634765625,0.8075590133666992
final-final,proj-alpaca-r50-s0,proj-selfdoc-r50-s0,L22.fc1,22,fc1,2048,1154,0.5634765625,0.803644061088562
init-init,proj-alpaca-r50-s0,proj-selfdoc-r50-s0,L22.fc2,22,fc2,2048,1154,0.5634765625,0.8439150452613831
final-final,proj-alpaca-r50-s0,proj-selfdoc-r50-s0,L22.fc2,22,fc2,2048,1154,0.5634765625,0.8379277586936951
init-init,proj-alpaca-r50-s0,proj-selfdoc-r50-s0,L23.qkv,23,qkv,2048,1490,0.7275390625,0.8700093030929565
final-final,proj-alpaca-r50-s0,proj-selfdoc-r50-s0,L23.qkv,23,qkv,2048,1490,0.7275390625,0.8694885969161987
init-init,proj-alpaca-r50-s0,proj-selfdoc-r50-s0,L23.o,23,o,2048,1490,0.7275390625,0.8780760169029236
final-final,proj-alpaca-r50-s0,proj-selfdoc-r50-s0,L23.o,23,o,2048,1490,0.7275390625,0.8753254413604736
init-init,proj-alpaca-r50-s0,proj-selfdoc-r50-s0,L23.fc1,23,fc1,2048,1154,0.5634765625,0.7999656796455383
final-final,proj-alpaca-r50-s0,proj-selfdoc-r50-s0,L23.fc1,23,fc1,2048,1154,0.5634765625,0.7973699569702148
init-init,proj-alpaca-r50-s0,proj-selfdoc-r50-s0,L23.fc2,23,fc2,2048,1154,0.5634765625,0.8516783118247986
final-final,proj-alpaca-r50-s0,proj-selfdoc-r50-s0,L23.fc2,23,fc2,2048,1154,0.5634765625,0.8434277176856995
init-init,proj-selfgen-r50-s0,proj-selfdoc-r50-s0,L0.qkv,0,qkv,2048,1490,0.7275390625,0.9918264150619507
final-final,proj-selfgen-r50-s0,proj-selfdoc-r50-s0,L0.qkv,0,qkv,2048,1490,0.7275390625,0.985697329044342
init-init,proj-selfgen-r50-s0,proj-selfdoc-r50-s0,L0.o,0,o,2048,1490,0.7275390625,0.9782451391220093
final-final,proj-selfgen-r50-s0,proj-selfdoc-r50-s0,L0.o,0,o,2048,1490,0.7275390625,0.9741485714912415
init-init,proj-selfgen-r50-s0,proj-selfdoc-r50-s0,L0.fc1,0,fc1,2048,1154,0.5634765625,0.9792340993881226
final-final,proj-selfgen-r50-s0,proj-selfdoc-r50-s0,L0.fc1,0,fc1,2048,1154,0.5634765625,0.9721688032150269
init-init,proj-selfgen-r50-s0,proj-selfdoc-r50-s0,L0.fc2,0,fc2,2048,1154,0.5634765625,0.9735107421875
final-final,proj-selfgen-r50-s0,proj-selfdoc-r50-s0,L0.fc2,0,fc2,2048,1154,0.5634765625,0.9664531946182251
init-init,proj-selfgen-r50-s0,proj-selfdoc-r50-s0,L1.qkv,1,qkv,2048,1490,0.7275390625,0.993260383605957
final-final,proj-selfgen-r50-s0,proj-selfdoc-r50-s0,L1.qkv,1,qkv,2048,1490,0.7275390625,0.9883937835693359
init-init,proj-selfgen-r50-s0,proj-selfdoc-r50-s0,L1.o,1,o,2048,1490,0.7275390625,0.9654785394668579
final-final,proj-selfgen-r50-s0,proj-selfdoc-r50-s0,L1.o,1,o,2048,1490,0.7275390625,0.9620574712753296
init-init,proj-selfgen-r50-s0,proj-selfdoc-r50-s0,L1.fc1,1,fc1,2048,1154,0.5634765625,0.9876033067703247
final-final,proj-selfgen-r50-s0,proj-selfdoc-r50-s0,L1.fc1,1,fc1,2048,1154,0.5634765625,0.9829089045524597
init-init,proj-selfgen-r50-s0,proj-selfdoc-r50-s0,L1.fc2,1,fc2,2048,1154,0.5634765625,0.9674533605575562
final-final,proj-selfgen-r50-s0,proj-selfdoc-r50-s0,L1.fc2,1,fc2,2048,1154,0.5634765625,0.9597412347793579
init-init,proj-selfgen-r50-s0,proj-selfdoc-r50-s0,L2.qkv,2,qkv,2048,1490,0.7275390625,0.9936428666114807
final-final,proj-selfgen-r50-s0,proj-selfdoc-r50-s0,L2.qkv,2,qkv,2048,1490,0.7275390625,0.9883909225463867
init-init,proj-selfgen-r50-s0,proj-selfdoc-r50-s0,L2.o,2,o,2048,1490,0.7275390625,0.9839983582496643
final-final,proj-selfgen-r50-s0,proj-selfdoc-r50-s0,L2.o,2,o,2048,1490,0.7275390625,0.9807987213134766
init-init,proj-selfgen-r50-s0,proj-selfdoc-r50-s0,L2.fc1,2,fc1,2048,1154,0.5634765625,0.9858080148696899
final-final,proj-selfgen-r50-s0,proj-selfdoc-r50-s0,L2.fc1,2,fc1,2048,1154,0.5634765625,0.9810664057731628
init-init,proj-selfgen-r50-s0,proj-selfdoc-r50-s0,L2.fc2,2,fc2,2048,1154,0.5634765625,0.9687696695327759
final-final,proj-selfgen-r50-s0,proj-selfdoc-r50-s0,L2.fc2,2,fc2,2048,1154,0.5634765625,0.9613713026046753
init-init,proj-selfgen-r50-s0,proj-selfdoc-r50-s0,L3.qkv,3,qkv,2048,1490,0.7275390625,0.9927548766136169
final-final,proj-selfgen-r50-s0,proj-selfdoc-r50-s0,L3.qkv,3,qkv,2048,1490,0.7275390625,0.9869951009750366
init-init,proj-selfgen-r50-s0,proj-selfdoc-r50-s0,L3.o,3,o,2048,1490,0.7275390625,0.9761916399002075
final-final,proj-selfgen-r50-s0,proj-selfdoc-r50-s0,L3.o,3,o,2048,1490,0.7275390625,0.9722849130630493
init-init,proj-selfgen-r50-s0,proj-selfdoc-r50-s0,L3.fc1,3,fc1,2048,1154,0.5634765625,0.9844099283218384
final-final,proj-selfgen-r50-s0,proj-selfdoc-r50-s0,L3.fc1,3,fc1,2048,1154,0.5634765625,0.9783368706703186
init-init,proj-selfgen-r50-s0,proj-selfdoc-r50-s0,L3.fc2,3,fc2,2048,1154,0.5634765625,0.9673283100128174
final-final,proj-selfgen-r50-s0,proj-selfdoc-r50-s0,L3.fc2,3,fc2,2048,1154,0.5634765625,0.9597428441047668
init-init,proj-selfgen-r50-s0,proj-selfdoc-r50-s0,L4.qkv,4,qkv,2048,1490,0.7275390625,0.9924505352973938
final-final,proj-selfgen-r50-s0,proj-selfdoc-r50-s0,L4.qkv,4,qkv,2048,1490,0.7275390625,0.9868665933609009
init-init,proj-selfgen-r50-s0,proj-selfdoc-r50-s0,L4.o,4,o,2048,1490,0.7275390625,0.982257068157196
final-final,proj-selfgen-r50-s0,proj-selfdoc-r50-s0,L4.o,4,o,2048,1490,0.7275390625,0.9783860445022583
init-init,proj-selfgen-r50-s0,proj-selfdoc-r50-s0,L4.fc1,4,fc1,2048,1154,0.5634765625,0.9838541150093079
final-final,proj-selfgen-r50-s0,proj-selfdoc-r50-s0,L4.fc1,4,fc1,2048,1154,0.5634765625,0.977121889591217
init-init,proj-selfgen-r50-s0,proj-selfdoc-r50-s0,L4.fc2,4,fc2,2048,1154,0.5634765625,0.9625691771507263
final-final,proj-selfgen-r50-s0,proj-selfdoc-r50-s0,L4.fc2,4,fc2,2048,1154,0.5634765625,0.9552503228187561
init-init,proj-selfgen-r50-s0,proj-selfdoc-r50-s0,L5.qkv,5,qkv,2048,1490,0.7275390625,0.9909445643424988
final-final,proj-selfgen-r50-s0,proj-selfdoc-r50-s0,L5.qkv,5,qkv,2048,1490,0.7275390625,0.9850752353668213
init-init,proj-selfgen-r50-s0,proj-selfdoc-r50-s0,L5.o,5,o,2048,1490,0.7275390625,0.9827849268913269
final-final,proj-selfgen-r50-s0,proj-selfdoc-r50-s0,L5.o,5,o,2048,1490,0.7275390625,0.9786038398742676
init-init,proj-selfgen-r50-s0,proj-selfdoc-r50-s0,L5.fc1,5,fc1,2048,1154,0.5634765625,0.9828813076019287
final-final,proj-selfgen-r50-s0,proj-selfdoc-r50-s0,L5.fc1,5,fc1,2048,1154,0.5634765625,0.975506603717804
init-init,proj-selfgen-r50-s0,proj-selfdoc-r50-s0,L5.fc2,5,fc2,2048,1154,0.5634765625,0.9594776034355164
final-final,proj-selfgen-r50-s0,proj-selfdoc-r50-s0,L5.fc2,5,fc2,2048,1154,0.5634765625,0.9519540071487427
init-init,proj-selfgen-r50-s0,proj-selfdoc-r50-s0,L6.qkv,6,qkv,2048,1490,0.7275390625,0.9910226464271545
final-final,proj-selfgen-r50-s0,proj-selfdoc-r50-s0,L6.qkv,6,qkv,2048,1490,0.7275390625,0.9843682646751404
init-init,proj-selfgen-r50-s0,proj-selfdoc-r50-s0,L6.o,6,o,2048,1490,0.7275390625,0.9831708073616028
final-final,proj-selfgen-r50-s0,proj-selfdoc-r50-s0,L6.o,6,o,2048,1490,0.7275390625,0.9775742292404175
init-init,proj-selfgen-r50-s0,proj-selfdoc-r50-s0,L6.fc1,6,fc1,2048,1154,0.5634765625,0.981342077255249
final-final,proj-selfgen-r50-s0,proj-selfdoc-r50-s0,L6.fc1,6,fc1,2048,1154,0.5634765625,0.9734964370727539
init-init,proj-selfgen-r50-s0,proj-selfdoc-r50-s0,L6.fc2,6,fc2,2048,1154,0.5634765625,0.9612419605255127
final-final,proj-selfgen-r50-s0,proj-selfdoc-r50-s0,L6.fc2,6,fc2,2048,1154,0.5634765625,0.9540996551513672
init-init,proj-selfgen-r50-s0,proj-selfdoc-r50-s0,L7.qkv,7,qkv,2048,1490,0.7275390625,0.9903908967971802
final-final,proj-selfgen-r50-s0,proj-selfdoc-r50-s0,L7.qkv,7,qkv,2048,1490,0.7275390625,0.9835433959960938
init-init,proj-selfgen-r50-s0,proj-selfdoc-r50-s0,L7.o,7,o,2048,1490,0.7275390625,0.9816617369651794
final-final,proj-selfgen-r50-s0,proj-selfdoc-r50-s0,L7.o,7,o,2048,1490,0.7275390625,0.9758678078651428
init-init,proj-selfgen-r50-s0,proj-selfdoc-r50-s0,L7.fc1,7,fc1,2048,1154,0.5634765625,0.9792923927307129
final-final,proj-selfgen-r50-s0,proj-selfdoc-r50-s0,L7.fc1,7,fc1,2048,1154,0.5634765625,0.9710134863853455
init-init,proj-selfgen-r50-s0,proj-selfdoc-r50-s0,L7.fc2,7,fc2,2048,1154,0.5634765625,0.9604024887084961
final-final,proj-selfgen-r50-s0,proj-selfdoc-r50-s0,L7.fc2,7,fc2,2048,1154,0.5634765625,0.9532331228256226
init-init,proj-selfgen-r50-s0,proj-selfdoc-r50-s0,L8.qkv,8,qkv,2048,1490,0.7275390625,0.9895368814468384
final-final,proj-selfgen-r50-s0,proj-selfdoc-r50-s0,L8.qkv,8,qkv,2048,1490,0.7275390625,0.9826276898384094
init-init,proj-selfgen-r50-s0,proj-selfdoc-r50-s0,L8.o,8,o,2048,1490,0.7275390625,0.9807907342910767
final-final,proj-selfgen-r50-s0,proj-selfdoc-r50-s0,L8.o,8,o,2048,1490,0.7275390625,0.974643349647522
init-init,proj-selfgen-r50-s0,proj-selfdoc-r50-s0,L8.fc1,8,fc1,2048,1154,0.5634765625,0.978023111820221
final-final,proj-selfgen-r50-s0,proj-selfdoc-r50-s0,L8.fc1,8,fc1,2048,1154,0.5634765625,0.9696565270423889
init-init,proj-selfgen-r50-s0,proj-selfdoc-r50-s0,L8.fc2,8,fc2,2048,1154,0.5634765625,0.9648876786231995
final-final,proj-selfgen-r50-s0,proj-selfdoc-r50-s0,L8.fc2,8,fc2,2048,1154,0.5634765625,0.9566580653190613
init-init,proj-selfgen-r50-s0,proj-selfdoc-r50-s0,L9.qkv,9,qkv,2048,1490,0.7275390625,0.9886345267295837
final-final,proj-selfgen-r50-s0,proj-selfdoc-r50-s0,L9.qkv,9,qkv,2048,1490,0.7275390625,0.9817392230033875
init-init,proj-selfgen-r50-s0,proj-selfdoc-r50-s0,L9.o,9,o,2048,1490,0.7275390625,0.9811299443244934
final-final,proj-selfgen-r50-s0,proj-selfdoc-r50-s0,L9.o,9,o,2048,1490,0.7275390625,0.9749183654785156
init-init,proj-selfgen-r50-s0,proj-selfdoc-r50-s0,L9.fc1,9,fc1,2048,1154,0.5634765625,0.9764025807380676
final-final,proj-selfgen-r50-s0,proj-selfdoc-r50-s0,L9.fc1,9,fc1,2048,1154,0.5634765625,0.9677477478981018
init-init,proj-selfgen-r50-s0,proj-selfdoc-r50-s0,L9.fc2,9,fc2,2048,1154,0.5634765625,0.9724907875061035
final-final,proj-selfgen-r50-s0,proj-selfdoc-r50-s0,L9.fc2,9,fc2,2048,1154,0.5634765625,0.9635397791862488
init-init,proj-selfgen-r50-s0,proj-selfdoc-r50-s0,L10.qkv,10,qkv,2048,1490,0.7275390625,0.9893091320991516
final-final,proj-selfgen-r50-s0,proj-selfdoc-r50-s0,L10.qkv,10,qkv,2048,1490,0.7275390625,0.982450008392334
init-init,proj-selfgen-r50-s0,proj-selfdoc-r50-s0,L10.o,10,o,2048,1490,0.7275390625,0.9837566614151001
final-final,proj-selfgen-r50-s0,proj-selfdoc-r50-s0,L10.o,10,o,2048,1490,0.7275390625,0.9771863222122192
init-init,proj-selfgen-r50-s0,proj-selfdoc-r50-s0,L10.fc1,10,fc1,2048,1154,0.5634765625,0.9753071069717407
final-final,proj-selfgen-r50-s0,proj-selfdoc-r50-s0,L10.fc1,10,fc1,2048,1154,0.5634765625,0.9665360450744629
init-init,proj-selfgen-r50-s0,proj-selfdoc-r50-s0,L10.fc2,10,fc2,2048,1154,0.5634765625,0.9772864580154419
final-final,proj-selfgen-r50-s0,proj-selfdoc-r50-s0,L10.fc2,10,fc2,2048,1154,0.5634765625,0.9681761264801025
init-init,proj-selfgen-r50-s0,proj-selfdoc-r50-s0,L11.qkv,11,qkv,2048,1490,0.7275390625,0.9887471199035645
final-final,proj-selfgen-r50-s0,proj-selfdoc-r50-s0,L11.qkv,11,qkv,2048,1490,0.7275390625,0.9819936752319336
init-init,proj-selfgen-r50-s0,proj-selfdoc-r50-s0,L11.o,11,o,2048,1490,0.7275390625,0.9822826981544495
final-final,proj-selfgen-r50-s0,proj-selfdoc-r50-s0,L11.o,11,o,2048,1490,0.7275390625,0.9762594103813171
init-init,proj-selfgen-r50-s0,proj-selfdoc-r50-s0,L11.fc1,11,fc1,2048,1154,0.5634765625,0.9753665328025818
final-final,proj-selfgen-r50-s0,proj-selfdoc-r50-s0,L11.fc1,11,fc1,2048,1154,0.5634765625,0.9666111469268799
init-init,proj-selfgen-r50-s0,proj-selfdoc-r50-s0,L11.fc2,11,fc2,2048,1154,0.5634765625,0.9788678884506226
final-final,proj-selfgen-r50-s0,proj-selfdoc-r50-s0,L11.fc2,11,fc2,2048,1154,0.5634765625,0.9692713022232056
init-init,proj-selfgen-r50-s0,proj-selfdoc-r50-s0,L12.qkv,12,qkv,2048,1490,0.7275390625,0.9890348315238953
final-final,proj-selfgen-r50-s0,proj-selfdoc-r50-s0,L12.qkv,12,qkv,2048,1490,0.7275390625,0.9826094508171082
init-init,proj-selfgen-r50-s0,proj-selfdoc-r50-s0,L12.o,12,o,2048,1490,0.7275390625,0.984333336353302
final-final,proj-selfgen-r50-s0,proj-selfdoc-r50-s0,L12.o,12,o,2048,1490,0.7275390625,0.9783241152763367
init-init,proj-selfgen-r50-s0,proj-selfdoc-r50-s0,L12.fc1,12,fc1,2048,1154,0.5634765625,0.9764294028282166
final-final,proj-selfgen-r50-s0,proj-selfdoc-r50-s0,L12.fc1,12,fc1,2048,1154,0.5634765625,0.967848539352417
init-init,proj-selfgen-r50-s0,proj-selfdoc-r50-s0,L12.fc2,12,fc2,2048,1154,0.5634765625,0.9810344576835632
final-final,proj-selfgen-r50-s0,proj-selfdoc-r50-s0,L12.fc2,12,fc2,2048,1154,0.5634765625,0.971366286277771
init-init,proj-selfgen-r50-s0,proj-selfdoc-r50-s0,L13.qkv,13,qkv,2048,1490,0.7275390625,0.9899498224258423
final-final,proj-selfgen-r50-s0,proj-selfdoc-r50-s0,L13.qkv,13,qkv,2048,1490,0.7275390625,0.9833548069000244
init-init,proj-selfgen-r50-s0,proj-selfdoc-r50-s0,L13.o,13,o,2048,1490,0.7275390625,0.9855631589889526
final-final,proj-selfgen-r50-s0,proj-selfdoc-r50-s0,L13.o,13,o,2048,1490,0.7275390625,0.9791623950004578
init-init,proj-selfgen-r50-s0,proj-selfdoc-r50-s0,L13.fc1,13,fc1,2048,1154,0.5634765625,0.9764453172683716
final-final,proj-selfgen-r50-s0,proj-selfdoc-r50-s0,L13.fc1,13,fc1,2048,1154,0.5634765625,0.9680025577545166
init-init,proj-selfgen-r50-s0,proj-selfdoc-r50-s0,L13.fc2,13,fc2,2048,1154,0.5634765625,0.9805892109870911
final-final,proj-selfgen-r50-s0,proj-selfdoc-r50-s0,L13.fc2,13,fc2,2048,1154,0.5634765625,0.9709460139274597
init-init,proj-selfgen-r50-s0,proj-selfdoc-r50-s0,L14.qkv,14,qkv,2048,1490,0.7275390625,0.9895291924476624
final-final,proj-selfgen-r50-s0,proj-selfdoc-r50-s0,L14.qkv,14,qkv,2048,1490,0.7275390625,0.9836673736572266
init-init,proj-selfgen-r50-s0,proj-selfdoc-r50-s0,L14.o,14,o,2048,1490,0.7275390625,0.9797995090484619
final-final,proj-selfgen-r50-s0,proj-selfdoc-r50-s0,L14.o,14,o,2048,1490,0.7275390625,0.9737978577613831
init-init,proj-selfgen-r50-s0,proj-selfdoc-r50-s0,L14.fc1,14,fc1,2048,1154,0.5634765625,0.975388765335083
final-final,proj-selfgen-r50-s0,proj-selfdoc-r50-s0,L14.fc1,14,fc1,2048,1154,0.5634765625,0.9668535590171814
init-init,proj-selfgen-r50-s0,proj-selfdoc-r50-s0,L14.fc2,14,fc2,2048,1154,0.5634765625,0.9800177812576294
final-final,proj-selfgen-r50-s0,proj-selfdoc-r50-s0,L14.fc2,14,fc2,2048,1154,0.5634765625,0.9702355861663818
init-init,proj-selfgen-r50-s0,proj-selfdoc-r50-s0,L15.qkv,15,qkv,2048,1490,0.7275390625,0.9891039729118347
final-final,proj-selfgen-r50-s0,proj-selfdoc-r50-s0,L15.qkv,15,qkv,2048,1490,0.7275390625,0.9829763770103455
init-init,proj-selfgen-r50-s0,proj-selfdoc-r50-s0,L15.o,15,o,2048,1490,0.7275390625,0.9781854748725891
final-final,proj-selfgen-r50-s0,proj-selfdoc-r50-s0,L15.o,15,o,2048,1490,0.7275390625,0.972504734992981
init-init,proj-selfgen-r50-s0,proj-selfdoc-r50-s0,L15.fc1,15,fc1,2048,1154,0.5634765625,0.9748826026916504
final-final,proj-selfgen-r50-s0,proj-selfdoc-r50-s0,L15.fc1,15,fc1,2048,1154,0.5634765625,0.9659803509712219
init-init,proj-selfgen-r50-s0,proj-selfdoc-r50-s0,L15.fc2,15,fc2,2048,1154,0.5634765625,0.9806903600692749
final-final,proj-selfgen-r50-s0,proj-selfdoc-r50-s0,L15.fc2,15,fc2,2048,1154,0.5634765625,0.9705788493156433
init-init,proj-selfgen-r50-s0,proj-selfdoc-r50-s0,L16.qkv,16,qkv,2048,1490,0.7275390625,0.9873237609863281
final-final,proj-selfgen-r50-s0,proj-selfdoc-r50-s0,L16.qkv,16,qkv,2048,1490,0.7275390625,0.9819526672363281
init-init,proj-selfgen-r50-s0,proj-selfdoc-r50-s0,L16.o,16,o,2048,1490,0.7275390625,0.9774032831192017
final-final,proj-selfgen-r50-s0,proj-selfdoc-r50-s0,L16.o,16,o,2048,1490,0.7275390625,0.9722402691841125
init-init,proj-selfgen-r50-s0,proj-selfdoc-r50-s0,L16.fc1,16,fc1,2048,1154,0.5634765625,0.9745098352432251
final-final,proj-selfgen-r50-s0,proj-selfdoc-r50-s0,L16.fc1,16,fc1,2048,1154,0.5634765625,0.9654670357704163
init-init,proj-selfgen-r50-s0,proj-selfdoc-r50-s0,L16.fc2,16,fc2,2048,1154,0.5634765625,0.9797286987304688
final-final,proj-selfgen-r50-s0,proj-selfdoc-r50-s0,L16.fc2,16,fc2,2048,1154,0.5634765625,0.9695141315460205
init-init,proj-selfgen-r50-s0,proj-selfdoc-r50-s0,L17.qkv,17,qkv,2048,1490,0.7275390625,0.9860934615135193
final-final,proj-selfgen-r50-s0,proj-selfdoc-r50-s0,L17.qkv,17,qkv,2048,1490,0.7275390625,0.9801267981529236
init-init,proj-selfgen-r50-s0,proj-selfdoc-r50-s0,L17.o,17,o,2048,1490,0.7275390625,0.9760029911994934
final-final,proj-selfgen-r50-s0,proj-selfdoc-r50-s0,L17.o,17,o,2048,1490,0.7275390625,0.9708828926086426
init-init,proj-selfgen-r50-s0,proj-selfdoc-r50-s0,L17.fc1,17,fc1,2048,1154,0.5634765625,0.9734790325164795
final-final,proj-selfgen-r50-s0,proj-selfdoc-r50-s0,L17.fc1,17,fc1,2048,1154,0.5634765625,0.9643697738647461
init-init,proj-selfgen-r50-s0,proj-selfdoc-r50-s0,L17.fc2,17,fc2,2048,1154,0.5634765625,0.9796276688575745
final-final,proj-selfgen-r50-s0,proj-selfdoc-r50-s0,L17.fc2,17,fc2,2048,1154,0.5634765625,0.9693676233291626
init-init,proj-selfgen-r50-s0,proj-selfdoc-r50-s0,L18.qkv,18,qkv,2048,1490,0.7275390625,0.9855251908302307
final-final,proj-selfgen-r50-s0,proj-selfdoc-r50-s0,L18.qkv,18,qkv,2048,1490,0.7275390625,0.9796198010444641
init-init,proj-selfgen-r50-s0,proj-selfdoc-r50-s0,L18.o,18,o,2048,1490,0.7275390625,0.9745994210243225
final-final,proj-selfgen-r50-s0,proj-selfdoc-r50-s0,L18.o,18,o,2048,1490,0.7275390625,0.9689643383026123
init-init,proj-selfgen-r50-s0,proj-selfdoc-r50-s0,L18.fc1,18,fc1,2048,1154,0.5634765625,0.9730929136276245
final-final,proj-selfgen-r50-s0,proj-selfdoc-r50-s0,L18.fc1,18,fc1,2048,1154,0.5634765625,0.9635455012321472
init-init,proj-selfgen-r50-s0,proj-selfdoc-r50-s0,L18.fc2,18,fc2,2048,1154,0.5634765625,0.9785818457603455
final-final,proj-selfgen-r50-s0,proj-selfdoc-r50-s0,L18.fc2,18,fc2,2048,1154,0.5634765625,0.9679505228996277
init-init,proj-selfgen-r50-s0,proj-selfdoc-r50-s0,L19.qkv,19,qkv,2048,1490,0.7275390625,0.98424232006073
final-final,proj-selfgen-r50-s0,proj-selfdoc-r50-s0,L19.qkv,19,qkv,2048,1490,0.7275390625,0.9786019921302795
init-init,proj-selfgen-r50-s0,proj-selfdoc-r50-s0,L19.o,19,o,2048,1490,0.7275390625,0.970041036605835
final-final,proj-selfgen-r50-s0,proj-selfdoc-r50-s0,L19.o,19,o,2048,1490,0.7275390625,0.9646613597869873
init-init,proj-selfgen-r50-s0,proj-selfdoc-r50-s0,L19.fc1,19,fc1,2048,1154,0.5634765625,0.972025990486145
final-final,proj-selfgen-r50-s0,proj-selfdoc-r50-s0,L19.fc1,19,fc1,2048,1154,0.5634765625,0.9626882672309875
init-init,proj-selfgen-r50-s0,proj-selfdoc-r50-s0,L19.fc2,19,fc2,2048,1154,0.5634765625,0.9750276207923889
final-final,proj-selfgen-r50-s0,proj-selfdoc-r50-s0,L19.fc2,19,fc2,2048,1154,0.5634765625,0.9642236828804016
init-init,proj-selfgen-r50-s0,proj-selfdoc-r50-s0,L20.qkv,20,qkv,2048,1490,0.7275390625,0.9829026460647583
final-final,proj-selfgen-r50-s0,proj-selfdoc-r50-s0,L20.qkv,20,qkv,2048,1490,0.7275390625,0.9772385954856873
init-init,proj-selfgen-r50-s0,proj-selfdoc-r50-s0,L20.o,20,o,2048,1490,0.7275390625,0.9574761390686035
final-final,proj-selfgen-r50-s0,proj-selfdoc-r50-s0,L20.o,20,o,2048,1490,0.7275390625,0.9514506459236145
init-init,proj-selfgen-r50-s0,proj-selfdoc-r50-s0,L20.fc1,20,fc1,2048,1154,0.5634765625,0.9692591428756714
final-final,proj-selfgen-r50-s0,proj-selfdoc-r50-s0,L20.fc1,20,fc1,2048,1154,0.5634765625,0.9597524404525757
init-init,proj-selfgen-r50-s0,proj-selfdoc-r50-s0,L20.fc2,20,fc2,2048,1154,0.5634765625,0.9698269367218018
final-final,proj-selfgen-r50-s0,proj-selfdoc-r50-s0,L20.fc2,20,fc2,2048,1154,0.5634765625,0.9585826396942139
init-init,proj-selfgen-r50-s0,proj-selfdoc-r50-s0,L21.qkv,21,qkv,2048,1490,0.7275390625,0.9781175851821899
final-final,proj-selfgen-r50-s0,proj-selfdoc-r50-s0,L21.qkv,21,qkv,2048,1490,0.7275390625,0.9728366732597351
init-init,proj-selfgen-r50-s0,proj-selfdoc-r50-s0,L21.o,21,o,2048,1490,0.7275390625,0.9445710778236389
final-final,proj-selfgen-r50-s0,proj-selfdoc-r50-s0,L21.o,21,o,2048,1490,0.7275390625,0.9396250247955322
init-init,proj-selfgen-r50-s0,proj-selfdoc-r50-s0,L21.fc1,21,fc1,2048,1154,0.5634765625,0.9645801186561584
final-final,proj-selfgen-r50-s0,proj-selfdoc-r50-s0,L21.fc1,21,fc1,2048,1154,0.5634765625,0.9558101296424866
init-init,proj-selfgen-r50-s0,proj-selfdoc-r50-s0,L21.fc2,21,fc2,2048,1154,0.5634765625,0.968096911907196
final-final,proj-selfgen-r50-s0,proj-selfdoc-r50-s0,L21.fc2,21,fc2,2048,1154,0.5634765625,0.9573073387145996
init-init,proj-selfgen-r50-s0,proj-selfdoc-r50-s0,L22.qkv,22,qkv,2048,1490,0.7275390625,0.9757114052772522
final-final,proj-selfgen-r50-s0,proj-selfdoc-r50-s0,L22.qkv,22,qkv,2048,1490,0.7275390625,0.9714975357055664
init-init,proj-selfgen-r50-s0,proj-selfdoc-r50-s0,L22.o,22,o,2048,1490,0.7275390625,0.9384015798568726
final-final,proj-selfgen-r50-s0,proj-selfdoc-r50-s0,L22.o,22,o,2048,1490,0.7275390625,0.9340515732765198
init-init,proj-selfgen-r50-s0,proj-selfdoc-r50-s0,L22.fc1,22,fc1,2048,1154,0.5634765625,0.9598129391670227
final-final,proj-selfgen-r50-s0,proj-selfdoc-r50-s0,L22.fc1,22,fc1,2048,1154,0.5634765625,0.9526655077934265
init-init,proj-selfgen-r50-s0,proj-selfdoc-r50-s0,L22.fc2,22,fc2,2048,1154,0.5634765625,0.968693733215332
final-final,proj-selfgen-r50-s0,proj-selfdoc-r50-s0,L22.fc2,22,fc2,2048,1154,0.5634765625,0.9596173763275146
init-init,proj-selfgen-r50-s0,proj-selfdoc-r50-s0,L23.qkv,23,qkv,2048,1490,0.7275390625,0.9739618897438049
final-final,proj-selfgen-r50-s0,proj-selfdoc-r50-s0,L23.qkv,23,qkv,2048,1490,0.7275390625,0.9732319712638855
init-init,proj-selfgen-r50-s0,proj-selfdoc-r50-s0,L23.o,23,o,2048,1490,0.7275390625,0.9338929653167725
final-final,proj-selfgen-r50-s0,proj-selfdoc-r50-s0,L23.o,23,o,2048,1490,0.7275390625,0.9300152659416199
init-init,proj-selfgen-r50-s0,proj-selfdoc-r50-s0,L23.fc1,23,fc1,2048,1154,0.5634765625,0.9535107612609863
final-final,proj-selfgen-r50-s0,proj-selfdoc-r50-s0,L23.fc1,23,fc1,2048,1154,0.5634765625,0.9486358165740967
init-init,proj-selfgen-r50-s0,proj-selfdoc-r50-s0,L23.fc2,23,fc2,2048,1154,0.5634765625,0.9682202339172363
final-final,proj-selfgen-r50-s0,proj-selfdoc-r50-s0,L23.fc2,23,fc2,2048,1154,0.5634765625,0.9566094279289246
