pair,a,b,unit,block,kind,d,k,chance,overlap
init-final,proj-wikitext2-r30-s0,proj-wikitext2-r30-s0,L0.qkv,0,qkv,2048,1266,0.6181640625,0.9970069527626038
init-final,proj-wikitext2-r30-s0,proj-wikitext2-r30-s0,L0.o,0,o,2048,1266,0.6181640625,0.9976339936256409
init-final,proj-wikitext2-r30-s0,proj-wikitext2-r30-s0,L0.fc1,0,fc1,2048,797,0.38916015625,0.9967869520187378
init-final,proj-wikitext2-r30-s0,proj-wikitext2-r30-s0,L0.fc2,0,fc2,2048,797,0.38916015625,0.9970859885215759
init-final,proj-wikitext2-r30-s0,proj-wikitext2-r30-s0,L1.qkv,1,qkv,2048,1266,0.6181640625,0.9981181621551514
init-final,proj-wikitext2-r30-s0,proj-wikitext2-r30-s0,L1.o,1,o,2048,1266,0.6181640625,0.9981946349143982
init-final,proj-wikitext2-r30-s0,proj-wikitext2-r30-s0,L1.fc1,1,fc1,2048,797,0.38916015625,0.9981365203857422
init-final,proj-wikitext2-r30-s0,proj-wikitext2-r30-s0,L1.fc2,1,fc2,2048,797,0.38916015625,0.9969334006309509
init-final,proj-wikitext2-r30-s0,proj-wikitext2-r30-s0,L2.qkv,2,qkv,2048,1266,0.6181640625,0.9979656934738159
init-final,proj-wikitext2-r30-s0,proj-wikitext2-r30-s0,L2.o,2,o,2048,1266,0.6181640625,0.9984397888183594
init-final,proj-wikitext2-r30-s0,proj-wikitext2-r30-s0,L2.fc1,2,fc1,2048,797,0.38916015625,0.9980863928794861
init-final,proj-wikitext2-r30-s0,proj-wikitext2-r30-s0,L2.fc2,2,fc2,2048,797,0.38916015625,0.996909499168396
init-final,proj-wikitext2-r30-s0,proj-wikitext2-r30-s0,L3.qkv,3,qkv,2048,1266,0.6181640625,0.9979031085968018
init-final,proj-wikitext2-r30-s0,proj-wikitext2-r30-s0,L3.o,3,o,2048,1266,0.6181640625,0.9983589053153992
init-final,proj-wikitext2-r30-s0,proj-wikitext2-r30-s0,L3.fc1,3,fc1,2048,797,0.38916015625,0.9975225925445557
init-final,proj-wikitext2-r30-s0,proj-wikitext2-r30-s0,L3.fc2,3,fc2,2048,797,0.38916015625,0.9965482950210571
init-final,proj-wikitext2-r30-s0,proj-wikitext2-r30-s0,L4.qkv,4,qkv,2048,1266,0.6181640625,0.9979106187820435
init-final,proj-wikitext2-r30-s0,proj-wikitext2-r30-s0,L4.o,4,o,2048,1266,0.6181640625,0.9983533024787903
init-final,proj-wikitext2-r30-s0,proj-wikitext2-r30-s0,L4.fc1,4,fc1,2048,797,0.38916015625,0.9972332715988159
init-final,proj-wikitext2-r30-s0,proj-wikitext2-r30-s0,L4.fc2,4,fc2,2048,797,0.38916015625,0.9966740608215332
init-final,proj-wikitext2-r30-s0,proj-wikitext2-r30-s0,L5.qkv,5,qkv,2048,1266,0.6181640625,0.9978723526000977
init-final,proj-wikitext2-r30-s0,proj-wikitext2-r30-s0,L5.o,5,o,2048,1266,0.6181640625,0.9981063008308411
init-final,proj-wikitext2-r30-s0,proj-wikitext2-r30-s0,L5.fc1,5,fc1,2048,797,0.38916015625,0.9971579909324646
init-final,proj-wikitext2-r30-s0,proj-wikitext2-r30-s0,L5.fc2,5,fc2,2048,797,0.38916015625,0.9967774748802185
init-final,proj-wikitext2-r30-s0,proj-wikitext2-r30-s0,L6.qkv,6,qkv,2048,1266,0.6181640625,0.9974488615989685
init-final,proj-wikitext2-r30-s0,proj-wikitext2-r30-s0,L6.o,6,o,2048,1266,0.6181640625,0.9976553320884705
init-final,proj-wikitext2-r30-s0,proj-wikitext2-r30-s0,L6.fc1,6,fc1,2048,797,0.38916015625,0.9968171715736389
init-final,proj-wikitext2-r30-s0,proj-wikitext2-r30-s0,L6.fc2,6,fc2,2048,797,0.38916015625,0.9970773458480835
init-final,proj-wikitext2-r30-s0,proj-wikitext2-r30-s0,L7.qkv,7,qkv,2048,1266,0.6181640625,0.9974372982978821
init-final,proj-wikitext2-r30-s0,proj-wikitext2-r30-s0,L7.o,7,o,2048,1266,0.6181640625,0.9975460767745972
init-final,proj-wikitext2-r30-s0,proj-wikitext2-r30-s0,L7.fc1,7,fc1,2048,797,0.38916015625,0.9966124296188354
init-final,proj-wikitext2-r30-s0,proj-wikitext2-r30-s0,L7.fc2,7,fc2,2048,797,0.38916015625,0.997020959854126
init-final,proj-wikitext2-r30-s0,proj-wikitext2-r30-s0,L8.qkv,8,qkv,2048,1266,0.6181640625,0.9974091649055481
init-final,proj-wikitext2-r30-s0,proj-wikitext2-r30-s0,L8.o,8,o,2048,1266,0.6181640625,0.9974005818367004
init-final,proj-wikitext2-r30-s0,proj-wikitext2-r30-s0,L8.fc1,8,fc1,2048,797,0.38916015625,0.9963635206222534
init-final,proj-wikitext2-r30-s0,proj-wikitext2-r30-s0,L8.fc2,8,fc2,2048,797,0.38916015625,0.9965271353721619
init-final,proj-wikitext2-r30-s0,proj-wikitext2-r30-s0,L9.qkv,9,qkv,2048,1266,0.6181640625,0.9971786737442017
init-final,proj-wikitext2-r30-s0,proj-wikitext2-r30-s0,L9.o,9,o,2048,1266,0.6181640625,0.9971567392349243
init-final,proj-wikitext2-r30-s0,proj-wikitext2-r30-s0,L9.fc1,9,fc1,2048,797,0.38916015625,0.996368408203125
init-final,proj-wikitext2-r30-s0,proj-wikitext2-r30-s0,L9.fc2,9,fc2,2048,797,0.38916015625,0.9963804483413696
init-final,proj-wikitext2-r30-s0,proj-wikitext2-r30-s0,L10.qkv,10,qkv,2048,1266,0.6181640625,0.9972774386405945
init-final,proj-wikitext2-r30-s0,proj-wikitext2-r30-s0,L10.o,10,o,2048,1266,0.6181640625,0.9970321655273438
init-final,proj-wikitext2-r30-s0,proj-wikitext2-r30-s0,L10.fc1,10,fc1,2048,797,0.38916015625,0.996168315410614
init-final,proj-wikitext2-r30-s0,proj-wikitext2-r30-s0,L10.fc2,10,fc2,2048,797,0.38916015625,0.9961851239204407
init-final,proj-wikitext2-r30-s0,proj-wikitext2-r30-s0,L11.qkv,11,qkv,2048,1266,0.6181640625,0.9971429109573364
init-final,proj-wikitext2-r30-s0,proj-wikitext2-r30-s0,L11.o,11,o,2048,1266,0.6181640625,0.9971522688865662
init-final,proj-wikitext2-r30-s0,proj-wikitext2-r30-s0,L11.fc1,11,fc1,2048,797,0.38916015625,0.9960395693778992
init-final,proj-wikitext2-r30-s0,proj-wikitext2-r30-s0,L11.fc2,11,fc2,2048,797,0.38916015625,0.9960459470748901
init-final,proj-wikitext2-r30-s0,proj-wikitext2-r30-s0,L12.qkv,12,qkv,2048,1266,0.6181640625,0.9970141053199768
init-final,proj-wikitext2-r30-s0,proj-wikitext2-r30-s0,L12.o,12,o,2048,1266,0.6181640625,0.9970269203186035
init-final,proj-wikitext2-r30-s0,proj-wikitext2-r30-s0,L12.fc1,12,fc1,2048,797,0.38916015625,0.9961225986480713
init-final,proj-wikitext2-r30-s0,proj-wikitext2-r30-s0,L12.fc2,12,fc2,2048,797,0.38916015625,0.9959551095962524
init-final,proj-wikitext2-r30-s0,proj-wikitext2-r30-s0,L13.qkv,13,qkv,2048,1266,0.6181640625,0.9967520236968994
init-final,proj-wikitext2-r30-s0,proj-wikitext2-r30-s0,L13.o,13,o,2048,1266,0.6181640625,0.996650218963623
init-final,proj-wikitext2-r30-s0,proj-wikitext2-r30-s0,L13.fc1,13,fc1,2048,797,0.38916015625,0.9962936043739319
init-final,proj-wikitext2-r30-s0,proj-wikitext2-r30-s0,L13.fc2,13,fc2,2048,797,0.38916015625,0.9959183931350708
init-final,proj-wikitext2-r30-s0,proj-wikitext2-r30-s0,L14.qkv,14,qkv,2048,1266,0.6181640625,0.9971614480018616
init-final,proj-wikitext2-r30-s0,proj-wikitext2-r30-s0,L14.o,14,o,2048,1266,0.6181640625,0.9971029162406921
init-final,proj-wikitext2-r30-s0,proj-wikitext2-r30-s0,L14.fc1,14,fc1,2048,797,0.38916015625,0.9964186549186707
init-final,proj-wikitext2-r30-s0,proj-wikitext2-r30-s0,L14.fc2,14,fc2,2048,797,0.38916015625,0.9958044290542603
init-final,proj-wikitext2-r30-s0,proj-wikitext2-r30-s0,L15.qkv,15,qkv,2048,1266,0.6181640625,0.9973769187927246
init-final,proj-wikitext2-r30-s0,proj-wikitext2-r30-s0,L15.o,15,o,2048,1266,0.6181640625,0.9969803690910339
init-final,proj-wikitext2-r30-s0,proj-wikitext2-r30-s0,L15.fc1,15,fc1,2048,797,0.38916015625,0.9962132573127747
init-final,proj-wikitext2-r30-s0,proj-wikitext2-r30-s0,L15.fc2,15,fc2,2048,797,0.38916015625,0.9959332346916199
init-final,proj-wikitext2-r30-s0,proj-wikitext2-r30-s0,L16.qkv,16,qkv,2048,1266,0.6181640625,0.997471034526825
init-final,proj-wikitext2-r30-s0,proj-wikitext2-r30-s0,L16.o,16,o,2048,1266,0.6181640625,0.9974099397659302
init-final,proj-wikitext2-r30-s0,proj-wikitext2-r30-s0,L16.fc1,16,fc1,2048,797,0.38916015625,0.9958418011665344
init-final,proj-wikitext2-r30-s0,proj-wikitext2-r30-s0,L16.fc2,16,fc2,2048,797,0.38916015625,0.9955396056175232
init-final,proj-wikitext2-r30-s0,proj-wikitext2-r30-s0,L17.qkv,17,qkv,2048,1266,0.6181640625,0.9970760941505432
init-final,proj-wikitext2-r30-s0,proj-wikitext2-r30-s0,L17.o,17,o,2048,1266,0.6181640625,0.9973094463348389
init-final,proj-wikitext2-r30-s0,proj-wikitext2-r30-s0,L17.fc1,17,fc1,2048,797,0.38916015625,0.9961010813713074
init-final,proj-wikitext2-r30-s0,proj-wikitext2-r30-s0,L17.fc2,17,fc2,2048,797,0.38916015625,0.9959491491317749
init-final,proj-wikitext2-r30-s0,proj-wikitext2-r30-s0,L18.qkv,18,qkv,2048,1266,0.6181640625,0.9978172779083252
init-final,proj-wikitext2-r30-s0,proj-wikitext2-r30-s0,L18.o,18,o,2048,1266,0.6181640625,0.9976086616516113
init-final,proj-wikitext2-r30-s0,proj-wikitext2-r30-s0,L18.fc1,18,fc1,2048,797,0.38916015625,0.9956486225128174
init-final,proj-wikitext2-r30-s0,proj-wikitext2-r30-s0,L18.fc2,18,fc2,2048,797,0.38916015625,0.9956762194633484
init-final,proj-wikitext2-r30-s0,proj-wikitext2-r30-s0,L19.qkv,19,qkv,2048,1266,0.6181640625,0.9975585341453552
init-final,proj-wikitext2-r30-s0,proj-wikitext2-r30-s0,L19.o,19,o,2048,1266,0.6181640625,0.9977121949195862
init-final,proj-wikitext2-r30-s0,proj-wikitext2-r30-s0,L19.fc1,19,fc1,2048,797,0.38916015625,0.9955049753189087
init-final,proj-wikitext2-r30-s0,proj-wikitext2-r30-s0,L19.fc2,19,fc2,2048,797,0.38916015625,0.9954949021339417
init-final,proj-wikitext2-r30-s0,proj-wikitext2-r30-s0,L20.qkv,20,qkv,2048,1266,0.6181640625,0.9976797103881836
init-final,proj-wikitext2-r30-s0,proj-wikitext2-r30-s0,L20.o,20,o,2048,1266,0.6181640625,0.9977416396141052
init-final,proj-wikitext2-r30-s0,proj-wikitext2-r30-s0,L20.fc1,20,fc1,2048,797,0.38916015625,0.9953680634498596
init-final,proj-wikitext2-r30-s0,proj-wikitext2-r30-s0,L20.fc2,20,fc2,2048,797,0.38916015625,0.9953635931015015
init-final,proj-wikitext2-r30-s0,proj-wikitext2-r30-s0,L21.qkv,21,qkv,2048,1266,0.6181640625,0.9980001449584961
init-final,proj-wikitext2-r30-s0,proj-wikitext2-r30-s0,L21.o,21,o,2048,1266,0.6181640625,0.9980660080909729
init-final,proj-wikitext2-r30-s0,proj-wikitext2-r30-s0,L21.fc1,21,fc1,2048,797,0.38916015625,0.9960309267044067
init-final,proj-wikitext2-r30-s0,proj-wikitext2-r30-s0,L21.fc2,21,fc2,2048,797,0.38916015625,0.9959502220153809
init-final,proj-wikitext2-r30-s0,proj-wikitext2-r30-s0,L22.qkv,22,qkv,2048,1266,0.6181640625,0.9983426332473755
init-final,proj-wikitext2-r30-s0,proj-wikitext2-r30-s0,L22.o,22,o,2048,1266,0.6181640625,0.9977671504020691
init-final,proj-wikitext2-r30-s0,proj-wikitext2-r30-s0,L22.fc1,22,fc1,2048,797,0.38916015625,0.9971437454223633
init-final,proj-wikitext2-r30-s0,proj-wikitext2-r30-s0,L22.fc2,22,fc2,2048,797,0.38916015625,0.9962166547775269
init-final,proj-wikitext2-r30-s0,proj-wikitext2-r30-s0,L23.qkv,23,qkv,2048,1266,0.6181640625,0.9992853403091431
init-final,proj-wikitext2-r30-s0,proj-wikitext2-r30-s0,L23.o,23,o,2048,1266,0.6181640625,0.9977519512176514
init-final,proj-wikitext2-r30-s0,proj-wikitext2-r30-s0,L23.fc1,23,fc1,2048,797,0.38916015625,0.997206449508667
init-final,proj-wikitext2-r30-s0,proj-wikitext2-r30-s0,L23.fc2,23,fc2,2048,797,0.38916015625,0.9957973957061768
init-final,proj-c4-r30-s0,proj-c4-r30-s0,L0.qkv,0,qkv,2048,1266,0.6181640625,0.9970263838768005
init-final,proj-c4-r30-s0,proj-c4-r30-s0,L0.o,0,o,2048,1266,0.6181640625,0.9975403547286987
init-final,proj-c4-r30-s0,proj-c4-r30-s0,L0.fc1,0,fc1,2048,797,0.38916015625,0.9968498945236206
init-final,proj-c4-r30-s0,proj-c4-r30-s0,L0.fc2,0,fc2,2048,797,0.38916015625,0.996859073638916
init-final,proj-c4-r30-s0,proj-c4-r30-s0,L1.qkv,1,qkv,2048,1266,0.6181640625,0.9979045391082764
init-final,proj-c4-r30-s0,proj-c4-r30-s0,L1.o,1,o,2048,1266,0.6181640625,0.997929036617279
init-final,proj-c4-r30-s0,proj-c4-r30-s0,L1.fc1,1,fc1,2048,797,0.38916015625,0.9980767369270325
init-final,proj-c4-r30-s0,proj-c4-r30-s0,L1.fc2,1,fc2,2048,797,0.38916015625,0.9963672757148743
init-final,proj-c4-r30-s0,proj-c4-r30-s0,L2.qkv,2,qkv,2048,1266,0.6181640625,0.9974255561828613
init-final,proj-c4-r30-s0,proj-c4-r30-s0,L2.o,2,o,2048,1266,0.6181640625,0.998054027557373
init-final,proj-c4-r30-s0,proj-c4-r30-s0,L2.fc1,2,fc1,2048,797,0.38916015625,0.9980171322822571
init-final,proj-c4-r30-s0,proj-c4-r30-s0,L2.fc2,2,fc2,2048,797,0.38916015625,0.9961285591125488
init-final,proj-c4-r30-s0,proj-c4-r30-s0,L3.qkv,3,qkv,2048,1266,0.6181640625,0.9971021413803101
init-final,proj-c4-r30-s0,proj-c4-r30-s0,L3.o,3,o,2048,1266,0.6181640625,0.9977498054504395
init-final,proj-c4-r30-s0,proj-c4-r30-s0,L3.fc1,3,fc1,2048,797,0.38916015625,0.9973800778388977
init-final,proj-c4-r30-s0,proj-c4-r30-s0,L3.fc2,3,fc2,2048,797,0.38916015625,0.996248722076416
init-final,proj-c4-r30-s0,proj-c4-r30-s0,L4.qkv,4,qkv,2048,1266,0.6181640625,0.9972604513168335
init-final,proj-c4-r30-s0,proj-c4-r30-s0,L4.o,4,o,2048,1266,0.6181640625,0.9977483749389648
init-final,proj-c4-r30-s0,proj-c4-r30-s0,L4.fc1,4,fc1,2048,797,0.38916015625,0.9969998598098755
init-final,proj-c4-r30-s0,proj-c4-r30-s0,L4.fc2,4,fc2,2048,797,0.38916015625,0.9962787628173828
init-final,proj-c4-r30-s0,proj-c4-r30-s0,L5.qkv,5,qkv,2048,1266,0.6181640625,0.9971100687980652
init-final,proj-c4-r30-s0,proj-c4-r30-s0,L5.o,5,o,2048,1266,0.6181640625,0.9974793195724487
init-final,proj-c4-r30-s0,proj-c4-r30-s0,L5.fc1,5,fc1,2048,797,0.38916015625,0.9965966939926147
init-final,proj-c4-r30-s0,proj-c4-r30-s0,L5.fc2,5,fc2,2048,797,0.38916015625,0.9960570335388184
init-final,proj-c4-r30-s0,proj-c4-r30-s0,L6.qkv,6,qkv,2048,1266,0.6181640625,0.9966788291931152
init-final,proj-c4-r30-s0,proj-c4-r30-s0,L6.o,6,o,2048,1266,0.6181640625,0.9971152544021606
init-final,proj-c4-r30-s0,proj-c4-r30-s0,L6.fc1,6,fc1,2048,797,0.38916015625,0.9961985945701599
init-final,proj-c4-r30-s0,proj-c4-r30-s0,L6.fc2,6,fc2,2048,797,0.38916015625,0.9962854385375977
init-final,proj-c4-r30-s0,proj-c4-r30-s0,L7.qkv,7,qkv,2048,1266,0.6181640625,0.9965860843658447
init-final,proj-c4-r30-s0,proj-c4-r30-s0,L7.o,7,o,2048,1266,0.6181640625,0.996728777885437
init-final,proj-c4-r30-s0,proj-c4-r30-s0,L7.fc1,7,fc1,2048,797,0.38916015625,0.995892345905304
init-final,proj-c4-r30-s0,proj-c4-r30-s0,L7.fc2,7,fc2,2048,797,0.38916015625,0.9962384700775146
init-final,proj-c4-r30-s0,proj-c4-r30-s0,L8.qkv,8,qkv,2048,1266,0.6181640625,0.9964792728424072
init-final,proj-c4-r30-s0,proj-c4-r30-s0,L8.o,8,o,2048,1266,0.6181640625,0.9967003464698792
init-final,proj-c4-r30-s0,proj-c4-r30-s0,L8.fc1,8,fc1,2048,797,0.38916015625,0.9958755373954773
init-final,proj-c4-r30-s0,proj-c4-r30-s0,L8.fc2,8,fc2,2048,797,0.38916015625,0.9958184957504272
init-final,proj-c4-r30-s0,proj-c4-r30-s0,L9.qkv,9,qkv,2048,1266,0.6181640625,0.9964048266410828
init-final,proj-c4-r30-s0,proj-c4-r30-s0,L9.o,9,o,2048,1266,0.6181640625,0.9965596795082092
init-final,proj-c4-r30-s0,proj-c4-r30-s0,L9.fc1,9,fc1,2048,797,0.38916015625,0.995634913444519
init-final,proj-c4-r30-s0,proj-c4-r30-s0,L9.fc2,9,fc2,2048,797,0.38916015625,0.9955781698226929
init-final,proj-c4-r30-s0,proj-c4-r30-s0,L10.qkv,10,qkv,2048,1266,0.6181640625,0.9965189099311829
init-final,proj-c4-r30-s0,proj-c4-r30-s0,L10.o,10,o,2048,1266,0.6181640625,0.9964306354522705
init-final,proj-c4-r30-s0,proj-c4-r30-s0,L10.fc1,10,fc1,2048,797,0.38916015625,0.9955834746360779
init-final,proj-c4-r30-s0,proj-c4-r30-s0,L10.fc2,10,fc2,2048,797,0.38916015625,0.9954210519790649
init-final,proj-c4-r30-s0,proj-c4-r30-s0,L11.qkv,11,qkv,2048,1266,0.6181640625,0.996654748916626
init-final,proj-c4-r30-s0,proj-c4-r30-s0,L11.o,11,o,2048,1266,0.6181640625,0.9965985417366028
init-final,proj-c4-r30-s0,proj-c4-r30-s0,L11.fc1,11,fc1,2048,797,0.38916015625,0.9956008791923523
init-final,proj-c4-r30-s0,proj-c4-r30-s0,L11.fc2,11,fc2,2048,797,0.38916015625,0.9953286051750183
init-final,proj-c4-r30-s0,proj-c4-r30-s0,L12.qkv,12,qkv,2048,1266,0.6181640625,0.9965620040893555
init-final,proj-c4-r30-s0,proj-c4-r30-s0,L12.o,12,o,2048,1266,0.6181640625,0.9965903162956238
init-final,proj-c4-r30-s0,proj-c4-r30-s0,L12.fc1,12,fc1,2048,797,0.38916015625,0.9956450462341309
init-final,proj-c4-r30-s0,proj-c4-r30-s0,L12.fc2,12,fc2,2048,797,0.38916015625,0.9951470494270325
init-final,proj-c4-r30-s0,proj-c4-r30-s0,L13.qkv,13,qkv,2048,1266,0.6181640625,0.9963529706001282
init-final,proj-c4-r30-s0,proj-c4-r30-s0,L13.o,13,o,2048,1266,0.6181640625,0.9961603879928589
init-final,proj-c4-r30-s0,proj-c4-r30-s0,L13.fc1,13,fc1,2048,797,0.38916015625,0.9955590963363647
init-final,proj-c4-r30-s0,proj-c4-r30-s0,L13.fc2,13,fc2,2048,797,0.38916015625,0.9949986338615417
init-final,proj-c4-r30-s0,proj-c4-r30-s0,L14.qkv,14,qkv,2048,1266,0.6181640625,0.9966081976890564
init-final,proj-c4-r30-s0,proj-c4-r30-s0,L14.o,14,o,2048,1266,0.6181640625,0.9965003728866577
init-final,proj-c4-r30-s0,proj-c4-r30-s0,L14.fc1,14,fc1,2048,797,0.38916015625,0.9956794381141663
init-final,proj-c4-r30-s0,proj-c4-r30-s0,L14.fc2,14,fc2,2048,797,0.38916015625,0.9952359795570374
init-final,proj-c4-r30-s0,proj-c4-r30-s0,L15.qkv,15,qkv,2048,1266,0.6181640625,0.9966516494750977
init-final,proj-c4-r30-s0,proj-c4-r30-s0,L15.o,15,o,2048,1266,0.6181640625,0.9963433146476746
init-final,proj-c4-r30-s0,proj-c4-r30-s0,L15.fc1,15,fc1,2048,797,0.38916015625,0.9953559637069702
init-final,proj-c4-r30-s0,proj-c4-r30-s0,L15.fc2,15,fc2,2048,797,0.38916015625,0.9949973821640015
init-final,proj-c4-r30-s0,proj-c4-r30-s0,L16.qkv,16,qkv,2048,1266,0.6181640625,0.996810257434845
init-final,proj-c4-r30-s0,proj-c4-r30-s0,L16.o,16,o,2048,1266,0.6181640625,0.9967579245567322
init-final,proj-c4-r30-s0,proj-c4-r30-s0,L16.fc1,16,fc1,2048,797,0.38916015625,0.9952213168144226
init-final,proj-c4-r30-s0,proj-c4-r30-s0,L16.fc2,16,fc2,2048,797,0.38916015625,0.9948671460151672
init-final,proj-c4-r30-s0,proj-c4-r30-s0,L17.qkv,17,qkv,2048,1266,0.6181640625,0.9964142441749573
init-final,proj-c4-r30-s0,proj-c4-r30-s0,L17.o,17,o,2048,1266,0.6181640625,0.9966651797294617
init-final,proj-c4-r30-s0,proj-c4-r30-s0,L17.fc1,17,fc1,2048,797,0.38916015625,0.9951556324958801
init-final,proj-c4-r30-s0,proj-c4-r30-s0,L17.fc2,17,fc2,2048,797,0.38916015625,0.9950255155563354
init-final,proj-c4-r30-s0,proj-c4-r30-s0,L18.qkv,18,qkv,2048,1266,0.6181640625,0.9967841506004333
init-final,proj-c4-r30-s0,proj-c4-r30-s0,L18.o,18,o,2048,1266,0.6181640625,0.9969007968902588
init-final,proj-c4-r30-s0,proj-c4-r30-s0,L18.fc1,18,fc1,2048,797,0.38916015625,0.994702160358429
init-final,proj-c4-r30-s0,proj-c4-r30-s0,L18.fc2,18,fc2,2048,797,0.38916015625,0.9949418306350708
init-final,proj-c4-r30-s0,proj-c4-r30-s0,L19.qkv,19,qkv,2048,1266,0.6181640625,0.9969307780265808
init-final,proj-c4-r30-s0,proj-c4-r30-s0,L19.o,19,o,2048,1266,0.6181640625,0.9971445798873901
init-final,proj-c4-r30-s0,proj-c4-r30-s0,L19.fc1,19,fc1,2048,797,0.38916015625,0.9948402643203735
init-final,proj-c4-r30-s0,proj-c4-r30-s0,L19.fc2,19,fc2,2048,797,0.38916015625,0.994835615158081
init-final,proj-c4-r30-s0,proj-c4-r30-s0,L20.qkv,20,qkv,2048,1266,0.6181640625,0.9970980882644653
init-final,proj-c4-r30-s0,proj-c4-r30-s0,L20.o,20,o,2048,1266,0.6181640625,0.9970868825912476
init-final,proj-c4-r30-s0,proj-c4-r30-s0,L20.fc1,20,fc1,2048,797,0.38916015625,0.9950979351997375
init-final,proj-c4-r30-s0,proj-c4-r30-s0,L20.fc2,20,fc2,2048,797,0.38916015625,0.9947406053543091
init-final,proj-c4-r30-s0,proj-c4-r30-s0,L21.qkv,21,qkv,2048,1266,0.6181640625,0.9971081018447876
init-final,proj-c4-r30-s0,proj-c4-r30-s0,L21.o,21,o,2048,1266,0.6181640625,0.9973867535591125
init-final,proj-c4-r30-s0,proj-c4-r30-s0,L21.fc1,21,fc1,2048,797,0.38916015625,0.9955644011497498
init-final,proj-c4-r30-s0,proj-c4-r30-s0,L21.fc2,21,fc2,2048,797,0.38916015625,0.9949960112571716
init-final,proj-c4-r30-s0,proj-c4-r30-s0,L22.qkv,22,qkv,2048,1266,0.6181640625,0.9974806904792786
init-final,proj-c4-r30-s0,proj-c4-r30-s0,L22.o,22,o,2048,1266,0.6181640625,0.9970722794532776
init-final,proj-c4-r30-s0,proj-c4-r30-s0,L22.fc1,22,fc1,2048,797,0.38916015625,0.9965733885765076
init-final,proj-c4-r30-s0,proj-c4-r30-s0,L22.fc2,22,fc2,2048,797,0.38916015625,0.995972752571106
init-final,proj-c4-r30-s0,proj-c4-r30-s0,L23.qkv,23,qkv,2048,1266,0.6181640625,0.9994502067565918
init-final,proj-c4-r30-s0,proj-c4-r30-s0,L23.o,23,o,2048,1266,0.6181640625,0.9965091347694397
init-final,proj-c4-r30-s0,proj-c4-r30-s0,L23.fc1,23,fc1,2048,797,0.38916015625,0.9957751631736755
init-final,proj-c4-r30-s0,proj-c4-r30-s0,L23.fc2,23,fc2,2048,797,0.38916015625,0.9944237470626831
init-final,proj-slimpajama-r30-s0,proj-slimpajama-r30-s0,L0.qkv,0,qkv,2048,1266,0.6181640625,0.9960464239120483
init-final,proj-slimpajama-r30-s0,proj-slimpajama-r30-s0,L0.o,0,o,2048,1266,0.6181640625,0.9959830641746521
init-final,proj-slimpajama-r30-s0,proj-slimpajama-r30-s0,L0.fc1,0,fc1,2048,797,0.38916015625,0.9959843158721924
init-final,proj-slimpajama-r30-s0,proj-slimpajama-r30-s0,L0.fc2,0,fc2,2048,797,0.38916015625,0.9958348870277405
init-final,proj-slimpajama-r30-s0,proj-slimpajama-r30-s0,L1.qkv,1,qkv,2048,1266,0.6181640625,0.9965818524360657
init-final,proj-slimpajama-r30-s0,proj-slimpajama-r30-s0,L1.o,1,o,2048,1266,0.6181640625,0.9963743686676025
init-final,proj-slimpajama-r30-s0,proj-slimpajama-r30-s0,L1.fc1,1,fc1,2048,797,0.38916015625,0.9972759485244751
init-final,proj-slimpajama-r30-s0,proj-slimpajama-r30-s0,L1.fc2,1,fc2,2048,797,0.38916015625,0.9959105849266052
init-final,proj-slimpajama-r30-s0,proj-slimpajama-r30-s0,L2.qkv,2,qkv,2048,1266,0.6181640625,0.9967913031578064
init-final,proj-slimpajama-r30-s0,proj-slimpajama-r30-s0,L2.o,2,o,2048,1266,0.6181640625,0.9969199895858765
init-final,proj-slimpajama-r30-s0,proj-slimpajama-r30-s0,L2.fc1,2,fc1,2048,797,0.38916015625,0.9970919489860535
init-final,proj-slimpajama-r30-s0,proj-slimpajama-r30-s0,L2.fc2,2,fc2,2048,797,0.38916015625,0.9956842064857483
init-final,proj-slimpajama-r30-s0,proj-slimpajama-r30-s0,L3.qkv,3,qkv,2048,1266,0.6181640625,0.9966709613800049
init-final,proj-slimpajama-r30-s0,proj-slimpajama-r30-s0,L3.o,3,o,2048,1266,0.6181640625,0.9967215657234192
init-final,proj-slimpajama-r30-s0,proj-slimpajama-r30-s0,L3.fc1,3,fc1,2048,797,0.38916015625,0.9967912435531616
init-final,proj-slimpajama-r30-s0,proj-slimpajama-r30-s0,L3.fc2,3,fc2,2048,797,0.38916015625,0.9954842329025269
init-final,proj-slimpajama-r30-s0,proj-slimpajama-r30-s0,L4.qkv,4,qkv,2048,1266,0.6181640625,0.9965008497238159
init-final,proj-slimpajama-r30-s0,proj-slimpajama-r30-s0,L4.o,4,o,2048,1266,0.6181640625,0.9966337084770203
init-final,proj-slimpajama-r30-s0,proj-slimpajama-r30-s0,L4.fc1,4,fc1,2048,797,0.38916015625,0.9963772296905518
init-final,proj-slimpajama-r30-s0,proj-slimpajama-r30-s0,L4.fc2,4,fc2,2048,797,0.38916015625,0.9957298040390015
init-final,proj-slimpajama-r30-s0,proj-slimpajama-r30-s0,L5.qkv,5,qkv,2048,1266,0.6181640625,0.9963898062705994
init-final,proj-slimpajama-r30-s0,proj-slimpajama-r30-s0,L5.o,5,o,2048,1266,0.6181640625,0.9963383078575134
init-final,proj-slimpajama-r30-s0,proj-slimpajama-r30-s0,L5.fc1,5,fc1,2048,797,0.38916015625,0.9960426092147827
init-final,proj-slimpajama-r30-s0,proj-slimpajama-r30-s0,L5.fc2,5,fc2,2048,797,0.38916015625,0.9956726431846619
init-final,proj-slimpajama-r30-s0,proj-slimpajama-r30-s0,L6.qkv,6,qkv,2048,1266,0.6181640625,0.9960708022117615
init-final,proj-slimpajama-r30-s0,proj-slimpajama-r30-s0,L6.o,6,o,2048,1266,0.6181640625,0.9960427284240723
init-final,proj-slimpajama-r30-s0,proj-slimpajama-r30-s0,L6.fc1,6,fc1,2048,797,0.38916015625,0.9956987500190735
init-final,proj-slimpajama-r30-s0,proj-slimpajama-r30-s0,L6.fc2,6,fc2,2048,797,0.38916015625,0.9959290623664856
init-final,proj-slimpajama-r30-s0,proj-slimpajama-r30-s0,L7.qkv,7,qkv,2048,1266,0.6181640625,0.995901882648468
init-final,proj-slimpajama-r30-s0,proj-slimpajama-r30-s0,L7.o,7,o,2048,1266,0.6181640625,0.9957545399665833
init-final,proj-slimpajama-r30-s0,proj-slimpajama-r30-s0,L7.fc1,7,fc1,2048,797,0.38916015625,0.9955422878265381
init-final,proj-slimpajama-r30-s0,proj-slimpajama-r30-s0,L7.fc2,7,fc2,2048,797,0.38916015625,0.9956954121589661
init-final,proj-slimpajama-r30-s0,proj-slimpajama-r30-s0,L8.qkv,8,qkv,2048,1266,0.6181640625,0.9958661794662476
init-final,proj-slimpajama-r30-s0,proj-slimpajama-r30-s0,L8.o,8,o,2048,1266,0.6181640625,0.9957559704780579
init-final,proj-slimpajama-r30-s0,proj-slimpajama-r30-s0,L8.fc1,8,fc1,2048,797,0.38916015625,0.9952438473701477
init-final,proj-slimpajama-r30-s0,proj-slimpajama-r30-s0,L8.fc2,8,fc2,2048,797,0.38916015625,0.9953438639640808
init-final,proj-slimpajama-r30-s0,proj-slimpajama-r30-s0,L9.qkv,9,qkv,2048,1266,0.6181640625,0.995654821395874
init-final,proj-slimpajama-r30-s0,proj-slimpajama-r30-s0,L9.o,9,o,2048,1266,0.6181640625,0.9955399036407471
init-final,proj-slimpajama-r30-s0,proj-slimpajama-r30-s0,L9.fc1,9,fc1,2048,797,0.38916015625,0.9950386881828308
init-final,proj-slimpajama-r30-s0,proj-slimpajama-r30-s0,L9.fc2,9,fc2,2048,797,0.38916015625,0.9951087236404419
init-final,proj-slimpajama-r30-s0,proj-slimpajama-r30-s0,L10.qkv,10,qkv,2048,1266,0.6181640625,0.9956862926483154
init-final,proj-slimpajama-r30-s0,proj-slimpajama-r30-s0,L10.o,10,o,2048,1266,0.6181640625,0.9954070448875427
init-final,proj-slimpajama-r30-s0,proj-slimpajama-r30-s0,L10.fc1,10,fc1,2048,797,0.38916015625,0.9948171377182007
init-final,proj-slimpajama-r30-s0,proj-slimpajama-r30-s0,L10.fc2,10,fc2,2048,797,0.38916015625,0.9948633313179016
init-final,proj-slimpajama-r30-s0,proj-slimpajama-r30-s0,L11.qkv,11,qkv,2048,1266,0.6181640625,0.9956417083740234
init-final,proj-slimpajama-r30-s0,proj-slimpajama-r30-s0,L11.o,11,o,2048,1266,0.6181640625,0.9955474138259888
init-final,proj-slimpajama-r30-s0,proj-slimpajama-r30-s0,L11.fc1,11,fc1,2048,797,0.38916015625,0.9947402477264404
init-final,proj-slimpajama-r30-s0,proj-slimpajama-r30-s0,L11.fc2,11,fc2,2048,797,0.38916015625,0.9947003722190857
init-final,proj-slimpajama-r30-s0,proj-slimpajama-r30-s0,L12.qkv,12,qkv,2048,1266,0.6181640625,0.9956566095352173
init-final,proj-slimpajama-r30-s0,proj-slimpajama-r30-s0,L12.o,12,o,2048,1266,0.6181640625,0.9955957531929016
init-final,proj-slimpajama-r30-s0,proj-slimpajama-r30-s0,L12.fc1,12,fc1,2048,797,0.38916015625,0.9948599934577942
init-final,proj-slimpajama-r30-s0,proj-slimpajama-r30-s0,L12.fc2,12,fc2,2048,797,0.38916015625,0.9948070049285889
init-final,proj-slimpajama-r30-s0,proj-slimpajama-r30-s0,L13.qkv,13,qkv,2048,1266,0.6181640625,0.9954779148101807
init-final,proj-slimpajama-r30-s0,proj-slimpajama-r30-s0,L13.o,13,o,2048,1266,0.6181640625,0.9953052401542664
init-final,proj-slimpajama-r30-s0,proj-slimpajama-r30-s0,L13.fc1,13,fc1,2048,797,0.38916015625,0.9950946569442749
init-final,proj-slimpajama-r30-s0,proj-slimpajama-r30-s0,L13.fc2,13,fc2,2048,797,0.38916015625,0.9946795701980591
init-final,proj-slimpajama-r30-s0,proj-slimpajama-r30-s0,L14.qkv,14,qkv,2048,1266,0.6181640625,0.9958245754241943
init-final,proj-slimpajama-r30-s0,proj-slimpajama-r30-s0,L14.o,14,o,2048,1266,0.6181640625,0.9955205321311951
init-final,proj-slimpajama-r30-s0,proj-slimpajama-r30-s0,L14.fc1,14,fc1,2048,797,0.38916015625,0.9953513145446777
init-final,proj-slimpajama-r30-s0,proj-slimpajama-r30-s0,L14.fc2,14,fc2,2048,797,0.38916015625,0.9947544932365417
init-final,proj-slimpajama-r30-s0,proj-slimpajama-r30-s0,L15.qkv,15,qkv,2048,1266,0.6181640625,0.9960351586341858
init-final,proj-slimpajama-r30-s0,proj-slimpajama-r30-s0,L15.o,15,o,2048,1266,0.6181640625,0.9954934120178223
init-final,proj-slimpajama-r30-s0,proj-slimpajama-r30-s0,L15.fc1,15,fc1,2048,797,0.38916015625,0.9947618246078491
init-final,proj-slimpajama-r30-s0,proj-slimpajama-r30-s0,L15.fc2,15,fc2,2048,797,0.38916015625,0.994722306728363
init-final,proj-slimpajama-r30-s0,proj-slimpajama-r30-s0,L16.qkv,16,qkv,2048,1266,0.6181640625,0.9959441423416138
init-final,proj-slimpajama-r30-s0,proj-slimpajama-r30-s0,L16.o,16,o,2048,1266,0.6181640625,0.9959564805030823
init-final,proj-slimpajama-r30-s0,proj-slimpajama-r30-s0,L16.fc1,16,fc1,2048,797,0.38916015625,0.9948190450668335
init-final,proj-slimpajama-r30-s0,proj-slimpajama-r30-s0,L16.fc2,16,fc2,2048,797,0.38916015625,0.9945849180221558
init-final,proj-slimpajama-r30-s0,proj-slimpajama-r30-s0,L17.qkv,17,qkv,2048,1266,0.6181640625,0.9958689212799072
init-final,proj-slimpajama-r30-s0,proj-slimpajama-r30-s0,L17.o,17,o,2048,1266,0.6181640625,0.9958928227424622
init-final,proj-slimpajama-r30-s0,proj-slimpajama-r30-s0,L17.fc1,17,fc1,2048,797,0.38916015625,0.9946909546852112
init-final,proj-slimpajama-r30-s0,proj-slimpajama-r30-s0,L17.fc2,17,fc2,2048,797,0.38916015625,0.9948990941047668
init-final,proj-slimpajama-r30-s0,proj-slimpajama-r30-s0,L18.qkv,18,qkv,2048,1266,0.6181640625,0.9963812232017517
init-final,proj-slimpajama-r30-s0,proj-slimpajama-r30-s0,L18.o,18,o,2048,1266,0.6181640625,0.9963300228118896
init-final,proj-slimpajama-r30-s0,proj-slimpajama-r30-s0,L18.fc1,18,fc1,2048,797,0.38916015625,0.9944560527801514
init-final,proj-slimpajama-r30-s0,proj-slimpajama-r30-s0,L18.fc2,18,fc2,2048,797,0.38916015625,0.9948837757110596
init-final,proj-slimpajama-r30-s0,proj-slimpajama-r30-s0,L19.qkv,19,qkv,2048,1266,0.6181640625,0.9963851571083069
init-final,proj-slimpajama-r30-s0,proj-slimpajama-r30-s0,L19.o,19,o,2048,1266,0.6181640625,0.9966340065002441
init-final,proj-slimpajama-r30-s0,proj-slimpajama-r30-s0,L19.fc1,19,fc1,2048,797,0.38916015625,0.9946198463439941
init-final,proj-slimpajama-r30-s0,proj-slimpajama-r30-s0,L19.fc2,19,fc2,2048,797,0.38916015625,0.9948595762252808
init-final,proj-slimpajama-r30-s0,proj-slimpajama-r30-s0,L20.qkv,20,qkv,2048,1266,0.6181640625,0.9965512752532959
init-final,proj-slimpajama-r30-s0,proj-slimpajama-r30-s0,L20.o,20,o,2048,1266,0.6181640625,0.9967518448829651
init-final,proj-slimpajama-r30-s0,proj-slimpajama-r30-s0,L20.fc1,20,fc1,2048,797,0.38916015625,0.9947152733802795
init-final,proj-slimpajama-r30-s0,proj-slimpajama-r30-s0,L20.fc2,20,fc2,2048,797,0.38916015625,0.9947090148925781
init-final,proj-slimpajama-r30-s0,proj-slimpajama-r30-s0,L21.qkv,21,qkv,2048,1266,0.6181640625,0.9969081282615662
init-final,proj-slimpajama-r30-s0,proj-slimpajama-r30-s0,L21.o,21,o,2048,1266,0.6181640625,0.9971397519111633
init-final,proj-slimpajama-r30-s0,proj-slimpajama-r30-s0,L21.fc1,21,fc1,2048,797,0.38916015625,0.9953081607818604
init-final,proj-slimpajama-r30-s0,proj-slimpajama-r30-s0,L21.fc2,21,fc2,2048,797,0.38916015625,0.9950664639472961
init-final,proj-slimpajama-r30-s0,proj-slimpajama-r30-s0,L22.qkv,22,qkv,2048,1266,0.6181640625,0.9973586201667786
init-final,proj-slimpajama-r30-s0,proj-slimpajama-r30-s0,L22.o,22,o,2048,1266,0.6181640625,0.9967590570449829
init-final,proj-slimpajama-r30-s0,proj-slimpajama-r30-s0,L22.fc1,22,fc1,2048,797,0.38916015625,0.9963483214378357
init-final,proj-slimpajama-r30-s0,proj-slimpajama-r30-s0,L22.fc2,22,fc2,2048,797,0.38916015625,0.9958920478820801
init-final,proj-slimpajama-r30-s0,proj-slimpajama-r30-s0,L23.qkv,23,qkv,2048,1266,0.6181640625,0.9992820620536804
init-final,proj-slimpajama-r30-s0,proj-slimpajama-r30-s0,L23.o,23,o,2048,1266,0.6181640625,0.995776355266571
init-final,proj-slimpajama-r30-s0,proj-slimpajama-r30-s0,L23.fc1,23,fc1,2048,797,0.38916015625,0.9959037899971008
init-final,proj-slimpajama-r30-s0,proj-slimpajama-r30-s0,L23.fc2,23,fc2,2048,797,0.38916015625,0.9953649640083313
init-final,proj-alpaca-r30-s0,proj-alpaca-r30-s0,L0.qkv,0,qkv,2048,1266,0.6181640625,0.9964116811752319
init-final,proj-alpaca-r30-s0,proj-alpaca-r30-s0,L0.o,0,o,2048,1266,0.6181640625,0.9967964887619019
init-final,proj-alpaca-r30-s0,proj-alpaca-r30-s0,L0.fc1,0,fc1,2048,797,0.38916015625,0.9958425760269165
init-final,proj-alpaca-r30-s0,proj-alpaca-r30-s0,L0.fc2,0,fc2,2048,797,0.38916015625,0.996093213558197
init-final,proj-alpaca-r30-s0,proj-alpaca-r30-s0,L1.qkv,1,qkv,2048,1266,0.6181640625,0.9966586232185364
init-final,proj-alpaca-r30-s0,proj-alpaca-r30-s0,L1.o,1,o,2048,1266,0.6181640625,0.9969283938407898
init-final,proj-alpaca-r30-s0,proj-alpaca-r30-s0,L1.fc1,1,fc1,2048,797,0.38916015625,0.9967477917671204
init-final,proj-alpaca-r30-s0,proj-alpaca-r30-s0,L1.fc2,1,fc2,2048,797,0.38916015625,0.9961127042770386
init-final,proj-alpaca-r30-s0,proj-alpaca-r30-s0,L2.qkv,2,qkv,2048,1266,0.6181640625,0.9967153668403625
init-final,proj-alpaca-r30-s0,proj-alpaca-r30-s0,L2.o,2,o,2048,1266,0.6181640625,0.9972982406616211
init-final,proj-alpaca-r30-s0,proj-alpaca-r30-s0,L2.fc1,2,fc1,2048,797,0.38916015625,0.9969946146011353
init-final,proj-alpaca-r30-s0,proj-alpaca-r30-s0,L2.fc2,2,fc2,2048,797,0.38916015625,0.9962678551673889
init-final,proj-alpaca-r30-s0,proj-alpaca-r30-s0,L3.qkv,3,qkv,2048,1266,0.6181640625,0.9966919422149658
init-final,proj-alpaca-r30-s0,proj-alpaca-r30-s0,L3.o,3,o,2048,1266,0.6181640625,0.9971539378166199
init-final,proj-alpaca-r30-s0,proj-alpaca-r30-s0,L3.fc1,3,fc1,2048,797,0.38916015625,0.9965881705284119
init-final,proj-alpaca-r30-s0,proj-alpaca-r30-s0,L3.fc2,3,fc2,2048,797,0.38916015625,0.9959906339645386
init-final,proj-alpaca-r30-s0,proj-alpaca-r30-s0,L4.qkv,4,qkv,2048,1266,0.6181640625,0.996910572052002
init-final,proj-alpaca-r30-s0,proj-alpaca-r30-s0,L4.o,4,o,2048,1266,0.6181640625,0.9972726106643677
init-final,proj-alpaca-r30-s0,proj-alpaca-r30-s0,L4.fc1,4,fc1,2048,797,0.38916015625,0.9965475797653198
init-final,proj-alpaca-r30-s0,proj-alpaca-r30-s0,L4.fc2,4,fc2,2048,797,0.38916015625,0.99623042345047
init-final,proj-alpaca-r30-s0,proj-alpaca-r30-s0,L5.qkv,5,qkv,2048,1266,0.6181640625,0.9965986013412476
init-final,proj-alpaca-r30-s0,proj-alpaca-r30-s0,L5.o,5,o,2048,1266,0.6181640625,0.9970973134040833
init-final,proj-alpaca-r30-s0,proj-alpaca-r30-s0,L5.fc1,5,fc1,2048,797,0.38916015625,0.9964088201522827
init-final,proj-alpaca-r30-s0,proj-alpaca-r30-s0,L5.fc2,5,fc2,2048,797,0.38916015625,0.9963850378990173
init-final,proj-alpaca-r30-s0,proj-alpaca-r30-s0,L6.qkv,6,qkv,2048,1266,0.6181640625,0.9964979887008667
init-final,proj-alpaca-r30-s0,proj-alpaca-r30-s0,L6.o,6,o,2048,1266,0.6181640625,0.9968828558921814
init-final,proj-alpaca-r30-s0,proj-alpaca-r30-s0,L6.fc1,6,fc1,2048,797,0.38916015625,0.9962968826293945
init-final,proj-alpaca-r30-s0,proj-alpaca-r30-s0,L6.fc2,6,fc2,2048,797,0.38916015625,0.9965448975563049
init-final,proj-alpaca-r30-s0,proj-alpaca-r30-s0,L7.qkv,7,qkv,2048,1266,0.6181640625,0.9965105056762695
init-final,proj-alpaca-r30-s0,proj-alpaca-r30-s0,L7.o,7,o,2048,1266,0.6181640625,0.9966859817504883
init-final,proj-alpaca-r30-s0,proj-alpaca-r30-s0,L7.fc1,7,fc1,2048,797,0.38916015625,0.9962664842605591
init-final,proj-alpaca-r30-s0,proj-alpaca-r30-s0,L7.fc2,7,fc2,2048,797,0.38916015625,0.9964430332183838
init-final,proj-alpaca-r30-s0,proj-alpaca-r30-s0,L8.qkv,8,qkv,2048,1266,0.6181640625,0.9965285062789917
init-final,proj-alpaca-r30-s0,proj-alpaca-r30-s0,L8.o,8,o,2048,1266,0.6181640625,0.9967505931854248
init-final,proj-alpaca-r30-s0,proj-alpaca-r30-s0,L8.fc1,8,fc1,2048,797,0.38916015625,0.9959690570831299
init-final,proj-alpaca-r30-s0,proj-alpaca-r30-s0,L8.fc2,8,fc2,2048,797,0.38916015625,0.9961347579956055
init-final,proj-alpaca-r30-s0,proj-alpaca-r30-s0,L9.qkv,9,qkv,2048,1266,0.6181640625,0.9965284466743469
init-final,proj-alpaca-r30-s0,proj-alpaca-r30-s0,L9.o,9,o,2048,1266,0.6181640625,0.9968115091323853
init-final,proj-alpaca-r30-s0,proj-alpaca-r30-s0,L9.fc1,9,fc1,2048,797,0.38916015625,0.995982825756073
init-final,proj-alpaca-r30-s0,proj-alpaca-r30-s0,L9.fc2,9,fc2,2048,797,0.38916015625,0.9960658550262451
init-final,proj-alpaca-r30-s0,proj-alpaca-r30-s0,L10.qkv,10,qkv,2048,1266,0.6181640625,0.9967926144599915
init-final,proj-alpaca-r30-s0,proj-alpaca-r30-s0,L10.o,10,o,2048,1266,0.6181640625,0.996710479259491
init-final,proj-alpaca-r30-s0,proj-alpaca-r30-s0,L10.fc1,10,fc1,2048,797,0.38916015625,0.9960882067680359
init-final,proj-alpaca-r30-s0,proj-alpaca-r30-s0,L10.fc2,10,fc2,2048,797,0.38916015625,0.9962764382362366
init-final,proj-alpaca-r30-s0,proj-alpaca-r30-s0,L11.qkv,11,qkv,2048,1266,0.6181640625,0.9968686103820801
init-final,proj-alpaca-r30-s0,proj-alpaca-r30-s0,L11.o,11,o,2048,1266,0.6181640625,0.9968805909156799
init-final,proj-alpaca-r30-s0,proj-alpaca-r30-s0,L11.fc1,11,fc1,2048,797,0.38916015625,0.9960193634033203
init-final,proj-alpaca-r30-s0,proj-alpaca-r30-s0,L11.fc2,11,fc2,2048,797,0.38916015625,0.9961876273155212
init-final,proj-alpaca-r30-s0,proj-alpaca-r30-s0,L12.qkv,12,qkv,2048,1266,0.6181640625,0.9966508746147156
init-final,proj-alpaca-r30-s0,proj-alpaca-r30-s0,L12.o,12,o,2048,1266,0.6181640625,0.996962308883667
init-final,proj-alpaca-r30-s0,proj-alpaca-r30-s0,L12.fc1,12,fc1,2048,797,0.38916015625,0.9961628317832947
init-final,proj-alpaca-r30-s0,proj-alpaca-r30-s0,L12.fc2,12,fc2,2048,797,0.38916015625,0.9962406158447266
init-final,proj-alpaca-r30-s0,proj-alpaca-r30-s0,L13.qkv,13,qkv,2048,1266,0.6181640625,0.9967813491821289
init-final,proj-alpaca-r30-s0,proj-alpaca-r30-s0,L13.o,13,o,2048,1266,0.6181640625,0.9970166087150574
init-final,proj-alpaca-r30-s0,proj-alpaca-r30-s0,L13.fc1,13,fc1,2048,797,0.38916015625,0.9963728189468384
init-final,proj-alpaca-r30-s0,proj-alpaca-r30-s0,L13.fc2,13,fc2,2048,797,0.38916015625,0.9961963295936584
init-final,proj-alpaca-r30-s0,proj-alpaca-r30-s0,L14.qkv,14,qkv,2048,1266,0.6181640625,0.9971978068351746
init-final,proj-alpaca-r30-s0,proj-alpaca-r30-s0,L14.o,14,o,2048,1266,0.6181640625,0.997188150882721
init-final,proj-alpaca-r30-s0,proj-alpaca-r30-s0,L14.fc1,14,fc1,2048,797,0.38916015625,0.9965922832489014
init-final,proj-alpaca-r30-s0,proj-alpaca-r30-s0,L14.fc2,14,fc2,2048,797,0.38916015625,0.9962039589881897
init-final,proj-alpaca-r30-s0,proj-alpaca-r30-s0,L15.qkv,15,qkv,2048,1266,0.6181640625,0.9973884224891663
init-final,proj-alpaca-r30-s0,proj-alpaca-r30-s0,L15.o,15,o,2048,1266,0.6181640625,0.9970823526382446
init-final,proj-alpaca-r30-s0,proj-alpaca-r30-s0,L15.fc1,15,fc1,2048,797,0.38916015625,0.9964013695716858
init-final,proj-alpaca-r30-s0,proj-alpaca-r30-s0,L15.fc2,15,fc2,2048,797,0.38916015625,0.9961992502212524
init-final,proj-alpaca-r30-s0,proj-alpaca-r30-s0,L16.qkv,16,qkv,2048,1266,0.6181640625,0.9970335960388184
init-final,proj-alpaca-r30-s0,proj-alpaca-r30-s0,L16.o,16,o,2048,1266,0.6181640625,0.9971734285354614
init-final,proj-alpaca-r30-s0,proj-alpaca-r30-s0,L16.fc1,16,fc1,2048,797,0.38916015625,0.9964355826377869
init-final,proj-alpaca-r30-s0,proj-alpaca-r30-s0,L16.fc2,16,fc2,2048,797,0.38916015625,0.9961163997650146
init-final,proj-alpaca-r30-s0,proj-alpaca-r30-s0,L17.qkv,17,qkv,2048,1266,0.6181640625,0.9971698522567749
init-final,proj-alpaca-r30-s0,proj-alpaca-r30-s0,L17.o,17,o,2048,1266,0.6181640625,0.9970811009407043
init-final,proj-alpaca-r30-s0,proj-alpaca-r30-s0,L17.fc1,17,fc1,2048,797,0.38916015625,0.9961625337600708
init-final,proj-alpaca-r30-s0,proj-alpaca-r30-s0,L17.fc2,17,fc2,2048,797,0.38916015625,0.9962997436523438
init-final,proj-alpaca-r30-s0,proj-alpaca-r30-s0,L18.qkv,18,qkv,2048,1266,0.6181640625,0.9972668290138245
init-final,proj-alpaca-r30-s0,proj-alpaca-r30-s0,L18.o,18,o,2048,1266,0.6181640625,0.9974284172058105
init-final,proj-alpaca-r30-s0,proj-alpaca-r30-s0,L18.fc1,18,fc1,2048,797,0.38916015625,0.9958834648132324
init-final,proj-alpaca-r30-s0,proj-alpaca-r30-s0,L18.fc2,18,fc2,2048,797,0.38916015625,0.9962220788002014
init-final,proj-alpaca-r30-s0,proj-alpaca-r30-s0,L19.qkv,19,qkv,2048,1266,0.6181640625,0.9972522854804993
init-final,proj-alpaca-r30-s0,proj-alpaca-r30-s0,L19.o,19,o,2048,1266,0.6181640625,0.9973981380462646
init-final,proj-alpaca-r30-s0,proj-alpaca-r30-s0,L19.fc1,19,fc1,2048,797,0.38916015625,0.9959113001823425
init-final,proj-alpaca-r30-s0,proj-alpaca-r30-s0,L19.fc2,19,fc2,2048,797,0.38916015625,0.9962747693061829
init-final,proj-alpaca-r30-s0,proj-alpaca-r30-s0,L20.qkv,20,qkv,2048,1266,0.6181640625,0.997134268283844
init-final,proj-alpaca-r30-s0,proj-alpaca-r30-s0,L20.o,20,o,2048,1266,0.6181640625,0.9972202777862549
init-final,proj-alpaca-r30-s0,proj-alpaca-r30-s0,L20.fc1,20,fc1,2048,797,0.38916015625,0.9961504936218262
init-final,proj-alpaca-r30-s0,proj-alpaca-r30-s0,L20.fc2,20,fc2,2048,797,0.38916015625,0.9962897300720215
init-final,proj-alpaca-r30-s0,proj-alpaca-r30-s0,L21.qkv,21,qkv,2048,1266,0.6181640625,0.9976716041564941
init-final,proj-alpaca-r30-s0,proj-alpaca-r30-s0,L21.o,21,o,2048,1266,0.6181640625,0.9974510073661804
init-final,proj-alpaca-r30-s0,proj-alpaca-r30-s0,L21.fc1,21,fc1,2048,797,0.38916015625,0.9968866109848022
init-final,proj-alpaca-r30-s0,proj-alpaca-r30-s0,L21.fc2,21,fc2,2048,797,0.38916015625,0.9964693784713745
init-final,proj-alpaca-r30-s0,proj-alpaca-r30-s0,L22.qkv,22,qkv,2048,1266,0.6181640625,0.9978673458099365
init-final,proj-alpaca-r30-s0,proj-alpaca-r30-s0,L22.o,22,o,2048,1266,0.6181640625,0.9970946311950684
init-final,proj-alpaca-r30-s0,proj-alpaca-r30-s0,L22.fc1,22,fc1,2048,797,0.38916015625,0.9975191950798035
init-final,proj-alpaca-r30-s0,proj-alpaca-r30-s0,L22.fc2,22,fc2,2048,797,0.38916015625,0.9969097971916199
init-final,proj-alpaca-r30-s0,proj-alpaca-r30-s0,L23.qkv,23,qkv,2048,1266,0.6181640625,0.999435544013977
init-final,proj-alpaca-r30-s0,proj-alpaca-r30-s0,L23.o,23,o,2048,1266,0.6181640625,0.9977602958679199
init-final,proj-alpaca-r30-s0,proj-alpaca-r30-s0,L23.fc1,23,fc1,2048,797,0.38916015625,0.9970149993896484
init-final,proj-alpaca-r30-s0,proj-alpaca-r30-s0,L23.fc2,23,fc2,2048,797,0.38916015625,0.9960982799530029
init-final,proj-selfgen-r30-s0,proj-selfgen-r30-s0,L0.qkv,0,qkv,2048,1266,0.6181640625,0.9958553910255432
init-final,proj-selfgen-r30-s0,proj-selfgen-r30-s0,L0.o,0,o,2048,1266,0.6181640625,0.9961913228034973
init-final,proj-selfgen-r30-s0,proj-selfgen-r30-s0,L0.fc1,0,fc1,2048,797,0.38916015625,0.9955525994300842
init-final,proj-selfgen-r30-s0,proj-selfgen-r30-s0,L0.fc2,0,fc2,2048,797,0.38916015625,0.9951003193855286
init-final,proj-selfgen-r30-s0,proj-selfgen-r30-s0,L1.qkv,1,qkv,2048,1266,0.6181640625,0.9965674877166748
init-final,proj-selfgen-r30-s0,proj-selfgen-r30-s0,L1.o,1,o,2048,1266,0.6181640625,0.9965391159057617
init-final,proj-selfgen-r30-s0,proj-selfgen-r30-s0,L1.fc1,1,fc1,2048,797,0.38916015625,0.9970613121986389
init-final,proj-selfgen-r30-s0,proj-selfgen-r30-s0,L1.fc2,1,fc2,2048,797,0.38916015625,0.994987428188324
init-final,proj-selfgen-r30-s0,proj-selfgen-r30-s0,L2.qkv,2,qkv,2048,1266,0.6181640625,0.9960407018661499
init-final,proj-selfgen-r30-s0,proj-selfgen-r30-s0,L2.o,2,o,2048,1266,0.6181640625,0.9967168569564819
init-final,proj-selfgen-r30-s0,proj-selfgen-r30-s0,L2.fc1,2,fc1,2048,797,0.38916015625,0.9965299367904663
init-final,proj-selfgen-r30-s0,proj-selfgen-r30-s0,L2.fc2,2,fc2,2048,797,0.38916015625,0.9949624538421631
init-final,proj-selfgen-r30-s0,proj-selfgen-r30-s0,L3.qkv,3,qkv,2048,1266,0.6181640625,0.9957358241081238
init-final,proj-selfgen-r30-s0,proj-selfgen-r30-s0,L3.o,3,o,2048,1266,0.6181640625,0.9966164827346802
init-final,proj-selfgen-r30-s0,proj-selfgen-r30-s0,L3.fc1,3,fc1,2048,797,0.38916015625,0.9958958625793457
init-final,proj-selfgen-r30-s0,proj-selfgen-r30-s0,L3.fc2,3,fc2,2048,797,0.38916015625,0.9949224591255188
init-final,proj-selfgen-r30-s0,proj-selfgen-r30-s0,L4.qkv,4,qkv,2048,1266,0.6181640625,0.9959601163864136
init-final,proj-selfgen-r30-s0,proj-selfgen-r30-s0,L4.o,4,o,2048,1266,0.6181640625,0.9966863989830017
init-final,proj-selfgen-r30-s0,proj-selfgen-r30-s0,L4.fc1,4,fc1,2048,797,0.38916015625,0.9956687092781067
init-final,proj-selfgen-r30-s0,proj-selfgen-r30-s0,L4.fc2,4,fc2,2048,797,0.38916015625,0.9951620697975159
init-final,proj-selfgen-r30-s0,proj-selfgen-r30-s0,L5.qkv,5,qkv,2048,1266,0.6181640625,0.9958639740943909
init-final,proj-selfgen-r30-s0,proj-selfgen-r30-s0,L5.o,5,o,2048,1266,0.6181640625,0.996260404586792
init-final,proj-selfgen-r30-s0,proj-selfgen-r30-s0,L5.fc1,5,fc1,2048,797,0.38916015625,0.9956160187721252
init-final,proj-selfgen-r30-s0,proj-selfgen-r30-s0,L5.fc2,5,fc2,2048,797,0.38916015625,0.9953089952468872
init-final,proj-selfgen-r30-s0,proj-selfgen-r30-s0,L6.qkv,6,qkv,2048,1266,0.6181640625,0.9956902265548706
init-final,proj-selfgen-r30-s0,proj-selfgen-r30-s0,L6.o,6,o,2048,1266,0.6181640625,0.9958139657974243
init-final,proj-selfgen-r30-s0,proj-selfgen-r30-s0,L6.fc1,6,fc1,2048,797,0.38916015625,0.9953342080116272
init-final,proj-selfgen-r30-s0,proj-selfgen-r30-s0,L6.fc2,6,fc2,2048,797,0.38916015625,0.9954613447189331
init-final,proj-selfgen-r30-s0,proj-selfgen-r30-s0,L7.qkv,7,qkv,2048,1266,0.6181640625,0.9955211281776428
init-final,proj-selfgen-r30-s0,proj-selfgen-r30-s0,L7.o,7,o,2048,1266,0.6181640625,0.9955019354820251
init-final,proj-selfgen-r30-s0,proj-selfgen-r30-s0,L7.fc1,7,fc1,2048,797,0.38916015625,0.9951258897781372
init-final,proj-selfgen-r30-s0,proj-selfgen-r30-s0,L7.fc2,7,fc2,2048,797,0.38916015625,0.9954898357391357
init-final,proj-selfgen-r30-s0,proj-selfgen-r30-s0,L8.qkv,8,qkv,2048,1266,0.6181640625,0.9955615997314453
init-final,proj-selfgen-r30-s0,proj-selfgen-r30-s0,L8.o,8,o,2048,1266,0.6181640625,0.9953806400299072
init-final,proj-selfgen-r30-s0,proj-selfgen-r30-s0,L8.fc1,8,fc1,2048,797,0.38916015625,0.9949637055397034
init-final,proj-selfgen-r30-s0,proj-selfgen-r30-s0,L8.fc2,8,fc2,2048,797,0.38916015625,0.9949871301651001
init-final,proj-selfgen-r30-s0,proj-selfgen-r30-s0,L9.qkv,9,qkv,2048,1266,0.6181640625,0.9953249096870422
init-final,proj-selfgen-r30-s0,proj-selfgen-r30-s0,L9.o,9,o,2048,1266,0.6181640625,0.995328962802887
init-final,proj-selfgen-r30-s0,proj-selfgen-r30-s0,L9.fc1,9,fc1,2048,797,0.38916015625,0.9948131442070007
init-final,proj-selfgen-r30-s0,proj-selfgen-r30-s0,L9.fc2,9,fc2,2048,797,0.38916015625,0.9946985840797424
init-final,proj-selfgen-r30-s0,proj-selfgen-r30-s0,L10.qkv,10,qkv,2048,1266,0.6181640625,0.9953321218490601
init-final,proj-selfgen-r30-s0,proj-selfgen-r30-s0,L10.o,10,o,2048,1266,0.6181640625,0.9952623844146729
init-final,proj-selfgen-r30-s0,proj-selfgen-r30-s0,L10.fc1,10,fc1,2048,797,0.38916015625,0.9946879148483276
init-final,proj-selfgen-r30-s0,proj-selfgen-r30-s0,L10.fc2,10,fc2,2048,797,0.38916015625,0.9946167469024658
init-final,proj-selfgen-r30-s0,proj-selfgen-r30-s0,L11.qkv,11,qkv,2048,1266,0.6181640625,0.9953580498695374
init-final,proj-selfgen-r30-s0,proj-selfgen-r30-s0,L11.o,11,o,2048,1266,0.6181640625,0.9954537153244019
init-final,proj-selfgen-r30-s0,proj-selfgen-r30-s0,L11.fc1,11,fc1,2048,797,0.38916015625,0.9946814179420471
init-final,proj-selfgen-r30-s0,proj-selfgen-r30-s0,L11.fc2,11,fc2,2048,797,0.38916015625,0.9944657683372498
init-final,proj-selfgen-r30-s0,proj-selfgen-r30-s0,L12.qkv,12,qkv,2048,1266,0.6181640625,0.9954621195793152
init-final,proj-selfgen-r30-s0,proj-selfgen-r30-s0,L12.o,12,o,2048,1266,0.6181640625,0.9954324960708618
init-final,proj-selfgen-r30-s0,proj-selfgen-r30-s0,L12.fc1,12,fc1,2048,797,0.38916015625,0.9947717189788818
init-final,proj-selfgen-r30-s0,proj-selfgen-r30-s0,L12.fc2,12,fc2,2048,797,0.38916015625,0.9944280982017517
init-final,proj-selfgen-r30-s0,proj-selfgen-r30-s0,L13.qkv,13,qkv,2048,1266,0.6181640625,0.9952749609947205
init-final,proj-selfgen-r30-s0,proj-selfgen-r30-s0,L13.o,13,o,2048,1266,0.6181640625,0.9951936602592468
init-final,proj-selfgen-r30-s0,proj-selfgen-r30-s0,L13.fc1,13,fc1,2048,797,0.38916015625,0.994827389717102
init-final,proj-selfgen-r30-s0,proj-selfgen-r30-s0,L13.fc2,13,fc2,2048,797,0.38916015625,0.9944334626197815
init-final,proj-selfgen-r30-s0,proj-selfgen-r30-s0,L14.qkv,14,qkv,2048,1266,0.6181640625,0.9956722855567932
init-final,proj-selfgen-r30-s0,proj-selfgen-r30-s0,L14.o,14,o,2048,1266,0.6181640625,0.9954168796539307
init-final,proj-selfgen-r30-s0,proj-selfgen-r30-s0,L14.fc1,14,fc1,2048,797,0.38916015625,0.9947792887687683
init-final,proj-selfgen-r30-s0,proj-selfgen-r30-s0,L14.fc2,14,fc2,2048,797,0.38916015625,0.994377076625824
init-final,proj-selfgen-r30-s0,proj-selfgen-r30-s0,L15.qkv,15,qkv,2048,1266,0.6181640625,0.9956656694412231
init-final,proj-selfgen-r30-s0,proj-selfgen-r30-s0,L15.o,15,o,2048,1266,0.6181640625,0.9953551888465881
init-final,proj-selfgen-r30-s0,proj-selfgen-r30-s0,L15.fc1,15,fc1,2048,797,0.38916015625,0.9945229291915894
init-final,proj-selfgen-r30-s0,proj-selfgen-r30-s0,L15.fc2,15,fc2,2048,797,0.38916015625,0.9942606687545776
init-final,proj-selfgen-r30-s0,proj-selfgen-r30-s0,L16.qkv,16,qkv,2048,1266,0.6181640625,0.9956753849983215
init-final,proj-selfgen-r30-s0,proj-selfgen-r30-s0,L16.o,16,o,2048,1266,0.6181640625,0.9957001805305481
init-final,proj-selfgen-r30-s0,proj-selfgen-r30-s0,L16.fc1,16,fc1,2048,797,0.38916015625,0.9944812655448914
init-final,proj-selfgen-r30-s0,proj-selfgen-r30-s0,L16.fc2,16,fc2,2048,797,0.38916015625,0.9942939281463623
init-final,proj-selfgen-r30-s0,proj-selfgen-r30-s0,L17.qkv,17,qkv,2048,1266,0.6181640625,0.9952861070632935
init-final,proj-selfgen-r30-s0,proj-selfgen-r30-s0,L17.o,17,o,2048,1266,0.6181640625,0.9955917596817017
init-final,proj-selfgen-r30-s0,proj-selfgen-r30-s0,L17.fc1,17,fc1,2048,797,0.38916015625,0.9945442080497742
init-final,proj-selfgen-r30-s0,proj-selfgen-r30-s0,L17.fc2,17,fc2,2048,797,0.38916015625,0.9942627549171448
init-final,proj-selfgen-r30-s0,proj-selfgen-r30-s0,L18.qkv,18,qkv,2048,1266,0.6181640625,0.9955715537071228
init-final,proj-selfgen-r30-s0,proj-selfgen-r30-s0,L18.o,18,o,2048,1266,0.6181640625,0.995598554611206
init-final,proj-selfgen-r30-s0,proj-selfgen-r30-s0,L18.fc1,18,fc1,2048,797,0.38916015625,0.9944028854370117
init-final,proj-selfgen-r30-s0,proj-selfgen-r30-s0,L18.fc2,18,fc2,2048,797,0.38916015625,0.9942625164985657
init-final,proj-selfgen-r30-s0,proj-selfgen-r30-s0,L19.qkv,19,qkv,2048,1266,0.6181640625,0.9959118962287903
init-final,proj-selfgen-r30-s0,proj-selfgen-r30-s0,L19.o,19,o,2048,1266,0.6181640625,0.995978832244873
init-final,proj-selfgen-r30-s0,proj-selfgen-r30-s0,L19.fc1,19,fc1,2048,797,0.38916015625,0.9946122765541077
init-final,proj-selfgen-r30-s0,proj-selfgen-r30-s0,L19.fc2,19,fc2,2048,797,0.38916015625,0.9941113591194153
init-final,proj-selfgen-r30-s0,proj-selfgen-r30-s0,L20.qkv,20,qkv,2048,1266,0.6181640625,0.995884120464325
init-final,proj-selfgen-r30-s0,proj-selfgen-r30-s0,L20.o,20,o,2048,1266,0.6181640625,0.9957852363586426
init-final,proj-selfgen-r30-s0,proj-selfgen-r30-s0,L20.fc1,20,fc1,2048,797,0.38916015625,0.9944336414337158
init-final,proj-selfgen-r30-s0,proj-selfgen-r30-s0,L20.fc2,20,fc2,2048,797,0.38916015625,0.9939420223236084
init-final,proj-selfgen-r30-s0,proj-selfgen-r30-s0,L21.qkv,21,qkv,2048,1266,0.6181640625,0.9958677291870117
init-final,proj-selfgen-r30-s0,proj-selfgen-r30-s0,L21.o,21,o,2048,1266,0.6181640625,0.9960783123970032
init-final,proj-selfgen-r30-s0,proj-selfgen-r30-s0,L21.fc1,21,fc1,2048,797,0.38916015625,0.9947155117988586
init-final,proj-selfgen-r30-s0,proj-selfgen-r30-s0,L21.fc2,21,fc2,2048,797,0.38916015625,0.9941459894180298
init-final,proj-selfgen-r30-s0,proj-selfgen-r30-s0,L22.qkv,22,qkv,2048,1266,0.6181640625,0.9967553019523621
init-final,proj-selfgen-r30-s0,proj-selfgen-r30-s0,L22.o,22,o,2048,1266,0.6181640625,0.9961239695549011
init-final,proj-selfgen-r30-s0,proj-selfgen-r30-s0,L22.fc1,22,fc1,2048,797,0.38916015625,0.9957407116889954
init-final,proj-selfgen-r30-s0,proj-selfgen-r30-s0,L22.fc2,22,fc2,2048,797,0.38916015625,0.9950704574584961
init-final,proj-selfgen-r30-s0,proj-selfgen-r30-s0,L23.qkv,23,qkv,2048,1266,0.6181640625,0.9994272589683533
init-final,proj-selfgen-r30-s0,proj-selfgen-r30-s0,L23.o,23,o,2048,1266,0.6181640625,0.9949804544448853
init-final,proj-selfgen-r30-s0,proj-selfgen-r30-s0,L23.fc1,23,fc1,2048,797,0.38916015625,0.9946582913398743
init-final,proj-selfgen-r30-s0,proj-selfgen-r30-s0,L23.fc2,23,fc2,2048,797,0.38916015625,0.9927421808242798
init-final,proj-selfdoc-r30-s0,proj-selfdoc-r30-s0,L0.qkv,0,qkv,2048,1266,0.6181640625,0.9965282678604126
init-final,proj-selfdoc-r30-s0,proj-selfdoc-r30-s0,L0.o,0,o,2048,1266,0.6181640625,0.9972151517868042
init-final,proj-selfdoc-r30-s0,proj-selfdoc-r30-s0,L0.fc1,0,fc1,2048,797,0.38916015625,0.9961006045341492
init-final,proj-selfdoc-r30-s0,proj-selfdoc-r30-s0,L0.fc2,0,fc2,2048,797,0.38916015625,0.9959778189659119
init-final,proj-selfdoc-r30-s0,proj-selfdoc-r30-s0,L1.qkv,1,qkv,2048,1266,0.6181640625,0.9976503252983093
init-final,proj-selfdoc-r30-s0,proj-selfdoc-r30-s0,L1.o,1,o,2048,1266,0.6181640625,0.9979304075241089
init-final,proj-selfdoc-r30-s0,proj-selfdoc-r30-s0,L1.fc1,1,fc1,2048,797,0.38916015625,0.9976357817649841
init-final,proj-selfdoc-r30-s0,proj-selfdoc-r30-s0,L1.fc2,1,fc2,2048,797,0.38916015625,0.9955673813819885
init-final,proj-selfdoc-r30-s0,proj-selfdoc-r30-s0,L2.qkv,2,qkv,2048,1266,0.6181640625,0.9973025321960449
init-final,proj-selfdoc-r30-s0,proj-selfdoc-r30-s0,L2.o,2,o,2048,1266,0.6181640625,0.9979535341262817
init-final,proj-selfdoc-r30-s0,proj-selfdoc-r30-s0,L2.fc1,2,fc1,2048,797,0.38916015625,0.9975429773330688
init-final,proj-selfdoc-r30-s0,proj-selfdoc-r30-s0,L2.fc2,2,fc2,2048,797,0.38916015625,0.9957643151283264
init-final,proj-selfdoc-r30-s0,proj-selfdoc-r30-s0,L3.qkv,3,qkv,2048,1266,0.6181640625,0.9969457387924194
init-final,proj-selfdoc-r30-s0,proj-selfdoc-r30-s0,L3.o,3,o,2048,1266,0.6181640625,0.997727632522583
init-final,proj-selfdoc-r30-s0,proj-selfdoc-r30-s0,L3.fc1,3,fc1,2048,797,0.38916015625,0.9967898726463318
init-final,proj-selfdoc-r30-s0,proj-selfdoc-r30-s0,L3.fc2,3,fc2,2048,797,0.38916015625,0.9956468343734741
init-final,proj-selfdoc-r30-s0,proj-selfdoc-r30-s0,L4.qkv,4,qkv,2048,1266,0.6181640625,0.9969040751457214
init-final,proj-selfdoc-r30-s0,proj-selfdoc-r30-s0,L4.o,4,o,2048,1266,0.6181640625,0.997696578502655
init-final,proj-selfdoc-r30-s0,proj-selfdoc-r30-s0,L4.fc1,4,fc1,2048,797,0.38916015625,0.9963853359222412
init-final,proj-selfdoc-r30-s0,proj-selfdoc-r30-s0,L4.fc2,4,fc2,2048,797,0.38916015625,0.9956649541854858
init-final,proj-selfdoc-r30-s0,proj-selfdoc-r30-s0,L5.qkv,5,qkv,2048,1266,0.6181640625,0.9968147873878479
init-final,proj-selfdoc-r30-s0,proj-selfdoc-r30-s0,L5.o,5,o,2048,1266,0.6181640625,0.9973511099815369
init-final,proj-selfdoc-r30-s0,proj-selfdoc-r30-s0,L5.fc1,5,fc1,2048,797,0.38916015625,0.9962047934532166
init-final,proj-selfdoc-r30-s0,proj-selfdoc-r30-s0,L5.fc2,5,fc2,2048,797,0.38916015625,0.9956028461456299
init-final,proj-selfdoc-r30-s0,proj-selfdoc-r30-s0,L6.qkv,6,qkv,2048,1266,0.6181640625,0.9963095784187317
init-final,proj-selfdoc-r30-s0,proj-selfdoc-r30-s0,L6.o,6,o,2048,1266,0.6181640625,0.9967128038406372
init-final,proj-selfdoc-r30-s0,proj-selfdoc-r30-s0,L6.fc1,6,fc1,2048,797,0.38916015625,0.9958459138870239
init-final,proj-selfdoc-r30-s0,proj-selfdoc-r30-s0,L6.fc2,6,fc2,2048,797,0.38916015625,0.9957622289657593
init-final,proj-selfdoc-r30-s0,proj-selfdoc-r30-s0,L7.qkv,7,qkv,2048,1266,0.6181640625,0.9961655139923096
init-final,proj-selfdoc-r30-s0,proj-selfdoc-r30-s0,L7.o,7,o,2048,1266,0.6181640625,0.9963994026184082
init-final,proj-selfdoc-r30-s0,proj-selfdoc-r30-s0,L7.fc1,7,fc1,2048,797,0.38916015625,0.9957340955734253
init-final,proj-selfdoc-r30-s0,proj-selfdoc-r30-s0,L7.fc2,7,fc2,2048,797,0.38916015625,0.9957071542739868
init-final,proj-selfdoc-r30-s0,proj-selfdoc-r30-s0,L8.qkv,8,qkv,2048,1266,0.6181640625,0.996103048324585
init-final,proj-selfdoc-r30-s0,proj-selfdoc-r30-s0,L8.o,8,o,2048,1266,0.6181640625,0.9961544871330261
init-final,proj-selfdoc-r30-s0,proj-selfdoc-r30-s0,L8.fc1,8,fc1,2048,797,0.38916015625,0.9956077337265015
init-final,proj-selfdoc-r30-s0,proj-selfdoc-r30-s0,L8.fc2,8,fc2,2048,797,0.38916015625,0.9952928423881531
init-final,proj-selfdoc-r30-s0,proj-selfdoc-r30-s0,L9.qkv,9,qkv,2048,1266,0.6181640625,0.9959422945976257
init-final,proj-selfdoc-r30-s0,proj-selfdoc-r30-s0,L9.o,9,o,2048,1266,0.6181640625,0.9960859417915344
init-final,proj-selfdoc-r30-s0,proj-selfdoc-r30-s0,L9.fc1,9,fc1,2048,797,0.38916015625,0.9954009652137756
init-final,proj-selfdoc-r30-s0,proj-selfdoc-r30-s0,L9.fc2,9,fc2,2048,797,0.38916015625,0.995033323764801
init-final,proj-selfdoc-r30-s0,proj-selfdoc-r30-s0,L10.qkv,10,qkv,2048,1266,0.6181640625,0.996152937412262
init-final,proj-selfdoc-r30-s0,proj-selfdoc-r30-s0,L10.o,10,o,2048,1266,0.6181640625,0.995796799659729
init-final,proj-selfdoc-r30-s0,proj-selfdoc-r30-s0,L10.fc1,10,fc1,2048,797,0.38916015625,0.9953032732009888
init-final,proj-selfdoc-r30-s0,proj-selfdoc-r30-s0,L10.fc2,10,fc2,2048,797,0.38916015625,0.9948552846908569
init-final,proj-selfdoc-r30-s0,proj-selfdoc-r30-s0,L11.qkv,11,qkv,2048,1266,0.6181640625,0.9959589838981628
init-final,proj-selfdoc-r30-s0,proj-selfdoc-r30-s0,L11.o,11,o,2048,1266,0.6181640625,0.9960177540779114
init-final,proj-selfdoc-r30-s0,proj-selfdoc-r30-s0,L11.fc1,11,fc1,2048,797,0.38916015625,0.9951930046081543
init-final,proj-selfdoc-r30-s0,proj-selfdoc-r30-s0,L11.fc2,11,fc2,2048,797,0.38916015625,0.9946485161781311
init-final,proj-selfdoc-r30-s0,proj-selfdoc-r30-s0,L12.qkv,12,qkv,2048,1266,0.6181640625,0.9959092140197754
init-final,proj-selfdoc-r30-s0,proj-selfdoc-r30-s0,L12.o,12,o,2048,1266,0.6181640625,0.9959878921508789
init-final,proj-selfdoc-r30-s0,proj-selfdoc-r30-s0,L12.fc1,12,fc1,2048,797,0.38916015625,0.9951587319374084
init-final,proj-selfdoc-r30-s0,proj-selfdoc-r30-s0,L12.fc2,12,fc2,2048,797,0.38916015625,0.9946479797363281
init-final,proj-selfdoc-r30-s0,proj-selfdoc-r30-s0,L13.qkv,13,qkv,2048,1266,0.6181640625,0.995836615562439
init-final,proj-selfdoc-r30-s0,proj-selfdoc-r30-s0,L13.o,13,o,2048,1266,0.6181640625,0.9956303834915161
init-final,proj-selfdoc-r30-s0,proj-selfdoc-r30-s0,L13.fc1,13,fc1,2048,797,0.38916015625,0.9951309561729431
init-final,proj-selfdoc-r30-s0,proj-selfdoc-r30-s0,L13.fc2,13,fc2,2048,797,0.38916015625,0.9945658445358276
init-final,proj-selfdoc-r30-s0,proj-selfdoc-r30-s0,L14.qkv,14,qkv,2048,1266,0.6181640625,0.9960142374038696
init-final,proj-selfdoc-r30-s0,proj-selfdoc-r30-s0,L14.o,14,o,2048,1266,0.6181640625,0.9959070682525635
init-final,proj-selfdoc-r30-s0,proj-selfdoc-r30-s0,L14.fc1,14,fc1,2048,797,0.38916015625,0.9949560761451721
init-final,proj-selfdoc-r30-s0,proj-selfdoc-r30-s0,L14.fc2,14,fc2,2048,797,0.38916015625,0.9944798946380615
init-final,proj-selfdoc-r30-s0,proj-selfdoc-r30-s0,L15.qkv,15,qkv,2048,1266,0.6181640625,0.995907187461853
init-final,proj-selfdoc-r30-s0,proj-selfdoc-r30-s0,L15.o,15,o,2048,1266,0.6181640625,0.9957503080368042
init-final,proj-selfdoc-r30-s0,proj-selfdoc-r30-s0,L15.fc1,15,fc1,2048,797,0.38916015625,0.9946591258049011
init-final,proj-selfdoc-r30-s0,proj-selfdoc-r30-s0,L15.fc2,15,fc2,2048,797,0.38916015625,0.9943594932556152
init-final,proj-selfdoc-r30-s0,proj-selfdoc-r30-s0,L16.qkv,16,qkv,2048,1266,0.6181640625,0.9960846900939941
init-final,proj-selfdoc-r30-s0,proj-selfdoc-r30-s0,L16.o,16,o,2048,1266,0.6181640625,0.9961352348327637
init-final,proj-selfdoc-r30-s0,proj-selfdoc-r30-s0,L16.fc1,16,fc1,2048,797,0.38916015625,0.9945372939109802
init-final,proj-selfdoc-r30-s0,proj-selfdoc-r30-s0,L16.fc2,16,fc2,2048,797,0.38916015625,0.9941700100898743
init-final,proj-selfdoc-r30-s0,proj-selfdoc-r30-s0,L17.qkv,17,qkv,2048,1266,0.6181640625,0.9955061674118042
init-final,proj-selfdoc-r30-s0,proj-selfdoc-r30-s0,L17.o,17,o,2048,1266,0.6181640625,0.9958968758583069
init-final,proj-selfdoc-r30-s0,proj-selfdoc-r30-s0,L17.fc1,17,fc1,2048,797,0.38916015625,0.9945428371429443
init-final,proj-selfdoc-r30-s0,proj-selfdoc-r30-s0,L17.fc2,17,fc2,2048,797,0.38916015625,0.9942339658737183
init-final,proj-selfdoc-r30-s0,proj-selfdoc-r30-s0,L18.qkv,18,qkv,2048,1266,0.6181640625,0.9957160949707031
init-final,proj-selfdoc-r30-s0,proj-selfdoc-r30-s0,L18.o,18,o,2048,1266,0.6181640625,0.9959554672241211
init-final,proj-selfdoc-r30-s0,proj-selfdoc-r30-s0,L18.fc1,18,fc1,2048,797,0.38916015625,0.9944579005241394
init-final,proj-selfdoc-r30-s0,proj-selfdoc-r30-s0,L18.fc2,18,fc2,2048,797,0.38916015625,0.9941492676734924
init-final,proj-selfdoc-r30-s0,proj-selfdoc-r30-s0,L19.qkv,19,qkv,2048,1266,0.6181640625,0.9957947731018066
init-final,proj-selfdoc-r30-s0,proj-selfdoc-r30-s0,L19.o,19,o,2048,1266,0.6181640625,0.9962584376335144
init-final,proj-selfdoc-r30-s0,proj-selfdoc-r30-s0,L19.fc1,19,fc1,2048,797,0.38916015625,0.994610071182251
init-final,proj-selfdoc-r30-s0,proj-selfdoc-r30-s0,L19.fc2,19,fc2,2048,797,0.38916015625,0.9942014217376709
init-final,proj-selfdoc-r30-s0,proj-selfdoc-r30-s0,L20.qkv,20,qkv,2048,1266,0.6181640625,0.9961241483688354
init-final,proj-selfdoc-r30-s0,proj-selfdoc-r30-s0,L20.o,20,o,2048,1266,0.6181640625,0.9960987567901611
init-final,proj-selfdoc-r30-s0,proj-selfdoc-r30-s0,L20.fc1,20,fc1,2048,797,0.38916015625,0.9946354627609253
init-final,proj-selfdoc-r30-s0,proj-selfdoc-r30-s0,L20.fc2,20,fc2,2048,797,0.38916015625,0.9940416812896729
init-final,proj-selfdoc-r30-s0,proj-selfdoc-r30-s0,L21.qkv,21,qkv,2048,1266,0.6181640625,0.9964813590049744
init-final,proj-selfdoc-r30-s0,proj-selfdoc-r30-s0,L21.o,21,o,2048,1266,0.6181640625,0.996491014957428
init-final,proj-selfdoc-r30-s0,proj-selfdoc-r30-s0,L21.fc1,21,fc1,2048,797,0.38916015625,0.9953715801239014
init-final,proj-selfdoc-r30-s0,proj-selfdoc-r30-s0,L21.fc2,21,fc2,2048,797,0.38916015625,0.9944300651550293
init-final,proj-selfdoc-r30-s0,proj-selfdoc-r30-s0,L22.qkv,22,qkv,2048,1266,0.6181640625,0.9978628158569336
init-final,proj-selfdoc-r30-s0,proj-selfdoc-r30-s0,L22.o,22,o,2048,1266,0.6181640625,0.9968101978302002
init-final,proj-selfdoc-r30-s0,proj-selfdoc-r30-s0,L22.fc1,22,fc1,2048,797,0.38916015625,0.9955725073814392
init-final,proj-selfdoc-r30-s0,proj-selfdoc-r30-s0,L22.fc2,22,fc2,2048,797,0.38916015625,0.9946125745773315
init-final,proj-selfdoc-r30-s0,proj-selfdoc-r30-s0,L23.qkv,23,qkv,2048,1266,0.6181640625,0.9994147419929504
init-final,proj-selfdoc-r30-s0,proj-selfdoc-r30-s0,L23.o,23,o,2048,1266,0.6181640625,0.9951476454734802
init-final,proj-selfdoc-r30-s0,proj-selfdoc-r30-s0,L23.fc1,23,fc1,2048,797,0.38916015625,0.9938058257102966
init-final,proj-selfdoc-r30-s0,proj-selfdoc-r30-s0,L23.fc2,23,fc2,2048,797,0.38916015625,0.9916788339614868
init-init,proj-wikitext2-r30-s0,proj-c4-r30-s0,L0.qkv,0,qkv,2048,1266,0.6181640625,0.8948668241500854
final-final,proj-wikitext2-r30-s0,proj-c4-r30-s0,L0.qkv,0,qkv,2048,1266,0.6181640625,0.8913704752922058
init-init,proj-wikitext2-r30-s0,proj-c4-r30-s0,L0.o,0,o,2048,1266,0.6181640625,0.911600649356842
final-final,proj-wikitext2-r30-s0,proj-c4-r30-s0,L0.o,0,o,2048,1266,0.6181640625,0.9083292484283447
init-init,proj-wikitext2-r30-s0,proj-c4-r30-s0,L0.fc1,0,fc1,2048,797,0.38916015625,0.8444943428039551
final-final,proj-wikitext2-r30-s0,proj-c4-r30-s0,L0.fc1,0,fc1,2048,797,0.38916015625,0.8411229252815247
init-init,proj-wikitext2-r30-s0,proj-c4-r30-s0,L0.fc2,0,fc2,2048,797,0.38916015625,0.8723608255386353
final-final,proj-wikitext2-r30-s0,proj-c4-r30-s0,L0.fc2,0,fc2,2048,797,0.38916015625,0.8683350086212158
init-init,proj-wikitext2-r30-s0,proj-c4-r30-s0,L1.qkv,1,qkv,2048,1266,0.6181640625,0.9396853446960449
final-final,proj-wikitext2-r30-s0,proj-c4-r30-s0,L1.qkv,1,qkv,2048,1266,0.6181640625,0.9368245005607605
init-init,proj-wikitext2-r30-s0,proj-c4-r30-s0,L1.o,1,o,2048,1266,0.6181640625,0.9069652557373047
final-final,proj-wikitext2-r30-s0,proj-c4-r30-s0,L1.o,1,o,2048,1266,0.6181640625,0.9043554067611694
init-init,proj-wikitext2-r30-s0,proj-c4-r30-s0,L1.fc1,1,fc1,2048,797,0.38916015625,0.9045007824897766
final-final,proj-wikitext2-r30-s0,proj-c4-r30-s0,L1.fc1,1,fc1,2048,797,0.38916015625,0.9019750952720642
init-init,proj-wikitext2-r30-s0,proj-c4-r30-s0,L1.fc2,1,fc2,2048,797,0.38916015625,0.8489159345626831
final-final,proj-wikitext2-r30-s0,proj-c4-r30-s0,L1.fc2,1,fc2,2048,797,0.38916015625,0.8448761105537415
init-init,proj-wikitext2-r30-s0,proj-c4-r30-s0,L2.qkv,2,qkv,2048,1266,0.6181640625,0.9344859719276428
final-final,proj-wikitext2-r30-s0,proj-c4-r30-s0,L2.qkv,2,qkv,2048,1266,0.6181640625,0.931034505367279
init-init,proj-wikitext2-r30-s0,proj-c4-r30-s0,L2.o,2,o,2048,1266,0.6181640625,0.9305152893066406
final-final,proj-wikitext2-r30-s0,proj-c4-r30-s0,L2.o,2,o,2048,1266,0.6181640625,0.9283292293548584
init-init,proj-wikitext2-r30-s0,proj-c4-r30-s0,L2.fc1,2,fc1,2048,797,0.38916015625,0.8927615880966187
final-final,proj-wikitext2-r30-s0,proj-c4-r30-s0,L2.fc1,2,fc1,2048,797,0.38916015625,0.8902077674865723
init-init,proj-wikitext2-r30-s0,proj-c4-r30-s0,L2.fc2,2,fc2,2048,797,0.38916015625,0.8500717878341675
final-final,proj-wikitext2-r30-s0,proj-c4-r30-s0,L2.fc2,2,fc2,2048,797,0.38916015625,0.8457574844360352
init-init,proj-wikitext2-r30-s0,proj-c4-r30-s0,L3.qkv,3,qkv,2048,1266,0.6181640625,0.9297721982002258
final-final,proj-wikitext2-r30-s0,proj-c4-r30-s0,L3.qkv,3,qkv,2048,1266,0.6181640625,0.9259341955184937
init-init,proj-wikitext2-r30-s0,proj-c4-r30-s0,L3.o,3,o,2048,1266,0.6181640625,0.9175605177879333
final-final,proj-wikitext2-r30-s0,proj-c4-r30-s0,L3.o,3,o,2048,1266,0.6181640625,0.9150899052619934
init-init,proj-wikitext2-r30-s0,proj-c4-r30-s0,L3.fc1,3,fc1,2048,797,0.38916015625,0.8839325904846191
final-final,proj-wikitext2-r30-s0,proj-c4-r30-s0,L3.fc1,3,fc1,2048,797,0.38916015625,0.8805651664733887
init-init,proj-wikitext2-r30-s0,proj-c4-r30-s0,L3.fc2,3,fc2,2048,797,0.38916015625,0.84535151720047
final-final,proj-wikitext2-r30-s0,proj-c4-r30-s0,L3.fc2,3,fc2,2048,797,0.38916015625,0.8407120108604431
init-init,proj-wikitext2-r30-s0,proj-c4-r30-s0,L4.qkv,4,qkv,2048,1266,0.6181640625,0.9246777892112732
final-final,proj-wikitext2-r30-s0,proj-c4-r30-s0,L4.qkv,4,qkv,2048,1266,0.6181640625,0.921103835105896
init-init,proj-wikitext2-r30-s0,proj-c4-r30-s0,L4.o,4,o,2048,1266,0.6181640625,0.9310227632522583
final-final,proj-wikitext2-r30-s0,proj-c4-r30-s0,L4.o,4,o,2048,1266,0.6181640625,0.9286255240440369
init-init,proj-wikitext2-r30-s0,proj-c4-r30-s0,L4.fc1,4,fc1,2048,797,0.38916015625,0.8787362575531006
final-final,proj-wikitext2-r30-s0,proj-c4-r30-s0,L4.fc1,4,fc1,2048,797,0.38916015625,0.8747931718826294
init-init,proj-wikitext2-r30-s0,proj-c4-r30-s0,L4.fc2,4,fc2,2048,797,0.38916015625,0.8263565897941589
final-final,proj-wikitext2-r30-s0,proj-c4-r30-s0,L4.fc2,4,fc2,2048,797,0.38916015625,0.8219271302223206
init-init,proj-wikitext2-r30-s0,proj-c4-r30-s0,L5.qkv,5,qkv,2048,1266,0.6181640625,0.9180152416229248
final-final,proj-wikitext2-r30-s0,proj-c4-r30-s0,L5.qkv,5,qkv,2048,1266,0.6181640625,0.9144806265830994
init-init,proj-wikitext2-r30-s0,proj-c4-r30-s0,L5.o,5,o,2048,1266,0.6181640625,0.9005022048950195
final-final,proj-wikitext2-r30-s0,proj-c4-r30-s0,L5.o,5,o,2048,1266,0.6181640625,0.897966206073761
init-init,proj-wikitext2-r30-s0,proj-c4-r30-s0,L5.fc1,5,fc1,2048,797,0.38916015625,0.8695201277732849
final-final,proj-wikitext2-r30-s0,proj-c4-r30-s0,L5.fc1,5,fc1,2048,797,0.38916015625,0.8651389479637146
init-init,proj-wikitext2-r30-s0,proj-c4-r30-s0,L5.fc2,5,fc2,2048,797,0.38916015625,0.8151586055755615
final-final,proj-wikitext2-r30-s0,proj-c4-r30-s0,L5.fc2,5,fc2,2048,797,0.38916015625,0.8106764554977417
init-init,proj-wikitext2-r30-s0,proj-c4-r30-s0,L6.qkv,6,qkv,2048,1266,0.6181640625,0.9144518375396729
final-final,proj-wikitext2-r30-s0,proj-c4-r30-s0,L6.qkv,6,qkv,2048,1266,0.6181640625,0.910393476486206
init-init,proj-wikitext2-r30-s0,proj-c4-r30-s0,L6.o,6,o,2048,1266,0.6181640625,0.9005003571510315
final-final,proj-wikitext2-r30-s0,proj-c4-r30-s0,L6.o,6,o,2048,1266,0.6181640625,0.8972033262252808
init-init,proj-wikitext2-r30-s0,proj-c4-r30-s0,L6.fc1,6,fc1,2048,797,0.38916015625,0.8598337769508362
final-final,proj-wikitext2-r30-s0,proj-c4-r30-s0,L6.fc1,6,fc1,2048,797,0.38916015625,0.8550119996070862
init-init,proj-wikitext2-r30-s0,proj-c4-r30-s0,L6.fc2,6,fc2,2048,797,0.38916015625,0.8027344942092896
final-final,proj-wikitext2-r30-s0,proj-c4-r30-s0,L6.fc2,6,fc2,2048,797,0.38916015625,0.7986288666725159
init-init,proj-wikitext2-r30-s0,proj-c4-r30-s0,L7.qkv,7,qkv,2048,1266,0.6181640625,0.9077087044715881
final-final,proj-wikitext2-r30-s0,proj-c4-r30-s0,L7.qkv,7,qkv,2048,1266,0.6181640625,0.9036129713058472
init-init,proj-wikitext2-r30-s0,proj-c4-r30-s0,L7.o,7,o,2048,1266,0.6181640625,0.8950243592262268
final-final,proj-wikitext2-r30-s0,proj-c4-r30-s0,L7.o,7,o,2048,1266,0.6181640625,0.8916187286376953
init-init,proj-wikitext2-r30-s0,proj-c4-r30-s0,L7.fc1,7,fc1,2048,797,0.38916015625,0.8499841690063477
final-final,proj-wikitext2-r30-s0,proj-c4-r30-s0,L7.fc1,7,fc1,2048,797,0.38916015625,0.8448838591575623
init-init,proj-wikitext2-r30-s0,proj-c4-r30-s0,L7.fc2,7,fc2,2048,797,0.38916015625,0.7928177118301392
final-final,proj-wikitext2-r30-s0,proj-c4-r30-s0,L7.fc2,7,fc2,2048,797,0.38916015625,0.788833737373352
init-init,proj-wikitext2-r30-s0,proj-c4-r30-s0,L8.qkv,8,qkv,2048,1266,0.6181640625,0.9011644124984741
final-final,proj-wikitext2-r30-s0,proj-c4-r30-s0,L8.qkv,8,qkv,2048,1266,0.6181640625,0.8971541523933411
init-init,proj-wikitext2-r30-s0,proj-c4-r30-s0,L8.o,8,o,2048,1266,0.6181640625,0.8950201272964478
final-final,proj-wikitext2-r30-s0,proj-c4-r30-s0,L8.o,8,o,2048,1266,0.6181640625,0.8914147019386292
init-init,proj-wikitext2-r30-s0,proj-c4-r30-s0,L8.fc1,8,fc1,2048,797,0.38916015625,0.8363592028617859
final-final,proj-wikitext2-r30-s0,proj-c4-r30-s0,L8.fc1,8,fc1,2048,797,0.38916015625,0.8313248753547668
init-init,proj-wikitext2-r30-s0,proj-c4-r30-s0,L8.fc2,8,fc2,2048,797,0.38916015625,0.8035778999328613
final-final,proj-wikitext2-r30-s0,proj-c4-r30-s0,L8.fc2,8,fc2,2048,797,0.38916015625,0.7988674640655518
init-init,proj-wikitext2-r30-s0,proj-c4-r30-s0,L9.qkv,9,qkv,2048,1266,0.6181640625,0.893904447555542
final-final,proj-wikitext2-r30-s0,proj-c4-r30-s0,L9.qkv,9,qkv,2048,1266,0.6181640625,0.8897824883460999
init-init,proj-wikitext2-r30-s0,proj-c4-r30-s0,L9.o,9,o,2048,1266,0.6181640625,0.8946558237075806
final-final,proj-wikitext2-r30-s0,proj-c4-r30-s0,L9.o,9,o,2048,1266,0.6181640625,0.8909637331962585
init-init,proj-wikitext2-r30-s0,proj-c4-r30-s0,L9.fc1,9,fc1,2048,797,0.38916015625,0.8243781924247742
final-final,proj-wikitext2-r30-s0,proj-c4-r30-s0,L9.fc1,9,fc1,2048,797,0.38916015625,0.8194308280944824
init-init,proj-wikitext2-r30-s0,proj-c4-r30-s0,L9.fc2,9,fc2,2048,797,0.38916015625,0.8210382461547852
final-final,proj-wikitext2-r30-s0,proj-c4-r30-s0,L9.fc2,9,fc2,2048,797,0.38916015625,0.8158959746360779
init-init,proj-wikitext2-r30-s0,proj-c4-r30-s0,L10.qkv,10,qkv,2048,1266,0.6181640625,0.8928853273391724
final-final,proj-wikitext2-r30-s0,proj-c4-r30-s0,L10.qkv,10,qkv,2048,1266,0.6181640625,0.8890590071678162
init-init,proj-wikitext2-r30-s0,proj-c4-r30-s0,L10.o,10,o,2048,1266,0.6181640625,0.9027637839317322
final-final,proj-wikitext2-r30-s0,proj-c4-r30-s0,L10.o,10,o,2048,1266,0.6181640625,0.898615300655365
init-init,proj-wikitext2-r30-s0,proj-c4-r30-s0,L10.fc1,10,fc1,2048,797,0.38916015625,0.8170281052589417
final-final,proj-wikitext2-r30-s0,proj-c4-r30-s0,L10.fc1,10,fc1,2048,797,0.38916015625,0.812125027179718
init-init,proj-wikitext2-r30-s0,proj-c4-r30-s0,L10.fc2,10,fc2,2048,797,0.38916015625,0.8266397714614868
final-final,proj-wikitext2-r30-s0,proj-c4-r30-s0,L10.fc2,10,fc2,2048,797,0.38916015625,0.8212947845458984
init-init,proj-wikitext2-r30-s0,proj-c4-r30-s0,L11.qkv,11,qkv,2048,1266,0.6181640625,0.8882644176483154
final-final,proj-wikitext2-r30-s0,proj-c4-r30-s0,L11.qkv,11,qkv,2048,1266,0.6181640625,0.8844624757766724
init-init,proj-wikitext2-r30-s0,proj-c4-r30-s0,L11.o,11,o,2048,1266,0.6181640625,0.902933657169342
final-final,proj-wikitext2-r30-s0,proj-c4-r30-s0,L11.o,11,o,2048,1266,0.6181640625,0.8991996049880981
init-init,proj-wikitext2-r30-s0,proj-c4-r30-s0,L11.fc1,11,fc1,2048,797,0.38916015625,0.8129905462265015
final-final,proj-wikitext2-r30-s0,proj-c4-r30-s0,L11.fc1,11,fc1,2048,797,0.38916015625,0.8080336451530457
init-init,proj-wikitext2-r30-s0,proj-c4-r30-s0,L11.fc2,11,fc2,2048,797,0.38916015625,0.8416189551353455
final-final,proj-wikitext2-r30-s0,proj-c4-r30-s0,L11.fc2,11,fc2,2048,797,0.38916015625,0.8360006213188171
init-init,proj-wikitext2-r30-s0,proj-c4-r30-s0,L12.qkv,12,qkv,2048,1266,0.6181640625,0.8884187936782837
final-final,proj-wikitext2-r30-s0,proj-c4-r30-s0,L12.qkv,12,qkv,2048,1266,0.6181640625,0.8846989870071411
init-init,proj-wikitext2-r30-s0,proj-c4-r30-s0,L12.o,12,o,2048,1266,0.6181640625,0.9038922786712646
final-final,proj-wikitext2-r30-s0,proj-c4-r30-s0,L12.o,12,o,2048,1266,0.6181640625,0.8999346494674683
init-init,proj-wikitext2-r30-s0,proj-c4-r30-s0,L12.fc1,12,fc1,2048,797,0.38916015625,0.8115085959434509
final-final,proj-wikitext2-r30-s0,proj-c4-r30-s0,L12.fc1,12,fc1,2048,797,0.38916015625,0.8067005276679993
init-init,proj-wikitext2-r30-s0,proj-c4-r30-s0,L12.fc2,12,fc2,2048,797,0.38916015625,0.8453639149665833
final-final,proj-wikitext2-r30-s0,proj-c4-r30-s0,L12.fc2,12,fc2,2048,797,0.38916015625,0.8394097685813904
init-init,proj-wikitext2-r30-s0,proj-c4-r30-s0,L13.qkv,13,qkv,2048,1266,0.6181640625,0.8906089067459106
final-final,proj-wikitext2-r30-s0,proj-c4-r30-s0,L13.qkv,13,qkv,2048,1266,0.6181640625,0.886788010597229
init-init,proj-wikitext2-r30-s0,proj-c4-r30-s0,L13.o,13,o,2048,1266,0.6181640625,0.9130483269691467
final-final,proj-wikitext2-r30-s0,proj-c4-r30-s0,L13.o,13,o,2048,1266,0.6181640625,0.9086176753044128
init-init,proj-wikitext2-r30-s0,proj-c4-r30-s0,L13.fc1,13,fc1,2048,797,0.38916015625,0.8096683025360107
final-final,proj-wikitext2-r30-s0,proj-c4-r30-s0,L13.fc1,13,fc1,2048,797,0.38916015625,0.804986298084259
init-init,proj-wikitext2-r30-s0,proj-c4-r30-s0,L13.fc2,13,fc2,2048,797,0.38916015625,0.8488353490829468
final-final,proj-wikitext2-r30-s0,proj-c4-r30-s0,L13.fc2,13,fc2,2048,797,0.38916015625,0.8428425192832947
init-init,proj-wikitext2-r30-s0,proj-c4-r30-s0,L14.qkv,14,qkv,2048,1266,0.6181640625,0.8873012661933899
final-final,proj-wikitext2-r30-s0,proj-c4-r30-s0,L14.qkv,14,qkv,2048,1266,0.6181640625,0.883834958076477
init-init,proj-wikitext2-r30-s0,proj-c4-r30-s0,L14.o,14,o,2048,1266,0.6181640625,0.9024537801742554
final-final,proj-wikitext2-r30-s0,proj-c4-r30-s0,L14.o,14,o,2048,1266,0.6181640625,0.8984971046447754
init-init,proj-wikitext2-r30-s0,proj-c4-r30-s0,L14.fc1,14,fc1,2048,797,0.38916015625,0.8076481819152832
final-final,proj-wikitext2-r30-s0,proj-c4-r30-s0,L14.fc1,14,fc1,2048,797,0.38916015625,0.8033353090286255
init-init,proj-wikitext2-r30-s0,proj-c4-r30-s0,L14.fc2,14,fc2,2048,797,0.38916015625,0.8439030051231384
final-final,proj-wikitext2-r30-s0,proj-c4-r30-s0,L14.fc2,14,fc2,2048,797,0.38916015625,0.8381097316741943
init-init,proj-wikitext2-r30-s0,proj-c4-r30-s0,L15.qkv,15,qkv,2048,1266,0.6181640625,0.8896787166595459
final-final,proj-wikitext2-r30-s0,proj-c4-r30-s0,L15.qkv,15,qkv,2048,1266,0.6181640625,0.8864530324935913
init-init,proj-wikitext2-r30-s0,proj-c4-r30-s0,L15.o,15,o,2048,1266,0.6181640625,0.9000780582427979
final-final,proj-wikitext2-r30-s0,proj-c4-r30-s0,L15.o,15,o,2048,1266,0.6181640625,0.8962500691413879
init-init,proj-wikitext2-r30-s0,proj-c4-r30-s0,L15.fc1,15,fc1,2048,797,0.38916015625,0.8057660460472107
final-final,proj-wikitext2-r30-s0,proj-c4-r30-s0,L15.fc1,15,fc1,2048,797,0.38916015625,0.801365077495575
init-init,proj-wikitext2-r30-s0,proj-c4-r30-s0,L15.fc2,15,fc2,2048,797,0.38916015625,0.8386356234550476
final-final,proj-wikitext2-r30-s0,proj-c4-r30-s0,L15.fc2,15,fc2,2048,797,0.38916015625,0.8331121206283569
init-init,proj-wikitext2-r30-s0,proj-c4-r30-s0,L16.qkv,16,qkv,2048,1266,0.6181640625,0.8823309540748596
final-final,proj-wikitext2-r30-s0,proj-c4-r30-s0,L16.qkv,16,qkv,2048,1266,0.6181640625,0.8795951008796692
init-init,proj-wikitext2-r30-s0,proj-c4-r30-s0,L16.o,16,o,2048,1266,0.6181640625,0.8982627987861633
final-final,proj-wikitext2-r30-s0,proj-c4-r30-s0,L16.o,16,o,2048,1266,0.6181640625,0.8949131965637207
init-init,proj-wikitext2-r30-s0,proj-c4-r30-s0,L16.fc1,16,fc1,2048,797,0.38916015625,0.8045192360877991
final-final,proj-wikitext2-r30-s0,proj-c4-r30-s0,L16.fc1,16,fc1,2048,797,0.38916015625,0.7998242974281311
init-init,proj-wikitext2-r30-s0,proj-c4-r30-s0,L16.fc2,16,fc2,2048,797,0.38916015625,0.8313053846359253
final-final,proj-wikitext2-r30-s0,proj-c4-r30-s0,L16.fc2,16,fc2,2048,797,0.38916015625,0.8255069851875305
init-init,proj-wikitext2-r30-s0,proj-c4-r30-s0,L17.qkv,17,qkv,2048,1266,0.6181640625,0.8766555786132812
final-final,proj-wikitext2-r30-s0,proj-c4-r30-s0,L17.qkv,17,qkv,2048,1266,0.6181640625,0.873773992061615
init-init,proj-wikitext2-r30-s0,proj-c4-r30-s0,L17.o,17,o,2048,1266,0.6181640625,0.8880414962768555
final-final,proj-wikitext2-r30-s0,proj-c4-r30-s0,L17.o,17,o,2048,1266,0.6181640625,0.8846589922904968
init-init,proj-wikitext2-r30-s0,proj-c4-r30-s0,L17.fc1,17,fc1,2048,797,0.38916015625,0.8040916919708252
final-final,proj-wikitext2-r30-s0,proj-c4-r30-s0,L17.fc1,17,fc1,2048,797,0.38916015625,0.7996245622634888
init-init,proj-wikitext2-r30-s0,proj-c4-r30-s0,L17.fc2,17,fc2,2048,797,0.38916015625,0.8260376453399658
final-final,proj-wikitext2-r30-s0,proj-c4-r30-s0,L17.fc2,17,fc2,2048,797,0.38916015625,0.8207244873046875
init-init,proj-wikitext2-r30-s0,proj-c4-r30-s0,L18.qkv,18,qkv,2048,1266,0.6181640625,0.8758097887039185
final-final,proj-wikitext2-r30-s0,proj-c4-r30-s0,L18.qkv,18,qkv,2048,1266,0.6181640625,0.873746931552887
init-init,proj-wikitext2-r30-s0,proj-c4-r30-s0,L18.o,18,o,2048,1266,0.6181640625,0.8877543210983276
final-final,proj-wikitext2-r30-s0,proj-c4-r30-s0,L18.o,18,o,2048,1266,0.6181640625,0.8846460580825806
init-init,proj-wikitext2-r30-s0,proj-c4-r30-s0,L18.fc1,18,fc1,2048,797,0.38916015625,0.8041403889656067
final-final,proj-wikitext2-r30-s0,proj-c4-r30-s0,L18.fc1,18,fc1,2048,797,0.38916015625,0.799255907535553
init-init,proj-wikitext2-r30-s0,proj-c4-r30-s0,L18.fc2,18,fc2,2048,797,0.38916015625,0.8191550374031067
final-final,proj-wikitext2-r30-s0,proj-c4-r30-s0,L18.fc2,18,fc2,2048,797,0.38916015625,0.8136299252510071
init-init,proj-wikitext2-r30-s0,proj-c4-r30-s0,L19.qkv,19,qkv,2048,1266,0.6181640625,0.8701868057250977
final-final,proj-wikitext2-r30-s0,proj-c4-r30-s0,L19.qkv,19,qkv,2048,1266,0.6181640625,0.868309497833252
init-init,proj-wikitext2-r30-s0,proj-c4-r30-s0,L19.o,19,o,2048,1266,0.6181640625,0.8772101998329163
final-final,proj-wikitext2-r30-s0,proj-c4-r30-s0,L19.o,19,o,2048,1266,0.6181640625,0.8744986057281494
init-init,proj-wikitext2-r30-s0,proj-c4-r30-s0,L19.fc1,19,fc1,2048,797,0.38916015625,0.8006893396377563
final-final,proj-wikitext2-r30-s0,proj-c4-r30-s0,L19.fc1,19,fc1,2048,797,0.38916015625,0.7959610819816589
init-init,proj-wikitext2-r30-s0,proj-c4-r30-s0,L19.fc2,19,fc2,2048,797,0.38916015625,0.8150495290756226
final-final,proj-wikitext2-r30-s0,proj-c4-r30-s0,L19.fc2,19,fc2,2048,797,0.38916015625,0.8093519806861877
init-init,proj-wikitext2-r30-s0,proj-c4-r30-s0,L20.qkv,20,qkv,2048,1266,0.6181640625,0.867100715637207
final-final,proj-wikitext2-r30-s0,proj-c4-r30-s0,L20.qkv,20,qkv,2048,1266,0.6181640625,0.8651942610740662
init-init,proj-wikitext2-r30-s0,proj-c4-r30-s0,L20.o,20,o,2048,1266,0.6181640625,0.8778272867202759
final-final,proj-wikitext2-r30-s0,proj-c4-r30-s0,L20.o,20,o,2048,1266,0.6181640625,0.8747370839118958
init-init,proj-wikitext2-r30-s0,proj-c4-r30-s0,L20.fc1,20,fc1,2048,797,0.38916015625,0.7933706641197205
final-final,proj-wikitext2-r30-s0,proj-c4-r30-s0,L20.fc1,20,fc1,2048,797,0.38916015625,0.7887832522392273
init-init,proj-wikitext2-r30-s0,proj-c4-r30-s0,L20.fc2,20,fc2,2048,797,0.38916015625,0.8029457330703735
final-final,proj-wikitext2-r30-s0,proj-c4-r30-s0,L20.fc2,20,fc2,2048,797,0.38916015625,0.7971971035003662
init-init,proj-wikitext2-r30-s0,proj-c4-r30-s0,L21.qkv,21,qkv,2048,1266,0.6181640625,0.8580189347267151
final-final,proj-wikitext2-r30-s0,proj-c4-r30-s0,L21.qkv,21,qkv,2048,1266,0.6181640625,0.8561438918113708
init-init,proj-wikitext2-r30-s0,proj-c4-r30-s0,L21.o,21,o,2048,1266,0.6181640625,0.8538929224014282
final-final,proj-wikitext2-r30-s0,proj-c4-r30-s0,L21.o,21,o,2048,1266,0.6181640625,0.8514660000801086
init-init,proj-wikitext2-r30-s0,proj-c4-r30-s0,L21.fc1,21,fc1,2048,797,0.38916015625,0.7831095457077026
final-final,proj-wikitext2-r30-s0,proj-c4-r30-s0,L21.fc1,21,fc1,2048,797,0.38916015625,0.7792861461639404
init-init,proj-wikitext2-r30-s0,proj-c4-r30-s0,L21.fc2,21,fc2,2048,797,0.38916015625,0.8021225333213806
final-final,proj-wikitext2-r30-s0,proj-c4-r30-s0,L21.fc2,21,fc2,2048,797,0.38916015625,0.7967177629470825
init-init,proj-wikitext2-r30-s0,proj-c4-r30-s0,L22.qkv,22,qkv,2048,1266,0.6181640625,0.8500559329986572
final-final,proj-wikitext2-r30-s0,proj-c4-r30-s0,L22.qkv,22,qkv,2048,1266,0.6181640625,0.8481552600860596
init-init,proj-wikitext2-r30-s0,proj-c4-r30-s0,L22.o,22,o,2048,1266,0.6181640625,0.8194863796234131
final-final,proj-wikitext2-r30-s0,proj-c4-r30-s0,L22.o,22,o,2048,1266,0.6181640625,0.8173618316650391
init-init,proj-wikitext2-r30-s0,proj-c4-r30-s0,L22.fc1,22,fc1,2048,797,0.38916015625,0.7719670534133911
final-final,proj-wikitext2-r30-s0,proj-c4-r30-s0,L22.fc1,22,fc1,2048,797,0.38916015625,0.7694846987724304
init-init,proj-wikitext2-r30-s0,proj-c4-r30-s0,L22.fc2,22,fc2,2048,797,0.38916015625,0.8115963935852051
final-final,proj-wikitext2-r30-s0,proj-c4-r30-s0,L22.fc2,22,fc2,2048,797,0.38916015625,0.8068081736564636
init-init,proj-wikitext2-r30-s0,proj-c4-r30-s0,L23.qkv,23,qkv,2048,1266,0.6181640625,0.8507388830184937
final-final,proj-wikitext2-r30-s0,proj-c4-r30-s0,L23.qkv,23,qkv,2048,1266,0.6181640625,0.849958598613739
init-init,proj-wikitext2-r30-s0,proj-c4-r30-s0,L23.o,23,o,2048,1266,0.6181640625,0.8224526047706604
final-final,proj-wikitext2-r30-s0,proj-c4-r30-s0,L23.o,23,o,2048,1266,0.6181640625,0.8191621899604797
init-init,proj-wikitext2-r30-s0,proj-c4-r30-s0,L23.fc1,23,fc1,2048,797,0.38916015625,0.7582855820655823
final-final,proj-wikitext2-r30-s0,proj-c4-r30-s0,L23.fc1,23,fc1,2048,797,0.38916015625,0.7562149167060852
init-init,proj-wikitext2-r30-s0,proj-c4-r30-s0,L23.fc2,23,fc2,2048,797,0.38916015625,0.8283562660217285
final-final,proj-wikitext2-r30-s0,proj-c4-r30-s0,L23.fc2,23,fc2,2048,797,0.38916015625,0.8225414752960205
init-init,proj-wikitext2-r30-s0,proj-slimpajama-r30-s0,L0.qkv,0,qkv,2048,1266,0.6181640625,0.892758846282959
final-final,proj-wikitext2-r30-s0,proj-slimpajama-r30-s0,L0.qkv,0,qkv,2048,1266,0.6181640625,0.8883899450302124
init-init,proj-wikitext2-r30-s0,proj-slimpajama-r30-s0,L0.o,0,o,2048,1266,0.6181640625,0.906853199005127
final-final,proj-wikitext2-r30-s0,proj-slimpajama-r30-s0,L0.o,0,o,2048,1266,0.6181640625,0.9026353359222412
init-init,proj-wikitext2-r30-s0,proj-slimpajama-r30-s0,L0.fc1,0,fc1,2048,797,0.38916015625,0.837073802947998
final-final,proj-wikitext2-r30-s0,proj-slimpajama-r30-s0,L0.fc1,0,fc1,2048,797,0.38916015625,0.8329266309738159
init-init,proj-wikitext2-r30-s0,proj-slimpajama-r30-s0,L0.fc2,0,fc2,2048,797,0.38916015625,0.8657266497612
final-final,proj-wikitext2-r30-s0,proj-slimpajama-r30-s0,L0.fc2,0,fc2,2048,797,0.38916015625,0.8608094453811646
init-init,proj-wikitext2-r30-s0,proj-slimpajama-r30-s0,L1.qkv,1,qkv,2048,1266,0.6181640625,0.934908390045166
final-final,proj-wikitext2-r30-s0,proj-slimpajama-r30-s0,L1.qkv,1,qkv,2048,1266,0.6181640625,0.9309177398681641
init-init,proj-wikitext2-r30-s0,proj-slimpajama-r30-s0,L1.o,1,o,2048,1266,0.6181640625,0.9008991718292236
final-final,proj-wikitext2-r30-s0,proj-slimpajama-r30-s0,L1.o,1,o,2048,1266,0.6181640625,0.8972317576408386
init-init,proj-wikitext2-r30-s0,proj-slimpajama-r30-s0,L1.fc1,1,fc1,2048,797,0.38916015625,0.8976497650146484
final-final,proj-wikitext2-r30-s0,proj-slimpajama-r30-s0,L1.fc1,1,fc1,2048,797,0.38916015625,0.89438396692276
init-init,proj-wikitext2-r30-s0,proj-slimpajama-r30-s0,L1.fc2,1,fc2,2048,797,0.38916015625,0.846799910068512
final-final,proj-wikitext2-r30-s0,proj-slimpajama-r30-s0,L1.fc2,1,fc2,2048,797,0.38916015625,0.8423266410827637
init-init,proj-wikitext2-r30-s0,proj-slimpajama-r30-s0,L2.qkv,2,qkv,2048,1266,0.6181640625,0.9308556914329529
final-final,proj-wikitext2-r30-s0,proj-slimpajama-r30-s0,L2.qkv,2,qkv,2048,1266,0.6181640625,0.9267728924751282
init-init,proj-wikitext2-r30-s0,proj-slimpajama-r30-s0,L2.o,2,o,2048,1266,0.6181640625,0.9247505068778992
final-final,proj-wikitext2-r30-s0,proj-slimpajama-r30-s0,L2.o,2,o,2048,1266,0.6181640625,0.9217624068260193
init-init,proj-wikitext2-r30-s0,proj-slimpajama-r30-s0,L2.fc1,2,fc1,2048,797,0.38916015625,0.8864781260490417
final-final,proj-wikitext2-r30-s0,proj-slimpajama-r30-s0,L2.fc1,2,fc1,2048,797,0.38916015625,0.8830828070640564
init-init,proj-wikitext2-r30-s0,proj-slimpajama-r30-s0,L2.fc2,2,fc2,2048,797,0.38916015625,0.8478660583496094
final-final,proj-wikitext2-r30-s0,proj-slimpajama-r30-s0,L2.fc2,2,fc2,2048,797,0.38916015625,0.8431023359298706
init-init,proj-wikitext2-r30-s0,proj-slimpajama-r30-s0,L3.qkv,3,qkv,2048,1266,0.6181640625,0.9264708757400513
final-final,proj-wikitext2-r30-s0,proj-slimpajama-r30-s0,L3.qkv,3,qkv,2048,1266,0.6181640625,0.9222716689109802
init-init,proj-wikitext2-r30-s0,proj-slimpajama-r30-s0,L3.o,3,o,2048,1266,0.6181640625,0.9102777242660522
final-final,proj-wikitext2-r30-s0,proj-slimpajama-r30-s0,L3.o,3,o,2048,1266,0.6181640625,0.9070641994476318
init-init,proj-wikitext2-r30-s0,proj-slimpajama-r30-s0,L3.fc1,3,fc1,2048,797,0.38916015625,0.8779054284095764
final-final,proj-wikitext2-r30-s0,proj-slimpajama-r30-s0,L3.fc1,3,fc1,2048,797,0.38916015625,0.874015748500824
init-init,proj-wikitext2-r30-s0,proj-slimpajama-r30-s0,L3.fc2,3,fc2,2048,797,0.38916015625,0.8392490148544312
final-final,proj-wikitext2-r30-s0,proj-slimpajama-r30-s0,L3.fc2,3,fc2,2048,797,0.38916015625,0.8340108394622803
init-init,proj-wikitext2-r30-s0,proj-slimpajama-r30-s0,L4.qkv,4,qkv,2048,1266,0.6181640625,0.9210013151168823
final-final,proj-wikitext2-r30-s0,proj-slimpajama-r30-s0,L4.qkv,4,qkv,2048,1266,0.6181640625,0.9168161153793335
init-init,proj-wikitext2-r30-s0,proj-slimpajama-r30-s0,L4.o,4,o,2048,1266,0.6181640625,0.9251688122749329
final-final,proj-wikitext2-r30-s0,proj-slimpajama-r30-s0,L4.o,4,o,2048,1266,0.6181640625,0.92204749584198
init-init,proj-wikitext2-r30-s0,proj-slimpajama-r30-s0,L4.fc1,4,fc1,2048,797,0.38916015625,0.8720037341117859
final-final,proj-wikitext2-r30-s0,proj-slimpajama-r30-s0,L4.fc1,4,fc1,2048,797,0.38916015625,0.8675333261489868
init-init,proj-wikitext2-r30-s0,proj-slimpajama-r30-s0,L4.fc2,4,fc2,2048,797,0.38916015625,0.8103815317153931
final-final,proj-wikitext2-r30-s0,proj-slimpajama-r30-s0,L4.fc2,4,fc2,2048,797,0.38916015625,0.8056522011756897
init-init,proj-wikitext2-r30-s0,proj-slimpajama-r30-s0,L5.qkv,5,qkv,2048,1266,0.6181640625,0.9129675626754761
final-final,proj-wikitext2-r30-s0,proj-slimpajama-r30-s0,L5.qkv,5,qkv,2048,1266,0.6181640625,0.9088698029518127
init-init,proj-wikitext2-r30-s0,proj-slimpajama-r30-s0,L5.o,5,o,2048,1266,0.6181640625,0.8973832130432129
final-final,proj-wikitext2-r30-s0,proj-slimpajama-r30-s0,L5.o,5,o,2048,1266,0.6181640625,0.8940867781639099
init-init,proj-wikitext2-r30-s0,proj-slimpajama-r30-s0,L5.fc1,5,fc1,2048,797,0.38916015625,0.8615734577178955
final-final,proj-wikitext2-r30-s0,proj-slimpajama-r30-s0,L5.fc1,5,fc1,2048,797,0.38916015625,0.8568575978279114
init-init,proj-wikitext2-r30-s0,proj-slimpajama-r30-s0,L5.fc2,5,fc2,2048,797,0.38916015625,0.7991788387298584
final-final,proj-wikitext2-r30-s0,proj-slimpajama-r30-s0,L5.fc2,5,fc2,2048,797,0.38916015625,0.7944929599761963
init-init,proj-wikitext2-r30-s0,proj-slimpajama-r30-s0,L6.qkv,6,qkv,2048,1266,0.6181640625,0.908031702041626
final-final,proj-wikitext2-r30-s0,proj-slimpajama-r30-s0,L6.qkv,6,qkv,2048,1266,0.6181640625,0.9034534096717834
init-init,proj-wikitext2-r30-s0,proj-slimpajama-r30-s0,L6.o,6,o,2048,1266,0.6181640625,0.8981357216835022
final-final,proj-wikitext2-r30-s0,proj-slimpajama-r30-s0,L6.o,6,o,2048,1266,0.6181640625,0.8940410614013672
init-init,proj-wikitext2-r30-s0,proj-slimpajama-r30-s0,L6.fc1,6,fc1,2048,797,0.38916015625,0.8507966995239258
final-final,proj-wikitext2-r30-s0,proj-slimpajama-r30-s0,L6.fc1,6,fc1,2048,797,0.38916015625,0.8456519842147827
init-init,proj-wikitext2-r30-s0,proj-slimpajama-r30-s0,L6.fc2,6,fc2,2048,797,0.38916015625,0.7835873961448669
final-final,proj-wikitext2-r30-s0,proj-slimpajama-r30-s0,L6.fc2,6,fc2,2048,797,0.38916015625,0.7794572114944458
init-init,proj-wikitext2-r30-s0,proj-slimpajama-r30-s0,L7.qkv,7,qkv,2048,1266,0.6181640625,0.8999112248420715
final-final,proj-wikitext2-r30-s0,proj-slimpajama-r30-s0,L7.qkv,7,qkv,2048,1266,0.6181640625,0.895326554775238
init-init,proj-wikitext2-r30-s0,proj-slimpajama-r30-s0,L7.o,7,o,2048,1266,0.6181640625,0.8902639150619507
final-final,proj-wikitext2-r30-s0,proj-slimpajama-r30-s0,L7.o,7,o,2048,1266,0.6181640625,0.8862054944038391
init-init,proj-wikitext2-r30-s0,proj-slimpajama-r30-s0,L7.fc1,7,fc1,2048,797,0.38916015625,0.8376827239990234
final-final,proj-wikitext2-r30-s0,proj-slimpajama-r30-s0,L7.fc1,7,fc1,2048,797,0.38916015625,0.8324496746063232
init-init,proj-wikitext2-r30-s0,proj-slimpajama-r30-s0,L7.fc2,7,fc2,2048,797,0.38916015625,0.7728468775749207
final-final,proj-wikitext2-r30-s0,proj-slimpajama-r30-s0,L7.fc2,7,fc2,2048,797,0.38916015625,0.7685530185699463
init-init,proj-wikitext2-r30-s0,proj-slimpajama-r30-s0,L8.qkv,8,qkv,2048,1266,0.6181640625,0.8925081491470337
final-final,proj-wikitext2-r30-s0,proj-slimpajama-r30-s0,L8.qkv,8,qkv,2048,1266,0.6181640625,0.888137698173523
init-init,proj-wikitext2-r30-s0,proj-slimpajama-r30-s0,L8.o,8,o,2048,1266,0.6181640625,0.8903993964195251
final-final,proj-wikitext2-r30-s0,proj-slimpajama-r30-s0,L8.o,8,o,2048,1266,0.6181640625,0.8862285614013672
init-init,proj-wikitext2-r30-s0,proj-slimpajama-r30-s0,L8.fc1,8,fc1,2048,797,0.38916015625,0.8231916427612305
final-final,proj-wikitext2-r30-s0,proj-slimpajama-r30-s0,L8.fc1,8,fc1,2048,797,0.38916015625,0.8177173733711243
init-init,proj-wikitext2-r30-s0,proj-slimpajama-r30-s0,L8.fc2,8,fc2,2048,797,0.38916015625,0.7909078001976013
final-final,proj-wikitext2-r30-s0,proj-slimpajama-r30-s0,L8.fc2,8,fc2,2048,797,0.38916015625,0.7859370112419128
init-init,proj-wikitext2-r30-s0,proj-slimpajama-r30-s0,L9.qkv,9,qkv,2048,1266,0.6181640625,0.8853937983512878
final-final,proj-wikitext2-r30-s0,proj-slimpajama-r30-s0,L9.qkv,9,qkv,2048,1266,0.6181640625,0.8808568716049194
init-init,proj-wikitext2-r30-s0,proj-slimpajama-r30-s0,L9.o,9,o,2048,1266,0.6181640625,0.8891547918319702
final-final,proj-wikitext2-r30-s0,proj-slimpajama-r30-s0,L9.o,9,o,2048,1266,0.6181640625,0.884751558303833
init-init,proj-wikitext2-r30-s0,proj-slimpajama-r30-s0,L9.fc1,9,fc1,2048,797,0.38916015625,0.811066210269928
final-final,proj-wikitext2-r30-s0,proj-slimpajama-r30-s0,L9.fc1,9,fc1,2048,797,0.38916015625,0.8057845830917358
init-init,proj-wikitext2-r30-s0,proj-slimpajama-r30-s0,L9.fc2,9,fc2,2048,797,0.38916015625,0.815901517868042
final-final,proj-wikitext2-r30-s0,proj-slimpajama-r30-s0,L9.fc2,9,fc2,2048,797,0.38916015625,0.8103272318840027
init-init,proj-wikitext2-r30-s0,proj-slimpajama-r30-s0,L10.qkv,10,qkv,2048,1266,0.6181640625,0.8845634460449219
final-final,proj-wikitext2-r30-s0,proj-slimpajama-r30-s0,L10.qkv,10,qkv,2048,1266,0.6181640625,0.88013756275177
init-init,proj-wikitext2-r30-s0,proj-slimpajama-r30-s0,L10.o,10,o,2048,1266,0.6181640625,0.9000352025032043
final-final,proj-wikitext2-r30-s0,proj-slimpajama-r30-s0,L10.o,10,o,2048,1266,0.6181640625,0.8951722979545593
init-init,proj-wikitext2-r30-s0,proj-slimpajama-r30-s0,L10.fc1,10,fc1,2048,797,0.38916015625,0.8043656945228577
final-final,proj-wikitext2-r30-s0,proj-slimpajama-r30-s0,L10.fc1,10,fc1,2048,797,0.38916015625,0.7988536953926086
init-init,proj-wikitext2-r30-s0,proj-slimpajama-r30-s0,L10.fc2,10,fc2,2048,797,0.38916015625,0.8252307772636414
final-final,proj-wikitext2-r30-s0,proj-slimpajama-r30-s0,L10.fc2,10,fc2,2048,797,0.38916015625,0.8193093538284302
init-init,proj-wikitext2-r30-s0,proj-slimpajama-r30-s0,L11.qkv,11,qkv,2048,1266,0.6181640625,0.8815856575965881
final-final,proj-wikitext2-r30-s0,proj-slimpajama-r30-s0,L11.qkv,11,qkv,2048,1266,0.6181640625,0.8770453929901123
init-init,proj-wikitext2-r30-s0,proj-slimpajama-r30-s0,L11.o,11,o,2048,1266,0.6181640625,0.8986497521400452
final-final,proj-wikitext2-r30-s0,proj-slimpajama-r30-s0,L11.o,11,o,2048,1266,0.6181640625,0.8941219449043274
init-init,proj-wikitext2-r30-s0,proj-slimpajama-r30-s0,L11.fc1,11,fc1,2048,797,0.38916015625,0.8032401204109192
final-final,proj-wikitext2-r30-s0,proj-slimpajama-r30-s0,L11.fc1,11,fc1,2048,797,0.38916015625,0.7977362871170044
init-init,proj-wikitext2-r30-s0,proj-slimpajama-r30-s0,L11.fc2,11,fc2,2048,797,0.38916015625,0.838620126247406
final-final,proj-wikitext2-r30-s0,proj-slimpajama-r30-s0,L11.fc2,11,fc2,2048,797,0.38916015625,0.8323436379432678
init-init,proj-wikitext2-r30-s0,proj-slimpajama-r30-s0,L12.qkv,12,qkv,2048,1266,0.6181640625,0.8828983306884766
final-final,proj-wikitext2-r30-s0,proj-slimpajama-r30-s0,L12.qkv,12,qkv,2048,1266,0.6181640625,0.8784463405609131
init-init,proj-wikitext2-r30-s0,proj-slimpajama-r30-s0,L12.o,12,o,2048,1266,0.6181640625,0.9018818736076355
final-final,proj-wikitext2-r30-s0,proj-slimpajama-r30-s0,L12.o,12,o,2048,1266,0.6181640625,0.8972136378288269
init-init,proj-wikitext2-r30-s0,proj-slimpajama-r30-s0,L12.fc1,12,fc1,2048,797,0.38916015625,0.8028715252876282
final-final,proj-wikitext2-r30-s0,proj-slimpajama-r30-s0,L12.fc1,12,fc1,2048,797,0.38916015625,0.7974324822425842
init-init,proj-wikitext2-r30-s0,proj-slimpajama-r30-s0,L12.fc2,12,fc2,2048,797,0.38916015625,0.8476729393005371
final-final,proj-wikitext2-r30-s0,proj-slimpajama-r30-s0,L12.fc2,12,fc2,2048,797,0.38916015625,0.8412945866584778
init-init,proj-wikitext2-r30-s0,proj-slimpajama-r30-s0,L13.qkv,13,qkv,2048,1266,0.6181640625,0.8862994313240051
final-final,proj-wikitext2-r30-s0,proj-slimpajama-r30-s0,L13.qkv,13,qkv,2048,1266,0.6181640625,0.8816721439361572
init-init,proj-wikitext2-r30-s0,proj-slimpajama-r30-s0,L13.o,13,o,2048,1266,0.6181640625,0.9105579853057861
final-final,proj-wikitext2-r30-s0,proj-slimpajama-r30-s0,L13.o,13,o,2048,1266,0.6181640625,0.9054526090621948
init-init,proj-wikitext2-r30-s0,proj-slimpajama-r30-s0,L13.fc1,13,fc1,2048,797,0.38916015625,0.8038711547851562
final-final,proj-wikitext2-r30-s0,proj-slimpajama-r30-s0,L13.fc1,13,fc1,2048,797,0.38916015625,0.798827052116394
init-init,proj-wikitext2-r30-s0,proj-slimpajama-r30-s0,L13.fc2,13,fc2,2048,797,0.38916015625,0.8557940721511841
final-final,proj-wikitext2-r30-s0,proj-slimpajama-r30-s0,L13.fc2,13,fc2,2048,797,0.38916015625,0.849260151386261
init-init,proj-wikitext2-r30-s0,proj-slimpajama-r30-s0,L14.qkv,14,qkv,2048,1266,0.6181640625,0.8850915431976318
final-final,proj-wikitext2-r30-s0,proj-slimpajama-r30-s0,L14.qkv,14,qkv,2048,1266,0.6181640625,0.8809415102005005
init-init,proj-wikitext2-r30-s0,proj-slimpajama-r30-s0,L14.o,14,o,2048,1266,0.6181640625,0.9048416614532471
final-final,proj-wikitext2-r30-s0,proj-slimpajama-r30-s0,L14.o,14,o,2048,1266,0.6181640625,0.8999819755554199
init-init,proj-wikitext2-r30-s0,proj-slimpajama-r30-s0,L14.fc1,14,fc1,2048,797,0.38916015625,0.8040385246276855
final-final,proj-wikitext2-r30-s0,proj-slimpajama-r30-s0,L14.fc1,14,fc1,2048,797,0.38916015625,0.7992849946022034
init-init,proj-wikitext2-r30-s0,proj-slimpajama-r30-s0,L14.fc2,14,fc2,2048,797,0.38916015625,0.8534597158432007
final-final,proj-wikitext2-r30-s0,proj-slimpajama-r30-s0,L14.fc2,14,fc2,2048,797,0.38916015625,0.846976637840271
init-init,proj-wikitext2-r30-s0,proj-slimpajama-r30-s0,L15.qkv,15,qkv,2048,1266,0.6181640625,0.8890992403030396
final-final,proj-wikitext2-r30-s0,proj-slimpajama-r30-s0,L15.qkv,15,qkv,2048,1266,0.6181640625,0.8852545022964478
init-init,proj-wikitext2-r30-s0,proj-slimpajama-r30-s0,L15.o,15,o,2048,1266,0.6181640625,0.9009714722633362
final-final,proj-wikitext2-r30-s0,proj-slimpajama-r30-s0,L15.o,15,o,2048,1266,0.6181640625,0.8963640332221985
init-init,proj-wikitext2-r30-s0,proj-slimpajama-r30-s0,L15.fc1,15,fc1,2048,797,0.38916015625,0.8038145899772644
final-final,proj-wikitext2-r30-s0,proj-slimpajama-r30-s0,L15.fc1,15,fc1,2048,797,0.38916015625,0.7988414168357849
init-init,proj-wikitext2-r30-s0,proj-slimpajama-r30-s0,L15.fc2,15,fc2,2048,797,0.38916015625,0.8480845093727112
final-final,proj-wikitext2-r30-s0,proj-slimpajama-r30-s0,L15.fc2,15,fc2,2048,797,0.38916015625,0.8419334888458252
init-init,proj-wikitext2-r30-s0,proj-slimpajama-r30-s0,L16.qkv,16,qkv,2048,1266,0.6181640625,0.8831657767295837
final-final,proj-wikitext2-r30-s0,proj-slimpajama-r30-s0,L16.qkv,16,qkv,2048,1266,0.6181640625,0.8795382976531982
init-init,proj-wikitext2-r30-s0,proj-slimpajama-r30-s0,L16.o,16,o,2048,1266,0.6181640625,0.8969351649284363
final-final,proj-wikitext2-r30-s0,proj-slimpajama-r30-s0,L16.o,16,o,2048,1266,0.6181640625,0.8928932547569275
init-init,proj-wikitext2-r30-s0,proj-slimpajama-r30-s0,L16.fc1,16,fc1,2048,797,0.38916015625,0.8037647008895874
final-final,proj-wikitext2-r30-s0,proj-slimpajama-r30-s0,L16.fc1,16,fc1,2048,797,0.38916015625,0.7986135482788086
init-init,proj-wikitext2-r30-s0,proj-slimpajama-r30-s0,L16.fc2,16,fc2,2048,797,0.38916015625,0.8396078944206238
final-final,proj-wikitext2-r30-s0,proj-slimpajama-r30-s0,L16.fc2,16,fc2,2048,797,0.38916015625,0.8332047462463379
init-init,proj-wikitext2-r30-s0,proj-slimpajama-r30-s0,L17.qkv,17,qkv,2048,1266,0.6181640625,0.8777426481246948
final-final,proj-wikitext2-r30-s0,proj-slimpajama-r30-s0,L17.qkv,17,qkv,2048,1266,0.6181640625,0.8742190003395081
init-init,proj-wikitext2-r30-s0,proj-slimpajama-r30-s0,L17.o,17,o,2048,1266,0.6181640625,0.8866794109344482
final-final,proj-wikitext2-r30-s0,proj-slimpajama-r30-s0,L17.o,17,o,2048,1266,0.6181640625,0.8827283382415771
init-init,proj-wikitext2-r30-s0,proj-slimpajama-r30-s0,L17.fc1,17,fc1,2048,797,0.38916015625,0.8030831813812256
final-final,proj-wikitext2-r30-s0,proj-slimpajama-r30-s0,L17.fc1,17,fc1,2048,797,0.38916015625,0.7982036471366882
init-init,proj-wikitext2-r30-s0,proj-slimpajama-r30-s0,L17.fc2,17,fc2,2048,797,0.38916015625,0.8367634415626526
final-final,proj-wikitext2-r30-s0,proj-slimpajama-r30-s0,L17.fc2,17,fc2,2048,797,0.38916015625,0.8310020565986633
init-init,proj-wikitext2-r30-s0,proj-slimpajama-r30-s0,L18.qkv,18,qkv,2048,1266,0.6181640625,0.87740159034729
final-final,proj-wikitext2-r30-s0,proj-slimpajama-r30-s0,L18.qkv,18,qkv,2048,1266,0.6181640625,0.8746899962425232
init-init,proj-wikitext2-r30-s0,proj-slimpajama-r30-s0,L18.o,18,o,2048,1266,0.6181640625,0.8897358179092407
final-final,proj-wikitext2-r30-s0,proj-slimpajama-r30-s0,L18.o,18,o,2048,1266,0.6181640625,0.8860409259796143
init-init,proj-wikitext2-r30-s0,proj-slimpajama-r30-s0,L18.fc1,18,fc1,2048,797,0.38916015625,0.8016532063484192
final-final,proj-wikitext2-r30-s0,proj-slimpajama-r30-s0,L18.fc1,18,fc1,2048,797,0.38916015625,0.7964503765106201
init-init,proj-wikitext2-r30-s0,proj-slimpajama-r30-s0,L18.fc2,18,fc2,2048,797,0.38916015625,0.8308396339416504
final-final,proj-wikitext2-r30-s0,proj-slimpajama-r30-s0,L18.fc2,18,fc2,2048,797,0.38916015625,0.8248449563980103
init-init,proj-wikitext2-r30-s0,proj-slimpajama-r30-s0,L19.qkv,19,qkv,2048,1266,0.6181640625,0.8717740178108215
final-final,proj-wikitext2-r30-s0,proj-slimpajama-r30-s0,L19.qkv,19,qkv,2048,1266,0.6181640625,0.8691343665122986
init-init,proj-wikitext2-r30-s0,proj-slimpajama-r30-s0,L19.o,19,o,2048,1266,0.6181640625,0.877978503704071
final-final,proj-wikitext2-r30-s0,proj-slimpajama-r30-s0,L19.o,19,o,2048,1266,0.6181640625,0.8749159574508667
init-init,proj-wikitext2-r30-s0,proj-slimpajama-r30-s0,L19.fc1,19,fc1,2048,797,0.38916015625,0.7993572950363159
final-final,proj-wikitext2-r30-s0,proj-slimpajama-r30-s0,L19.fc1,19,fc1,2048,797,0.38916015625,0.7943421602249146
init-init,proj-wikitext2-r30-s0,proj-slimpajama-r30-s0,L19.fc2,19,fc2,2048,797,0.38916015625,0.8259732127189636
final-final,proj-wikitext2-r30-s0,proj-slimpajama-r30-s0,L19.fc2,19,fc2,2048,797,0.38916015625,0.8198572993278503
init-init,proj-wikitext2-r30-s0,proj-slimpajama-r30-s0,L20.qkv,20,qkv,2048,1266,0.6181640625,0.8683769702911377
final-final,proj-wikitext2-r30-s0,proj-slimpajama-r30-s0,L20.qkv,20,qkv,2048,1266,0.6181640625,0.865938663482666
init-init,proj-wikitext2-r30-s0,proj-slimpajama-r30-s0,L20.o,20,o,2048,1266,0.6181640625,0.8769042491912842
final-final,proj-wikitext2-r30-s0,proj-slimpajama-r30-s0,L20.o,20,o,2048,1266,0.6181640625,0.8736470341682434
init-init,proj-wikitext2-r30-s0,proj-slimpajama-r30-s0,L20.fc1,20,fc1,2048,797,0.38916015625,0.7932104468345642
final-final,proj-wikitext2-r30-s0,proj-slimpajama-r30-s0,L20.fc1,20,fc1,2048,797,0.38916015625,0.7882504463195801
init-init,proj-wikitext2-r30-s0,proj-slimpajama-r30-s0,L20.fc2,20,fc2,2048,797,0.38916015625,0.8165543675422668
final-final,proj-wikitext2-r30-s0,proj-slimpajama-r30-s0,L20.fc2,20,fc2,2048,797,0.38916015625,0.8103659749031067
init-init,proj-wikitext2-r30-s0,proj-slimpajama-r30-s0,L21.qkv,21,qkv,2048,1266,0.6181640625,0.860620379447937
final-final,proj-wikitext2-r30-s0,proj-slimpajama-r30-s0,L21.qkv,21,qkv,2048,1266,0.6181640625,0.8583826422691345
init-init,proj-wikitext2-r30-s0,proj-slimpajama-r30-s0,L21.o,21,o,2048,1266,0.6181640625,0.8472959399223328
final-final,proj-wikitext2-r30-s0,proj-slimpajama-r30-s0,L21.o,21,o,2048,1266,0.6181640625,0.8448584079742432
init-init,proj-wikitext2-r30-s0,proj-slimpajama-r30-s0,L21.fc1,21,fc1,2048,797,0.38916015625,0.7840530276298523
final-final,proj-wikitext2-r30-s0,proj-slimpajama-r30-s0,L21.fc1,21,fc1,2048,797,0.38916015625,0.7799013257026672
init-init,proj-wikitext2-r30-s0,proj-slimpajama-r30-s0,L21.fc2,21,fc2,2048,797,0.38916015625,0.8156816363334656
final-final,proj-wikitext2-r30-s0,proj-slimpajama-r30-s0,L21.fc2,21,fc2,2048,797,0.38916015625,0.8099868893623352
init-init,proj-wikitext2-r30-s0,proj-slimpajama-r30-s0,L22.qkv,22,qkv,2048,1266,0.6181640625,0.8539297580718994
final-final,proj-wikitext2-r30-s0,proj-slimpajama-r30-s0,L22.qkv,22,qkv,2048,1266,0.6181640625,0.8518202304840088
init-init,proj-wikitext2-r30-s0,proj-slimpajama-r30-s0,L22.o,22,o,2048,1266,0.6181640625,0.8143846988677979
final-final,proj-wikitext2-r30-s0,proj-slimpajama-r30-s0,L22.o,22,o,2048,1266,0.6181640625,0.8123098611831665
init-init,proj-wikitext2-r30-s0,proj-slimpajama-r30-s0,L22.fc1,22,fc1,2048,797,0.38916015625,0.7756557464599609
final-final,proj-wikitext2-r30-s0,proj-slimpajama-r30-s0,L22.fc1,22,fc1,2048,797,0.38916015625,0.7730215191841125
init-init,proj-wikitext2-r30-s0,proj-slimpajama-r30-s0,L22.fc2,22,fc2,2048,797,0.38916015625,0.8224955201148987
final-final,proj-wikitext2-r30-s0,proj-slimpajama-r30-s0,L22.fc2,22,fc2,2048,797,0.38916015625,0.8174515962600708
init-init,proj-wikitext2-r30-s0,proj-slimpajama-r30-s0,L23.qkv,23,qkv,2048,1266,0.6181640625,0.855667769908905
final-final,proj-wikitext2-r30-s0,proj-slimpajama-r30-s0,L23.qkv,23,qkv,2048,1266,0.6181640625,0.8547891974449158
init-init,proj-wikitext2-r30-s0,proj-slimpajama-r30-s0,L23.o,23,o,2048,1266,0.6181640625,0.8164411783218384
final-final,proj-wikitext2-r30-s0,proj-slimpajama-r30-s0,L23.o,23,o,2048,1266,0.6181640625,0.8130959272384644
init-init,proj-wikitext2-r30-s0,proj-slimpajama-r30-s0,L23.fc1,23,fc1,2048,797,0.38916015625,0.7637599110603333
final-final,proj-wikitext2-r30-s0,proj-slimpajama-r30-s0,L23.fc1,23,fc1,2048,797,0.38916015625,0.7615985870361328
init-init,proj-wikitext2-r30-s0,proj-slimpajama-r30-s0,L23.fc2,23,fc2,2048,797,0.38916015625,0.8327723741531372
final-final,proj-wikitext2-r30-s0,proj-slimpajama-r30-s0,L23.fc2,23,fc2,2048,797,0.38916015625,0.8271966576576233
init-init,proj-wikitext2-r30-s0,proj-alpaca-r30-s0,L0.qkv,0,qkv,2048,1266,0.6181640625,0.8461659550666809
final-final,proj-wikitext2-r30-s0,proj-alpaca-r30-s0,L0.qkv,0,qkv,2048,1266,0.6181640625,0.8429790139198303
init-init,proj-wikitext2-r30-s0,proj-alpaca-r30-s0,L0.o,0,o,2048,1266,0.6181640625,0.9048967361450195
final-final,proj-wikitext2-r30-s0,proj-alpaca-r30-s0,L0.o,0,o,2048,1266,0.6181640625,0.9012253880500793
init-init,proj-wikitext2-r30-s0,proj-alpaca-r30-s0,L0.fc1,0,fc1,2048,797,0.38916015625,0.7683329582214355
final-final,proj-wikitext2-r30-s0,proj-alpaca-r30-s0,L0.fc1,0,fc1,2048,797,0.38916015625,0.7650616765022278
init-init,proj-wikitext2-r30-s0,proj-alpaca-r30-s0,L0.fc2,0,fc2,2048,797,0.38916015625,0.8208063840866089
final-final,proj-wikitext2-r30-s0,proj-alpaca-r30-s0,L0.fc2,0,fc2,2048,797,0.38916015625,0.8165062069892883
init-init,proj-wikitext2-r30-s0,proj-alpaca-r30-s0,L1.qkv,1,qkv,2048,1266,0.6181640625,0.9058548808097839
final-final,proj-wikitext2-r30-s0,proj-alpaca-r30-s0,L1.qkv,1,qkv,2048,1266,0.6181640625,0.9022951722145081
init-init,proj-wikitext2-r30-s0,proj-alpaca-r30-s0,L1.o,1,o,2048,1266,0.6181640625,0.8941293954849243
final-final,proj-wikitext2-r30-s0,proj-alpaca-r30-s0,L1.o,1,o,2048,1266,0.6181640625,0.8909088969230652
init-init,proj-wikitext2-r30-s0,proj-alpaca-r30-s0,L1.fc1,1,fc1,2048,797,0.38916015625,0.8592273592948914
final-final,proj-wikitext2-r30-s0,proj-alpaca-r30-s0,L1.fc1,1,fc1,2048,797,0.38916015625,0.85587477684021
init-init,proj-wikitext2-r30-s0,proj-alpaca-r30-s0,L1.fc2,1,fc2,2048,797,0.38916015625,0.7867846488952637
final-final,proj-wikitext2-r30-s0,proj-alpaca-r30-s0,L1.fc2,1,fc2,2048,797,0.38916015625,0.7831652164459229
init-init,proj-wikitext2-r30-s0,proj-alpaca-r30-s0,L2.qkv,2,qkv,2048,1266,0.6181640625,0.8995805978775024
final-final,proj-wikitext2-r30-s0,proj-alpaca-r30-s0,L2.qkv,2,qkv,2048,1266,0.6181640625,0.8959010243415833
init-init,proj-wikitext2-r30-s0,proj-alpaca-r30-s0,L2.o,2,o,2048,1266,0.6181640625,0.9178299307823181
final-final,proj-wikitext2-r30-s0,proj-alpaca-r30-s0,L2.o,2,o,2048,1266,0.6181640625,0.9151144623756409
init-init,proj-wikitext2-r30-s0,proj-alpaca-r30-s0,L2.fc1,2,fc1,2048,797,0.38916015625,0.8445854783058167
final-final,proj-wikitext2-r30-s0,proj-alpaca-r30-s0,L2.fc1,2,fc1,2048,797,0.38916015625,0.8414936065673828
init-init,proj-wikitext2-r30-s0,proj-alpaca-r30-s0,L2.fc2,2,fc2,2048,797,0.38916015625,0.7862654328346252
final-final,proj-wikitext2-r30-s0,proj-alpaca-r30-s0,L2.fc2,2,fc2,2048,797,0.38916015625,0.782651424407959
init-init,proj-wikitext2-r30-s0,proj-alpaca-r30-s0,L3.qkv,3,qkv,2048,1266,0.6181640625,0.8943389058113098
final-final,proj-wikitext2-r30-s0,proj-alpaca-r30-s0,L3.qkv,3,qkv,2048,1266,0.6181640625,0.8904882669448853
init-init,proj-wikitext2-r30-s0,proj-alpaca-r30-s0,L3.o,3,o,2048,1266,0.6181640625,0.8921210765838623
final-final,proj-wikitext2-r30-s0,proj-alpaca-r30-s0,L3.o,3,o,2048,1266,0.6181640625,0.889480471611023
init-init,proj-wikitext2-r30-s0,proj-alpaca-r30-s0,L3.fc1,3,fc1,2048,797,0.38916015625,0.8327459096908569
final-final,proj-wikitext2-r30-s0,proj-alpaca-r30-s0,L3.fc1,3,fc1,2048,797,0.38916015625,0.829193115234375
init-init,proj-wikitext2-r30-s0,proj-alpaca-r30-s0,L3.fc2,3,fc2,2048,797,0.38916015625,0.778948962688446
final-final,proj-wikitext2-r30-s0,proj-alpaca-r30-s0,L3.fc2,3,fc2,2048,797,0.38916015625,0.7747517824172974
init-init,proj-wikitext2-r30-s0,proj-alpaca-r30-s0,L4.qkv,4,qkv,2048,1266,0.6181640625,0.8884678483009338
final-final,proj-wikitext2-r30-s0,proj-alpaca-r30-s0,L4.qkv,4,qkv,2048,1266,0.6181640625,0.8849759101867676
init-init,proj-wikitext2-r30-s0,proj-alpaca-r30-s0,L4.o,4,o,2048,1266,0.6181640625,0.9235185980796814
final-final,proj-wikitext2-r30-s0,proj-alpaca-r30-s0,L4.o,4,o,2048,1266,0.6181640625,0.9208717346191406
init-init,proj-wikitext2-r30-s0,proj-alpaca-r30-s0,L4.fc1,4,fc1,2048,797,0.38916015625,0.824705958366394
final-final,proj-wikitext2-r30-s0,proj-alpaca-r30-s0,L4.fc1,4,fc1,2048,797,0.38916015625,0.8208408951759338
init-init,proj-wikitext2-r30-s0,proj-alpaca-r30-s0,L4.fc2,4,fc2,2048,797,0.38916015625,0.7534594535827637
final-final,proj-wikitext2-r30-s0,proj-alpaca-r30-s0,L4.fc2,4,fc2,2048,797,0.38916015625,0.7497981190681458
init-init,proj-wikitext2-r30-s0,proj-alpaca-r30-s0,L5.qkv,5,qkv,2048,1266,0.6181640625,0.8792941570281982
final-final,proj-wikitext2-r30-s0,proj-alpaca-r30-s0,L5.qkv,5,qkv,2048,1266,0.6181640625,0.8757866024971008
init-init,proj-wikitext2-r30-s0,proj-alpaca-r30-s0,L5.o,5,o,2048,1266,0.6181640625,0.8889521956443787
final-final,proj-wikitext2-r30-s0,proj-alpaca-r30-s0,L5.o,5,o,2048,1266,0.6181640625,0.8862892985343933
init-init,proj-wikitext2-r30-s0,proj-alpaca-r30-s0,L5.fc1,5,fc1,2048,797,0.38916015625,0.8127302527427673
final-final,proj-wikitext2-r30-s0,proj-alpaca-r30-s0,L5.fc1,5,fc1,2048,797,0.38916015625,0.8086835145950317
init-init,proj-wikitext2-r30-s0,proj-alpaca-r30-s0,L5.fc2,5,fc2,2048,797,0.38916015625,0.7392990589141846
final-final,proj-wikitext2-r30-s0,proj-alpaca-r30-s0,L5.fc2,5,fc2,2048,797,0.38916015625,0.7358083128929138
init-init,proj-wikitext2-r30-s0,proj-alpaca-r30-s0,L6.qkv,6,qkv,2048,1266,0.6181640625,0.8751959204673767
final-final,proj-wikitext2-r30-s0,proj-alpaca-r30-s0,L6.qkv,6,qkv,2048,1266,0.6181640625,0.8715592622756958
init-init,proj-wikitext2-r30-s0,proj-alpaca-r30-s0,L6.o,6,o,2048,1266,0.6181640625,0.8779215812683105
final-final,proj-wikitext2-r30-s0,proj-alpaca-r30-s0,L6.o,6,o,2048,1266,0.6181640625,0.8746970295906067
init-init,proj-wikitext2-r30-s0,proj-alpaca-r30-s0,L6.fc1,6,fc1,2048,797,0.38916015625,0.7996748685836792
final-final,proj-wikitext2-r30-s0,proj-alpaca-r30-s0,L6.fc1,6,fc1,2048,797,0.38916015625,0.7954506874084473
init-init,proj-wikitext2-r30-s0,proj-alpaca-r30-s0,L6.fc2,6,fc2,2048,797,0.38916015625,0.7374011874198914
final-final,proj-wikitext2-r30-s0,proj-alpaca-r30-s0,L6.fc2,6,fc2,2048,797,0.38916015625,0.7340060472488403
init-init,proj-wikitext2-r30-s0,proj-alpaca-r30-s0,L7.qkv,7,qkv,2048,1266,0.6181640625,0.8675161004066467
final-final,proj-wikitext2-r30-s0,proj-alpaca-r30-s0,L7.qkv,7,qkv,2048,1266,0.6181640625,0.8638495802879333
init-init,proj-wikitext2-r30-s0,proj-alpaca-r30-s0,L7.o,7,o,2048,1266,0.6181640625,0.8655556440353394
final-final,proj-wikitext2-r30-s0,proj-alpaca-r30-s0,L7.o,7,o,2048,1266,0.6181640625,0.8624019026756287
init-init,proj-wikitext2-r30-s0,proj-alpaca-r30-s0,L7.fc1,7,fc1,2048,797,0.38916015625,0.7877495884895325
final-final,proj-wikitext2-r30-s0,proj-alpaca-r30-s0,L7.fc1,7,fc1,2048,797,0.38916015625,0.7835169434547424
init-init,proj-wikitext2-r30-s0,proj-alpaca-r30-s0,L7.fc2,7,fc2,2048,797,0.38916015625,0.7263094782829285
final-final,proj-wikitext2-r30-s0,proj-alpaca-r30-s0,L7.fc2,7,fc2,2048,797,0.38916015625,0.7229865193367004
init-init,proj-wikitext2-r30-s0,proj-alpaca-r30-s0,L8.qkv,8,qkv,2048,1266,0.6181640625,0.8592340350151062
final-final,proj-wikitext2-r30-s0,proj-alpaca-r30-s0,L8.qkv,8,qkv,2048,1266,0.6181640625,0.855774998664856
init-init,proj-wikitext2-r30-s0,proj-alpaca-r30-s0,L8.o,8,o,2048,1266,0.6181640625,0.8565849661827087
final-final,proj-wikitext2-r30-s0,proj-alpaca-r30-s0,L8.o,8,o,2048,1266,0.6181640625,0.8534645438194275
init-init,proj-wikitext2-r30-s0,proj-alpaca-r30-s0,L8.fc1,8,fc1,2048,797,0.38916015625,0.771904468536377
final-final,proj-wikitext2-r30-s0,proj-alpaca-r30-s0,L8.fc1,8,fc1,2048,797,0.38916015625,0.7674878835678101
init-init,proj-wikitext2-r30-s0,proj-alpaca-r30-s0,L8.fc2,8,fc2,2048,797,0.38916015625,0.7388079166412354
final-final,proj-wikitext2-r30-s0,proj-alpaca-r30-s0,L8.fc2,8,fc2,2048,797,0.38916015625,0.734947144985199
init-init,proj-wikitext2-r30-s0,proj-alpaca-r30-s0,L9.qkv,9,qkv,2048,1266,0.6181640625,0.8515447974205017
final-final,proj-wikitext2-r30-s0,proj-alpaca-r30-s0,L9.qkv,9,qkv,2048,1266,0.6181640625,0.8481655716896057
init-init,proj-wikitext2-r30-s0,proj-alpaca-r30-s0,L9.o,9,o,2048,1266,0.6181640625,0.859499990940094
final-final,proj-wikitext2-r30-s0,proj-alpaca-r30-s0,L9.o,9,o,2048,1266,0.6181640625,0.8564190864562988
init-init,proj-wikitext2-r30-s0,proj-alpaca-r30-s0,L9.fc1,9,fc1,2048,797,0.38916015625,0.7596096992492676
final-final,proj-wikitext2-r30-s0,proj-alpaca-r30-s0,L9.fc1,9,fc1,2048,797,0.38916015625,0.7555035948753357
init-init,proj-wikitext2-r30-s0,proj-alpaca-r30-s0,L9.fc2,9,fc2,2048,797,0.38916015625,0.7588838338851929
final-final,proj-wikitext2-r30-s0,proj-alpaca-r30-s0,L9.fc2,9,fc2,2048,797,0.38916015625,0.7547629475593567
init-init,proj-wikitext2-r30-s0,proj-alpaca-r30-s0,L10.qkv,10,qkv,2048,1266,0.6181640625,0.8505990505218506
final-final,proj-wikitext2-r30-s0,proj-alpaca-r30-s0,L10.qkv,10,qkv,2048,1266,0.6181640625,0.8475890755653381
init-init,proj-wikitext2-r30-s0,proj-alpaca-r30-s0,L10.o,10,o,2048,1266,0.6181640625,0.8601820468902588
final-final,proj-wikitext2-r30-s0,proj-alpaca-r30-s0,L10.o,10,o,2048,1266,0.6181640625,0.8569065928459167
init-init,proj-wikitext2-r30-s0,proj-alpaca-r30-s0,L10.fc1,10,fc1,2048,797,0.38916015625,0.7525920867919922
final-final,proj-wikitext2-r30-s0,proj-alpaca-r30-s0,L10.fc1,10,fc1,2048,797,0.38916015625,0.7485620975494385
init-init,proj-wikitext2-r30-s0,proj-alpaca-r30-s0,L10.fc2,10,fc2,2048,797,0.38916015625,0.7664816975593567
final-final,proj-wikitext2-r30-s0,proj-alpaca-r30-s0,L10.fc2,10,fc2,2048,797,0.38916015625,0.762345552444458
init-init,proj-wikitext2-r30-s0,proj-alpaca-r30-s0,L11.qkv,11,qkv,2048,1266,0.6181640625,0.8456644415855408
final-final,proj-wikitext2-r30-s0,proj-alpaca-r30-s0,L11.qkv,11,qkv,2048,1266,0.6181640625,0.8425800204277039
init-init,proj-wikitext2-r30-s0,proj-alpaca-r30-s0,L11.o,11,o,2048,1266,0.6181640625,0.8553021550178528
final-final,proj-wikitext2-r30-s0,proj-alpaca-r30-s0,L11.o,11,o,2048,1266,0.6181640625,0.8524183630943298
init-init,proj-wikitext2-r30-s0,proj-alpaca-r30-s0,L11.fc1,11,fc1,2048,797,0.38916015625,0.747856616973877
final-final,proj-wikitext2-r30-s0,proj-alpaca-r30-s0,L11.fc1,11,fc1,2048,797,0.38916015625,0.7438030242919922
init-init,proj-wikitext2-r30-s0,proj-alpaca-r30-s0,L11.fc2,11,fc2,2048,797,0.38916015625,0.7776060104370117
final-final,proj-wikitext2-r30-s0,proj-alpaca-r30-s0,L11.fc2,11,fc2,2048,797,0.38916015625,0.7732157111167908
init-init,proj-wikitext2-r30-s0,proj-alpaca-r30-s0,L12.qkv,12,qkv,2048,1266,0.6181640625,0.8443999886512756
final-final,proj-wikitext2-r30-s0,proj-alpaca-r30-s0,L12.qkv,12,qkv,2048,1266,0.6181640625,0.8413182497024536
init-init,proj-wikitext2-r30-s0,proj-alpaca-r30-s0,L12.o,12,o,2048,1266,0.6181640625,0.8679280281066895
final-final,proj-wikitext2-r30-s0,proj-alpaca-r30-s0,L12.o,12,o,2048,1266,0.6181640625,0.8646759390830994
init-init,proj-wikitext2-r30-s0,proj-alpaca-r30-s0,L12.fc1,12,fc1,2048,797,0.38916015625,0.7443205714225769
final-final,proj-wikitext2-r30-s0,proj-alpaca-r30-s0,L12.fc1,12,fc1,2048,797,0.38916015625,0.7404338121414185
init-init,proj-wikitext2-r30-s0,proj-alpaca-r30-s0,L12.fc2,12,fc2,2048,797,0.38916015625,0.784706711769104
final-final,proj-wikitext2-r30-s0,proj-alpaca-r30-s0,L12.fc2,12,fc2,2048,797,0.38916015625,0.7800686359405518
init-init,proj-wikitext2-r30-s0,proj-alpaca-r30-s0,L13.qkv,13,qkv,2048,1266,0.6181640625,0.8467586636543274
final-final,proj-wikitext2-r30-s0,proj-alpaca-r30-s0,L13.qkv,13,qkv,2048,1266,0.6181640625,0.8437655568122864
init-init,proj-wikitext2-r30-s0,proj-alpaca-r30-s0,L13.o,13,o,2048,1266,0.6181640625,0.8612332344055176
final-final,proj-wikitext2-r30-s0,proj-alpaca-r30-s0,L13.o,13,o,2048,1266,0.6181640625,0.8582429885864258
init-init,proj-wikitext2-r30-s0,proj-alpaca-r30-s0,L13.fc1,13,fc1,2048,797,0.38916015625,0.7439862489700317
final-final,proj-wikitext2-r30-s0,proj-alpaca-r30-s0,L13.fc1,13,fc1,2048,797,0.38916015625,0.7404274940490723
init-init,proj-wikitext2-r30-s0,proj-alpaca-r30-s0,L13.fc2,13,fc2,2048,797,0.38916015625,0.7861093878746033
final-final,proj-wikitext2-r30-s0,proj-alpaca-r30-s0,L13.fc2,13,fc2,2048,797,0.38916015625,0.7816116213798523
init-init,proj-wikitext2-r30-s0,proj-alpaca-r30-s0,L14.qkv,14,qkv,2048,1266,0.6181640625,0.8422133326530457
final-final,proj-wikitext2-r30-s0,proj-alpaca-r30-s0,L14.qkv,14,qkv,2048,1266,0.6181640625,0.8396356701850891
init-init,proj-wikitext2-r30-s0,proj-alpaca-r30-s0,L14.o,14,o,2048,1266,0.6181640625,0.8568207025527954
final-final,proj-wikitext2-r30-s0,proj-alpaca-r30-s0,L14.o,14,o,2048,1266,0.6181640625,0.8540327548980713
init-init,proj-wikitext2-r30-s0,proj-alpaca-r30-s0,L14.fc1,14,fc1,2048,797,0.38916015625,0.7408416271209717
final-final,proj-wikitext2-r30-s0,proj-alpaca-r30-s0,L14.fc1,14,fc1,2048,797,0.38916015625,0.7375765442848206
init-init,proj-wikitext2-r30-s0,proj-alpaca-r30-s0,L14.fc2,14,fc2,2048,797,0.38916015625,0.7844662666320801
final-final,proj-wikitext2-r30-s0,proj-alpaca-r30-s0,L14.fc2,14,fc2,2048,797,0.38916015625,0.7800378799438477
init-init,proj-wikitext2-r30-s0,proj-alpaca-r30-s0,L15.qkv,15,qkv,2048,1266,0.6181640625,0.8444922566413879
final-final,proj-wikitext2-r30-s0,proj-alpaca-r30-s0,L15.qkv,15,qkv,2048,1266,0.6181640625,0.8423125743865967
init-init,proj-wikitext2-r30-s0,proj-alpaca-r30-s0,L15.o,15,o,2048,1266,0.6181640625,0.8404214978218079
final-final,proj-wikitext2-r30-s0,proj-alpaca-r30-s0,L15.o,15,o,2048,1266,0.6181640625,0.8377293944358826
init-init,proj-wikitext2-r30-s0,proj-alpaca-r30-s0,L15.fc1,15,fc1,2048,797,0.38916015625,0.737954318523407
final-final,proj-wikitext2-r30-s0,proj-alpaca-r30-s0,L15.fc1,15,fc1,2048,797,0.38916015625,0.7347393035888672
init-init,proj-wikitext2-r30-s0,proj-alpaca-r30-s0,L15.fc2,15,fc2,2048,797,0.38916015625,0.7791799902915955
final-final,proj-wikitext2-r30-s0,proj-alpaca-r30-s0,L15.fc2,15,fc2,2048,797,0.38916015625,0.7748886942863464
init-init,proj-wikitext2-r30-s0,proj-alpaca-r30-s0,L16.qkv,16,qkv,2048,1266,0.6181640625,0.8354368805885315
final-final,proj-wikitext2-r30-s0,proj-alpaca-r30-s0,L16.qkv,16,qkv,2048,1266,0.6181640625,0.8333764672279358
init-init,proj-wikitext2-r30-s0,proj-alpaca-r30-s0,L16.o,16,o,2048,1266,0.6181640625,0.8524519205093384
final-final,proj-wikitext2-r30-s0,proj-alpaca-r30-s0,L16.o,16,o,2048,1266,0.6181640625,0.8498161435127258
init-init,proj-wikitext2-r30-s0,proj-alpaca-r30-s0,L16.fc1,16,fc1,2048,797,0.38916015625,0.7368277311325073
final-final,proj-wikitext2-r30-s0,proj-alpaca-r30-s0,L16.fc1,16,fc1,2048,797,0.38916015625,0.7336020469665527
init-init,proj-wikitext2-r30-s0,proj-alpaca-r30-s0,L16.fc2,16,fc2,2048,797,0.38916015625,0.775390088558197
final-final,proj-wikitext2-r30-s0,proj-alpaca-r30-s0,L16.fc2,16,fc2,2048,797,0.38916015625,0.770889163017273
init-init,proj-wikitext2-r30-s0,proj-alpaca-r30-s0,L17.qkv,17,qkv,2048,1266,0.6181640625,0.8301039934158325
final-final,proj-wikitext2-r30-s0,proj-alpaca-r30-s0,L17.qkv,17,qkv,2048,1266,0.6181640625,0.8282238245010376
init-init,proj-wikitext2-r30-s0,proj-alpaca-r30-s0,L17.o,17,o,2048,1266,0.6181640625,0.8431447744369507
final-final,proj-wikitext2-r30-s0,proj-alpaca-r30-s0,L17.o,17,o,2048,1266,0.6181640625,0.8406543731689453
init-init,proj-wikitext2-r30-s0,proj-alpaca-r30-s0,L17.fc1,17,fc1,2048,797,0.38916015625,0.7364004850387573
final-final,proj-wikitext2-r30-s0,proj-alpaca-r30-s0,L17.fc1,17,fc1,2048,797,0.38916015625,0.7331428527832031
init-init,proj-wikitext2-r30-s0,proj-alpaca-r30-s0,L17.fc2,17,fc2,2048,797,0.38916015625,0.7738468647003174
final-final,proj-wikitext2-r30-s0,proj-alpaca-r30-s0,L17.fc2,17,fc2,2048,797,0.38916015625,0.7697302103042603
init-init,proj-wikitext2-r30-s0,proj-alpaca-r30-s0,L18.qkv,18,qkv,2048,1266,0.6181640625,0.8313713669776917
final-final,proj-wikitext2-r30-s0,proj-alpaca-r30-s0,L18.qkv,18,qkv,2048,1266,0.6181640625,0.8299952149391174
init-init,proj-wikitext2-r30-s0,proj-alpaca-r30-s0,L18.o,18,o,2048,1266,0.6181640625,0.8446894288063049
final-final,proj-wikitext2-r30-s0,proj-alpaca-r30-s0,L18.o,18,o,2048,1266,0.6181640625,0.842470109462738
init-init,proj-wikitext2-r30-s0,proj-alpaca-r30-s0,L18.fc1,18,fc1,2048,797,0.38916015625,0.7377319931983948
final-final,proj-wikitext2-r30-s0,proj-alpaca-r30-s0,L18.fc1,18,fc1,2048,797,0.38916015625,0.7343150973320007
init-init,proj-wikitext2-r30-s0,proj-alpaca-r30-s0,L18.fc2,18,fc2,2048,797,0.38916015625,0.7704408764839172
final-final,proj-wikitext2-r30-s0,proj-alpaca-r30-s0,L18.fc2,18,fc2,2048,797,0.38916015625,0.766075611114502
init-init,proj-wikitext2-r30-s0,proj-alpaca-r30-s0,L19.qkv,19,qkv,2048,1266,0.6181640625,0.8270010948181152
final-final,proj-wikitext2-r30-s0,proj-alpaca-r30-s0,L19.qkv,19,qkv,2048,1266,0.6181640625,0.8255160450935364
init-init,proj-wikitext2-r30-s0,proj-alpaca-r30-s0,L19.o,19,o,2048,1266,0.6181640625,0.8396459817886353
final-final,proj-wikitext2-r30-s0,proj-alpaca-r30-s0,L19.o,19,o,2048,1266,0.6181640625,0.8376769423484802
init-init,proj-wikitext2-r30-s0,proj-alpaca-r30-s0,L19.fc1,19,fc1,2048,797,0.38916015625,0.7363131046295166
final-final,proj-wikitext2-r30-s0,proj-alpaca-r30-s0,L19.fc1,19,fc1,2048,797,0.38916015625,0.7328537702560425
init-init,proj-wikitext2-r30-s0,proj-alpaca-r30-s0,L19.fc2,19,fc2,2048,797,0.38916015625,0.7627683877944946
final-final,proj-wikitext2-r30-s0,proj-alpaca-r30-s0,L19.fc2,19,fc2,2048,797,0.38916015625,0.7582755088806152
init-init,proj-wikitext2-r30-s0,proj-alpaca-r30-s0,L20.qkv,20,qkv,2048,1266,0.6181640625,0.8227999210357666
final-final,proj-wikitext2-r30-s0,proj-alpaca-r30-s0,L20.qkv,20,qkv,2048,1266,0.6181640625,0.821295440196991
init-init,proj-wikitext2-r30-s0,proj-alpaca-r30-s0,L20.o,20,o,2048,1266,0.6181640625,0.8400981426239014
final-final,proj-wikitext2-r30-s0,proj-alpaca-r30-s0,L20.o,20,o,2048,1266,0.6181640625,0.8378219604492188
init-init,proj-wikitext2-r30-s0,proj-alpaca-r30-s0,L20.fc1,20,fc1,2048,797,0.38916015625,0.7303642630577087
final-final,proj-wikitext2-r30-s0,proj-alpaca-r30-s0,L20.fc1,20,fc1,2048,797,0.38916015625,0.7268906235694885
init-init,proj-wikitext2-r30-s0,proj-alpaca-r30-s0,L20.fc2,20,fc2,2048,797,0.38916015625,0.7519552707672119
final-final,proj-wikitext2-r30-s0,proj-alpaca-r30-s0,L20.fc2,20,fc2,2048,797,0.38916015625,0.7475149631500244
init-init,proj-wikitext2-r30-s0,proj-alpaca-r30-s0,L21.qkv,21,qkv,2048,1266,0.6181640625,0.8152331709861755
final-final,proj-wikitext2-r30-s0,proj-alpaca-r30-s0,L21.qkv,21,qkv,2048,1266,0.6181640625,0.8138056397438049
init-init,proj-wikitext2-r30-s0,proj-alpaca-r30-s0,L21.o,21,o,2048,1266,0.6181640625,0.8173640966415405
final-final,proj-wikitext2-r30-s0,proj-alpaca-r30-s0,L21.o,21,o,2048,1266,0.6181640625,0.8154477477073669
init-init,proj-wikitext2-r30-s0,proj-alpaca-r30-s0,L21.fc1,21,fc1,2048,797,0.38916015625,0.721897304058075
final-final,proj-wikitext2-r30-s0,proj-alpaca-r30-s0,L21.fc1,21,fc1,2048,797,0.38916015625,0.7191793918609619
init-init,proj-wikitext2-r30-s0,proj-alpaca-r30-s0,L21.fc2,21,fc2,2048,797,0.38916015625,0.751198947429657
final-final,proj-wikitext2-r30-s0,proj-alpaca-r30-s0,L21.fc2,21,fc2,2048,797,0.38916015625,0.747147262096405
init-init,proj-wikitext2-r30-s0,proj-alpaca-r30-s0,L22.qkv,22,qkv,2048,1266,0.6181640625,0.807153046131134
final-final,proj-wikitext2-r30-s0,proj-alpaca-r30-s0,L22.qkv,22,qkv,2048,1266,0.6181640625,0.8055472373962402
init-init,proj-wikitext2-r30-s0,proj-alpaca-r30-s0,L22.o,22,o,2048,1266,0.6181640625,0.8052342534065247
final-final,proj-wikitext2-r30-s0,proj-alpaca-r30-s0,L22.o,22,o,2048,1266,0.6181640625,0.8032378554344177
init-init,proj-wikitext2-r30-s0,proj-alpaca-r30-s0,L22.fc1,22,fc1,2048,797,0.38916015625,0.7126060128211975
final-final,proj-wikitext2-r30-s0,proj-alpaca-r30-s0,L22.fc1,22,fc1,2048,797,0.38916015625,0.7107945680618286
init-init,proj-wikitext2-r30-s0,proj-alpaca-r30-s0,L22.fc2,22,fc2,2048,797,0.38916015625,0.7614157199859619
final-final,proj-wikitext2-r30-s0,proj-alpaca-r30-s0,L22.fc2,22,fc2,2048,797,0.38916015625,0.757530689239502
init-init,proj-wikitext2-r30-s0,proj-alpaca-r30-s0,L23.qkv,23,qkv,2048,1266,0.6181640625,0.8086118102073669
final-final,proj-wikitext2-r30-s0,proj-alpaca-r30-s0,L23.qkv,23,qkv,2048,1266,0.6181640625,0.8078969120979309
init-init,proj-wikitext2-r30-s0,proj-alpaca-r30-s0,L23.o,23,o,2048,1266,0.6181640625,0.7918724417686462
final-final,proj-wikitext2-r30-s0,proj-alpaca-r30-s0,L23.o,23,o,2048,1266,0.6181640625,0.7894237041473389
init-init,proj-wikitext2-r30-s0,proj-alpaca-r30-s0,L23.fc1,23,fc1,2048,797,0.38916015625,0.7005086541175842
final-final,proj-wikitext2-r30-s0,proj-alpaca-r30-s0,L23.fc1,23,fc1,2048,797,0.38916015625,0.6990759968757629
init-init,proj-wikitext2-r30-s0,proj-alpaca-r30-s0,L23.fc2,23,fc2,2048,797,0.38916015625,0.7760712504386902
final-final,proj-wikitext2-r30-s0,proj-alpaca-r30-s0,L23.fc2,23,fc2,2048,797,0.38916015625,0.7716251015663147
init-init,proj-wikitext2-r30-s0,proj-selfgen-r30-s0,L0.qkv,0,qkv,2048,1266,0.6181640625,0.8995825052261353
final-final,proj-wikitext2-r30-s0,proj-selfgen-r30-s0,L0.qkv,0,qkv,2048,1266,0.6181640625,0.895187497138977
init-init,proj-wikitext2-r30-s0,proj-selfgen-r30-s0,L0.o,0,o,2048,1266,0.6181640625,0.9116830229759216
final-final,proj-wikitext2-r30-s0,proj-selfgen-r30-s0,L0.o,0,o,2048,1266,0.6181640625,0.9075788259506226
init-init,proj-wikitext2-r30-s0,proj-selfgen-r30-s0,L0.fc1,0,fc1,2048,797,0.38916015625,0.8484330773353577
final-final,proj-wikitext2-r30-s0,proj-selfgen-r30-s0,L0.fc1,0,fc1,2048,797,0.38916015625,0.843933641910553
init-init,proj-wikitext2-r30-s0,proj-selfgen-r30-s0,L0.fc2,0,fc2,2048,797,0.38916015625,0.8735193610191345
final-final,proj-wikitext2-r30-s0,proj-selfgen-r30-s0,L0.fc2,0,fc2,2048,797,0.38916015625,0.8679637312889099
init-init,proj-wikitext2-r30-s0,proj-selfgen-r30-s0,L1.qkv,1,qkv,2048,1266,0.6181640625,0.9410704970359802
final-final,proj-wikitext2-r30-s0,proj-selfgen-r30-s0,L1.qkv,1,qkv,2048,1266,0.6181640625,0.9371001720428467
init-init,proj-wikitext2-r30-s0,proj-selfgen-r30-s0,L1.o,1,o,2048,1266,0.6181640625,0.9029905796051025
final-final,proj-wikitext2-r30-s0,proj-selfgen-r30-s0,L1.o,1,o,2048,1266,0.6181640625,0.8994787931442261
init-init,proj-wikitext2-r30-s0,proj-selfgen-r30-s0,L1.fc1,1,fc1,2048,797,0.38916015625,0.9032483100891113
final-final,proj-wikitext2-r30-s0,proj-selfgen-r30-s0,L1.fc1,1,fc1,2048,797,0.38916015625,0.8999335765838623
init-init,proj-wikitext2-r30-s0,proj-selfgen-r30-s0,L1.fc2,1,fc2,2048,797,0.38916015625,0.8545809388160706
final-final,proj-wikitext2-r30-s0,proj-selfgen-r30-s0,L1.fc2,1,fc2,2048,797,0.38916015625,0.8493886590003967
init-init,proj-wikitext2-r30-s0,proj-selfgen-r30-s0,L2.qkv,2,qkv,2048,1266,0.6181640625,0.9361289143562317
final-final,proj-wikitext2-r30-s0,proj-selfgen-r30-s0,L2.qkv,2,qkv,2048,1266,0.6181640625,0.9315330386161804
init-init,proj-wikitext2-r30-s0,proj-selfgen-r30-s0,L2.o,2,o,2048,1266,0.6181640625,0.9245482087135315
final-final,proj-wikitext2-r30-s0,proj-selfgen-r30-s0,L2.o,2,o,2048,1266,0.6181640625,0.921467125415802
init-init,proj-wikitext2-r30-s0,proj-selfgen-r30-s0,L2.fc1,2,fc1,2048,797,0.38916015625,0.8920624256134033
final-final,proj-wikitext2-r30-s0,proj-selfgen-r30-s0,L2.fc1,2,fc1,2048,797,0.38916015625,0.8883346915245056
init-init,proj-wikitext2-r30-s0,proj-selfgen-r30-s0,L2.fc2,2,fc2,2048,797,0.38916015625,0.8472914099693298
final-final,proj-wikitext2-r30-s0,proj-selfgen-r30-s0,L2.fc2,2,fc2,2048,797,0.38916015625,0.8421661257743835
init-init,proj-wikitext2-r30-s0,proj-selfgen-r30-s0,L3.qkv,3,qkv,2048,1266,0.6181640625,0.9297866225242615
final-final,proj-wikitext2-r30-s0,proj-selfgen-r30-s0,L3.qkv,3,qkv,2048,1266,0.6181640625,0.924854040145874
init-init,proj-wikitext2-r30-s0,proj-selfgen-r30-s0,L3.o,3,o,2048,1266,0.6181640625,0.909493088722229
final-final,proj-wikitext2-r30-s0,proj-selfgen-r30-s0,L3.o,3,o,2048,1266,0.6181640625,0.9062855839729309
init-init,proj-wikitext2-r30-s0,proj-selfgen-r30-s0,L3.fc1,3,fc1,2048,797,0.38916015625,0.8818644881248474
final-final,proj-wikitext2-r30-s0,proj-selfgen-r30-s0,L3.fc1,3,fc1,2048,797,0.38916015625,0.8773256540298462
init-init,proj-wikitext2-r30-s0,proj-selfgen-r30-s0,L3.fc2,3,fc2,2048,797,0.38916015625,0.8318535089492798
final-final,proj-wikitext2-r30-s0,proj-selfgen-r30-s0,L3.fc2,3,fc2,2048,797,0.38916015625,0.8264849781990051
init-init,proj-wikitext2-r30-s0,proj-selfgen-r30-s0,L4.qkv,4,qkv,2048,1266,0.6181640625,0.9235157370567322
final-final,proj-wikitext2-r30-s0,proj-selfgen-r30-s0,L4.qkv,4,qkv,2048,1266,0.6181640625,0.9189042448997498
init-init,proj-wikitext2-r30-s0,proj-selfgen-r30-s0,L4.o,4,o,2048,1266,0.6181640625,0.921842634677887
final-final,proj-wikitext2-r30-s0,proj-selfgen-r30-s0,L4.o,4,o,2048,1266,0.6181640625,0.9188201427459717
init-init,proj-wikitext2-r30-s0,proj-selfgen-r30-s0,L4.fc1,4,fc1,2048,797,0.38916015625,0.8735604286193848
final-final,proj-wikitext2-r30-s0,proj-selfgen-r30-s0,L4.fc1,4,fc1,2048,797,0.38916015625,0.8686138391494751
init-init,proj-wikitext2-r30-s0,proj-selfgen-r30-s0,L4.fc2,4,fc2,2048,797,0.38916015625,0.7945619225502014
final-final,proj-wikitext2-r30-s0,proj-selfgen-r30-s0,L4.fc2,4,fc2,2048,797,0.38916015625,0.7898544669151306
init-init,proj-wikitext2-r30-s0,proj-selfgen-r30-s0,L5.qkv,5,qkv,2048,1266,0.6181640625,0.9144793152809143
final-final,proj-wikitext2-r30-s0,proj-selfgen-r30-s0,L5.qkv,5,qkv,2048,1266,0.6181640625,0.9099437594413757
init-init,proj-wikitext2-r30-s0,proj-selfgen-r30-s0,L5.o,5,o,2048,1266,0.6181640625,0.8936921954154968
final-final,proj-wikitext2-r30-s0,proj-selfgen-r30-s0,L5.o,5,o,2048,1266,0.6181640625,0.890394389629364
init-init,proj-wikitext2-r30-s0,proj-selfgen-r30-s0,L5.fc1,5,fc1,2048,797,0.38916015625,0.8600227236747742
final-final,proj-wikitext2-r30-s0,proj-selfgen-r30-s0,L5.fc1,5,fc1,2048,797,0.38916015625,0.8551183342933655
init-init,proj-wikitext2-r30-s0,proj-selfgen-r30-s0,L5.fc2,5,fc2,2048,797,0.38916015625,0.7799484133720398
final-final,proj-wikitext2-r30-s0,proj-selfgen-r30-s0,L5.fc2,5,fc2,2048,797,0.38916015625,0.7754192352294922
init-init,proj-wikitext2-r30-s0,proj-selfgen-r30-s0,L6.qkv,6,qkv,2048,1266,0.6181640625,0.9083231091499329
final-final,proj-wikitext2-r30-s0,proj-selfgen-r30-s0,L6.qkv,6,qkv,2048,1266,0.6181640625,0.9035465121269226
init-init,proj-wikitext2-r30-s0,proj-selfgen-r30-s0,L6.o,6,o,2048,1266,0.6181640625,0.8925518989562988
final-final,proj-wikitext2-r30-s0,proj-selfgen-r30-s0,L6.o,6,o,2048,1266,0.6181640625,0.8884351849555969
init-init,proj-wikitext2-r30-s0,proj-selfgen-r30-s0,L6.fc1,6,fc1,2048,797,0.38916015625,0.8461366891860962
final-final,proj-wikitext2-r30-s0,proj-selfgen-r30-s0,L6.fc1,6,fc1,2048,797,0.38916015625,0.8409050703048706
init-init,proj-wikitext2-r30-s0,proj-selfgen-r30-s0,L6.fc2,6,fc2,2048,797,0.38916015625,0.7741236686706543
final-final,proj-wikitext2-r30-s0,proj-selfgen-r30-s0,L6.fc2,6,fc2,2048,797,0.38916015625,0.7699587345123291
init-init,proj-wikitext2-r30-s0,proj-selfgen-r30-s0,L7.qkv,7,qkv,2048,1266,0.6181640625,0.8994160294532776
final-final,proj-wikitext2-r30-s0,proj-selfgen-r30-s0,L7.qkv,7,qkv,2048,1266,0.6181640625,0.8946884274482727
init-init,proj-wikitext2-r30-s0,proj-selfgen-r30-s0,L7.o,7,o,2048,1266,0.6181640625,0.8863521814346313
final-final,proj-wikitext2-r30-s0,proj-selfgen-r30-s0,L7.o,7,o,2048,1266,0.6181640625,0.8821734189987183
init-init,proj-wikitext2-r30-s0,proj-selfgen-r30-s0,L7.fc1,7,fc1,2048,797,0.38916015625,0.831627368927002
final-final,proj-wikitext2-r30-s0,proj-selfgen-r30-s0,L7.fc1,7,fc1,2048,797,0.38916015625,0.826147198677063
init-init,proj-wikitext2-r30-s0,proj-selfgen-r30-s0,L7.fc2,7,fc2,2048,797,0.38916015625,0.7696287035942078
final-final,proj-wikitext2-r30-s0,proj-selfgen-r30-s0,L7.fc2,7,fc2,2048,797,0.38916015625,0.7654120922088623
init-init,proj-wikitext2-r30-s0,proj-selfgen-r30-s0,L8.qkv,8,qkv,2048,1266,0.6181640625,0.8910055756568909
final-final,proj-wikitext2-r30-s0,proj-selfgen-r30-s0,L8.qkv,8,qkv,2048,1266,0.6181640625,0.886490523815155
init-init,proj-wikitext2-r30-s0,proj-selfgen-r30-s0,L8.o,8,o,2048,1266,0.6181640625,0.8835285305976868
final-final,proj-wikitext2-r30-s0,proj-selfgen-r30-s0,L8.o,8,o,2048,1266,0.6181640625,0.8792979121208191
init-init,proj-wikitext2-r30-s0,proj-selfgen-r30-s0,L8.fc1,8,fc1,2048,797,0.38916015625,0.8158942461013794
final-final,proj-wikitext2-r30-s0,proj-selfgen-r30-s0,L8.fc1,8,fc1,2048,797,0.38916015625,0.8103691935539246
init-init,proj-wikitext2-r30-s0,proj-selfgen-r30-s0,L8.fc2,8,fc2,2048,797,0.38916015625,0.7780901193618774
final-final,proj-wikitext2-r30-s0,proj-selfgen-r30-s0,L8.fc2,8,fc2,2048,797,0.38916015625,0.7731936573982239
init-init,proj-wikitext2-r30-s0,proj-selfgen-r30-s0,L9.qkv,9,qkv,2048,1266,0.6181640625,0.8822004199028015
final-final,proj-wikitext2-r30-s0,proj-selfgen-r30-s0,L9.qkv,9,qkv,2048,1266,0.6181640625,0.8776142001152039
init-init,proj-wikitext2-r30-s0,proj-selfgen-r30-s0,L9.o,9,o,2048,1266,0.6181640625,0.8840615749359131
final-final,proj-wikitext2-r30-s0,proj-selfgen-r30-s0,L9.o,9,o,2048,1266,0.6181640625,0.8797146677970886
init-init,proj-wikitext2-r30-s0,proj-selfgen-r30-s0,L9.fc1,9,fc1,2048,797,0.38916015625,0.8019287586212158
final-final,proj-wikitext2-r30-s0,proj-selfgen-r30-s0,L9.fc1,9,fc1,2048,797,0.38916015625,0.7967336773872375
init-init,proj-wikitext2-r30-s0,proj-selfgen-r30-s0,L9.fc2,9,fc2,2048,797,0.38916015625,0.8028973937034607
final-final,proj-wikitext2-r30-s0,proj-selfgen-r30-s0,L9.fc2,9,fc2,2048,797,0.38916015625,0.7973869442939758
init-init,proj-wikitext2-r30-s0,proj-selfgen-r30-s0,L10.qkv,10,qkv,2048,1266,0.6181640625,0.8803518414497375
final-final,proj-wikitext2-r30-s0,proj-selfgen-r30-s0,L10.qkv,10,qkv,2048,1266,0.6181640625,0.875944197177887
init-init,proj-wikitext2-r30-s0,proj-selfgen-r30-s0,L10.o,10,o,2048,1266,0.6181640625,0.8876726627349854
final-final,proj-wikitext2-r30-s0,proj-selfgen-r30-s0,L10.o,10,o,2048,1266,0.6181640625,0.883028507232666
init-init,proj-wikitext2-r30-s0,proj-selfgen-r30-s0,L10.fc1,10,fc1,2048,797,0.38916015625,0.7922297120094299
final-final,proj-wikitext2-r30-s0,proj-selfgen-r30-s0,L10.fc1,10,fc1,2048,797,0.38916015625,0.7870610952377319
init-init,proj-wikitext2-r30-s0,proj-selfgen-r30-s0,L10.fc2,10,fc2,2048,797,0.38916015625,0.8075798749923706
final-final,proj-wikitext2-r30-s0,proj-selfgen-r30-s0,L10.fc2,10,fc2,2048,797,0.38916015625,0.801872968673706
init-init,proj-wikitext2-r30-s0,proj-selfgen-r30-s0,L11.qkv,11,qkv,2048,1266,0.6181640625,0.8750014305114746
final-final,proj-wikitext2-r30-s0,proj-selfgen-r30-s0,L11.qkv,11,qkv,2048,1266,0.6181640625,0.8705782890319824
init-init,proj-wikitext2-r30-s0,proj-selfgen-r30-s0,L11.o,11,o,2048,1266,0.6181640625,0.8936113715171814
final-final,proj-wikitext2-r30-s0,proj-selfgen-r30-s0,L11.o,11,o,2048,1266,0.6181640625,0.8892228603363037
init-init,proj-wikitext2-r30-s0,proj-selfgen-r30-s0,L11.fc1,11,fc1,2048,797,0.38916015625,0.7879197597503662
final-final,proj-wikitext2-r30-s0,proj-selfgen-r30-s0,L11.fc1,11,fc1,2048,797,0.38916015625,0.782719612121582
init-init,proj-wikitext2-r30-s0,proj-selfgen-r30-s0,L11.fc2,11,fc2,2048,797,0.38916015625,0.8240445256233215
final-final,proj-wikitext2-r30-s0,proj-selfgen-r30-s0,L11.fc2,11,fc2,2048,797,0.38916015625,0.8179249167442322
init-init,proj-wikitext2-r30-s0,proj-selfgen-r30-s0,L12.qkv,12,qkv,2048,1266,0.6181640625,0.8751774430274963
final-final,proj-wikitext2-r30-s0,proj-selfgen-r30-s0,L12.qkv,12,qkv,2048,1266,0.6181640625,0.8708603978157043
init-init,proj-wikitext2-r30-s0,proj-selfgen-r30-s0,L12.o,12,o,2048,1266,0.6181640625,0.891883909702301
final-final,proj-wikitext2-r30-s0,proj-selfgen-r30-s0,L12.o,12,o,2048,1266,0.6181640625,0.8873757123947144
init-init,proj-wikitext2-r30-s0,proj-selfgen-r30-s0,L12.fc1,12,fc1,2048,797,0.38916015625,0.7847890853881836
final-final,proj-wikitext2-r30-s0,proj-selfgen-r30-s0,L12.fc1,12,fc1,2048,797,0.38916015625,0.7797609567642212
init-init,proj-wikitext2-r30-s0,proj-selfgen-r30-s0,L12.fc2,12,fc2,2048,797,0.38916015625,0.8320261836051941
final-final,proj-wikitext2-r30-s0,proj-selfgen-r30-s0,L12.fc2,12,fc2,2048,797,0.38916015625,0.8257458209991455
init-init,proj-wikitext2-r30-s0,proj-selfgen-r30-s0,L13.qkv,13,qkv,2048,1266,0.6181640625,0.8777241110801697
final-final,proj-wikitext2-r30-s0,proj-selfgen-r30-s0,L13.qkv,13,qkv,2048,1266,0.6181640625,0.8734222650527954
init-init,proj-wikitext2-r30-s0,proj-selfgen-r30-s0,L13.o,13,o,2048,1266,0.6181640625,0.9055957198143005
final-final,proj-wikitext2-r30-s0,proj-selfgen-r30-s0,L13.o,13,o,2048,1266,0.6181640625,0.9005609154701233
init-init,proj-wikitext2-r30-s0,proj-selfgen-r30-s0,L13.fc1,13,fc1,2048,797,0.38916015625,0.7829586863517761
final-final,proj-wikitext2-r30-s0,proj-selfgen-r30-s0,L13.fc1,13,fc1,2048,797,0.38916015625,0.7782527804374695
init-init,proj-wikitext2-r30-s0,proj-selfgen-r30-s0,L13.fc2,13,fc2,2048,797,0.38916015625,0.8354222774505615
final-final,proj-wikitext2-r30-s0,proj-selfgen-r30-s0,L13.fc2,13,fc2,2048,797,0.38916015625,0.8291064500808716
init-init,proj-wikitext2-r30-s0,proj-selfgen-r30-s0,L14.qkv,14,qkv,2048,1266,0.6181640625,0.8741525411605835
final-final,proj-wikitext2-r30-s0,proj-selfgen-r30-s0,L14.qkv,14,qkv,2048,1266,0.6181640625,0.870154619216919
init-init,proj-wikitext2-r30-s0,proj-selfgen-r30-s0,L14.o,14,o,2048,1266,0.6181640625,0.8862329125404358
final-final,proj-wikitext2-r30-s0,proj-selfgen-r30-s0,L14.o,14,o,2048,1266,0.6181640625,0.8817080855369568
init-init,proj-wikitext2-r30-s0,proj-selfgen-r30-s0,L14.fc1,14,fc1,2048,797,0.38916015625,0.7796519994735718
final-final,proj-wikitext2-r30-s0,proj-selfgen-r30-s0,L14.fc1,14,fc1,2048,797,0.38916015625,0.775089681148529
init-init,proj-wikitext2-r30-s0,proj-selfgen-r30-s0,L14.fc2,14,fc2,2048,797,0.38916015625,0.827098548412323
final-final,proj-wikitext2-r30-s0,proj-selfgen-r30-s0,L14.fc2,14,fc2,2048,797,0.38916015625,0.8209444284439087
init-init,proj-wikitext2-r30-s0,proj-selfgen-r30-s0,L15.qkv,15,qkv,2048,1266,0.6181640625,0.8767774701118469
final-final,proj-wikitext2-r30-s0,proj-selfgen-r30-s0,L15.qkv,15,qkv,2048,1266,0.6181640625,0.8730409145355225
init-init,proj-wikitext2-r30-s0,proj-selfgen-r30-s0,L15.o,15,o,2048,1266,0.6181640625,0.8798606395721436
final-final,proj-wikitext2-r30-s0,proj-selfgen-r30-s0,L15.o,15,o,2048,1266,0.6181640625,0.8756588697433472
init-init,proj-wikitext2-r30-s0,proj-selfgen-r30-s0,L15.fc1,15,fc1,2048,797,0.38916015625,0.7750946283340454
final-final,proj-wikitext2-r30-s0,proj-selfgen-r30-s0,L15.fc1,15,fc1,2048,797,0.38916015625,0.7705699801445007
init-init,proj-wikitext2-r30-s0,proj-selfgen-r30-s0,L15.fc2,15,fc2,2048,797,0.38916015625,0.8285240530967712
final-final,proj-wikitext2-r30-s0,proj-selfgen-r30-s0,L15.fc2,15,fc2,2048,797,0.38916015625,0.8224762082099915
init-init,proj-wikitext2-r30-s0,proj-selfgen-r30-s0,L16.qkv,16,qkv,2048,1266,0.6181640625,0.8689735531806946
final-final,proj-wikitext2-r30-s0,proj-selfgen-r30-s0,L16.qkv,16,qkv,2048,1266,0.6181640625,0.8657358884811401
init-init,proj-wikitext2-r30-s0,proj-selfgen-r30-s0,L16.o,16,o,2048,1266,0.6181640625,0.8822996616363525
final-final,proj-wikitext2-r30-s0,proj-selfgen-r30-s0,L16.o,16,o,2048,1266,0.6181640625,0.8785678148269653
init-init,proj-wikitext2-r30-s0,proj-selfgen-r30-s0,L16.fc1,16,fc1,2048,797,0.38916015625,0.776427686214447
final-final,proj-wikitext2-r30-s0,proj-selfgen-r30-s0,L16.fc1,16,fc1,2048,797,0.38916015625,0.7716971635818481
init-init,proj-wikitext2-r30-s0,proj-selfgen-r30-s0,L16.fc2,16,fc2,2048,797,0.38916015625,0.8202042579650879
final-final,proj-wikitext2-r30-s0,proj-selfgen-r30-s0,L16.fc2,16,fc2,2048,797,0.38916015625,0.814122200012207
init-init,proj-wikitext2-r30-s0,proj-selfgen-r30-s0,L17.qkv,17,qkv,2048,1266,0.6181640625,0.8635044097900391
final-final,proj-wikitext2-r30-s0,proj-selfgen-r30-s0,L17.qkv,17,qkv,2048,1266,0.6181640625,0.8601363301277161
init-init,proj-wikitext2-r30-s0,proj-selfgen-r30-s0,L17.o,17,o,2048,1266,0.6181640625,0.870979905128479
final-final,proj-wikitext2-r30-s0,proj-selfgen-r30-s0,L17.o,17,o,2048,1266,0.6181640625,0.867160975933075
init-init,proj-wikitext2-r30-s0,proj-selfgen-r30-s0,L17.fc1,17,fc1,2048,797,0.38916015625,0.7763567566871643
final-final,proj-wikitext2-r30-s0,proj-selfgen-r30-s0,L17.fc1,17,fc1,2048,797,0.38916015625,0.7718742489814758
init-init,proj-wikitext2-r30-s0,proj-selfgen-r30-s0,L17.fc2,17,fc2,2048,797,0.38916015625,0.8156294226646423
final-final,proj-wikitext2-r30-s0,proj-selfgen-r30-s0,L17.fc2,17,fc2,2048,797,0.38916015625,0.8098069429397583
init-init,proj-wikitext2-r30-s0,proj-selfgen-r30-s0,L18.qkv,18,qkv,2048,1266,0.6181640625,0.8637754321098328
final-final,proj-wikitext2-r30-s0,proj-selfgen-r30-s0,L18.qkv,18,qkv,2048,1266,0.6181640625,0.8611258268356323
init-init,proj-wikitext2-r30-s0,proj-selfgen-r30-s0,L18.o,18,o,2048,1266,0.6181640625,0.8741437792778015
final-final,proj-wikitext2-r30-s0,proj-selfgen-r30-s0,L18.o,18,o,2048,1266,0.6181640625,0.8703327775001526
init-init,proj-wikitext2-r30-s0,proj-selfgen-r30-s0,L18.fc1,18,fc1,2048,797,0.38916015625,0.7787343263626099
final-final,proj-wikitext2-r30-s0,proj-selfgen-r30-s0,L18.fc1,18,fc1,2048,797,0.38916015625,0.7740463018417358
init-init,proj-wikitext2-r30-s0,proj-selfgen-r30-s0,L18.fc2,18,fc2,2048,797,0.38916015625,0.8132175803184509
final-final,proj-wikitext2-r30-s0,proj-selfgen-r30-s0,L18.fc2,18,fc2,2048,797,0.38916015625,0.8071854114532471
init-init,proj-wikitext2-r30-s0,proj-selfgen-r30-s0,L19.qkv,19,qkv,2048,1266,0.6181640625,0.8593929409980774
final-final,proj-wikitext2-r30-s0,proj-selfgen-r30-s0,L19.qkv,19,qkv,2048,1266,0.6181640625,0.8570874929428101
init-init,proj-wikitext2-r30-s0,proj-selfgen-r30-s0,L19.o,19,o,2048,1266,0.6181640625,0.8680441975593567
final-final,proj-wikitext2-r30-s0,proj-selfgen-r30-s0,L19.o,19,o,2048,1266,0.6181640625,0.8646892309188843
init-init,proj-wikitext2-r30-s0,proj-selfgen-r30-s0,L19.fc1,19,fc1,2048,797,0.38916015625,0.7764249444007874
final-final,proj-wikitext2-r30-s0,proj-selfgen-r30-s0,L19.fc1,19,fc1,2048,797,0.38916015625,0.7718455195426941
init-init,proj-wikitext2-r30-s0,proj-selfgen-r30-s0,L19.fc2,19,fc2,2048,797,0.38916015625,0.809462308883667
final-final,proj-wikitext2-r30-s0,proj-selfgen-r30-s0,L19.fc2,19,fc2,2048,797,0.38916015625,0.803224503993988
init-init,proj-wikitext2-r30-s0,proj-selfgen-r30-s0,L20.qkv,20,qkv,2048,1266,0.6181640625,0.8578339219093323
final-final,proj-wikitext2-r30-s0,proj-selfgen-r30-s0,L20.qkv,20,qkv,2048,1266,0.6181640625,0.8555195927619934
init-init,proj-wikitext2-r30-s0,proj-selfgen-r30-s0,L20.o,20,o,2048,1266,0.6181640625,0.8707786798477173
final-final,proj-wikitext2-r30-s0,proj-selfgen-r30-s0,L20.o,20,o,2048,1266,0.6181640625,0.8669942021369934
init-init,proj-wikitext2-r30-s0,proj-selfgen-r30-s0,L20.fc1,20,fc1,2048,797,0.38916015625,0.7719172239303589
final-final,proj-wikitext2-r30-s0,proj-selfgen-r30-s0,L20.fc1,20,fc1,2048,797,0.38916015625,0.7673284411430359
init-init,proj-wikitext2-r30-s0,proj-selfgen-r30-s0,L20.fc2,20,fc2,2048,797,0.38916015625,0.8009670376777649
final-final,proj-wikitext2-r30-s0,proj-selfgen-r30-s0,L20.fc2,20,fc2,2048,797,0.38916015625,0.7946411371231079
init-init,proj-wikitext2-r30-s0,proj-selfgen-r30-s0,L21.qkv,21,qkv,2048,1266,0.6181640625,0.8487851619720459
final-final,proj-wikitext2-r30-s0,proj-selfgen-r30-s0,L21.qkv,21,qkv,2048,1266,0.6181640625,0.8464940786361694
init-init,proj-wikitext2-r30-s0,proj-selfgen-r30-s0,L21.o,21,o,2048,1266,0.6181640625,0.8470532298088074
final-final,proj-wikitext2-r30-s0,proj-selfgen-r30-s0,L21.o,21,o,2048,1266,0.6181640625,0.8439136147499084
init-init,proj-wikitext2-r30-s0,proj-selfgen-r30-s0,L21.fc1,21,fc1,2048,797,0.38916015625,0.7655671238899231
final-final,proj-wikitext2-r30-s0,proj-selfgen-r30-s0,L21.fc1,21,fc1,2048,797,0.38916015625,0.7614651918411255
init-init,proj-wikitext2-r30-s0,proj-selfgen-r30-s0,L21.fc2,21,fc2,2048,797,0.38916015625,0.8038959503173828
final-final,proj-wikitext2-r30-s0,proj-selfgen-r30-s0,L21.fc2,21,fc2,2048,797,0.38916015625,0.7978858351707458
init-init,proj-wikitext2-r30-s0,proj-selfgen-r30-s0,L22.qkv,22,qkv,2048,1266,0.6181640625,0.8433225750923157
final-final,proj-wikitext2-r30-s0,proj-selfgen-r30-s0,L22.qkv,22,qkv,2048,1266,0.6181640625,0.8411299586296082
init-init,proj-wikitext2-r30-s0,proj-selfgen-r30-s0,L22.o,22,o,2048,1266,0.6181640625,0.8130814433097839
final-final,proj-wikitext2-r30-s0,proj-selfgen-r30-s0,L22.o,22,o,2048,1266,0.6181640625,0.810640811920166
init-init,proj-wikitext2-r30-s0,proj-selfgen-r30-s0,L22.fc1,22,fc1,2048,797,0.38916015625,0.7590417861938477
final-final,proj-wikitext2-r30-s0,proj-selfgen-r30-s0,L22.fc1,22,fc1,2048,797,0.38916015625,0.7562874555587769
init-init,proj-wikitext2-r30-s0,proj-selfgen-r30-s0,L22.fc2,22,fc2,2048,797,0.38916015625,0.8148355484008789
final-final,proj-wikitext2-r30-s0,proj-selfgen-r30-s0,L22.fc2,22,fc2,2048,797,0.38916015625,0.8092861771583557
init-init,proj-wikitext2-r30-s0,proj-selfgen-r30-s0,L23.qkv,23,qkv,2048,1266,0.6181640625,0.8470435738563538
final-final,proj-wikitext2-r30-s0,proj-selfgen-r30-s0,L23.qkv,23,qkv,2048,1266,0.6181640625,0.8462640047073364
init-init,proj-wikitext2-r30-s0,proj-selfgen-r30-s0,L23.o,23,o,2048,1266,0.6181640625,0.8171124458312988
final-final,proj-wikitext2-r30-s0,proj-selfgen-r30-s0,L23.o,23,o,2048,1266,0.6181640625,0.8132479786872864
init-init,proj-wikitext2-r30-s0,proj-selfgen-r30-s0,L23.fc1,23,fc1,2048,797,0.38916015625,0.7467482686042786
final-final,proj-wikitext2-r30-s0,proj-selfgen-r30-s0,L23.fc1,23,fc1,2048,797,0.38916015625,0.7443403601646423
init-init,proj-wikitext2-r30-s0,proj-selfgen-r30-s0,L23.fc2,23,fc2,2048,797,0.38916015625,0.8274760246276855
final-final,proj-wikitext2-r30-s0,proj-selfgen-r30-s0,L23.fc2,23,fc2,2048,797,0.38916015625,0.8205094337463379
init-init,proj-wikitext2-r30-s0,proj-selfdoc-r30-s0,L0.qkv,0,qkv,2048,1266,0.6181640625,0.8975720405578613
final-final,proj-wikitext2-r30-s0,proj-selfdoc-r30-s0,L0.qkv,0,qkv,2048,1266,0.6181640625,0.893803060054779
init-init,proj-wikitext2-r30-s0,proj-selfdoc-r30-s0,L0.o,0,o,2048,1266,0.6181640625,0.9130892157554626
final-final,proj-wikitext2-r30-s0,proj-selfdoc-r30-s0,L0.o,0,o,2048,1266,0.6181640625,0.9096178412437439
init-init,proj-wikitext2-r30-s0,proj-selfdoc-r30-s0,L0.fc1,0,fc1,2048,797,0.38916015625,0.8465352654457092
final-final,proj-wikitext2-r30-s0,proj-selfdoc-r30-s0,L0.fc1,0,fc1,2048,797,0.38916015625,0.8426879644393921
init-init,proj-wikitext2-r30-s0,proj-selfdoc-r30-s0,L0.fc2,0,fc2,2048,797,0.38916015625,0.8745096921920776
final-final,proj-wikitext2-r30-s0,proj-selfdoc-r30-s0,L0.fc2,0,fc2,2048,797,0.38916015625,0.869659960269928
init-init,proj-wikitext2-r30-s0,proj-selfdoc-r30-s0,L1.qkv,1,qkv,2048,1266,0.6181640625,0.9408786296844482
final-final,proj-wikitext2-r30-s0,proj-selfdoc-r30-s0,L1.qkv,1,qkv,2048,1266,0.6181640625,0.9378137588500977
init-init,proj-wikitext2-r30-s0,proj-selfdoc-r30-s0,L1.o,1,o,2048,1266,0.6181640625,0.9042545557022095
final-final,proj-wikitext2-r30-s0,proj-selfdoc-r30-s0,L1.o,1,o,2048,1266,0.6181640625,0.9016706347465515
init-init,proj-wikitext2-r30-s0,proj-selfdoc-r30-s0,L1.fc1,1,fc1,2048,797,0.38916015625,0.9032184481620789
final-final,proj-wikitext2-r30-s0,proj-selfdoc-r30-s0,L1.fc1,1,fc1,2048,797,0.38916015625,0.9004074335098267
init-init,proj-wikitext2-r30-s0,proj-selfdoc-r30-s0,L1.fc2,1,fc2,2048,797,0.38916015625,0.8529278039932251
final-final,proj-wikitext2-r30-s0,proj-selfdoc-r30-s0,L1.fc2,1,fc2,2048,797,0.38916015625,0.8482598662376404
init-init,proj-wikitext2-r30-s0,proj-selfdoc-r30-s0,L2.qkv,2,qkv,2048,1266,0.6181640625,0.935378909111023
final-final,proj-wikitext2-r30-s0,proj-selfdoc-r30-s0,L2.qkv,2,qkv,2048,1266,0.6181640625,0.9317640662193298
init-init,proj-wikitext2-r30-s0,proj-selfdoc-r30-s0,L2.o,2,o,2048,1266,0.6181640625,0.9254616498947144
final-final,proj-wikitext2-r30-s0,proj-selfdoc-r30-s0,L2.o,2,o,2048,1266,0.6181640625,0.923222005367279
init-init,proj-wikitext2-r30-s0,proj-selfdoc-r30-s0,L2.fc1,2,fc1,2048,797,0.38916015625,0.891808807849884
final-final,proj-wikitext2-r30-s0,proj-selfdoc-r30-s0,L2.fc1,2,fc1,2048,797,0.38916015625,0.8888341188430786
init-init,proj-wikitext2-r30-s0,proj-selfdoc-r30-s0,L2.fc2,2,fc2,2048,797,0.38916015625,0.845946192741394
final-final,proj-wikitext2-r30-s0,proj-selfdoc-r30-s0,L2.fc2,2,fc2,2048,797,0.38916015625,0.8414168953895569
init-init,proj-wikitext2-r30-s0,proj-selfdoc-r30-s0,L3.qkv,3,qkv,2048,1266,0.6181640625,0.9289739727973938
final-final,proj-wikitext2-r30-s0,proj-selfdoc-r30-s0,L3.qkv,3,qkv,2048,1266,0.6181640625,0.9249886870384216
init-init,proj-wikitext2-r30-s0,proj-selfdoc-r30-s0,L3.o,3,o,2048,1266,0.6181640625,0.9094328880310059
final-final,proj-wikitext2-r30-s0,proj-selfdoc-r30-s0,L3.o,3,o,2048,1266,0.6181640625,0.9070094227790833
init-init,proj-wikitext2-r30-s0,proj-selfdoc-r30-s0,L3.fc1,3,fc1,2048,797,0.38916015625,0.8807488083839417
final-final,proj-wikitext2-r30-s0,proj-selfdoc-r30-s0,L3.fc1,3,fc1,2048,797,0.38916015625,0.8768932223320007
init-init,proj-wikitext2-r30-s0,proj-selfdoc-r30-s0,L3.fc2,3,fc2,2048,797,0.38916015625,0.8311874866485596
final-final,proj-wikitext2-r30-s0,proj-selfdoc-r30-s0,L3.fc2,3,fc2,2048,797,0.38916015625,0.8263733983039856
init-init,proj-wikitext2-r30-s0,proj-selfdoc-r30-s0,L4.qkv,4,qkv,2048,1266,0.6181640625,0.9226348400115967
final-final,proj-wikitext2-r30-s0,proj-selfdoc-r30-s0,L4.qkv,4,qkv,2048,1266,0.6181640625,0.9187636375427246
init-init,proj-wikitext2-r30-s0,proj-selfdoc-r30-s0,L4.o,4,o,2048,1266,0.6181640625,0.9225349426269531
final-final,proj-wikitext2-r30-s0,proj-selfdoc-r30-s0,L4.o,4,o,2048,1266,0.6181640625,0.9200575351715088
init-init,proj-wikitext2-r30-s0,proj-selfdoc-r30-s0,L4.fc1,4,fc1,2048,797,0.38916015625,0.8722438216209412
final-final,proj-wikitext2-r30-s0,proj-selfdoc-r30-s0,L4.fc1,4,fc1,2048,797,0.38916015625,0.8678714632987976
init-init,proj-wikitext2-r30-s0,proj-selfdoc-r30-s0,L4.fc2,4,fc2,2048,797,0.38916015625,0.7920162081718445
final-final,proj-wikitext2-r30-s0,proj-selfdoc-r30-s0,L4.fc2,4,fc2,2048,797,0.38916015625,0.7875878214836121
init-init,proj-wikitext2-r30-s0,proj-selfdoc-r30-s0,L5.qkv,5,qkv,2048,1266,0.6181640625,0.913145124912262
final-final,proj-wikitext2-r30-s0,proj-selfdoc-r30-s0,L5.qkv,5,qkv,2048,1266,0.6181640625,0.9093563556671143
init-init,proj-wikitext2-r30-s0,proj-selfdoc-r30-s0,L5.o,5,o,2048,1266,0.6181640625,0.8921043276786804
final-final,proj-wikitext2-r30-s0,proj-selfdoc-r30-s0,L5.o,5,o,2048,1266,0.6181640625,0.8895558714866638
init-init,proj-wikitext2-r30-s0,proj-selfdoc-r30-s0,L5.fc1,5,fc1,2048,797,0.38916015625,0.8583889603614807
final-final,proj-wikitext2-r30-s0,proj-selfdoc-r30-s0,L5.fc1,5,fc1,2048,797,0.38916015625,0.8539288640022278
init-init,proj-wikitext2-r30-s0,proj-selfdoc-r30-s0,L5.fc2,5,fc2,2048,797,0.38916015625,0.7799371480941772
final-final,proj-wikitext2-r30-s0,proj-selfdoc-r30-s0,L5.fc2,5,fc2,2048,797,0.38916015625,0.7755751609802246
init-init,proj-wikitext2-r30-s0,proj-selfdoc-r30-s0,L6.qkv,6,qkv,2048,1266,0.6181640625,0.9068378210067749
final-final,proj-wikitext2-r30-s0,proj-selfdoc-r30-s0,L6.qkv,6,qkv,2048,1266,0.6181640625,0.9025329351425171
init-init,proj-wikitext2-r30-s0,proj-selfdoc-r30-s0,L6.o,6,o,2048,1266,0.6181640625,0.8896496295928955
final-final,proj-wikitext2-r30-s0,proj-selfdoc-r30-s0,L6.o,6,o,2048,1266,0.6181640625,0.8861163258552551
init-init,proj-wikitext2-r30-s0,proj-selfdoc-r30-s0,L6.fc1,6,fc1,2048,797,0.38916015625,0.8438532948493958
final-final,proj-wikitext2-r30-s0,proj-selfdoc-r30-s0,L6.fc1,6,fc1,2048,797,0.38916015625,0.8390070199966431
init-init,proj-wikitext2-r30-s0,proj-selfdoc-r30-s0,L6.fc2,6,fc2,2048,797,0.38916015625,0.7708866000175476
final-final,proj-wikitext2-r30-s0,proj-selfdoc-r30-s0,L6.fc2,6,fc2,2048,797,0.38916015625,0.7668881416320801
init-init,proj-wikitext2-r30-s0,proj-selfdoc-r30-s0,L7.qkv,7,qkv,2048,1266,0.6181640625,0.8976030945777893
final-final,proj-wikitext2-r30-s0,proj-selfdoc-r30-s0,L7.qkv,7,qkv,2048,1266,0.6181640625,0.8933165073394775
init-init,proj-wikitext2-r30-s0,proj-selfdoc-r30-s0,L7.o,7,o,2048,1266,0.6181640625,0.8846991062164307
final-final,proj-wikitext2-r30-s0,proj-selfdoc-r30-s0,L7.o,7,o,2048,1266,0.6181640625,0.8810782432556152
init-init,proj-wikitext2-r30-s0,proj-selfdoc-r30-s0,L7.fc1,7,fc1,2048,797,0.38916015625,0.8284221291542053
final-final,proj-wikitext2-r30-s0,proj-selfdoc-r30-s0,L7.fc1,7,fc1,2048,797,0.38916015625,0.8234711289405823
init-init,proj-wikitext2-r30-s0,proj-selfdoc-r30-s0,L7.fc2,7,fc2,2048,797,0.38916015625,0.7687070965766907
final-final,proj-wikitext2-r30-s0,proj-selfdoc-r30-s0,L7.fc2,7,fc2,2048,797,0.38916015625,0.7646678686141968
init-init,proj-wikitext2-r30-s0,proj-selfdoc-r30-s0,L8.qkv,8,qkv,2048,1266,0.6181640625,0.8889837265014648
final-final,proj-wikitext2-r30-s0,proj-selfdoc-r30-s0,L8.qkv,8,qkv,2048,1266,0.6181640625,0.8848657011985779
init-init,proj-wikitext2-r30-s0,proj-selfdoc-r30-s0,L8.o,8,o,2048,1266,0.6181640625,0.8817115426063538
final-final,proj-wikitext2-r30-s0,proj-selfdoc-r30-s0,L8.o,8,o,2048,1266,0.6181640625,0.877932608127594
init-init,proj-wikitext2-r30-s0,proj-selfdoc-r30-s0,L8.fc1,8,fc1,2048,797,0.38916015625,0.8129546642303467
final-final,proj-wikitext2-r30-s0,proj-selfdoc-r30-s0,L8.fc1,8,fc1,2048,797,0.38916015625,0.8079822659492493
init-init,proj-wikitext2-r30-s0,proj-selfdoc-r30-s0,L8.fc2,8,fc2,2048,797,0.38916015625,0.7772701978683472
final-final,proj-wikitext2-r30-s0,proj-selfdoc-r30-s0,L8.fc2,8,fc2,2048,797,0.38916015625,0.7725416421890259
init-init,proj-wikitext2-r30-s0,proj-selfdoc-r30-s0,L9.qkv,9,qkv,2048,1266,0.6181640625,0.8802452683448792
final-final,proj-wikitext2-r30-s0,proj-selfdoc-r30-s0,L9.qkv,9,qkv,2048,1266,0.6181640625,0.8761096596717834
init-init,proj-wikitext2-r30-s0,proj-selfdoc-r30-s0,L9.o,9,o,2048,1266,0.6181640625,0.8811498284339905
final-final,proj-wikitext2-r30-s0,proj-selfdoc-r30-s0,L9.o,9,o,2048,1266,0.6181640625,0.8772900104522705
init-init,proj-wikitext2-r30-s0,proj-selfdoc-r30-s0,L9.fc1,9,fc1,2048,797,0.38916015625,0.798697292804718
final-final,proj-wikitext2-r30-s0,proj-selfdoc-r30-s0,L9.fc1,9,fc1,2048,797,0.38916015625,0.7939671874046326
init-init,proj-wikitext2-r30-s0,proj-selfdoc-r30-s0,L9.fc2,9,fc2,2048,797,0.38916015625,0.800162672996521
final-final,proj-wikitext2-r30-s0,proj-selfdoc-r30-s0,L9.fc2,9,fc2,2048,797,0.38916015625,0.7949011921882629
init-init,proj-wikitext2-r30-s0,proj-selfdoc-r30-s0,L10.qkv,10,qkv,2048,1266,0.6181640625,0.8780407905578613
final-final,proj-wikitext2-r30-s0,proj-selfdoc-r30-s0,L10.qkv,10,qkv,2048,1266,0.6181640625,0.8742213249206543
init-init,proj-wikitext2-r30-s0,proj-selfdoc-r30-s0,L10.o,10,o,2048,1266,0.6181640625,0.8825090527534485
final-final,proj-wikitext2-r30-s0,proj-selfdoc-r30-s0,L10.o,10,o,2048,1266,0.6181640625,0.8782933950424194
init-init,proj-wikitext2-r30-s0,proj-selfdoc-r30-s0,L10.fc1,10,fc1,2048,797,0.38916015625,0.7890295386314392
final-final,proj-wikitext2-r30-s0,proj-selfdoc-r30-s0,L10.fc1,10,fc1,2048,797,0.38916015625,0.7842761874198914
init-init,proj-wikitext2-r30-s0,proj-selfdoc-r30-s0,L10.fc2,10,fc2,2048,797,0.38916015625,0.8045002222061157
final-final,proj-wikitext2-r30-s0,proj-selfdoc-r30-s0,L10.fc2,10,fc2,2048,797,0.38916015625,0.7989943027496338
init-init,proj-wikitext2-r30-s0,proj-selfdoc-r30-s0,L11.qkv,11,qkv,2048,1266,0.6181640625,0.8725388646125793
final-final,proj-wikitext2-r30-s0,proj-selfdoc-r30-s0,L11.qkv,11,qkv,2048,1266,0.6181640625,0.8685497641563416
init-init,proj-wikitext2-r30-s0,proj-selfdoc-r30-s0,L11.o,11,o,2048,1266,0.6181640625,0.8901838064193726
final-final,proj-wikitext2-r30-s0,proj-selfdoc-r30-s0,L11.o,11,o,2048,1266,0.6181640625,0.8861221075057983
init-init,proj-wikitext2-r30-s0,proj-selfdoc-r30-s0,L11.fc1,11,fc1,2048,797,0.38916015625,0.7845634818077087
final-final,proj-wikitext2-r30-s0,proj-selfdoc-r30-s0,L11.fc1,11,fc1,2048,797,0.38916015625,0.7798252701759338
init-init,proj-wikitext2-r30-s0,proj-selfdoc-r30-s0,L11.fc2,11,fc2,2048,797,0.38916015625,0.8199616074562073
final-final,proj-wikitext2-r30-s0,proj-selfdoc-r30-s0,L11.fc2,11,fc2,2048,797,0.38916015625,0.8141555190086365
init-init,proj-wikitext2-r30-s0,proj-selfdoc-r30-s0,L12.qkv,12,qkv,2048,1266,0.6181640625,0.8725653290748596
final-final,proj-wikitext2-r30-s0,proj-selfdoc-r30-s0,L12.qkv,12,qkv,2048,1266,0.6181640625,0.8686230182647705
init-init,proj-wikitext2-r30-s0,proj-selfdoc-r30-s0,L12.o,12,o,2048,1266,0.6181640625,0.8886709213256836
final-final,proj-wikitext2-r30-s0,proj-selfdoc-r30-s0,L12.o,12,o,2048,1266,0.6181640625,0.884583592414856
init-init,proj-wikitext2-r30-s0,proj-selfdoc-r30-s0,L12.fc1,12,fc1,2048,797,0.38916015625,0.7809163928031921
final-final,proj-wikitext2-r30-s0,proj-selfdoc-r30-s0,L12.fc1,12,fc1,2048,797,0.38916015625,0.7762677669525146
init-init,proj-wikitext2-r30-s0,proj-selfdoc-r30-s0,L12.fc2,12,fc2,2048,797,0.38916015625,0.8269943594932556
final-final,proj-wikitext2-r30-s0,proj-selfdoc-r30-s0,L12.fc2,12,fc2,2048,797,0.38916015625,0.8210030794143677
init-init,proj-wikitext2-r30-s0,proj-selfdoc-r30-s0,L13.qkv,13,qkv,2048,1266,0.6181640625,0.875088632106781
final-final,proj-wikitext2-r30-s0,proj-selfdoc-r30-s0,L13.qkv,13,qkv,2048,1266,0.6181640625,0.8711522817611694
init-init,proj-wikitext2-r30-s0,proj-selfdoc-r30-s0,L13.o,13,o,2048,1266,0.6181640625,0.9016551375389099
final-final,proj-wikitext2-r30-s0,proj-selfdoc-r30-s0,L13.o,13,o,2048,1266,0.6181640625,0.8970553874969482
init-init,proj-wikitext2-r30-s0,proj-selfdoc-r30-s0,L13.fc1,13,fc1,2048,797,0.38916015625,0.7787151336669922
final-final,proj-wikitext2-r30-s0,proj-selfdoc-r30-s0,L13.fc1,13,fc1,2048,797,0.38916015625,0.7742167115211487
init-init,proj-wikitext2-r30-s0,proj-selfdoc-r30-s0,L13.fc2,13,fc2,2048,797,0.38916015625,0.8301078081130981
final-final,proj-wikitext2-r30-s0,proj-selfdoc-r30-s0,L13.fc2,13,fc2,2048,797,0.38916015625,0.8240893483161926
init-init,proj-wikitext2-r30-s0,proj-selfdoc-r30-s0,L14.qkv,14,qkv,2048,1266,0.6181640625,0.8712729215621948
final-final,proj-wikitext2-r30-s0,proj-selfdoc-r30-s0,L14.qkv,14,qkv,2048,1266,0.6181640625,0.8676401376724243
init-init,proj-wikitext2-r30-s0,proj-selfdoc-r30-s0,L14.o,14,o,2048,1266,0.6181640625,0.8808676600456238
final-final,proj-wikitext2-r30-s0,proj-selfdoc-r30-s0,L14.o,14,o,2048,1266,0.6181640625,0.8767414093017578
init-init,proj-wikitext2-r30-s0,proj-selfdoc-r30-s0,L14.fc1,14,fc1,2048,797,0.38916015625,0.7750970125198364
final-final,proj-wikitext2-r30-s0,proj-selfdoc-r30-s0,L14.fc1,14,fc1,2048,797,0.38916015625,0.7708203196525574
init-init,proj-wikitext2-r30-s0,proj-selfdoc-r30-s0,L14.fc2,14,fc2,2048,797,0.38916015625,0.821379542350769
final-final,proj-wikitext2-r30-s0,proj-selfdoc-r30-s0,L14.fc2,14,fc2,2048,797,0.38916015625,0.8153973817825317
init-init,proj-wikitext2-r30-s0,proj-selfdoc-r30-s0,L15.qkv,15,qkv,2048,1266,0.6181640625,0.8737773895263672
final-final,proj-wikitext2-r30-s0,proj-selfdoc-r30-s0,L15.qkv,15,qkv,2048,1266,0.6181640625,0.8703954815864563
init-init,proj-wikitext2-r30-s0,proj-selfdoc-r30-s0,L15.o,15,o,2048,1266,0.6181640625,0.8677463531494141
final-final,proj-wikitext2-r30-s0,proj-selfdoc-r30-s0,L15.o,15,o,2048,1266,0.6181640625,0.8641248345375061
init-init,proj-wikitext2-r30-s0,proj-selfdoc-r30-s0,L15.fc1,15,fc1,2048,797,0.38916015625,0.7696539163589478
final-final,proj-wikitext2-r30-s0,proj-selfdoc-r30-s0,L15.fc1,15,fc1,2048,797,0.38916015625,0.7653212547302246
init-init,proj-wikitext2-r30-s0,proj-selfdoc-r30-s0,L15.fc2,15,fc2,2048,797,0.38916015625,0.8227308988571167
final-final,proj-wikitext2-r30-s0,proj-selfdoc-r30-s0,L15.fc2,15,fc2,2048,797,0.38916015625,0.816949188709259
init-init,proj-wikitext2-r30-s0,proj-selfdoc-r30-s0,L16.qkv,16,qkv,2048,1266,0.6181640625,0.8652028441429138
final-final,proj-wikitext2-r30-s0,proj-selfdoc-r30-s0,L16.qkv,16,qkv,2048,1266,0.6181640625,0.8623985052108765
init-init,proj-wikitext2-r30-s0,proj-selfdoc-r30-s0,L16.o,16,o,2048,1266,0.6181640625,0.8754409551620483
final-final,proj-wikitext2-r30-s0,proj-selfdoc-r30-s0,L16.o,16,o,2048,1266,0.6181640625,0.8721177577972412
init-init,proj-wikitext2-r30-s0,proj-selfdoc-r30-s0,L16.fc1,16,fc1,2048,797,0.38916015625,0.7710838317871094
final-final,proj-wikitext2-r30-s0,proj-selfdoc-r30-s0,L16.fc1,16,fc1,2048,797,0.38916015625,0.7665908336639404
init-init,proj-wikitext2-r30-s0,proj-selfdoc-r30-s0,L16.fc2,16,fc2,2048,797,0.38916015625,0.814509928226471
final-final,proj-wikitext2-r30-s0,proj-selfdoc-r30-s0,L16.fc2,16,fc2,2048,797,0.38916015625,0.808532178401947
init-init,proj-wikitext2-r30-s0,proj-selfdoc-r30-s0,L17.qkv,17,qkv,2048,1266,0.6181640625,0.8600025177001953
final-final,proj-wikitext2-r30-s0,proj-selfdoc-r30-s0,L17.qkv,17,qkv,2048,1266,0.6181640625,0.8569869995117188
init-init,proj-wikitext2-r30-s0,proj-selfdoc-r30-s0,L17.o,17,o,2048,1266,0.6181640625,0.8634291887283325
final-final,proj-wikitext2-r30-s0,proj-selfdoc-r30-s0,L17.o,17,o,2048,1266,0.6181640625,0.8600189089775085
init-init,proj-wikitext2-r30-s0,proj-selfdoc-r30-s0,L17.fc1,17,fc1,2048,797,0.38916015625,0.7715373635292053
final-final,proj-wikitext2-r30-s0,proj-selfdoc-r30-s0,L17.fc1,17,fc1,2048,797,0.38916015625,0.7671944499015808
init-init,proj-wikitext2-r30-s0,proj-selfdoc-r30-s0,L17.fc2,17,fc2,2048,797,0.38916015625,0.8091979026794434
final-final,proj-wikitext2-r30-s0,proj-selfdoc-r30-s0,L17.fc2,17,fc2,2048,797,0.38916015625,0.8035988211631775
init-init,proj-wikitext2-r30-s0,proj-selfdoc-r30-s0,L18.qkv,18,qkv,2048,1266,0.6181640625,0.8601714372634888
final-final,proj-wikitext2-r30-s0,proj-selfdoc-r30-s0,L18.qkv,18,qkv,2048,1266,0.6181640625,0.8579556941986084
init-init,proj-wikitext2-r30-s0,proj-selfdoc-r30-s0,L18.o,18,o,2048,1266,0.6181640625,0.8677138686180115
final-final,proj-wikitext2-r30-s0,proj-selfdoc-r30-s0,L18.o,18,o,2048,1266,0.6181640625,0.8644587397575378
init-init,proj-wikitext2-r30-s0,proj-selfdoc-r30-s0,L18.fc1,18,fc1,2048,797,0.38916015625,0.7739567756652832
final-final,proj-wikitext2-r30-s0,proj-selfdoc-r30-s0,L18.fc1,18,fc1,2048,797,0.38916015625,0.7694794535636902
init-init,proj-wikitext2-r30-s0,proj-selfdoc-r30-s0,L18.fc2,18,fc2,2048,797,0.38916015625,0.8081259727478027
final-final,proj-wikitext2-r30-s0,proj-selfdoc-r30-s0,L18.fc2,18,fc2,2048,797,0.38916015625,0.8022618889808655
init-init,proj-wikitext2-r30-s0,proj-selfdoc-r30-s0,L19.qkv,19,qkv,2048,1266,0.6181640625,0.8562073707580566
final-final,proj-wikitext2-r30-s0,proj-selfdoc-r30-s0,L19.qkv,19,qkv,2048,1266,0.6181640625,0.8542702198028564
init-init,proj-wikitext2-r30-s0,proj-selfdoc-r30-s0,L19.o,19,o,2048,1266,0.6181640625,0.8647178411483765
final-final,proj-wikitext2-r30-s0,proj-selfdoc-r30-s0,L19.o,19,o,2048,1266,0.6181640625,0.8616060018539429
init-init,proj-wikitext2-r30-s0,proj-selfdoc-r30-s0,L19.fc1,19,fc1,2048,797,0.38916015625,0.771967351436615
final-final,proj-wikitext2-r30-s0,proj-selfdoc-r30-s0,L19.fc1,19,fc1,2048,797,0.38916015625,0.7675778269767761
init-init,proj-wikitext2-r30-s0,proj-selfdoc-r30-s0,L19.fc2,19,fc2,2048,797,0.38916015625,0.8035380840301514
final-final,proj-wikitext2-r30-s0,proj-selfdoc-r30-s0,L19.fc2,19,fc2,2048,797,0.38916015625,0.7975475192070007
init-init,proj-wikitext2-r30-s0,proj-selfdoc-r30-s0,L20.qkv,20,qkv,2048,1266,0.6181640625,0.854732871055603
final-final,proj-wikitext2-r30-s0,proj-selfdoc-r30-s0,L20.qkv,20,qkv,2048,1266,0.6181640625,0.8529577255249023
init-init,proj-wikitext2-r30-s0,proj-selfdoc-r30-s0,L20.o,20,o,2048,1266,0.6181640625,0.8699826002120972
final-final,proj-wikitext2-r30-s0,proj-selfdoc-r30-s0,L20.o,20,o,2048,1266,0.6181640625,0.8663902878761292
init-init,proj-wikitext2-r30-s0,proj-selfdoc-r30-s0,L20.fc1,20,fc1,2048,797,0.38916015625,0.7675414085388184
final-final,proj-wikitext2-r30-s0,proj-selfdoc-r30-s0,L20.fc1,20,fc1,2048,797,0.38916015625,0.7631916999816895
init-init,proj-wikitext2-r30-s0,proj-selfdoc-r30-s0,L20.fc2,20,fc2,2048,797,0.38916015625,0.7952580451965332
final-final,proj-wikitext2-r30-s0,proj-selfdoc-r30-s0,L20.fc2,20,fc2,2048,797,0.38916015625,0.7891765832901001
init-init,proj-wikitext2-r30-s0,proj-selfdoc-r30-s0,L21.qkv,21,qkv,2048,1266,0.6181640625,0.8452357649803162
final-final,proj-wikitext2-r30-s0,proj-selfdoc-r30-s0,L21.qkv,21,qkv,2048,1266,0.6181640625,0.8435870409011841
init-init,proj-wikitext2-r30-s0,proj-selfdoc-r30-s0,L21.o,21,o,2048,1266,0.6181640625,0.8503032326698303
final-final,proj-wikitext2-r30-s0,proj-selfdoc-r30-s0,L21.o,21,o,2048,1266,0.6181640625,0.8473916053771973
init-init,proj-wikitext2-r30-s0,proj-selfdoc-r30-s0,L21.fc1,21,fc1,2048,797,0.38916015625,0.7614623308181763
final-final,proj-wikitext2-r30-s0,proj-selfdoc-r30-s0,L21.fc1,21,fc1,2048,797,0.38916015625,0.7579158544540405
init-init,proj-wikitext2-r30-s0,proj-selfdoc-r30-s0,L21.fc2,21,fc2,2048,797,0.38916015625,0.7992421388626099
final-final,proj-wikitext2-r30-s0,proj-selfdoc-r30-s0,L21.fc2,21,fc2,2048,797,0.38916015625,0.7935985326766968
init-init,proj-wikitext2-r30-s0,proj-selfdoc-r30-s0,L22.qkv,22,qkv,2048,1266,0.6181640625,0.8397499322891235
final-final,proj-wikitext2-r30-s0,proj-selfdoc-r30-s0,L22.qkv,22,qkv,2048,1266,0.6181640625,0.8381833434104919
init-init,proj-wikitext2-r30-s0,proj-selfdoc-r30-s0,L22.o,22,o,2048,1266,0.6181640625,0.8173876404762268
final-final,proj-wikitext2-r30-s0,proj-selfdoc-r30-s0,L22.o,22,o,2048,1266,0.6181640625,0.8151851892471313
init-init,proj-wikitext2-r30-s0,proj-selfdoc-r30-s0,L22.fc1,22,fc1,2048,797,0.38916015625,0.754833459854126
final-final,proj-wikitext2-r30-s0,proj-selfdoc-r30-s0,L22.fc1,22,fc1,2048,797,0.38916015625,0.7522884607315063
init-init,proj-wikitext2-r30-s0,proj-selfdoc-r30-s0,L22.fc2,22,fc2,2048,797,0.38916015625,0.8112422823905945
final-final,proj-wikitext2-r30-s0,proj-selfdoc-r30-s0,L22.fc2,22,fc2,2048,797,0.38916015625,0.8056166768074036
init-init,proj-wikitext2-r30-s0,proj-selfdoc-r30-s0,L23.qkv,23,qkv,2048,1266,0.6181640625,0.8438279032707214
final-final,proj-wikitext2-r30-s0,proj-selfdoc-r30-s0,L23.qkv,23,qkv,2048,1266,0.6181640625,0.8430642485618591
init-init,proj-wikitext2-r30-s0,proj-selfdoc-r30-s0,L23.o,23,o,2048,1266,0.6181640625,0.821243941783905
final-final,proj-wikitext2-r30-s0,proj-selfdoc-r30-s0,L23.o,23,o,2048,1266,0.6181640625,0.8174065351486206
init-init,proj-wikitext2-r30-s0,proj-selfdoc-r30-s0,L23.fc1,23,fc1,2048,797,0.38916015625,0.7423754930496216
final-final,proj-wikitext2-r30-s0,proj-selfdoc-r30-s0,L23.fc1,23,fc1,2048,797,0.38916015625,0.7398857474327087
init-init,proj-wikitext2-r30-s0,proj-selfdoc-r30-s0,L23.fc2,23,fc2,2048,797,0.38916015625,0.8269683122634888
final-final,proj-wikitext2-r30-s0,proj-selfdoc-r30-s0,L23.fc2,23,fc2,2048,797,0.38916015625,0.8192647695541382
init-init,proj-c4-r30-s0,proj-slimpajama-r30-s0,L0.qkv,0,qkv,2048,1266,0.6181640625,0.9344056248664856
final-final,proj-c4-r30-s0,proj-slimpajama-r30-s0,L0.qkv,0,qkv,2048,1266,0.6181640625,0.9295212030410767
init-init,proj-c4-r30-s0,proj-slimpajama-r30-s0,L0.o,0,o,2048,1266,0.6181640625,0.9153347015380859
final-final,proj-c4-r30-s0,proj-slimpajama-r30-s0,L0.o,0,o,2048,1266,0.6181640625,0.9109326601028442
init-init,proj-c4-r30-s0,proj-slimpajama-r30-s0,L0.fc1,0,fc1,2048,797,0.38916015625,0.8916059136390686
final-final,proj-c4-r30-s0,proj-slimpajama-r30-s0,L0.fc1,0,fc1,2048,797,0.38916015625,0.8866598010063171
init-init,proj-c4-r30-s0,proj-slimpajama-r30-s0,L0.fc2,0,fc2,2048,797,0.38916015625,0.9070435166358948
final-final,proj-c4-r30-s0,proj-slimpajama-r30-s0,L0.fc2,0,fc2,2048,797,0.38916015625,0.9014108180999756
init-init,proj-c4-r30-s0,proj-slimpajama-r30-s0,L1.qkv,1,qkv,2048,1266,0.6181640625,0.9569336771965027
final-final,proj-c4-r30-s0,proj-slimpajama-r30-s0,L1.qkv,1,qkv,2048,1266,0.6181640625,0.9524462819099426
init-init,proj-c4-r30-s0,proj-slimpajama-r30-s0,L1.o,1,o,2048,1266,0.6181640625,0.9205495119094849
final-final,proj-c4-r30-s0,proj-slimpajama-r30-s0,L1.o,1,o,2048,1266,0.6181640625,0.9164786338806152
init-init,proj-c4-r30-s0,proj-slimpajama-r30-s0,L1.fc1,1,fc1,2048,797,0.38916015625,0.9342291951179504
final-final,proj-c4-r30-s0,proj-slimpajama-r30-s0,L1.fc1,1,fc1,2048,797,0.38916015625,0.9305621981620789
init-init,proj-c4-r30-s0,proj-slimpajama-r30-s0,L1.fc2,1,fc2,2048,797,0.38916015625,0.8962775468826294
final-final,proj-c4-r30-s0,proj-slimpajama-r30-s0,L1.fc2,1,fc2,2048,797,0.38916015625,0.8906749486923218
init-init,proj-c4-r30-s0,proj-slimpajama-r30-s0,L2.qkv,2,qkv,2048,1266,0.6181640625,0.9558329582214355
final-final,proj-c4-r30-s0,proj-slimpajama-r30-s0,L2.qkv,2,qkv,2048,1266,0.6181640625,0.9511343836784363
init-init,proj-c4-r30-s0,proj-slimpajama-r30-s0,L2.o,2,o,2048,1266,0.6181640625,0.9470133781433105
final-final,proj-c4-r30-s0,proj-slimpajama-r30-s0,L2.o,2,o,2048,1266,0.6181640625,0.9433509111404419
init-init,proj-c4-r30-s0,proj-slimpajama-r30-s0,L2.fc1,2,fc1,2048,797,0.38916015625,0.9275354146957397
final-final,proj-c4-r30-s0,proj-slimpajama-r30-s0,L2.fc1,2,fc1,2048,797,0.38916015625,0.9236639142036438
init-init,proj-c4-r30-s0,proj-slimpajama-r30-s0,L2.fc2,2,fc2,2048,797,0.38916015625,0.8976619243621826
final-final,proj-c4-r30-s0,proj-slimpajama-r30-s0,L2.fc2,2,fc2,2048,797,0.38916015625,0.8915388584136963
init-init,proj-c4-r30-s0,proj-slimpajama-r30-s0,L3.qkv,3,qkv,2048,1266,0.6181640625,0.953413724899292
final-final,proj-c4-r30-s0,proj-slimpajama-r30-s0,L3.qkv,3,qkv,2048,1266,0.6181640625,0.948262631893158
init-init,proj-c4-r30-s0,proj-slimpajama-r30-s0,L3.o,3,o,2048,1266,0.6181640625,0.945637047290802
final-final,proj-c4-r30-s0,proj-slimpajama-r30-s0,L3.o,3,o,2048,1266,0.6181640625,0.9413960576057434
init-init,proj-c4-r30-s0,proj-slimpajama-r30-s0,L3.fc1,3,fc1,2048,797,0.38916015625,0.9231424331665039
final-final,proj-c4-r30-s0,proj-slimpajama-r30-s0,L3.fc1,3,fc1,2048,797,0.38916015625,0.9186016321182251
init-init,proj-c4-r30-s0,proj-slimpajama-r30-s0,L3.fc2,3,fc2,2048,797,0.38916015625,0.8918600678443909
final-final,proj-c4-r30-s0,proj-slimpajama-r30-s0,L3.fc2,3,fc2,2048,797,0.38916015625,0.8857415914535522
init-init,proj-c4-r30-s0,proj-slimpajama-r30-s0,L4.qkv,4,qkv,2048,1266,0.6181640625,0.9509756565093994
final-final,proj-c4-r30-s0,proj-slimpajama-r30-s0,L4.qkv,4,qkv,2048,1266,0.6181640625,0.9458187222480774
init-init,proj-c4-r30-s0,proj-slimpajama-r30-s0,L4.o,4,o,2048,1266,0.6181640625,0.9566625356674194
final-final,proj-c4-r30-s0,proj-slimpajama-r30-s0,L4.o,4,o,2048,1266,0.6181640625,0.9524782299995422
init-init,proj-c4-r30-s0,proj-slimpajama-r30-s0,L4.fc1,4,fc1,2048,797,0.38916015625,0.9205852746963501
final-final,proj-c4-r30-s0,proj-slimpajama-r30-s0,L4.fc1,4,fc1,2048,797,0.38916015625,0.9153565764427185
init-init,proj-c4-r30-s0,proj-slimpajama-r30-s0,L4.fc2,4,fc2,2048,797,0.38916015625,0.8715144991874695
final-final,proj-c4-r30-s0,proj-slimpajama-r30-s0,L4.fc2,4,fc2,2048,797,0.38916015625,0.8659186959266663
init-init,proj-c4-r30-s0,proj-slimpajama-r30-s0,L5.qkv,5,qkv,2048,1266,0.6181640625,0.9457739591598511
final-final,proj-c4-r30-s0,proj-slimpajama-r30-s0,L5.qkv,5,qkv,2048,1266,0.6181640625,0.9405765533447266
init-init,proj-c4-r30-s0,proj-slimpajama-r30-s0,L5.o,5,o,2048,1266,0.6181640625,0.9401610493659973
final-final,proj-c4-r30-s0,proj-slimpajama-r30-s0,L5.o,5,o,2048,1266,0.6181640625,0.9357032775878906
init-init,proj-c4-r30-s0,proj-slimpajama-r30-s0,L5.fc1,5,fc1,2048,797,0.38916015625,0.9134537577629089
final-final,proj-c4-r30-s0,proj-slimpajama-r30-s0,L5.fc1,5,fc1,2048,797,0.38916015625,0.9076842069625854
init-init,proj-c4-r30-s0,proj-slimpajama-r30-s0,L5.fc2,5,fc2,2048,797,0.38916015625,0.8625332117080688
final-final,proj-c4-r30-s0,proj-slimpajama-r30-s0,L5.fc2,5,fc2,2048,797,0.38916015625,0.8565260171890259
init-init,proj-c4-r30-s0,proj-slimpajama-r30-s0,L6.qkv,6,qkv,2048,1266,0.6181640625,0.9424614906311035
final-final,proj-c4-r30-s0,proj-slimpajama-r30-s0,L6.qkv,6,qkv,2048,1266,0.6181640625,0.9367520809173584
init-init,proj-c4-r30-s0,proj-slimpajama-r30-s0,L6.o,6,o,2048,1266,0.6181640625,0.9405760765075684
final-final,proj-c4-r30-s0,proj-slimpajama-r30-s0,L6.o,6,o,2048,1266,0.6181640625,0.9353775978088379
init-init,proj-c4-r30-s0,proj-slimpajama-r30-s0,L6.fc1,6,fc1,2048,797,0.38916015625,0.9070419669151306
final-final,proj-c4-r30-s0,proj-slimpajama-r30-s0,L6.fc1,6,fc1,2048,797,0.38916015625,0.9006646275520325
init-init,proj-c4-r30-s0,proj-slimpajama-r30-s0,L6.fc2,6,fc2,2048,797,0.38916015625,0.842968225479126
final-final,proj-c4-r30-s0,proj-slimpajama-r30-s0,L6.fc2,6,fc2,2048,797,0.38916015625,0.8376495242118835
init-init,proj-c4-r30-s0,proj-slimpajama-r30-s0,L7.qkv,7,qkv,2048,1266,0.6181640625,0.9368056058883667
final-final,proj-c4-r30-s0,proj-slimpajama-r30-s0,L7.qkv,7,qkv,2048,1266,0.6181640625,0.9310460686683655
init-init,proj-c4-r30-s0,proj-slimpajama-r30-s0,L7.o,7,o,2048,1266,0.6181640625,0.929931640625
final-final,proj-c4-r30-s0,proj-slimpajama-r30-s0,L7.o,7,o,2048,1266,0.6181640625,0.9245441555976868
init-init,proj-c4-r30-s0,proj-slimpajama-r30-s0,L7.fc1,7,fc1,2048,797,0.38916015625,0.8976940512657166
final-final,proj-c4-r30-s0,proj-slimpajama-r30-s0,L7.fc1,7,fc1,2048,797,0.38916015625,0.8911031484603882
init-init,proj-c4-r30-s0,proj-slimpajama-r30-s0,L7.fc2,7,fc2,2048,797,0.38916015625,0.8386729955673218
final-final,proj-c4-r30-s0,proj-slimpajama-r30-s0,L7.fc2,7,fc2,2048,797,0.38916015625,0.8331165313720703
init-init,proj-c4-r30-s0,proj-slimpajama-r30-s0,L8.qkv,8,qkv,2048,1266,0.6181640625,0.9315546154975891
final-final,proj-c4-r30-s0,proj-slimpajama-r30-s0,L8.qkv,8,qkv,2048,1266,0.6181640625,0.9258134961128235
init-init,proj-c4-r30-s0,proj-slimpajama-r30-s0,L8.o,8,o,2048,1266,0.6181640625,0.9296459555625916
final-final,proj-c4-r30-s0,proj-slimpajama-r30-s0,L8.o,8,o,2048,1266,0.6181640625,0.9241942763328552
init-init,proj-c4-r30-s0,proj-slimpajama-r30-s0,L8.fc1,8,fc1,2048,797,0.38916015625,0.8878848552703857
final-final,proj-c4-r30-s0,proj-slimpajama-r30-s0,L8.fc1,8,fc1,2048,797,0.38916015625,0.8812898397445679
init-init,proj-c4-r30-s0,proj-slimpajama-r30-s0,L8.fc2,8,fc2,2048,797,0.38916015625,0.8586832880973816
final-final,proj-c4-r30-s0,proj-slimpajama-r30-s0,L8.fc2,8,fc2,2048,797,0.38916015625,0.8523647785186768
init-init,proj-c4-r30-s0,proj-slimpajama-r30-s0,L9.qkv,9,qkv,2048,1266,0.6181640625,0.9269179105758667
final-final,proj-c4-r30-s0,proj-slimpajama-r30-s0,L9.qkv,9,qkv,2048,1266,0.6181640625,0.9211246371269226
init-init,proj-c4-r30-s0,proj-slimpajama-r30-s0,L9.o,9,o,2048,1266,0.6181640625,0.9320164918899536
final-final,proj-c4-r30-s0,proj-slimpajama-r30-s0,L9.o,9,o,2048,1266,0.6181640625,0.9263365268707275
init-init,proj-c4-r30-s0,proj-slimpajama-r30-s0,L9.fc1,9,fc1,2048,797,0.38916015625,0.8803794980049133
final-final,proj-c4-r30-s0,proj-slimpajama-r30-s0,L9.fc1,9,fc1,2048,797,0.38916015625,0.873630166053772
init-init,proj-c4-r30-s0,proj-slimpajama-r30-s0,L9.fc2,9,fc2,2048,797,0.38916015625,0.8793830275535583
final-final,proj-c4-r30-s0,proj-slimpajama-r30-s0,L9.fc2,9,fc2,2048,797,0.38916015625,0.8724391460418701
init-init,proj-c4-r30-s0,proj-slimpajama-r30-s0,L10.qkv,10,qkv,2048,1266,0.6181640625,0.9268208742141724
final-final,proj-c4-r30-s0,proj-slimpajama-r30-s0,L10.qkv,10,qkv,2048,1266,0.6181640625,0.9210926294326782
init-init,proj-c4-r30-s0,proj-slimpajama-r30-s0,L10.o,10,o,2048,1266,0.6181640625,0.9344286918640137
final-final,proj-c4-r30-s0,proj-slimpajama-r30-s0,L10.o,10,o,2048,1266,0.6181640625,0.9284258484840393
init-init,proj-c4-r30-s0,proj-slimpajama-r30-s0,L10.fc1,10,fc1,2048,797,0.38916015625,0.876239538192749
final-final,proj-c4-r30-s0,proj-slimpajama-r30-s0,L10.fc1,10,fc1,2048,797,0.38916015625,0.869464635848999
init-init,proj-c4-r30-s0,proj-slimpajama-r30-s0,L10.fc2,10,fc2,2048,797,0.38916015625,0.8927352428436279
final-final,proj-c4-r30-s0,proj-slimpajama-r30-s0,L10.fc2,10,fc2,2048,797,0.38916015625,0.8853781223297119
init-init,proj-c4-r30-s0,proj-slimpajama-r30-s0,L11.qkv,11,qkv,2048,1266,0.6181640625,0.9261995553970337
final-final,proj-c4-r30-s0,proj-slimpajama-r30-s0,L11.qkv,11,qkv,2048,1266,0.6181640625,0.9205047488212585
init-init,proj-c4-r30-s0,proj-slimpajama-r30-s0,L11.o,11,o,2048,1266,0.6181640625,0.935891330242157
final-final,proj-c4-r30-s0,proj-slimpajama-r30-s0,L11.o,11,o,2048,1266,0.6181640625,0.9302598834037781
init-init,proj-c4-r30-s0,proj-slimpajama-r30-s0,L11.fc1,11,fc1,2048,797,0.38916015625,0.8777042031288147
final-final,proj-c4-r30-s0,proj-slimpajama-r30-s0,L11.fc1,11,fc1,2048,797,0.38916015625,0.8708059191703796
init-init,proj-c4-r30-s0,proj-slimpajama-r30-s0,L11.fc2,11,fc2,2048,797,0.38916015625,0.8994835019111633
final-final,proj-c4-r30-s0,proj-slimpajama-r30-s0,L11.fc2,11,fc2,2048,797,0.38916015625,0.8919508457183838
init-init,proj-c4-r30-s0,proj-slimpajama-r30-s0,L12.qkv,12,qkv,2048,1266,0.6181640625,0.928657054901123
final-final,proj-c4-r30-s0,proj-slimpajama-r30-s0,L12.qkv,12,qkv,2048,1266,0.6181640625,0.923197329044342
init-init,proj-c4-r30-s0,proj-slimpajama-r30-s0,L12.o,12,o,2048,1266,0.6181640625,0.9396055936813354
final-final,proj-c4-r30-s0,proj-slimpajama-r30-s0,L12.o,12,o,2048,1266,0.6181640625,0.9340469241142273
init-init,proj-c4-r30-s0,proj-slimpajama-r30-s0,L12.fc1,12,fc1,2048,797,0.38916015625,0.8792185187339783
final-final,proj-c4-r30-s0,proj-slimpajama-r30-s0,L12.fc1,12,fc1,2048,797,0.38916015625,0.8724464774131775
init-init,proj-c4-r30-s0,proj-slimpajama-r30-s0,L12.fc2,12,fc2,2048,797,0.38916015625,0.9072372913360596
final-final,proj-c4-r30-s0,proj-slimpajama-r30-s0,L12.fc2,12,fc2,2048,797,0.38916015625,0.8995280265808105
init-init,proj-c4-r30-s0,proj-slimpajama-r30-s0,L13.qkv,13,qkv,2048,1266,0.6181640625,0.9324876070022583
final-final,proj-c4-r30-s0,proj-slimpajama-r30-s0,L13.qkv,13,qkv,2048,1266,0.6181640625,0.9266409873962402
init-init,proj-c4-r30-s0,proj-slimpajama-r30-s0,L13.o,13,o,2048,1266,0.6181640625,0.9440544247627258
final-final,proj-c4-r30-s0,proj-slimpajama-r30-s0,L13.o,13,o,2048,1266,0.6181640625,0.937891960144043
init-init,proj-c4-r30-s0,proj-slimpajama-r30-s0,L13.fc1,13,fc1,2048,797,0.38916015625,0.8824678063392639
final-final,proj-c4-r30-s0,proj-slimpajama-r30-s0,L13.fc1,13,fc1,2048,797,0.38916015625,0.8758543133735657
init-init,proj-c4-r30-s0,proj-slimpajama-r30-s0,L13.fc2,13,fc2,2048,797,0.38916015625,0.9147892594337463
final-final,proj-c4-r30-s0,proj-slimpajama-r30-s0,L13.fc2,13,fc2,2048,797,0.38916015625,0.9068451523780823
init-init,proj-c4-r30-s0,proj-slimpajama-r30-s0,L14.qkv,14,qkv,2048,1266,0.6181640625,0.9316995739936829
final-final,proj-c4-r30-s0,proj-slimpajama-r30-s0,L14.qkv,14,qkv,2048,1266,0.6181640625,0.9263349175453186
init-init,proj-c4-r30-s0,proj-slimpajama-r30-s0,L14.o,14,o,2048,1266,0.6181640625,0.9354283809661865
final-final,proj-c4-r30-s0,proj-slimpajama-r30-s0,L14.o,14,o,2048,1266,0.6181640625,0.9296684265136719
init-init,proj-c4-r30-s0,proj-slimpajama-r30-s0,L14.fc1,14,fc1,2048,797,0.38916015625,0.8837680816650391
final-final,proj-c4-r30-s0,proj-slimpajama-r30-s0,L14.fc1,14,fc1,2048,797,0.38916015625,0.8775428533554077
init-init,proj-c4-r30-s0,proj-slimpajama-r30-s0,L14.fc2,14,fc2,2048,797,0.38916015625,0.9146725535392761
final-final,proj-c4-r30-s0,proj-slimpajama-r30-s0,L14.fc2,14,fc2,2048,797,0.38916015625,0.9069432020187378
init-init,proj-c4-r30-s0,proj-slimpajama-r30-s0,L15.qkv,15,qkv,2048,1266,0.6181640625,0.9355272054672241
final-final,proj-c4-r30-s0,proj-slimpajama-r30-s0,L15.qkv,15,qkv,2048,1266,0.6181640625,0.9303073287010193
init-init,proj-c4-r30-s0,proj-slimpajama-r30-s0,L15.o,15,o,2048,1266,0.6181640625,0.9261343479156494
final-final,proj-c4-r30-s0,proj-slimpajama-r30-s0,L15.o,15,o,2048,1266,0.6181640625,0.920623242855072
init-init,proj-c4-r30-s0,proj-slimpajama-r30-s0,L15.fc1,15,fc1,2048,797,0.38916015625,0.8816882967948914
final-final,proj-c4-r30-s0,proj-slimpajama-r30-s0,L15.fc1,15,fc1,2048,797,0.38916015625,0.8750759363174438
init-init,proj-c4-r30-s0,proj-slimpajama-r30-s0,L15.fc2,15,fc2,2048,797,0.38916015625,0.9132906794548035
final-final,proj-c4-r30-s0,proj-slimpajama-r30-s0,L15.fc2,15,fc2,2048,797,0.38916015625,0.9055893421173096
init-init,proj-c4-r30-s0,proj-slimpajama-r30-s0,L16.qkv,16,qkv,2048,1266,0.6181640625,0.9308663606643677
final-final,proj-c4-r30-s0,proj-slimpajama-r30-s0,L16.qkv,16,qkv,2048,1266,0.6181640625,0.9260573983192444
init-init,proj-c4-r30-s0,proj-slimpajama-r30-s0,L16.o,16,o,2048,1266,0.6181640625,0.9271155595779419
final-final,proj-c4-r30-s0,proj-slimpajama-r30-s0,L16.o,16,o,2048,1266,0.6181640625,0.9222303032875061
init-init,proj-c4-r30-s0,proj-slimpajama-r30-s0,L16.fc1,16,fc1,2048,797,0.38916015625,0.882842481136322
final-final,proj-c4-r30-s0,proj-slimpajama-r30-s0,L16.fc1,16,fc1,2048,797,0.38916015625,0.8761793375015259
init-init,proj-c4-r30-s0,proj-slimpajama-r30-s0,L16.fc2,16,fc2,2048,797,0.38916015625,0.912260890007019
final-final,proj-c4-r30-s0,proj-slimpajama-r30-s0,L16.fc2,16,fc2,2048,797,0.38916015625,0.9045366644859314
init-init,proj-c4-r30-s0,proj-slimpajama-r30-s0,L17.qkv,17,qkv,2048,1266,0.6181640625,0.9272210597991943
final-final,proj-c4-r30-s0,proj-slimpajama-r30-s0,L17.qkv,17,qkv,2048,1266,0.6181640625,0.9223769903182983
init-init,proj-c4-r30-s0,proj-slimpajama-r30-s0,L17.o,17,o,2048,1266,0.6181640625,0.9244340658187866
final-final,proj-c4-r30-s0,proj-slimpajama-r30-s0,L17.o,17,o,2048,1266,0.6181640625,0.9196004271507263
init-init,proj-c4-r30-s0,proj-slimpajama-r30-s0,L17.fc1,17,fc1,2048,797,0.38916015625,0.8823212385177612
final-final,proj-c4-r30-s0,proj-slimpajama-r30-s0,L17.fc1,17,fc1,2048,797,0.38916015625,0.8755800724029541
init-init,proj-c4-r30-s0,proj-slimpajama-r30-s0,L17.fc2,17,fc2,2048,797,0.38916015625,0.9117602109909058
final-final,proj-c4-r30-s0,proj-slimpajama-r30-s0,L17.fc2,17,fc2,2048,797,0.38916015625,0.9043017029762268
init-init,proj-c4-r30-s0,proj-slimpajama-r30-s0,L18.qkv,18,qkv,2048,1266,0.6181640625,0.9270114302635193
final-final,proj-c4-r30-s0,proj-slimpajama-r30-s0,L18.qkv,18,qkv,2048,1266,0.6181640625,0.9227294325828552
init-init,proj-c4-r30-s0,proj-slimpajama-r30-s0,L18.o,18,o,2048,1266,0.6181640625,0.9251660704612732
final-final,proj-c4-r30-s0,proj-slimpajama-r30-s0,L18.o,18,o,2048,1266,0.6181640625,0.9205636978149414
init-init,proj-c4-r30-s0,proj-slimpajama-r30-s0,L18.fc1,18,fc1,2048,797,0.38916015625,0.8801105618476868
final-final,proj-c4-r30-s0,proj-slimpajama-r30-s0,L18.fc1,18,fc1,2048,797,0.38916015625,0.8731039762496948
init-init,proj-c4-r30-s0,proj-slimpajama-r30-s0,L18.fc2,18,fc2,2048,797,0.38916015625,0.9095564484596252
final-final,proj-c4-r30-s0,proj-slimpajama-r30-s0,L18.fc2,18,fc2,2048,797,0.38916015625,0.902009129524231
init-init,proj-c4-r30-s0,proj-slimpajama-r30-s0,L19.qkv,19,qkv,2048,1266,0.6181640625,0.9230455756187439
final-final,proj-c4-r30-s0,proj-slimpajama-r30-s0,L19.qkv,19,qkv,2048,1266,0.6181640625,0.9191253185272217
init-init,proj-c4-r30-s0,proj-slimpajama-r30-s0,L19.o,19,o,2048,1266,0.6181640625,0.9120833277702332
final-final,proj-c4-r30-s0,proj-slimpajama-r30-s0,L19.o,19,o,2048,1266,0.6181640625,0.9081598520278931
init-init,proj-c4-r30-s0,proj-slimpajama-r30-s0,L19.fc1,19,fc1,2048,797,0.38916015625,0.8767839670181274
final-final,proj-c4-r30-s0,proj-slimpajama-r30-s0,L19.fc1,19,fc1,2048,797,0.38916015625,0.8700785636901855
init-init,proj-c4-r30-s0,proj-slimpajama-r30-s0,L19.fc2,19,fc2,2048,797,0.38916015625,0.9054487943649292
final-final,proj-c4-r30-s0,proj-slimpajama-r30-s0,L19.fc2,19,fc2,2048,797,0.38916015625,0.8978400230407715
init-init,proj-c4-r30-s0,proj-slimpajama-r30-s0,L20.qkv,20,qkv,2048,1266,0.6181640625,0.9186652898788452
final-final,proj-c4-r30-s0,proj-slimpajama-r30-s0,L20.qkv,20,qkv,2048,1266,0.6181640625,0.914962887763977
init-init,proj-c4-r30-s0,proj-slimpajama-r30-s0,L20.o,20,o,2048,1266,0.6181640625,0.9089812636375427
final-final,proj-c4-r30-s0,proj-slimpajama-r30-s0,L20.o,20,o,2048,1266,0.6181640625,0.9048647880554199
init-init,proj-c4-r30-s0,proj-slimpajama-r30-s0,L20.fc1,20,fc1,2048,797,0.38916015625,0.870048463344574
final-final,proj-c4-r30-s0,proj-slimpajama-r30-s0,L20.fc1,20,fc1,2048,797,0.38916015625,0.8636689186096191
init-init,proj-c4-r30-s0,proj-slimpajama-r30-s0,L20.fc2,20,fc2,2048,797,0.38916015625,0.8952344059944153
final-final,proj-c4-r30-s0,proj-slimpajama-r30-s0,L20.fc2,20,fc2,2048,797,0.38916015625,0.8874564170837402
init-init,proj-c4-r30-s0,proj-slimpajama-r30-s0,L21.qkv,21,qkv,2048,1266,0.6181640625,0.9110668897628784
final-final,proj-c4-r30-s0,proj-slimpajama-r30-s0,L21.qkv,21,qkv,2048,1266,0.6181640625,0.9077025055885315
init-init,proj-c4-r30-s0,proj-slimpajama-r30-s0,L21.o,21,o,2048,1266,0.6181640625,0.8893533945083618
final-final,proj-c4-r30-s0,proj-slimpajama-r30-s0,L21.o,21,o,2048,1266,0.6181640625,0.8860225081443787
init-init,proj-c4-r30-s0,proj-slimpajama-r30-s0,L21.fc1,21,fc1,2048,797,0.38916015625,0.8629026412963867
final-final,proj-c4-r30-s0,proj-slimpajama-r30-s0,L21.fc1,21,fc1,2048,797,0.38916015625,0.8571990132331848
init-init,proj-c4-r30-s0,proj-slimpajama-r30-s0,L21.fc2,21,fc2,2048,797,0.38916015625,0.8926223516464233
final-final,proj-c4-r30-s0,proj-slimpajama-r30-s0,L21.fc2,21,fc2,2048,797,0.38916015625,0.885188102722168
init-init,proj-c4-r30-s0,proj-slimpajama-r30-s0,L22.qkv,22,qkv,2048,1266,0.6181640625,0.906711995601654
final-final,proj-c4-r30-s0,proj-slimpajama-r30-s0,L22.qkv,22,qkv,2048,1266,0.6181640625,0.9035826921463013
init-init,proj-c4-r30-s0,proj-slimpajama-r30-s0,L22.o,22,o,2048,1266,0.6181640625,0.8669803738594055
final-final,proj-c4-r30-s0,proj-slimpajama-r30-s0,L22.o,22,o,2048,1266,0.6181640625,0.863806962966919
init-init,proj-c4-r30-s0,proj-slimpajama-r30-s0,L22.fc1,22,fc1,2048,797,0.38916015625,0.8563820719718933
final-final,proj-c4-r30-s0,proj-slimpajama-r30-s0,L22.fc1,22,fc1,2048,797,0.38916015625,0.8522891402244568
init-init,proj-c4-r30-s0,proj-slimpajama-r30-s0,L22.fc2,22,fc2,2048,797,0.38916015625,0.8926283717155457
final-final,proj-c4-r30-s0,proj-slimpajama-r30-s0,L22.fc2,22,fc2,2048,797,0.38916015625,0.8865036964416504
init-init,proj-c4-r30-s0,proj-slimpajama-r30-s0,L23.qkv,23,qkv,2048,1266,0.6181640625,0.9075596332550049
final-final,proj-c4-r30-s0,proj-slimpajama-r30-s0,L23.qkv,23,qkv,2048,1266,0.6181640625,0.9067067503929138
init-init,proj-c4-r30-s0,proj-slimpajama-r30-s0,L23.o,23,o,2048,1266,0.6181640625,0.8682739734649658
final-final,proj-c4-r30-s0,proj-slimpajama-r30-s0,L23.o,23,o,2048,1266,0.6181640625,0.8636465072631836
init-init,proj-c4-r30-s0,proj-slimpajama-r30-s0,L23.fc1,23,fc1,2048,797,0.38916015625,0.8499242663383484
final-final,proj-c4-r30-s0,proj-slimpajama-r30-s0,L23.fc1,23,fc1,2048,797,0.38916015625,0.8465890288352966
init-init,proj-c4-r30-s0,proj-slimpajama-r30-s0,L23.fc2,23,fc2,2048,797,0.38916015625,0.8915212750434875
final-final,proj-c4-r30-s0,proj-slimpajama-r30-s0,L23.fc2,23,fc2,2048,797,0.38916015625,0.8844806551933289
init-init,proj-c4-r30-s0,proj-alpaca-r30-s0,L0.qkv,0,qkv,2048,1266,0.6181640625,0.9015023708343506
final-final,proj-c4-r30-s0,proj-alpaca-r30-s0,L0.qkv,0,qkv,2048,1266,0.6181640625,0.8973751068115234
init-init,proj-c4-r30-s0,proj-alpaca-r30-s0,L0.o,0,o,2048,1266,0.6181640625,0.9181519746780396
final-final,proj-c4-r30-s0,proj-alpaca-r30-s0,L0.o,0,o,2048,1266,0.6181640625,0.9141912460327148
init-init,proj-c4-r30-s0,proj-alpaca-r30-s0,L0.fc1,0,fc1,2048,797,0.38916015625,0.8428360819816589
final-final,proj-c4-r30-s0,proj-alpaca-r30-s0,L0.fc1,0,fc1,2048,797,0.38916015625,0.8384159803390503
init-init,proj-c4-r30-s0,proj-alpaca-r30-s0,L0.fc2,0,fc2,2048,797,0.38916015625,0.8759489059448242
final-final,proj-c4-r30-s0,proj-alpaca-r30-s0,L0.fc2,0,fc2,2048,797,0.38916015625,0.8709070086479187
init-init,proj-c4-r30-s0,proj-alpaca-r30-s0,L1.qkv,1,qkv,2048,1266,0.6181640625,0.9371835589408875
final-final,proj-c4-r30-s0,proj-alpaca-r30-s0,L1.qkv,1,qkv,2048,1266,0.6181640625,0.9330929517745972
init-init,proj-c4-r30-s0,proj-alpaca-r30-s0,L1.o,1,o,2048,1266,0.6181640625,0.9144362211227417
final-final,proj-c4-r30-s0,proj-alpaca-r30-s0,L1.o,1,o,2048,1266,0.6181640625,0.9107722043991089
init-init,proj-c4-r30-s0,proj-alpaca-r30-s0,L1.fc1,1,fc1,2048,797,0.38916015625,0.9058719873428345
final-final,proj-c4-r30-s0,proj-alpaca-r30-s0,L1.fc1,1,fc1,2048,797,0.38916015625,0.9019657373428345
init-init,proj-c4-r30-s0,proj-alpaca-r30-s0,L1.fc2,1,fc2,2048,797,0.38916015625,0.85457843542099
final-final,proj-c4-r30-s0,proj-alpaca-r30-s0,L1.fc2,1,fc2,2048,797,0.38916015625,0.8496655821800232
init-init,proj-c4-r30-s0,proj-alpaca-r30-s0,L2.qkv,2,qkv,2048,1266,0.6181640625,0.93349289894104
final-final,proj-c4-r30-s0,proj-alpaca-r30-s0,L2.qkv,2,qkv,2048,1266,0.6181640625,0.9290692806243896
init-init,proj-c4-r30-s0,proj-alpaca-r30-s0,L2.o,2,o,2048,1266,0.6181640625,0.9375853538513184
final-final,proj-c4-r30-s0,proj-alpaca-r30-s0,L2.o,2,o,2048,1266,0.6181640625,0.9343467354774475
init-init,proj-c4-r30-s0,proj-alpaca-r30-s0,L2.fc1,2,fc1,2048,797,0.38916015625,0.895099937915802
final-final,proj-c4-r30-s0,proj-alpaca-r30-s0,L2.fc1,2,fc1,2048,797,0.38916015625,0.8914689421653748
init-init,proj-c4-r30-s0,proj-alpaca-r30-s0,L2.fc2,2,fc2,2048,797,0.38916015625,0.8510711193084717
final-final,proj-c4-r30-s0,proj-alpaca-r30-s0,L2.fc2,2,fc2,2048,797,0.38916015625,0.8459829688072205
init-init,proj-c4-r30-s0,proj-alpaca-r30-s0,L3.qkv,3,qkv,2048,1266,0.6181640625,0.9295938611030579
final-final,proj-c4-r30-s0,proj-alpaca-r30-s0,L3.qkv,3,qkv,2048,1266,0.6181640625,0.9247737526893616
init-init,proj-c4-r30-s0,proj-alpaca-r30-s0,L3.o,3,o,2048,1266,0.6181640625,0.9194183945655823
final-final,proj-c4-r30-s0,proj-alpaca-r30-s0,L3.o,3,o,2048,1266,0.6181640625,0.9159363508224487
init-init,proj-c4-r30-s0,proj-alpaca-r30-s0,L3.fc1,3,fc1,2048,797,0.38916015625,0.8872493505477905
final-final,proj-c4-r30-s0,proj-alpaca-r30-s0,L3.fc1,3,fc1,2048,797,0.38916015625,0.8829663395881653
init-init,proj-c4-r30-s0,proj-alpaca-r30-s0,L3.fc2,3,fc2,2048,797,0.38916015625,0.8493362665176392
final-final,proj-c4-r30-s0,proj-alpaca-r30-s0,L3.fc2,3,fc2,2048,797,0.38916015625,0.8441487550735474
init-init,proj-c4-r30-s0,proj-alpaca-r30-s0,L4.qkv,4,qkv,2048,1266,0.6181640625,0.9256813526153564
final-final,proj-c4-r30-s0,proj-alpaca-r30-s0,L4.qkv,4,qkv,2048,1266,0.6181640625,0.9212610125541687
init-init,proj-c4-r30-s0,proj-alpaca-r30-s0,L4.o,4,o,2048,1266,0.6181640625,0.9451484084129333
final-final,proj-c4-r30-s0,proj-alpaca-r30-s0,L4.o,4,o,2048,1266,0.6181640625,0.9417309165000916
init-init,proj-c4-r30-s0,proj-alpaca-r30-s0,L4.fc1,4,fc1,2048,797,0.38916015625,0.8809163570404053
final-final,proj-c4-r30-s0,proj-alpaca-r30-s0,L4.fc1,4,fc1,2048,797,0.38916015625,0.8762233257293701
init-init,proj-c4-r30-s0,proj-alpaca-r30-s0,L4.fc2,4,fc2,2048,797,0.38916015625,0.8325299620628357
final-final,proj-c4-r30-s0,proj-alpaca-r30-s0,L4.fc2,4,fc2,2048,797,0.38916015625,0.8277028799057007
init-init,proj-c4-r30-s0,proj-alpaca-r30-s0,L5.qkv,5,qkv,2048,1266,0.6181640625,0.9189871549606323
final-final,proj-c4-r30-s0,proj-alpaca-r30-s0,L5.qkv,5,qkv,2048,1266,0.6181640625,0.9144288897514343
init-init,proj-c4-r30-s0,proj-alpaca-r30-s0,L5.o,5,o,2048,1266,0.6181640625,0.922834038734436
final-final,proj-c4-r30-s0,proj-alpaca-r30-s0,L5.o,5,o,2048,1266,0.6181640625,0.9193109273910522
init-init,proj-c4-r30-s0,proj-alpaca-r30-s0,L5.fc1,5,fc1,2048,797,0.38916015625,0.872115969657898
final-final,proj-c4-r30-s0,proj-alpaca-r30-s0,L5.fc1,5,fc1,2048,797,0.38916015625,0.8669567704200745
init-init,proj-c4-r30-s0,proj-alpaca-r30-s0,L5.fc2,5,fc2,2048,797,0.38916015625,0.8155748844146729
final-final,proj-c4-r30-s0,proj-alpaca-r30-s0,L5.fc2,5,fc2,2048,797,0.38916015625,0.8107588291168213
init-init,proj-c4-r30-s0,proj-alpaca-r30-s0,L6.qkv,6,qkv,2048,1266,0.6181640625,0.9157165288925171
final-final,proj-c4-r30-s0,proj-alpaca-r30-s0,L6.qkv,6,qkv,2048,1266,0.6181640625,0.9108514785766602
init-init,proj-c4-r30-s0,proj-alpaca-r30-s0,L6.o,6,o,2048,1266,0.6181640625,0.9106069207191467
final-final,proj-c4-r30-s0,proj-alpaca-r30-s0,L6.o,6,o,2048,1266,0.6181640625,0.9066590070724487
init-init,proj-c4-r30-s0,proj-alpaca-r30-s0,L6.fc1,6,fc1,2048,797,0.38916015625,0.8622259497642517
final-final,proj-c4-r30-s0,proj-alpaca-r30-s0,L6.fc1,6,fc1,2048,797,0.38916015625,0.8569280505180359
init-init,proj-c4-r30-s0,proj-alpaca-r30-s0,L6.fc2,6,fc2,2048,797,0.38916015625,0.8157721757888794
final-final,proj-c4-r30-s0,proj-alpaca-r30-s0,L6.fc2,6,fc2,2048,797,0.38916015625,0.8110916018486023
init-init,proj-c4-r30-s0,proj-alpaca-r30-s0,L7.qkv,7,qkv,2048,1266,0.6181640625,0.9086484313011169
final-final,proj-c4-r30-s0,proj-alpaca-r30-s0,L7.qkv,7,qkv,2048,1266,0.6181640625,0.9037677049636841
init-init,proj-c4-r30-s0,proj-alpaca-r30-s0,L7.o,7,o,2048,1266,0.6181640625,0.8984158039093018
final-final,proj-c4-r30-s0,proj-alpaca-r30-s0,L7.o,7,o,2048,1266,0.6181640625,0.8942872285842896
init-init,proj-c4-r30-s0,proj-alpaca-r30-s0,L7.fc1,7,fc1,2048,797,0.38916015625,0.850075900554657
final-final,proj-c4-r30-s0,proj-alpaca-r30-s0,L7.fc1,7,fc1,2048,797,0.38916015625,0.8446018695831299
init-init,proj-c4-r30-s0,proj-alpaca-r30-s0,L7.fc2,7,fc2,2048,797,0.38916015625,0.816766619682312
final-final,proj-c4-r30-s0,proj-alpaca-r30-s0,L7.fc2,7,fc2,2048,797,0.38916015625,0.8118614554405212
init-init,proj-c4-r30-s0,proj-alpaca-r30-s0,L8.qkv,8,qkv,2048,1266,0.6181640625,0.9025936126708984
final-final,proj-c4-r30-s0,proj-alpaca-r30-s0,L8.qkv,8,qkv,2048,1266,0.6181640625,0.8977982401847839
init-init,proj-c4-r30-s0,proj-alpaca-r30-s0,L8.o,8,o,2048,1266,0.6181640625,0.8926870822906494
final-final,proj-c4-r30-s0,proj-alpaca-r30-s0,L8.o,8,o,2048,1266,0.6181640625,0.8884637355804443
init-init,proj-c4-r30-s0,proj-alpaca-r30-s0,L8.fc1,8,fc1,2048,797,0.38916015625,0.8380605578422546
final-final,proj-c4-r30-s0,proj-alpaca-r30-s0,L8.fc1,8,fc1,2048,797,0.38916015625,0.8326467871665955
init-init,proj-c4-r30-s0,proj-alpaca-r30-s0,L8.fc2,8,fc2,2048,797,0.38916015625,0.8263717293739319
final-final,proj-c4-r30-s0,proj-alpaca-r30-s0,L8.fc2,8,fc2,2048,797,0.38916015625,0.8208951354026794
init-init,proj-c4-r30-s0,proj-alpaca-r30-s0,L9.qkv,9,qkv,2048,1266,0.6181640625,0.8962560296058655
final-final,proj-c4-r30-s0,proj-alpaca-r30-s0,L9.qkv,9,qkv,2048,1266,0.6181640625,0.8915460109710693
init-init,proj-c4-r30-s0,proj-alpaca-r30-s0,L9.o,9,o,2048,1266,0.6181640625,0.8993143439292908
final-final,proj-c4-r30-s0,proj-alpaca-r30-s0,L9.o,9,o,2048,1266,0.6181640625,0.8950952291488647
init-init,proj-c4-r30-s0,proj-alpaca-r30-s0,L9.fc1,9,fc1,2048,797,0.38916015625,0.8283175826072693
final-final,proj-c4-r30-s0,proj-alpaca-r30-s0,L9.fc1,9,fc1,2048,797,0.38916015625,0.8228509426116943
init-init,proj-c4-r30-s0,proj-alpaca-r30-s0,L9.fc2,9,fc2,2048,797,0.38916015625,0.8333503007888794
final-final,proj-c4-r30-s0,proj-alpaca-r30-s0,L9.fc2,9,fc2,2048,797,0.38916015625,0.8277323842048645
init-init,proj-c4-r30-s0,proj-alpaca-r30-s0,L10.qkv,10,qkv,2048,1266,0.6181640625,0.8942544460296631
final-final,proj-c4-r30-s0,proj-alpaca-r30-s0,L10.qkv,10,qkv,2048,1266,0.6181640625,0.88984215259552
init-init,proj-c4-r30-s0,proj-alpaca-r30-s0,L10.o,10,o,2048,1266,0.6181640625,0.8958742022514343
final-final,proj-c4-r30-s0,proj-alpaca-r30-s0,L10.o,10,o,2048,1266,0.6181640625,0.8915400505065918
init-init,proj-c4-r30-s0,proj-alpaca-r30-s0,L10.fc1,10,fc1,2048,797,0.38916015625,0.8212146759033203
final-final,proj-c4-r30-s0,proj-alpaca-r30-s0,L10.fc1,10,fc1,2048,797,0.38916015625,0.8159542679786682
init-init,proj-c4-r30-s0,proj-alpaca-r30-s0,L10.fc2,10,fc2,2048,797,0.38916015625,0.8377713561058044
final-final,proj-c4-r30-s0,proj-alpaca-r30-s0,L10.fc2,10,fc2,2048,797,0.38916015625,0.8321197628974915
init-init,proj-c4-r30-s0,proj-alpaca-r30-s0,L11.qkv,11,qkv,2048,1266,0.6181640625,0.8890451192855835
final-final,proj-c4-r30-s0,proj-alpaca-r30-s0,L11.qkv,11,qkv,2048,1266,0.6181640625,0.8849085569381714
init-init,proj-c4-r30-s0,proj-alpaca-r30-s0,L11.o,11,o,2048,1266,0.6181640625,0.8904418349266052
final-final,proj-c4-r30-s0,proj-alpaca-r30-s0,L11.o,11,o,2048,1266,0.6181640625,0.8866744041442871
init-init,proj-c4-r30-s0,proj-alpaca-r30-s0,L11.fc1,11,fc1,2048,797,0.38916015625,0.8162305355072021
final-final,proj-c4-r30-s0,proj-alpaca-r30-s0,L11.fc1,11,fc1,2048,797,0.38916015625,0.811029314994812
init-init,proj-c4-r30-s0,proj-alpaca-r30-s0,L11.fc2,11,fc2,2048,797,0.38916015625,0.8442027568817139
final-final,proj-c4-r30-s0,proj-alpaca-r30-s0,L11.fc2,11,fc2,2048,797,0.38916015625,0.8383764624595642
init-init,proj-c4-r30-s0,proj-alpaca-r30-s0,L12.qkv,12,qkv,2048,1266,0.6181640625,0.8878983855247498
final-final,proj-c4-r30-s0,proj-alpaca-r30-s0,L12.qkv,12,qkv,2048,1266,0.6181640625,0.8837010264396667
init-init,proj-c4-r30-s0,proj-alpaca-r30-s0,L12.o,12,o,2048,1266,0.6181640625,0.8928338289260864
final-final,proj-c4-r30-s0,proj-alpaca-r30-s0,L12.o,12,o,2048,1266,0.6181640625,0.8889366388320923
init-init,proj-c4-r30-s0,proj-alpaca-r30-s0,L12.fc1,12,fc1,2048,797,0.38916015625,0.8123831152915955
final-final,proj-c4-r30-s0,proj-alpaca-r30-s0,L12.fc1,12,fc1,2048,797,0.38916015625,0.8072555661201477
init-init,proj-c4-r30-s0,proj-alpaca-r30-s0,L12.fc2,12,fc2,2048,797,0.38916015625,0.8454418778419495
final-final,proj-c4-r30-s0,proj-alpaca-r30-s0,L12.fc2,12,fc2,2048,797,0.38916015625,0.8395402431488037
init-init,proj-c4-r30-s0,proj-alpaca-r30-s0,L13.qkv,13,qkv,2048,1266,0.6181640625,0.8886851668357849
final-final,proj-c4-r30-s0,proj-alpaca-r30-s0,L13.qkv,13,qkv,2048,1266,0.6181640625,0.8845295906066895
init-init,proj-c4-r30-s0,proj-alpaca-r30-s0,L13.o,13,o,2048,1266,0.6181640625,0.8928088545799255
final-final,proj-c4-r30-s0,proj-alpaca-r30-s0,L13.o,13,o,2048,1266,0.6181640625,0.8889061212539673
init-init,proj-c4-r30-s0,proj-alpaca-r30-s0,L13.fc1,13,fc1,2048,797,0.38916015625,0.8094399571418762
final-final,proj-c4-r30-s0,proj-alpaca-r30-s0,L13.fc1,13,fc1,2048,797,0.38916015625,0.8045729398727417
init-init,proj-c4-r30-s0,proj-alpaca-r30-s0,L13.fc2,13,fc2,2048,797,0.38916015625,0.8465976119041443
final-final,proj-c4-r30-s0,proj-alpaca-r30-s0,L13.fc2,13,fc2,2048,797,0.38916015625,0.8405299186706543
init-init,proj-c4-r30-s0,proj-alpaca-r30-s0,L14.qkv,14,qkv,2048,1266,0.6181640625,0.8834658861160278
final-final,proj-c4-r30-s0,proj-alpaca-r30-s0,L14.qkv,14,qkv,2048,1266,0.6181640625,0.8798325657844543
init-init,proj-c4-r30-s0,proj-alpaca-r30-s0,L14.o,14,o,2048,1266,0.6181640625,0.8801597356796265
final-final,proj-c4-r30-s0,proj-alpaca-r30-s0,L14.o,14,o,2048,1266,0.6181640625,0.8766291737556458
init-init,proj-c4-r30-s0,proj-alpaca-r30-s0,L14.fc1,14,fc1,2048,797,0.38916015625,0.8062456250190735
final-final,proj-c4-r30-s0,proj-alpaca-r30-s0,L14.fc1,14,fc1,2048,797,0.38916015625,0.8016956448554993
init-init,proj-c4-r30-s0,proj-alpaca-r30-s0,L14.fc2,14,fc2,2048,797,0.38916015625,0.8434343338012695
final-final,proj-c4-r30-s0,proj-alpaca-r30-s0,L14.fc2,14,fc2,2048,797,0.38916015625,0.8377927541732788
init-init,proj-c4-r30-s0,proj-alpaca-r30-s0,L15.qkv,15,qkv,2048,1266,0.6181640625,0.884527862071991
final-final,proj-c4-r30-s0,proj-alpaca-r30-s0,L15.qkv,15,qkv,2048,1266,0.6181640625,0.8810705542564392
init-init,proj-c4-r30-s0,proj-alpaca-r30-s0,L15.o,15,o,2048,1266,0.6181640625,0.8725979328155518
final-final,proj-c4-r30-s0,proj-alpaca-r30-s0,L15.o,15,o,2048,1266,0.6181640625,0.8691140413284302
init-init,proj-c4-r30-s0,proj-alpaca-r30-s0,L15.fc1,15,fc1,2048,797,0.38916015625,0.8027558326721191
final-final,proj-c4-r30-s0,proj-alpaca-r30-s0,L15.fc1,15,fc1,2048,797,0.38916015625,0.7981220483779907
init-init,proj-c4-r30-s0,proj-alpaca-r30-s0,L15.fc2,15,fc2,2048,797,0.38916015625,0.8394453525543213
final-final,proj-c4-r30-s0,proj-alpaca-r30-s0,L15.fc2,15,fc2,2048,797,0.38916015625,0.8336930274963379
init-init,proj-c4-r30-s0,proj-alpaca-r30-s0,L16.qkv,16,qkv,2048,1266,0.6181640625,0.8774178624153137
final-final,proj-c4-r30-s0,proj-alpaca-r30-s0,L16.qkv,16,qkv,2048,1266,0.6181640625,0.8741618990898132
init-init,proj-c4-r30-s0,proj-alpaca-r30-s0,L16.o,16,o,2048,1266,0.6181640625,0.8837495446205139
final-final,proj-c4-r30-s0,proj-alpaca-r30-s0,L16.o,16,o,2048,1266,0.6181640625,0.8804442882537842
init-init,proj-c4-r30-s0,proj-alpaca-r30-s0,L16.fc1,16,fc1,2048,797,0.38916015625,0.8036466240882874
final-final,proj-c4-r30-s0,proj-alpaca-r30-s0,L16.fc1,16,fc1,2048,797,0.38916015625,0.7989860773086548
init-init,proj-c4-r30-s0,proj-alpaca-r30-s0,L16.fc2,16,fc2,2048,797,0.38916015625,0.840468168258667
final-final,proj-c4-r30-s0,proj-alpaca-r30-s0,L16.fc2,16,fc2,2048,797,0.38916015625,0.8346354365348816
init-init,proj-c4-r30-s0,proj-alpaca-r30-s0,L17.qkv,17,qkv,2048,1266,0.6181640625,0.8743115663528442
final-final,proj-c4-r30-s0,proj-alpaca-r30-s0,L17.qkv,17,qkv,2048,1266,0.6181640625,0.871184766292572
init-init,proj-c4-r30-s0,proj-alpaca-r30-s0,L17.o,17,o,2048,1266,0.6181640625,0.871971607208252
final-final,proj-c4-r30-s0,proj-alpaca-r30-s0,L17.o,17,o,2048,1266,0.6181640625,0.8687720894813538
init-init,proj-c4-r30-s0,proj-alpaca-r30-s0,L17.fc1,17,fc1,2048,797,0.38916015625,0.8034982681274414
final-final,proj-c4-r30-s0,proj-alpaca-r30-s0,L17.fc1,17,fc1,2048,797,0.38916015625,0.7987039089202881
init-init,proj-c4-r30-s0,proj-alpaca-r30-s0,L17.fc2,17,fc2,2048,797,0.38916015625,0.8389753103256226
final-final,proj-c4-r30-s0,proj-alpaca-r30-s0,L17.fc2,17,fc2,2048,797,0.38916015625,0.833416759967804
init-init,proj-c4-r30-s0,proj-alpaca-r30-s0,L18.qkv,18,qkv,2048,1266,0.6181640625,0.8757694363594055
final-final,proj-c4-r30-s0,proj-alpaca-r30-s0,L18.qkv,18,qkv,2048,1266,0.6181640625,0.8729612827301025
init-init,proj-c4-r30-s0,proj-alpaca-r30-s0,L18.o,18,o,2048,1266,0.6181640625,0.8793860673904419
final-final,proj-c4-r30-s0,proj-alpaca-r30-s0,L18.o,18,o,2048,1266,0.6181640625,0.8764057755470276
init-init,proj-c4-r30-s0,proj-alpaca-r30-s0,L18.fc1,18,fc1,2048,797,0.38916015625,0.8044538497924805
final-final,proj-c4-r30-s0,proj-alpaca-r30-s0,L18.fc1,18,fc1,2048,797,0.38916015625,0.799414873123169
init-init,proj-c4-r30-s0,proj-alpaca-r30-s0,L18.fc2,18,fc2,2048,797,0.38916015625,0.839346170425415
final-final,proj-c4-r30-s0,proj-alpaca-r30-s0,L18.fc2,18,fc2,2048,797,0.38916015625,0.8335381746292114
init-init,proj-c4-r30-s0,proj-alpaca-r30-s0,L19.qkv,19,qkv,2048,1266,0.6181640625,0.8737085461616516
final-final,proj-c4-r30-s0,proj-alpaca-r30-s0,L19.qkv,19,qkv,2048,1266,0.6181640625,0.8710465431213379
init-init,proj-c4-r30-s0,proj-alpaca-r30-s0,L19.o,19,o,2048,1266,0.6181640625,0.871746838092804
final-final,proj-c4-r30-s0,proj-alpaca-r30-s0,L19.o,19,o,2048,1266,0.6181640625,0.868986189365387
init-init,proj-c4-r30-s0,proj-alpaca-r30-s0,L19.fc1,19,fc1,2048,797,0.38916015625,0.8046148419380188
final-final,proj-c4-r30-s0,proj-alpaca-r30-s0,L19.fc1,19,fc1,2048,797,0.38916015625,0.7997162342071533
init-init,proj-c4-r30-s0,proj-alpaca-r30-s0,L19.fc2,19,fc2,2048,797,0.38916015625,0.8355821371078491
final-final,proj-c4-r30-s0,proj-alpaca-r30-s0,L19.fc2,19,fc2,2048,797,0.38916015625,0.8297011852264404
init-init,proj-c4-r30-s0,proj-alpaca-r30-s0,L20.qkv,20,qkv,2048,1266,0.6181640625,0.8717239499092102
final-final,proj-c4-r30-s0,proj-alpaca-r30-s0,L20.qkv,20,qkv,2048,1266,0.6181640625,0.8690250515937805
init-init,proj-c4-r30-s0,proj-alpaca-r30-s0,L20.o,20,o,2048,1266,0.6181640625,0.8649693131446838
final-final,proj-c4-r30-s0,proj-alpaca-r30-s0,L20.o,20,o,2048,1266,0.6181640625,0.8619250059127808
init-init,proj-c4-r30-s0,proj-alpaca-r30-s0,L20.fc1,20,fc1,2048,797,0.38916015625,0.8003559112548828
final-final,proj-c4-r30-s0,proj-alpaca-r30-s0,L20.fc1,20,fc1,2048,797,0.38916015625,0.7957557439804077
init-init,proj-c4-r30-s0,proj-alpaca-r30-s0,L20.fc2,20,fc2,2048,797,0.38916015625,0.830618143081665
final-final,proj-c4-r30-s0,proj-alpaca-r30-s0,L20.fc2,20,fc2,2048,797,0.38916015625,0.8247207999229431
init-init,proj-c4-r30-s0,proj-alpaca-r30-s0,L21.qkv,21,qkv,2048,1266,0.6181640625,0.8664232492446899
final-final,proj-c4-r30-s0,proj-alpaca-r30-s0,L21.qkv,21,qkv,2048,1266,0.6181640625,0.863873302936554
init-init,proj-c4-r30-s0,proj-alpaca-r30-s0,L21.o,21,o,2048,1266,0.6181640625,0.8568795919418335
final-final,proj-c4-r30-s0,proj-alpaca-r30-s0,L21.o,21,o,2048,1266,0.6181640625,0.8541000485420227
init-init,proj-c4-r30-s0,proj-alpaca-r30-s0,L21.fc1,21,fc1,2048,797,0.38916015625,0.7945607304573059
final-final,proj-c4-r30-s0,proj-alpaca-r30-s0,L21.fc1,21,fc1,2048,797,0.38916015625,0.7906432747840881
init-init,proj-c4-r30-s0,proj-alpaca-r30-s0,L21.fc2,21,fc2,2048,797,0.38916015625,0.831274151802063
final-final,proj-c4-r30-s0,proj-alpaca-r30-s0,L21.fc2,21,fc2,2048,797,0.38916015625,0.8256412148475647
init-init,proj-c4-r30-s0,proj-alpaca-r30-s0,L22.qkv,22,qkv,2048,1266,0.6181640625,0.860863208770752
final-final,proj-c4-r30-s0,proj-alpaca-r30-s0,L22.qkv,22,qkv,2048,1266,0.6181640625,0.8582790493965149
init-init,proj-c4-r30-s0,proj-alpaca-r30-s0,L22.o,22,o,2048,1266,0.6181640625,0.8483200073242188
final-final,proj-c4-r30-s0,proj-alpaca-r30-s0,L22.o,22,o,2048,1266,0.6181640625,0.8453870415687561
init-init,proj-c4-r30-s0,proj-alpaca-r30-s0,L22.fc1,22,fc1,2048,797,0.38916015625,0.7878740429878235
final-final,proj-c4-r30-s0,proj-alpaca-r30-s0,L22.fc1,22,fc1,2048,797,0.38916015625,0.7849401235580444
init-init,proj-c4-r30-s0,proj-alpaca-r30-s0,L22.fc2,22,fc2,2048,797,0.38916015625,0.8370746374130249
final-final,proj-c4-r30-s0,proj-alpaca-r30-s0,L22.fc2,22,fc2,2048,797,0.38916015625,0.8322283625602722
init-init,proj-c4-r30-s0,proj-alpaca-r30-s0,L23.qkv,23,qkv,2048,1266,0.6181640625,0.8620910048484802
final-final,proj-c4-r30-s0,proj-alpaca-r30-s0,L23.qkv,23,qkv,2048,1266,0.6181640625,0.8614335060119629
init-init,proj-c4-r30-s0,proj-alpaca-r30-s0,L23.o,23,o,2048,1266,0.6181640625,0.847740650177002
final-final,proj-c4-r30-s0,proj-alpaca-r30-s0,L23.o,23,o,2048,1266,0.6181640625,0.8444246649742126
init-init,proj-c4-r30-s0,proj-alpaca-r30-s0,L23.fc1,23,fc1,2048,797,0.38916015625,0.7808845639228821
final-final,proj-c4-r30-s0,proj-alpaca-r30-s0,L23.fc1,23,fc1,2048,797,0.38916015625,0.7784628868103027
init-init,proj-c4-r30-s0,proj-alpaca-r30-s0,L23.fc2,23,fc2,2048,797,0.38916015625,0.8453530669212341
final-final,proj-c4-r30-s0,proj-alpaca-r30-s0,L23.fc2,23,fc2,2048,797,0.38916015625,0.8391215205192566
init-init,proj-c4-r30-s0,proj-selfgen-r30-s0,L0.qkv,0,qkv,2048,1266,0.6181640625,0.9542571902275085
final-final,proj-c4-r30-s0,proj-selfgen-r30-s0,L0.qkv,0,qkv,2048,1266,0.6181640625,0.948614776134491
init-init,proj-c4-r30-s0,proj-selfgen-r30-s0,L0.o,0,o,2048,1266,0.6181640625,0.926406741142273
final-final,proj-c4-r30-s0,proj-selfgen-r30-s0,L0.o,0,o,2048,1266,0.6181640625,0.9219582080841064
init-init,proj-c4-r30-s0,proj-selfgen-r30-s0,L0.fc1,0,fc1,2048,797,0.38916015625,0.9255898594856262
final-final,proj-c4-r30-s0,proj-selfgen-r30-s0,L0.fc1,0,fc1,2048,797,0.38916015625,0.9197931289672852
init-init,proj-c4-r30-s0,proj-selfgen-r30-s0,L0.fc2,0,fc2,2048,797,0.38916015625,0.9224995970726013
final-final,proj-c4-r30-s0,proj-selfgen-r30-s0,L0.fc2,0,fc2,2048,797,0.38916015625,0.9161699414253235
init-init,proj-c4-r30-s0,proj-selfgen-r30-s0,L1.qkv,1,qkv,2048,1266,0.6181640625,0.9715805053710938
final-final,proj-c4-r30-s0,proj-selfgen-r30-s0,L1.qkv,1,qkv,2048,1266,0.6181640625,0.9670384526252747
init-init,proj-c4-r30-s0,proj-selfgen-r30-s0,L1.o,1,o,2048,1266,0.6181640625,0.9257457852363586
final-final,proj-c4-r30-s0,proj-selfgen-r30-s0,L1.o,1,o,2048,1266,0.6181640625,0.9218815565109253
init-init,proj-c4-r30-s0,proj-selfgen-r30-s0,L1.fc1,1,fc1,2048,797,0.38916015625,0.9513932466506958
final-final,proj-c4-r30-s0,proj-selfgen-r30-s0,L1.fc1,1,fc1,2048,797,0.38916015625,0.9474417567253113
init-init,proj-c4-r30-s0,proj-selfgen-r30-s0,L1.fc2,1,fc2,2048,797,0.38916015625,0.9100161194801331
final-final,proj-c4-r30-s0,proj-selfgen-r30-s0,L1.fc2,1,fc2,2048,797,0.38916015625,0.9035141468048096
init-init,proj-c4-r30-s0,proj-selfgen-r30-s0,L2.qkv,2,qkv,2048,1266,0.6181640625,0.9686577320098877
final-final,proj-c4-r30-s0,proj-selfgen-r30-s0,L2.qkv,2,qkv,2048,1266,0.6181640625,0.963188886642456
init-init,proj-c4-r30-s0,proj-selfgen-r30-s0,L2.o,2,o,2048,1266,0.6181640625,0.9512441754341125
final-final,proj-c4-r30-s0,proj-selfgen-r30-s0,L2.o,2,o,2048,1266,0.6181640625,0.9474800825119019
init-init,proj-c4-r30-s0,proj-selfgen-r30-s0,L2.fc1,2,fc1,2048,797,0.38916015625,0.9437428712844849
final-final,proj-c4-r30-s0,proj-selfgen-r30-s0,L2.fc1,2,fc1,2048,797,0.38916015625,0.9393743872642517
init-init,proj-c4-r30-s0,proj-selfgen-r30-s0,L2.fc2,2,fc2,2048,797,0.38916015625,0.9062422513961792
final-final,proj-c4-r30-s0,proj-selfgen-r30-s0,L2.fc2,2,fc2,2048,797,0.38916015625,0.8994415998458862
init-init,proj-c4-r30-s0,proj-selfgen-r30-s0,L3.qkv,3,qkv,2048,1266,0.6181640625,0.9649598598480225
final-final,proj-c4-r30-s0,proj-selfgen-r30-s0,L3.qkv,3,qkv,2048,1266,0.6181640625,0.9588950872421265
init-init,proj-c4-r30-s0,proj-selfgen-r30-s0,L3.o,3,o,2048,1266,0.6181640625,0.9518518447875977
final-final,proj-c4-r30-s0,proj-selfgen-r30-s0,L3.o,3,o,2048,1266,0.6181640625,0.9475916624069214
init-init,proj-c4-r30-s0,proj-selfgen-r30-s0,L3.fc1,3,fc1,2048,797,0.38916015625,0.9382258057594299
final-final,proj-c4-r30-s0,proj-selfgen-r30-s0,L3.fc1,3,fc1,2048,797,0.38916015625,0.9328351020812988
init-init,proj-c4-r30-s0,proj-selfgen-r30-s0,L3.fc2,3,fc2,2048,797,0.38916015625,0.8959856629371643
final-final,proj-c4-r30-s0,proj-selfgen-r30-s0,L3.fc2,3,fc2,2048,797,0.38916015625,0.8893782496452332
init-init,proj-c4-r30-s0,proj-selfgen-r30-s0,L4.qkv,4,qkv,2048,1266,0.6181640625,0.9614930152893066
final-final,proj-c4-r30-s0,proj-selfgen-r30-s0,L4.qkv,4,qkv,2048,1266,0.6181640625,0.9558167457580566
init-init,proj-c4-r30-s0,proj-selfgen-r30-s0,L4.o,4,o,2048,1266,0.6181640625,0.958294689655304
final-final,proj-c4-r30-s0,proj-selfgen-r30-s0,L4.o,4,o,2048,1266,0.6181640625,0.9540701508522034
init-init,proj-c4-r30-s0,proj-selfgen-r30-s0,L4.fc1,4,fc1,2048,797,0.38916015625,0.9333478212356567
final-final,proj-c4-r30-s0,proj-selfgen-r30-s0,L4.fc1,4,fc1,2048,797,0.38916015625,0.9273546934127808
init-init,proj-c4-r30-s0,proj-selfgen-r30-s0,L4.fc2,4,fc2,2048,797,0.38916015625,0.8662035465240479
final-final,proj-c4-r30-s0,proj-selfgen-r30-s0,L4.fc2,4,fc2,2048,797,0.38916015625,0.8601427674293518
init-init,proj-c4-r30-s0,proj-selfgen-r30-s0,L5.qkv,5,qkv,2048,1266,0.6181640625,0.9556857943534851
final-final,proj-c4-r30-s0,proj-selfgen-r30-s0,L5.qkv,5,qkv,2048,1266,0.6181640625,0.9499397873878479
init-init,proj-c4-r30-s0,proj-selfgen-r30-s0,L5.o,5,o,2048,1266,0.6181640625,0.943895697593689
final-final,proj-c4-r30-s0,proj-selfgen-r30-s0,L5.o,5,o,2048,1266,0.6181640625,0.9392971992492676
init-init,proj-c4-r30-s0,proj-selfgen-r30-s0,L5.fc1,5,fc1,2048,797,0.38916015625,0.9254215359687805
final-final,proj-c4-r30-s0,proj-selfgen-r30-s0,L5.fc1,5,fc1,2048,797,0.38916015625,0.9191678762435913
init-init,proj-c4-r30-s0,proj-selfgen-r30-s0,L5.fc2,5,fc2,2048,797,0.38916015625,0.8505831956863403
final-final,proj-c4-r30-s0,proj-selfgen-r30-s0,L5.fc2,5,fc2,2048,797,0.38916015625,0.8445456624031067
init-init,proj-c4-r30-s0,proj-selfgen-r30-s0,L6.qkv,6,qkv,2048,1266,0.6181640625,0.9520126581192017
final-final,proj-c4-r30-s0,proj-selfgen-r30-s0,L6.qkv,6,qkv,2048,1266,0.6181640625,0.9458231925964355
init-init,proj-c4-r30-s0,proj-selfgen-r30-s0,L6.o,6,o,2048,1266,0.6181640625,0.9454131722450256
final-final,proj-c4-r30-s0,proj-selfgen-r30-s0,L6.o,6,o,2048,1266,0.6181640625,0.9400171041488647
init-init,proj-c4-r30-s0,proj-selfgen-r30-s0,L6.fc1,6,fc1,2048,797,0.38916015625,0.915885865688324
final-final,proj-c4-r30-s0,proj-selfgen-r30-s0,L6.fc1,6,fc1,2048,797,0.38916015625,0.9090622067451477
init-init,proj-c4-r30-s0,proj-selfgen-r30-s0,L6.fc2,6,fc2,2048,797,0.38916015625,0.8410922288894653
final-final,proj-c4-r30-s0,proj-selfgen-r30-s0,L6.fc2,6,fc2,2048,797,0.38916015625,0.8355259299278259
init-init,proj-c4-r30-s0,proj-selfgen-r30-s0,L7.qkv,7,qkv,2048,1266,0.6181640625,0.9456549882888794
final-final,proj-c4-r30-s0,proj-selfgen-r30-s0,L7.qkv,7,qkv,2048,1266,0.6181640625,0.9394140839576721
init-init,proj-c4-r30-s0,proj-selfgen-r30-s0,L7.o,7,o,2048,1266,0.6181640625,0.927132785320282
final-final,proj-c4-r30-s0,proj-selfgen-r30-s0,L7.o,7,o,2048,1266,0.6181640625,0.9217537045478821
init-init,proj-c4-r30-s0,proj-selfgen-r30-s0,L7.fc1,7,fc1,2048,797,0.38916015625,0.9052793383598328
final-final,proj-c4-r30-s0,proj-selfgen-r30-s0,L7.fc1,7,fc1,2048,797,0.38916015625,0.8982930779457092
init-init,proj-c4-r30-s0,proj-selfgen-r30-s0,L7.fc2,7,fc2,2048,797,0.38916015625,0.8350359797477722
final-final,proj-c4-r30-s0,proj-selfgen-r30-s0,L7.fc2,7,fc2,2048,797,0.38916015625,0.8294726610183716
init-init,proj-c4-r30-s0,proj-selfgen-r30-s0,L8.qkv,8,qkv,2048,1266,0.6181640625,0.9397091269493103
final-final,proj-c4-r30-s0,proj-selfgen-r30-s0,L8.qkv,8,qkv,2048,1266,0.6181640625,0.9335790872573853
init-init,proj-c4-r30-s0,proj-selfgen-r30-s0,L8.o,8,o,2048,1266,0.6181640625,0.9331741333007812
final-final,proj-c4-r30-s0,proj-selfgen-r30-s0,L8.o,8,o,2048,1266,0.6181640625,0.9274638295173645
init-init,proj-c4-r30-s0,proj-selfgen-r30-s0,L8.fc1,8,fc1,2048,797,0.38916015625,0.8930987119674683
final-final,proj-c4-r30-s0,proj-selfgen-r30-s0,L8.fc1,8,fc1,2048,797,0.38916015625,0.8862136006355286
init-init,proj-c4-r30-s0,proj-selfgen-r30-s0,L8.fc2,8,fc2,2048,797,0.38916015625,0.8452707529067993
final-final,proj-c4-r30-s0,proj-selfgen-r30-s0,L8.fc2,8,fc2,2048,797,0.38916015625,0.8389798998832703
init-init,proj-c4-r30-s0,proj-selfgen-r30-s0,L9.qkv,9,qkv,2048,1266,0.6181640625,0.933699905872345
final-final,proj-c4-r30-s0,proj-selfgen-r30-s0,L9.qkv,9,qkv,2048,1266,0.6181640625,0.9275359511375427
init-init,proj-c4-r30-s0,proj-selfgen-r30-s0,L9.o,9,o,2048,1266,0.6181640625,0.9356876611709595
final-final,proj-c4-r30-s0,proj-selfgen-r30-s0,L9.o,9,o,2048,1266,0.6181640625,0.9297962784767151
init-init,proj-c4-r30-s0,proj-selfgen-r30-s0,L9.fc1,9,fc1,2048,797,0.38916015625,0.8822030425071716
final-final,proj-c4-r30-s0,proj-selfgen-r30-s0,L9.fc1,9,fc1,2048,797,0.38916015625,0.8752107620239258
init-init,proj-c4-r30-s0,proj-selfgen-r30-s0,L9.fc2,9,fc2,2048,797,0.38916015625,0.8714097142219543
final-final,proj-c4-r30-s0,proj-selfgen-r30-s0,L9.fc2,9,fc2,2048,797,0.38916015625,0.8643434047698975
init-init,proj-c4-r30-s0,proj-selfgen-r30-s0,L10.qkv,10,qkv,2048,1266,0.6181640625,0.932239830493927
final-final,proj-c4-r30-s0,proj-selfgen-r30-s0,L10.qkv,10,qkv,2048,1266,0.6181640625,0.9262587428092957
init-init,proj-c4-r30-s0,proj-selfgen-r30-s0,L10.o,10,o,2048,1266,0.6181640625,0.9420117735862732
final-final,proj-c4-r30-s0,proj-selfgen-r30-s0,L10.o,10,o,2048,1266,0.6181640625,0.9358199834823608
init-init,proj-c4-r30-s0,proj-selfgen-r30-s0,L10.fc1,10,fc1,2048,797,0.38916015625,0.8761061429977417
final-final,proj-c4-r30-s0,proj-selfgen-r30-s0,L10.fc1,10,fc1,2048,797,0.38916015625,0.8691916465759277
init-init,proj-c4-r30-s0,proj-selfgen-r30-s0,L10.fc2,10,fc2,2048,797,0.38916015625,0.8824748396873474
final-final,proj-c4-r30-s0,proj-selfgen-r30-s0,L10.fc2,10,fc2,2048,797,0.38916015625,0.8752061724662781
init-init,proj-c4-r30-s0,proj-selfgen-r30-s0,L11.qkv,11,qkv,2048,1266,0.6181640625,0.9297873973846436
final-final,proj-c4-r30-s0,proj-selfgen-r30-s0,L11.qkv,11,qkv,2048,1266,0.6181640625,0.9239793419837952
init-init,proj-c4-r30-s0,proj-selfgen-r30-s0,L11.o,11,o,2048,1266,0.6181640625,0.9339013695716858
final-final,proj-c4-r30-s0,proj-selfgen-r30-s0,L11.o,11,o,2048,1266,0.6181640625,0.9282705783843994
init-init,proj-c4-r30-s0,proj-selfgen-r30-s0,L11.fc1,11,fc1,2048,797,0.38916015625,0.8740304708480835
final-final,proj-c4-r30-s0,proj-selfgen-r30-s0,L11.fc1,11,fc1,2048,797,0.38916015625,0.8672068119049072
init-init,proj-c4-r30-s0,proj-selfgen-r30-s0,L11.fc2,11,fc2,2048,797,0.38916015625,0.8948193192481995
final-final,proj-c4-r30-s0,proj-selfgen-r30-s0,L11.fc2,11,fc2,2048,797,0.38916015625,0.8871015906333923
init-init,proj-c4-r30-s0,proj-selfgen-r30-s0,L12.qkv,12,qkv,2048,1266,0.6181640625,0.9309744834899902
final-final,proj-c4-r30-s0,proj-selfgen-r30-s0,L12.qkv,12,qkv,2048,1266,0.6181640625,0.9253084063529968
init-init,proj-c4-r30-s0,proj-selfgen-r30-s0,L12.o,12,o,2048,1266,0.6181640625,0.9365318417549133
final-final,proj-c4-r30-s0,proj-selfgen-r30-s0,L12.o,12,o,2048,1266,0.6181640625,0.9308615326881409
init-init,proj-c4-r30-s0,proj-selfgen-r30-s0,L12.fc1,12,fc1,2048,797,0.38916015625,0.8736013174057007
final-final,proj-c4-r30-s0,proj-selfgen-r30-s0,L12.fc1,12,fc1,2048,797,0.38916015625,0.866905689239502
init-init,proj-c4-r30-s0,proj-selfgen-r30-s0,L12.fc2,12,fc2,2048,797,0.38916015625,0.9048805832862854
final-final,proj-c4-r30-s0,proj-selfgen-r30-s0,L12.fc2,12,fc2,2048,797,0.38916015625,0.8969032168388367
init-init,proj-c4-r30-s0,proj-selfgen-r30-s0,L13.qkv,13,qkv,2048,1266,0.6181640625,0.9321724772453308
final-final,proj-c4-r30-s0,proj-selfgen-r30-s0,L13.qkv,13,qkv,2048,1266,0.6181640625,0.9263871908187866
init-init,proj-c4-r30-s0,proj-selfgen-r30-s0,L13.o,13,o,2048,1266,0.6181640625,0.9452494382858276
final-final,proj-c4-r30-s0,proj-selfgen-r30-s0,L13.o,13,o,2048,1266,0.6181640625,0.9390336871147156
init-init,proj-c4-r30-s0,proj-selfgen-r30-s0,L13.fc1,13,fc1,2048,797,0.38916015625,0.8731939196586609
final-final,proj-c4-r30-s0,proj-selfgen-r30-s0,L13.fc1,13,fc1,2048,797,0.38916015625,0.866635262966156
init-init,proj-c4-r30-s0,proj-selfgen-r30-s0,L13.fc2,13,fc2,2048,797,0.38916015625,0.9047021865844727
final-final,proj-c4-r30-s0,proj-selfgen-r30-s0,L13.fc2,13,fc2,2048,797,0.38916015625,0.8966879844665527
init-init,proj-c4-r30-s0,proj-selfgen-r30-s0,L14.qkv,14,qkv,2048,1266,0.6181640625,0.9290109872817993
final-final,proj-c4-r30-s0,proj-selfgen-r30-s0,L14.qkv,14,qkv,2048,1266,0.6181640625,0.9236154556274414
init-init,proj-c4-r30-s0,proj-selfgen-r30-s0,L14.o,14,o,2048,1266,0.6181640625,0.9339609146118164
final-final,proj-c4-r30-s0,proj-selfgen-r30-s0,L14.o,14,o,2048,1266,0.6181640625,0.928169846534729
init-init,proj-c4-r30-s0,proj-selfgen-r30-s0,L14.fc1,14,fc1,2048,797,0.38916015625,0.8723145127296448
final-final,proj-c4-r30-s0,proj-selfgen-r30-s0,L14.fc1,14,fc1,2048,797,0.38916015625,0.8657811284065247
init-init,proj-c4-r30-s0,proj-selfgen-r30-s0,L14.fc2,14,fc2,2048,797,0.38916015625,0.8961542844772339
final-final,proj-c4-r30-s0,proj-selfgen-r30-s0,L14.fc2,14,fc2,2048,797,0.38916015625,0.8884923458099365
init-init,proj-c4-r30-s0,proj-selfgen-r30-s0,L15.qkv,15,qkv,2048,1266,0.6181640625,0.9305543303489685
final-final,proj-c4-r30-s0,proj-selfgen-r30-s0,L15.qkv,15,qkv,2048,1266,0.6181640625,0.9252216219902039
init-init,proj-c4-r30-s0,proj-selfgen-r30-s0,L15.o,15,o,2048,1266,0.6181640625,0.9303078651428223
final-final,proj-c4-r30-s0,proj-selfgen-r30-s0,L15.o,15,o,2048,1266,0.6181640625,0.924757182598114
init-init,proj-c4-r30-s0,proj-selfgen-r30-s0,L15.fc1,15,fc1,2048,797,0.38916015625,0.8702058792114258
final-final,proj-c4-r30-s0,proj-selfgen-r30-s0,L15.fc1,15,fc1,2048,797,0.38916015625,0.8635929226875305
init-init,proj-c4-r30-s0,proj-selfgen-r30-s0,L15.fc2,15,fc2,2048,797,0.38916015625,0.8994304537773132
final-final,proj-c4-r30-s0,proj-selfgen-r30-s0,L15.fc2,15,fc2,2048,797,0.38916015625,0.8915531635284424
init-init,proj-c4-r30-s0,proj-selfgen-r30-s0,L16.qkv,16,qkv,2048,1266,0.6181640625,0.924925684928894
final-final,proj-c4-r30-s0,proj-selfgen-r30-s0,L16.qkv,16,qkv,2048,1266,0.6181640625,0.9201525449752808
init-init,proj-c4-r30-s0,proj-selfgen-r30-s0,L16.o,16,o,2048,1266,0.6181640625,0.9305516481399536
final-final,proj-c4-r30-s0,proj-selfgen-r30-s0,L16.o,16,o,2048,1266,0.6181640625,0.9254937171936035
init-init,proj-c4-r30-s0,proj-selfgen-r30-s0,L16.fc1,16,fc1,2048,797,0.38916015625,0.8705337643623352
final-final,proj-c4-r30-s0,proj-selfgen-r30-s0,L16.fc1,16,fc1,2048,797,0.38916015625,0.8637757897377014
init-init,proj-c4-r30-s0,proj-selfgen-r30-s0,L16.fc2,16,fc2,2048,797,0.38916015625,0.8958545327186584
final-final,proj-c4-r30-s0,proj-selfgen-r30-s0,L16.fc2,16,fc2,2048,797,0.38916015625,0.8880242705345154
init-init,proj-c4-r30-s0,proj-selfgen-r30-s0,L17.qkv,17,qkv,2048,1266,0.6181640625,0.9214124083518982
final-final,proj-c4-r30-s0,proj-selfgen-r30-s0,L17.qkv,17,qkv,2048,1266,0.6181640625,0.9163710474967957
init-init,proj-c4-r30-s0,proj-selfgen-r30-s0,L17.o,17,o,2048,1266,0.6181640625,0.9163904190063477
final-final,proj-c4-r30-s0,proj-selfgen-r30-s0,L17.o,17,o,2048,1266,0.6181640625,0.9115795493125916
init-init,proj-c4-r30-s0,proj-selfgen-r30-s0,L17.fc1,17,fc1,2048,797,0.38916015625,0.8712262511253357
final-final,proj-c4-r30-s0,proj-selfgen-r30-s0,L17.fc1,17,fc1,2048,797,0.38916015625,0.8646042346954346
init-init,proj-c4-r30-s0,proj-selfgen-r30-s0,L17.fc2,17,fc2,2048,797,0.38916015625,0.8915151953697205
final-final,proj-c4-r30-s0,proj-selfgen-r30-s0,L17.fc2,17,fc2,2048,797,0.38916015625,0.8838785290718079
init-init,proj-c4-r30-s0,proj-selfgen-r30-s0,L18.qkv,18,qkv,2048,1266,0.6181640625,0.9196823835372925
final-final,proj-c4-r30-s0,proj-selfgen-r30-s0,L18.qkv,18,qkv,2048,1266,0.6181640625,0.9151301980018616
init-init,proj-c4-r30-s0,proj-selfgen-r30-s0,L18.o,18,o,2048,1266,0.6181640625,0.9256889820098877
final-final,proj-c4-r30-s0,proj-selfgen-r30-s0,L18.o,18,o,2048,1266,0.6181640625,0.9205050468444824
init-init,proj-c4-r30-s0,proj-selfgen-r30-s0,L18.fc1,18,fc1,2048,797,0.38916015625,0.8722494840621948
final-final,proj-c4-r30-s0,proj-selfgen-r30-s0,L18.fc1,18,fc1,2048,797,0.38916015625,0.8652917742729187
init-init,proj-c4-r30-s0,proj-selfgen-r30-s0,L18.fc2,18,fc2,2048,797,0.38916015625,0.8891593217849731
final-final,proj-c4-r30-s0,proj-selfgen-r30-s0,L18.fc2,18,fc2,2048,797,0.38916015625,0.8814961910247803
init-init,proj-c4-r30-s0,proj-selfgen-r30-s0,L19.qkv,19,qkv,2048,1266,0.6181640625,0.9166046977043152
final-final,proj-c4-r30-s0,proj-selfgen-r30-s0,L19.qkv,19,qkv,2048,1266,0.6181640625,0.9125714302062988
init-init,proj-c4-r30-s0,proj-selfgen-r30-s0,L19.o,19,o,2048,1266,0.6181640625,0.9124488830566406
final-final,proj-c4-r30-s0,proj-selfgen-r30-s0,L19.o,19,o,2048,1266,0.6181640625,0.9080655574798584
init-init,proj-c4-r30-s0,proj-selfgen-r30-s0,L19.fc1,19,fc1,2048,797,0.38916015625,0.8711144328117371
final-final,proj-c4-r30-s0,proj-selfgen-r30-s0,L19.fc1,19,fc1,2048,797,0.38916015625,0.8643536567687988
init-init,proj-c4-r30-s0,proj-selfgen-r30-s0,L19.fc2,19,fc2,2048,797,0.38916015625,0.8859896659851074
final-final,proj-c4-r30-s0,proj-selfgen-r30-s0,L19.fc2,19,fc2,2048,797,0.38916015625,0.8781917095184326
init-init,proj-c4-r30-s0,proj-selfgen-r30-s0,L20.qkv,20,qkv,2048,1266,0.6181640625,0.9134826064109802
final-final,proj-c4-r30-s0,proj-selfgen-r30-s0,L20.qkv,20,qkv,2048,1266,0.6181640625,0.9095140695571899
init-init,proj-c4-r30-s0,proj-selfgen-r30-s0,L20.o,20,o,2048,1266,0.6181640625,0.9050002694129944
final-final,proj-c4-r30-s0,proj-selfgen-r30-s0,L20.o,20,o,2048,1266,0.6181640625,0.9002516865730286
init-init,proj-c4-r30-s0,proj-selfgen-r30-s0,L20.fc1,20,fc1,2048,797,0.38916015625,0.8657944798469543
final-final,proj-c4-r30-s0,proj-selfgen-r30-s0,L20.fc1,20,fc1,2048,797,0.38916015625,0.8592071533203125
init-init,proj-c4-r30-s0,proj-selfgen-r30-s0,L20.fc2,20,fc2,2048,797,0.38916015625,0.8738806843757629
final-final,proj-c4-r30-s0,proj-selfgen-r30-s0,L20.fc2,20,fc2,2048,797,0.38916015625,0.8659191727638245
init-init,proj-c4-r30-s0,proj-selfgen-r30-s0,L21.qkv,21,qkv,2048,1266,0.6181640625,0.9055305123329163
final-final,proj-c4-r30-s0,proj-selfgen-r30-s0,L21.qkv,21,qkv,2048,1266,0.6181640625,0.9014975428581238
init-init,proj-c4-r30-s0,proj-selfgen-r30-s0,L21.o,21,o,2048,1266,0.6181640625,0.8789304494857788
final-final,proj-c4-r30-s0,proj-selfgen-r30-s0,L21.o,21,o,2048,1266,0.6181640625,0.8749862313270569
init-init,proj-c4-r30-s0,proj-selfgen-r30-s0,L21.fc1,21,fc1,2048,797,0.38916015625,0.8566582798957825
final-final,proj-c4-r30-s0,proj-selfgen-r30-s0,L21.fc1,21,fc1,2048,797,0.38916015625,0.8506115674972534
init-init,proj-c4-r30-s0,proj-selfgen-r30-s0,L21.fc2,21,fc2,2048,797,0.38916015625,0.8753175139427185
final-final,proj-c4-r30-s0,proj-selfgen-r30-s0,L21.fc2,21,fc2,2048,797,0.38916015625,0.8675642013549805
init-init,proj-c4-r30-s0,proj-selfgen-r30-s0,L22.qkv,22,qkv,2048,1266,0.6181640625,0.901563823223114
final-final,proj-c4-r30-s0,proj-selfgen-r30-s0,L22.qkv,22,qkv,2048,1266,0.6181640625,0.8980165123939514
init-init,proj-c4-r30-s0,proj-selfgen-r30-s0,L22.o,22,o,2048,1266,0.6181640625,0.8526167869567871
final-final,proj-c4-r30-s0,proj-selfgen-r30-s0,L22.o,22,o,2048,1266,0.6181640625,0.849305272102356
init-init,proj-c4-r30-s0,proj-selfgen-r30-s0,L22.fc1,22,fc1,2048,797,0.38916015625,0.8484569191932678
final-final,proj-c4-r30-s0,proj-selfgen-r30-s0,L22.fc1,22,fc1,2048,797,0.38916015625,0.8439995050430298
init-init,proj-c4-r30-s0,proj-selfgen-r30-s0,L22.fc2,22,fc2,2048,797,0.38916015625,0.8827025294303894
final-final,proj-c4-r30-s0,proj-selfgen-r30-s0,L22.fc2,22,fc2,2048,797,0.38916015625,0.8761239051818848
init-init,proj-c4-r30-s0,proj-selfgen-r30-s0,L23.qkv,23,qkv,2048,1266,0.6181640625,0.9015402793884277
final-final,proj-c4-r30-s0,proj-selfgen-r30-s0,L23.qkv,23,qkv,2048,1266,0.6181640625,0.9008280038833618
init-init,proj-c4-r30-s0,proj-selfgen-r30-s0,L23.o,23,o,2048,1266,0.6181640625,0.8525541424751282
final-final,proj-c4-r30-s0,proj-selfgen-r30-s0,L23.o,23,o,2048,1266,0.6181640625,0.8478084206581116
init-init,proj-c4-r30-s0,proj-selfgen-r30-s0,L23.fc1,23,fc1,2048,797,0.38916015625,0.8364757299423218
final-final,proj-c4-r30-s0,proj-selfgen-r30-s0,L23.fc1,23,fc1,2048,797,0.38916015625,0.832762598991394
init-init,proj-c4-r30-s0,proj-selfgen-r30-s0,L23.fc2,23,fc2,2048,797,0.38916015625,0.8867548704147339
final-final,proj-c4-r30-s0,proj-selfgen-r30-s0,L23.fc2,23,fc2,2048,797,0.38916015625,0.8781641125679016
init-init,proj-c4-r30-s0,proj-selfdoc-r30-s0,L0.qkv,0,qkv,2048,1266,0.6181640625,0.9556707739830017
final-final,proj-c4-r30-s0,proj-selfdoc-r30-s0,L0.qkv,0,qkv,2048,1266,0.6181640625,0.950880765914917
init-init,proj-c4-r30-s0,proj-selfdoc-r30-s0,L0.o,0,o,2048,1266,0.6181640625,0.9279583692550659
final-final,proj-c4-r30-s0,proj-selfdoc-r30-s0,L0.o,0,o,2048,1266,0.6181640625,0.924221932888031
init-init,proj-c4-r30-s0,proj-selfdoc-r30-s0,L0.fc1,0,fc1,2048,797,0.38916015625,0.9286248683929443
final-final,proj-c4-r30-s0,proj-selfdoc-r30-s0,L0.fc1,0,fc1,2048,797,0.38916015625,0.9233409762382507
init-init,proj-c4-r30-s0,proj-selfdoc-r30-s0,L0.fc2,0,fc2,2048,797,0.38916015625,0.927147626876831
final-final,proj-c4-r30-s0,proj-selfdoc-r30-s0,L0.fc2,0,fc2,2048,797,0.38916015625,0.9214692711830139
init-init,proj-c4-r30-s0,proj-selfdoc-r30-s0,L1.qkv,1,qkv,2048,1266,0.6181640625,0.9729894995689392
final-final,proj-c4-r30-s0,proj-selfdoc-r30-s0,L1.qkv,1,qkv,2048,1266,0.6181640625,0.9694561958312988
init-init,proj-c4-r30-s0,proj-selfdoc-r30-s0,L1.o,1,o,2048,1266,0.6181640625,0.9277690052986145
final-final,proj-c4-r30-s0,proj-selfdoc-r30-s0,L1.o,1,o,2048,1266,0.6181640625,0.9248775839805603
init-init,proj-c4-r30-s0,proj-selfdoc-r30-s0,L1.fc1,1,fc1,2048,797,0.38916015625,0.9532340168952942
final-final,proj-c4-r30-s0,proj-selfdoc-r30-s0,L1.fc1,1,fc1,2048,797,0.38916015625,0.9498006701469421
init-init,proj-c4-r30-s0,proj-selfdoc-r30-s0,L1.fc2,1,fc2,2048,797,0.38916015625,0.9141402840614319
final-final,proj-c4-r30-s0,proj-selfdoc-r30-s0,L1.fc2,1,fc2,2048,797,0.38916015625,0.9081462621688843
init-init,proj-c4-r30-s0,proj-selfdoc-r30-s0,L2.qkv,2,qkv,2048,1266,0.6181640625,0.9697869420051575
final-final,proj-c4-r30-s0,proj-selfdoc-r30-s0,L2.qkv,2,qkv,2048,1266,0.6181640625,0.9654275178909302
init-init,proj-c4-r30-s0,proj-selfdoc-r30-s0,L2.o,2,o,2048,1266,0.6181640625,0.9524774551391602
final-final,proj-c4-r30-s0,proj-selfdoc-r30-s0,L2.o,2,o,2048,1266,0.6181640625,0.9496521949768066
init-init,proj-c4-r30-s0,proj-selfdoc-r30-s0,L2.fc1,2,fc1,2048,797,0.38916015625,0.9460404515266418
final-final,proj-c4-r30-s0,proj-selfdoc-r30-s0,L2.fc1,2,fc1,2048,797,0.38916015625,0.9425151348114014
init-init,proj-c4-r30-s0,proj-selfdoc-r30-s0,L2.fc2,2,fc2,2048,797,0.38916015625,0.9081845879554749
final-final,proj-c4-r30-s0,proj-selfdoc-r30-s0,L2.fc2,2,fc2,2048,797,0.38916015625,0.9020884037017822
init-init,proj-c4-r30-s0,proj-selfdoc-r30-s0,L3.qkv,3,qkv,2048,1266,0.6181640625,0.9662472009658813
final-final,proj-c4-r30-s0,proj-selfdoc-r30-s0,L3.qkv,3,qkv,2048,1266,0.6181640625,0.9612729549407959
init-init,proj-c4-r30-s0,proj-selfdoc-r30-s0,L3.o,3,o,2048,1266,0.6181640625,0.9521408081054688
final-final,proj-c4-r30-s0,proj-selfdoc-r30-s0,L3.o,3,o,2048,1266,0.6181640625,0.9487416744232178
init-init,proj-c4-r30-s0,proj-selfdoc-r30-s0,L3.fc1,3,fc1,2048,797,0.38916015625,0.940028190612793
final-final,proj-c4-r30-s0,proj-selfdoc-r30-s0,L3.fc1,3,fc1,2048,797,0.38916015625,0.9354175329208374
init-init,proj-c4-r30-s0,proj-selfdoc-r30-s0,L3.fc2,3,fc2,2048,797,0.38916015625,0.9003791213035583
final-final,proj-c4-r30-s0,proj-selfdoc-r30-s0,L3.fc2,3,fc2,2048,797,0.38916015625,0.894260048866272
init-init,proj-c4-r30-s0,proj-selfdoc-r30-s0,L4.qkv,4,qkv,2048,1266,0.6181640625,0.9628735780715942
final-final,proj-c4-r30-s0,proj-selfdoc-r30-s0,L4.qkv,4,qkv,2048,1266,0.6181640625,0.958028256893158
init-init,proj-c4-r30-s0,proj-selfdoc-r30-s0,L4.o,4,o,2048,1266,0.6181640625,0.9599705934524536
final-final,proj-c4-r30-s0,proj-selfdoc-r30-s0,L4.o,4,o,2048,1266,0.6181640625,0.9565436840057373
init-init,proj-c4-r30-s0,proj-selfdoc-r30-s0,L4.fc1,4,fc1,2048,797,0.38916015625,0.9351767301559448
final-final,proj-c4-r30-s0,proj-selfdoc-r30-s0,L4.fc1,4,fc1,2048,797,0.38916015625,0.9297927618026733
init-init,proj-c4-r30-s0,proj-selfdoc-r30-s0,L4.fc2,4,fc2,2048,797,0.38916015625,0.8725107908248901
final-final,proj-c4-r30-s0,proj-selfdoc-r30-s0,L4.fc2,4,fc2,2048,797,0.38916015625,0.8666629195213318
init-init,proj-c4-r30-s0,proj-selfdoc-r30-s0,L5.qkv,5,qkv,2048,1266,0.6181640625,0.9570985436439514
final-final,proj-c4-r30-s0,proj-selfdoc-r30-s0,L5.qkv,5,qkv,2048,1266,0.6181640625,0.952151894569397
init-init,proj-c4-r30-s0,proj-selfdoc-r30-s0,L5.o,5,o,2048,1266,0.6181640625,0.9447172284126282
final-final,proj-c4-r30-s0,proj-selfdoc-r30-s0,L5.o,5,o,2048,1266,0.6181640625,0.9409889578819275
init-init,proj-c4-r30-s0,proj-selfdoc-r30-s0,L5.fc1,5,fc1,2048,797,0.38916015625,0.9270380735397339
final-final,proj-c4-r30-s0,proj-selfdoc-r30-s0,L5.fc1,5,fc1,2048,797,0.38916015625,0.9211863875389099
init-init,proj-c4-r30-s0,proj-selfdoc-r30-s0,L5.fc2,5,fc2,2048,797,0.38916015625,0.8588259220123291
final-final,proj-c4-r30-s0,proj-selfdoc-r30-s0,L5.fc2,5,fc2,2048,797,0.38916015625,0.8528751134872437
init-init,proj-c4-r30-s0,proj-selfdoc-r30-s0,L6.qkv,6,qkv,2048,1266,0.6181640625,0.9535579681396484
final-final,proj-c4-r30-s0,proj-selfdoc-r30-s0,L6.qkv,6,qkv,2048,1266,0.6181640625,0.9478780031204224
init-init,proj-c4-r30-s0,proj-selfdoc-r30-s0,L6.o,6,o,2048,1266,0.6181640625,0.9458613395690918
final-final,proj-c4-r30-s0,proj-selfdoc-r30-s0,L6.o,6,o,2048,1266,0.6181640625,0.9411723613739014
init-init,proj-c4-r30-s0,proj-selfdoc-r30-s0,L6.fc1,6,fc1,2048,797,0.38916015625,0.9178892374038696
final-final,proj-c4-r30-s0,proj-selfdoc-r30-s0,L6.fc1,6,fc1,2048,797,0.38916015625,0.9115132689476013
init-init,proj-c4-r30-s0,proj-selfdoc-r30-s0,L6.fc2,6,fc2,2048,797,0.38916015625,0.8477136492729187
final-final,proj-c4-r30-s0,proj-selfdoc-r30-s0,L6.fc2,6,fc2,2048,797,0.38916015625,0.8421666622161865
init-init,proj-c4-r30-s0,proj-selfdoc-r30-s0,L7.qkv,7,qkv,2048,1266,0.6181640625,0.9475464224815369
final-final,proj-c4-r30-s0,proj-selfdoc-r30-s0,L7.qkv,7,qkv,2048,1266,0.6181640625,0.9418112635612488
init-init,proj-c4-r30-s0,proj-selfdoc-r30-s0,L7.o,7,o,2048,1266,0.6181640625,0.9294773936271667
final-final,proj-c4-r30-s0,proj-selfdoc-r30-s0,L7.o,7,o,2048,1266,0.6181640625,0.9246568083763123
init-init,proj-c4-r30-s0,proj-selfdoc-r30-s0,L7.fc1,7,fc1,2048,797,0.38916015625,0.907187819480896
final-final,proj-c4-r30-s0,proj-selfdoc-r30-s0,L7.fc1,7,fc1,2048,797,0.38916015625,0.9006609320640564
init-init,proj-c4-r30-s0,proj-selfdoc-r30-s0,L7.fc2,7,fc2,2048,797,0.38916015625,0.843016505241394
final-final,proj-c4-r30-s0,proj-selfdoc-r30-s0,L7.fc2,7,fc2,2048,797,0.38916015625,0.8375115394592285
init-init,proj-c4-r30-s0,proj-selfdoc-r30-s0,L8.qkv,8,qkv,2048,1266,0.6181640625,0.9414258599281311
final-final,proj-c4-r30-s0,proj-selfdoc-r30-s0,L8.qkv,8,qkv,2048,1266,0.6181640625,0.9357372522354126
init-init,proj-c4-r30-s0,proj-selfdoc-r30-s0,L8.o,8,o,2048,1266,0.6181640625,0.9345268607139587
final-final,proj-c4-r30-s0,proj-selfdoc-r30-s0,L8.o,8,o,2048,1266,0.6181640625,0.9294040203094482
init-init,proj-c4-r30-s0,proj-selfdoc-r30-s0,L8.fc1,8,fc1,2048,797,0.38916015625,0.8958189487457275
final-final,proj-c4-r30-s0,proj-selfdoc-r30-s0,L8.fc1,8,fc1,2048,797,0.38916015625,0.8894298672676086
init-init,proj-c4-r30-s0,proj-selfdoc-r30-s0,L8.fc2,8,fc2,2048,797,0.38916015625,0.8532890677452087
final-final,proj-c4-r30-s0,proj-selfdoc-r30-s0,L8.fc2,8,fc2,2048,797,0.38916015625,0.8471333384513855
init-init,proj-c4-r30-s0,proj-selfdoc-r30-s0,L9.qkv,9,qkv,2048,1266,0.6181640625,0.9357829093933105
final-final,proj-c4-r30-s0,proj-selfdoc-r30-s0,L9.qkv,9,qkv,2048,1266,0.6181640625,0.9300364851951599
init-init,proj-c4-r30-s0,proj-selfdoc-r30-s0,L9.o,9,o,2048,1266,0.6181640625,0.937644362449646
final-final,proj-c4-r30-s0,proj-selfdoc-r30-s0,L9.o,9,o,2048,1266,0.6181640625,0.9322909116744995
init-init,proj-c4-r30-s0,proj-selfdoc-r30-s0,L9.fc1,9,fc1,2048,797,0.38916015625,0.8855550289154053
final-final,proj-c4-r30-s0,proj-selfdoc-r30-s0,L9.fc1,9,fc1,2048,797,0.38916015625,0.8789358139038086
init-init,proj-c4-r30-s0,proj-selfdoc-r30-s0,L9.fc2,9,fc2,2048,797,0.38916015625,0.8761618733406067
final-final,proj-c4-r30-s0,proj-selfdoc-r30-s0,L9.fc2,9,fc2,2048,797,0.38916015625,0.869398832321167
init-init,proj-c4-r30-s0,proj-selfdoc-r30-s0,L10.qkv,10,qkv,2048,1266,0.6181640625,0.9339622855186462
final-final,proj-c4-r30-s0,proj-selfdoc-r30-s0,L10.qkv,10,qkv,2048,1266,0.6181640625,0.9286131858825684
init-init,proj-c4-r30-s0,proj-selfdoc-r30-s0,L10.o,10,o,2048,1266,0.6181640625,0.9398983120918274
final-final,proj-c4-r30-s0,proj-selfdoc-r30-s0,L10.o,10,o,2048,1266,0.6181640625,0.9341950416564941
init-init,proj-c4-r30-s0,proj-selfdoc-r30-s0,L10.fc1,10,fc1,2048,797,0.38916015625,0.8793125748634338
final-final,proj-c4-r30-s0,proj-selfdoc-r30-s0,L10.fc1,10,fc1,2048,797,0.38916015625,0.872844398021698
init-init,proj-c4-r30-s0,proj-selfdoc-r30-s0,L10.fc2,10,fc2,2048,797,0.38916015625,0.8855381011962891
final-final,proj-c4-r30-s0,proj-selfdoc-r30-s0,L10.fc2,10,fc2,2048,797,0.38916015625,0.8783717155456543
init-init,proj-c4-r30-s0,proj-selfdoc-r30-s0,L11.qkv,11,qkv,2048,1266,0.6181640625,0.9310727119445801
final-final,proj-c4-r30-s0,proj-selfdoc-r30-s0,L11.qkv,11,qkv,2048,1266,0.6181640625,0.9256964921951294
init-init,proj-c4-r30-s0,proj-selfdoc-r30-s0,L11.o,11,o,2048,1266,0.6181640625,0.932848334312439
final-final,proj-c4-r30-s0,proj-selfdoc-r30-s0,L11.o,11,o,2048,1266,0.6181640625,0.9277270436286926
init-init,proj-c4-r30-s0,proj-selfdoc-r30-s0,L11.fc1,11,fc1,2048,797,0.38916015625,0.8764923810958862
final-final,proj-c4-r30-s0,proj-selfdoc-r30-s0,L11.fc1,11,fc1,2048,797,0.38916015625,0.8699482679367065
init-init,proj-c4-r30-s0,proj-selfdoc-r30-s0,L11.fc2,11,fc2,2048,797,0.38916015625,0.8962697982788086
final-final,proj-c4-r30-s0,proj-selfdoc-r30-s0,L11.fc2,11,fc2,2048,797,0.38916015625,0.8888009786605835
init-init,proj-c4-r30-s0,proj-selfdoc-r30-s0,L12.qkv,12,qkv,2048,1266,0.6181640625,0.93226158618927
final-final,proj-c4-r30-s0,proj-selfdoc-r30-s0,L12.qkv,12,qkv,2048,1266,0.6181640625,0.9269552826881409
init-init,proj-c4-r30-s0,proj-selfdoc-r30-s0,L12.o,12,o,2048,1266,0.6181640625,0.9356116056442261
final-final,proj-c4-r30-s0,proj-selfdoc-r30-s0,L12.o,12,o,2048,1266,0.6181640625,0.9304696917533875
init-init,proj-c4-r30-s0,proj-selfdoc-r30-s0,L12.fc1,12,fc1,2048,797,0.38916015625,0.875566303730011
final-final,proj-c4-r30-s0,proj-selfdoc-r30-s0,L12.fc1,12,fc1,2048,797,0.38916015625,0.8691725730895996
init-init,proj-c4-r30-s0,proj-selfdoc-r30-s0,L12.fc2,12,fc2,2048,797,0.38916015625,0.904640793800354
final-final,proj-c4-r30-s0,proj-selfdoc-r30-s0,L12.fc2,12,fc2,2048,797,0.38916015625,0.8968880772590637
init-init,proj-c4-r30-s0,proj-selfdoc-r30-s0,L13.qkv,13,qkv,2048,1266,0.6181640625,0.9329884052276611
final-final,proj-c4-r30-s0,proj-selfdoc-r30-s0,L13.qkv,13,qkv,2048,1266,0.6181640625,0.9275887608528137
init-init,proj-c4-r30-s0,proj-selfdoc-r30-s0,L13.o,13,o,2048,1266,0.6181640625,0.9443338513374329
final-final,proj-c4-r30-s0,proj-selfdoc-r30-s0,L13.o,13,o,2048,1266,0.6181640625,0.9385498762130737
init-init,proj-c4-r30-s0,proj-selfdoc-r30-s0,L13.fc1,13,fc1,2048,797,0.38916015625,0.8750043511390686
final-final,proj-c4-r30-s0,proj-selfdoc-r30-s0,L13.fc1,13,fc1,2048,797,0.38916015625,0.8685939908027649
init-init,proj-c4-r30-s0,proj-selfdoc-r30-s0,L13.fc2,13,fc2,2048,797,0.38916015625,0.9050608277320862
final-final,proj-c4-r30-s0,proj-selfdoc-r30-s0,L13.fc2,13,fc2,2048,797,0.38916015625,0.8972122669219971
init-init,proj-c4-r30-s0,proj-selfdoc-r30-s0,L14.qkv,14,qkv,2048,1266,0.6181640625,0.9298913478851318
final-final,proj-c4-r30-s0,proj-selfdoc-r30-s0,L14.qkv,14,qkv,2048,1266,0.6181640625,0.9248486757278442
init-init,proj-c4-r30-s0,proj-selfdoc-r30-s0,L14.o,14,o,2048,1266,0.6181640625,0.9314101934432983
final-final,proj-c4-r30-s0,proj-selfdoc-r30-s0,L14.o,14,o,2048,1266,0.6181640625,0.9260406494140625
init-init,proj-c4-r30-s0,proj-selfdoc-r30-s0,L14.fc1,14,fc1,2048,797,0.38916015625,0.8736945986747742
final-final,proj-c4-r30-s0,proj-selfdoc-r30-s0,L14.fc1,14,fc1,2048,797,0.38916015625,0.8673443794250488
init-init,proj-c4-r30-s0,proj-selfdoc-r30-s0,L14.fc2,14,fc2,2048,797,0.38916015625,0.895926833152771
final-final,proj-c4-r30-s0,proj-selfdoc-r30-s0,L14.fc2,14,fc2,2048,797,0.38916015625,0.8884252905845642
init-init,proj-c4-r30-s0,proj-selfdoc-r30-s0,L15.qkv,15,qkv,2048,1266,0.6181640625,0.9308505654335022
final-final,proj-c4-r30-s0,proj-selfdoc-r30-s0,L15.qkv,15,qkv,2048,1266,0.6181640625,0.9257903099060059
init-init,proj-c4-r30-s0,proj-selfdoc-r30-s0,L15.o,15,o,2048,1266,0.6181640625,0.9218354821205139
final-final,proj-c4-r30-s0,proj-selfdoc-r30-s0,L15.o,15,o,2048,1266,0.6181640625,0.9168917536735535
init-init,proj-c4-r30-s0,proj-selfdoc-r30-s0,L15.fc1,15,fc1,2048,797,0.38916015625,0.8704802393913269
final-final,proj-c4-r30-s0,proj-selfdoc-r30-s0,L15.fc1,15,fc1,2048,797,0.38916015625,0.8640289902687073
init-init,proj-c4-r30-s0,proj-selfdoc-r30-s0,L15.fc2,15,fc2,2048,797,0.38916015625,0.8992927670478821
final-final,proj-c4-r30-s0,proj-selfdoc-r30-s0,L15.fc2,15,fc2,2048,797,0.38916015625,0.8916856646537781
init-init,proj-c4-r30-s0,proj-selfdoc-r30-s0,L16.qkv,16,qkv,2048,1266,0.6181640625,0.9251042008399963
final-final,proj-c4-r30-s0,proj-selfdoc-r30-s0,L16.qkv,16,qkv,2048,1266,0.6181640625,0.9206737875938416
init-init,proj-c4-r30-s0,proj-selfdoc-r30-s0,L16.o,16,o,2048,1266,0.6181640625,0.9269130825996399
final-final,proj-c4-r30-s0,proj-selfdoc-r30-s0,L16.o,16,o,2048,1266,0.6181640625,0.9223607778549194
init-init,proj-c4-r30-s0,proj-selfdoc-r30-s0,L16.fc1,16,fc1,2048,797,0.38916015625,0.8714765906333923
final-final,proj-c4-r30-s0,proj-selfdoc-r30-s0,L16.fc1,16,fc1,2048,797,0.38916015625,0.864852786064148
init-init,proj-c4-r30-s0,proj-selfdoc-r30-s0,L16.fc2,16,fc2,2048,797,0.38916015625,0.8965275287628174
final-final,proj-c4-r30-s0,proj-selfdoc-r30-s0,L16.fc2,16,fc2,2048,797,0.38916015625,0.8887372612953186
init-init,proj-c4-r30-s0,proj-selfdoc-r30-s0,L17.qkv,17,qkv,2048,1266,0.6181640625,0.9220605492591858
final-final,proj-c4-r30-s0,proj-selfdoc-r30-s0,L17.qkv,17,qkv,2048,1266,0.6181640625,0.9172319173812866
init-init,proj-c4-r30-s0,proj-selfdoc-r30-s0,L17.o,17,o,2048,1266,0.6181640625,0.9127384424209595
final-final,proj-c4-r30-s0,proj-selfdoc-r30-s0,L17.o,17,o,2048,1266,0.6181640625,0.908261775970459
init-init,proj-c4-r30-s0,proj-selfdoc-r30-s0,L17.fc1,17,fc1,2048,797,0.38916015625,0.8721994757652283
final-final,proj-c4-r30-s0,proj-selfdoc-r30-s0,L17.fc1,17,fc1,2048,797,0.38916015625,0.865616500377655
init-init,proj-c4-r30-s0,proj-selfdoc-r30-s0,L17.fc2,17,fc2,2048,797,0.38916015625,0.891429603099823
final-final,proj-c4-r30-s0,proj-selfdoc-r30-s0,L17.fc2,17,fc2,2048,797,0.38916015625,0.8838515281677246
init-init,proj-c4-r30-s0,proj-selfdoc-r30-s0,L18.qkv,18,qkv,2048,1266,0.6181640625,0.9204138517379761
final-final,proj-c4-r30-s0,proj-selfdoc-r30-s0,L18.qkv,18,qkv,2048,1266,0.6181640625,0.916176974773407
init-init,proj-c4-r30-s0,proj-selfdoc-r30-s0,L18.o,18,o,2048,1266,0.6181640625,0.9238933324813843
final-final,proj-c4-r30-s0,proj-selfdoc-r30-s0,L18.o,18,o,2048,1266,0.6181640625,0.9192731380462646
init-init,proj-c4-r30-s0,proj-selfdoc-r30-s0,L18.fc1,18,fc1,2048,797,0.38916015625,0.8739979267120361
final-final,proj-c4-r30-s0,proj-selfdoc-r30-s0,L18.fc1,18,fc1,2048,797,0.38916015625,0.867075502872467
init-init,proj-c4-r30-s0,proj-selfdoc-r30-s0,L18.fc2,18,fc2,2048,797,0.38916015625,0.8902354836463928
final-final,proj-c4-r30-s0,proj-selfdoc-r30-s0,L18.fc2,18,fc2,2048,797,0.38916015625,0.8825581073760986
init-init,proj-c4-r30-s0,proj-selfdoc-r30-s0,L19.qkv,19,qkv,2048,1266,0.6181640625,0.9177818894386292
final-final,proj-c4-r30-s0,proj-selfdoc-r30-s0,L19.qkv,19,qkv,2048,1266,0.6181640625,0.9138827919960022
init-init,proj-c4-r30-s0,proj-selfdoc-r30-s0,L19.o,19,o,2048,1266,0.6181640625,0.9148008227348328
final-final,proj-c4-r30-s0,proj-selfdoc-r30-s0,L19.o,19,o,2048,1266,0.6181640625,0.9106371998786926
init-init,proj-c4-r30-s0,proj-selfdoc-r30-s0,L19.fc1,19,fc1,2048,797,0.38916015625,0.8731157183647156
final-final,proj-c4-r30-s0,proj-selfdoc-r30-s0,L19.fc1,19,fc1,2048,797,0.38916015625,0.8664218187332153
init-init,proj-c4-r30-s0,proj-selfdoc-r30-s0,L19.fc2,19,fc2,2048,797,0.38916015625,0.8864319324493408
final-final,proj-c4-r30-s0,proj-selfdoc-r30-s0,L19.fc2,19,fc2,2048,797,0.38916015625,0.8788102269172668
init-init,proj-c4-r30-s0,proj-selfdoc-r30-s0,L20.qkv,20,qkv,2048,1266,0.6181640625,0.9151732921600342
final-final,proj-c4-r30-s0,proj-selfdoc-r30-s0,L20.qkv,20,qkv,2048,1266,0.6181640625,0.9115871787071228
init-init,proj-c4-r30-s0,proj-selfdoc-r30-s0,L20.o,20,o,2048,1266,0.6181640625,0.9088632464408875
final-final,proj-c4-r30-s0,proj-selfdoc-r30-s0,L20.o,20,o,2048,1266,0.6181640625,0.9042884111404419
init-init,proj-c4-r30-s0,proj-selfdoc-r30-s0,L20.fc1,20,fc1,2048,797,0.38916015625,0.8690884113311768
final-final,proj-c4-r30-s0,proj-selfdoc-r30-s0,L20.fc1,20,fc1,2048,797,0.38916015625,0.8626365661621094
init-init,proj-c4-r30-s0,proj-selfdoc-r30-s0,L20.fc2,20,fc2,2048,797,0.38916015625,0.8755946159362793
final-final,proj-c4-r30-s0,proj-selfdoc-r30-s0,L20.fc2,20,fc2,2048,797,0.38916015625,0.86787348985672
init-init,proj-c4-r30-s0,proj-selfdoc-r30-s0,L21.qkv,21,qkv,2048,1266,0.6181640625,0.9076220989227295
final-final,proj-c4-r30-s0,proj-selfdoc-r30-s0,L21.qkv,21,qkv,2048,1266,0.6181640625,0.9042214155197144
init-init,proj-c4-r30-s0,proj-selfdoc-r30-s0,L21.o,21,o,2048,1266,0.6181640625,0.887063205242157
final-final,proj-c4-r30-s0,proj-selfdoc-r30-s0,L21.o,21,o,2048,1266,0.6181640625,0.8832606673240662
init-init,proj-c4-r30-s0,proj-selfdoc-r30-s0,L21.fc1,21,fc1,2048,797,0.38916015625,0.8612579703330994
final-final,proj-c4-r30-s0,proj-selfdoc-r30-s0,L21.fc1,21,fc1,2048,797,0.38916015625,0.8556182384490967
init-init,proj-c4-r30-s0,proj-selfdoc-r30-s0,L21.fc2,21,fc2,2048,797,0.38916015625,0.8778130412101746
final-final,proj-c4-r30-s0,proj-selfdoc-r30-s0,L21.fc2,21,fc2,2048,797,0.38916015625,0.8703176379203796
init-init,proj-c4-r30-s0,proj-selfdoc-r30-s0,L22.qkv,22,qkv,2048,1266,0.6181640625,0.9046754240989685
final-final,proj-c4-r30-s0,proj-selfdoc-r30-s0,L22.qkv,22,qkv,2048,1266,0.6181640625,0.9018615484237671
init-init,proj-c4-r30-s0,proj-selfdoc-r30-s0,L22.o,22,o,2048,1266,0.6181640625,0.8630731701850891
final-final,proj-c4-r30-s0,proj-selfdoc-r30-s0,L22.o,22,o,2048,1266,0.6181640625,0.8598893284797668
init-init,proj-c4-r30-s0,proj-selfdoc-r30-s0,L22.fc1,22,fc1,2048,797,0.38916015625,0.8533486723899841
final-final,proj-c4-r30-s0,proj-selfdoc-r30-s0,L22.fc1,22,fc1,2048,797,0.38916015625,0.84881991147995
init-init,proj-c4-r30-s0,proj-selfdoc-r30-s0,L22.fc2,22,fc2,2048,797,0.38916015625,0.8858391046524048
final-final,proj-c4-r30-s0,proj-selfdoc-r30-s0,L22.fc2,22,fc2,2048,797,0.38916015625,0.8790106773376465
init-init,proj-c4-r30-s0,proj-selfdoc-r30-s0,L23.qkv,23,qkv,2048,1266,0.6181640625,0.9046385884284973
final-final,proj-c4-r30-s0,proj-selfdoc-r30-s0,L23.qkv,23,qkv,2048,1266,0.6181640625,0.9039254784584045
init-init,proj-c4-r30-s0,proj-selfdoc-r30-s0,L23.o,23,o,2048,1266,0.6181640625,0.8637661933898926
final-final,proj-c4-r30-s0,proj-selfdoc-r30-s0,L23.o,23,o,2048,1266,0.6181640625,0.8589491248130798
init-init,proj-c4-r30-s0,proj-selfdoc-r30-s0,L23.fc1,23,fc1,2048,797,0.38916015625,0.8422171473503113
final-final,proj-c4-r30-s0,proj-selfdoc-r30-s0,L23.fc1,23,fc1,2048,797,0.38916015625,0.8382630348205566
init-init,proj-c4-r30-s0,proj-selfdoc-r30-s0,L23.fc2,23,fc2,2048,797,0.38916015625,0.8932547569274902
final-final,proj-c4-r30-s0,proj-selfdoc-r30-s0,L23.fc2,23,fc2,2048,797,0.38916015625,0.8838273286819458
init-init,proj-slimpajama-r30-s0,proj-alpaca-r30-s0,L0.qkv,0,qkv,2048,1266,0.6181640625,0.8781129121780396
final-final,proj-slimpajama-r30-s0,proj-alpaca-r30-s0,L0.qkv,0,qkv,2048,1266,0.6181640625,0.8737733364105225
init-init,proj-slimpajama-r30-s0,proj-alpaca-r30-s0,L0.o,0,o,2048,1266,0.6181640625,0.9110633134841919
final-final,proj-slimpajama-r30-s0,proj-alpaca-r30-s0,L0.o,0,o,2048,1266,0.6181640625,0.9061864018440247
init-init,proj-slimpajama-r30-s0,proj-alpaca-r30-s0,L0.fc1,0,fc1,2048,797,0.38916015625,0.8088266849517822
final-final,proj-slimpajama-r30-s0,proj-alpaca-r30-s0,L0.fc1,0,fc1,2048,797,0.38916015625,0.804282546043396
init-init,proj-slimpajama-r30-s0,proj-alpaca-r30-s0,L0.fc2,0,fc2,2048,797,0.38916015625,0.8583710193634033
final-final,proj-slimpajama-r30-s0,proj-alpaca-r30-s0,L0.fc2,0,fc2,2048,797,0.38916015625,0.8525791168212891
init-init,proj-slimpajama-r30-s0,proj-alpaca-r30-s0,L1.qkv,1,qkv,2048,1266,0.6181640625,0.9251691699028015
final-final,proj-slimpajama-r30-s0,proj-alpaca-r30-s0,L1.qkv,1,qkv,2048,1266,0.6181640625,0.9200416207313538
init-init,proj-slimpajama-r30-s0,proj-alpaca-r30-s0,L1.o,1,o,2048,1266,0.6181640625,0.9076868891716003
final-final,proj-slimpajama-r30-s0,proj-alpaca-r30-s0,L1.o,1,o,2048,1266,0.6181640625,0.9030196666717529
init-init,proj-slimpajama-r30-s0,proj-alpaca-r30-s0,L1.fc1,1,fc1,2048,797,0.38916015625,0.8894686102867126
final-final,proj-slimpajama-r30-s0,proj-alpaca-r30-s0,L1.fc1,1,fc1,2048,797,0.38916015625,0.8850358128547668
init-init,proj-slimpajama-r30-s0,proj-alpaca-r30-s0,L1.fc2,1,fc2,2048,797,0.38916015625,0.8331900835037231
final-final,proj-slimpajama-r30-s0,proj-alpaca-r30-s0,L1.fc2,1,fc2,2048,797,0.38916015625,0.8281750679016113
init-init,proj-slimpajama-r30-s0,proj-alpaca-r30-s0,L2.qkv,2,qkv,2048,1266,0.6181640625,0.92096346616745
final-final,proj-slimpajama-r30-s0,proj-alpaca-r30-s0,L2.qkv,2,qkv,2048,1266,0.6181640625,0.9160171747207642
init-init,proj-slimpajama-r30-s0,proj-alpaca-r30-s0,L2.o,2,o,2048,1266,0.6181640625,0.9308937788009644
final-final,proj-slimpajama-r30-s0,proj-alpaca-r30-s0,L2.o,2,o,2048,1266,0.6181640625,0.9269115328788757
init-init,proj-slimpajama-r30-s0,proj-alpaca-r30-s0,L2.fc1,2,fc1,2048,797,0.38916015625,0.876520574092865
final-final,proj-slimpajama-r30-s0,proj-alpaca-r30-s0,L2.fc1,2,fc1,2048,797,0.38916015625,0.8722465634346008
init-init,proj-slimpajama-r30-s0,proj-alpaca-r30-s0,L2.fc2,2,fc2,2048,797,0.38916015625,0.830111026763916
final-final,proj-slimpajama-r30-s0,proj-alpaca-r30-s0,L2.fc2,2,fc2,2048,797,0.38916015625,0.8249691724777222
init-init,proj-slimpajama-r30-s0,proj-alpaca-r30-s0,L3.qkv,3,qkv,2048,1266,0.6181640625,0.9163830280303955
final-final,proj-slimpajama-r30-s0,proj-alpaca-r30-s0,L3.qkv,3,qkv,2048,1266,0.6181640625,0.9112422466278076
init-init,proj-slimpajama-r30-s0,proj-alpaca-r30-s0,L3.o,3,o,2048,1266,0.6181640625,0.9126557111740112
final-final,proj-slimpajama-r30-s0,proj-alpaca-r30-s0,L3.o,3,o,2048,1266,0.6181640625,0.9084897041320801
init-init,proj-slimpajama-r30-s0,proj-alpaca-r30-s0,L3.fc1,3,fc1,2048,797,0.38916015625,0.8677065372467041
final-final,proj-slimpajama-r30-s0,proj-alpaca-r30-s0,L3.fc1,3,fc1,2048,797,0.38916015625,0.8632093071937561
init-init,proj-slimpajama-r30-s0,proj-alpaca-r30-s0,L3.fc2,3,fc2,2048,797,0.38916015625,0.8253164291381836
final-final,proj-slimpajama-r30-s0,proj-alpaca-r30-s0,L3.fc2,3,fc2,2048,797,0.38916015625,0.8198621869087219
init-init,proj-slimpajama-r30-s0,proj-alpaca-r30-s0,L4.qkv,4,qkv,2048,1266,0.6181640625,0.9120753407478333
final-final,proj-slimpajama-r30-s0,proj-alpaca-r30-s0,L4.qkv,4,qkv,2048,1266,0.6181640625,0.9071258902549744
init-init,proj-slimpajama-r30-s0,proj-alpaca-r30-s0,L4.o,4,o,2048,1266,0.6181640625,0.936701238155365
final-final,proj-slimpajama-r30-s0,proj-alpaca-r30-s0,L4.o,4,o,2048,1266,0.6181640625,0.9325384497642517
init-init,proj-slimpajama-r30-s0,proj-alpaca-r30-s0,L4.fc1,4,fc1,2048,797,0.38916015625,0.8606078028678894
final-final,proj-slimpajama-r30-s0,proj-alpaca-r30-s0,L4.fc1,4,fc1,2048,797,0.38916015625,0.8556273579597473
init-init,proj-slimpajama-r30-s0,proj-alpaca-r30-s0,L4.fc2,4,fc2,2048,797,0.38916015625,0.8127161264419556
final-final,proj-slimpajama-r30-s0,proj-alpaca-r30-s0,L4.fc2,4,fc2,2048,797,0.38916015625,0.8076444268226624
init-init,proj-slimpajama-r30-s0,proj-alpaca-r30-s0,L5.qkv,5,qkv,2048,1266,0.6181640625,0.9048370718955994
final-final,proj-slimpajama-r30-s0,proj-alpaca-r30-s0,L5.qkv,5,qkv,2048,1266,0.6181640625,0.8998312950134277
init-init,proj-slimpajama-r30-s0,proj-alpaca-r30-s0,L5.o,5,o,2048,1266,0.6181640625,0.9162988066673279
final-final,proj-slimpajama-r30-s0,proj-alpaca-r30-s0,L5.o,5,o,2048,1266,0.6181640625,0.9120205640792847
init-init,proj-slimpajama-r30-s0,proj-alpaca-r30-s0,L5.fc1,5,fc1,2048,797,0.38916015625,0.8503663539886475
final-final,proj-slimpajama-r30-s0,proj-alpaca-r30-s0,L5.fc1,5,fc1,2048,797,0.38916015625,0.8450918197631836
init-init,proj-slimpajama-r30-s0,proj-alpaca-r30-s0,L5.fc2,5,fc2,2048,797,0.38916015625,0.8023638725280762
final-final,proj-slimpajama-r30-s0,proj-alpaca-r30-s0,L5.fc2,5,fc2,2048,797,0.38916015625,0.7972970008850098
init-init,proj-slimpajama-r30-s0,proj-alpaca-r30-s0,L6.qkv,6,qkv,2048,1266,0.6181640625,0.9014193415641785
final-final,proj-slimpajama-r30-s0,proj-alpaca-r30-s0,L6.qkv,6,qkv,2048,1266,0.6181640625,0.8962467312812805
init-init,proj-slimpajama-r30-s0,proj-alpaca-r30-s0,L6.o,6,o,2048,1266,0.6181640625,0.9021386504173279
final-final,proj-slimpajama-r30-s0,proj-alpaca-r30-s0,L6.o,6,o,2048,1266,0.6181640625,0.8974210023880005
init-init,proj-slimpajama-r30-s0,proj-alpaca-r30-s0,L6.fc1,6,fc1,2048,797,0.38916015625,0.8409055471420288
final-final,proj-slimpajama-r30-s0,proj-alpaca-r30-s0,L6.fc1,6,fc1,2048,797,0.38916015625,0.8354018926620483
init-init,proj-slimpajama-r30-s0,proj-alpaca-r30-s0,L6.fc2,6,fc2,2048,797,0.38916015625,0.7867989540100098
final-final,proj-slimpajama-r30-s0,proj-alpaca-r30-s0,L6.fc2,6,fc2,2048,797,0.38916015625,0.7820827960968018
init-init,proj-slimpajama-r30-s0,proj-alpaca-r30-s0,L7.qkv,7,qkv,2048,1266,0.6181640625,0.8947361707687378
final-final,proj-slimpajama-r30-s0,proj-alpaca-r30-s0,L7.qkv,7,qkv,2048,1266,0.6181640625,0.8895352482795715
init-init,proj-slimpajama-r30-s0,proj-alpaca-r30-s0,L7.o,7,o,2048,1266,0.6181640625,0.8893803954124451
final-final,proj-slimpajama-r30-s0,proj-alpaca-r30-s0,L7.o,7,o,2048,1266,0.6181640625,0.884648859500885
init-init,proj-slimpajama-r30-s0,proj-alpaca-r30-s0,L7.fc1,7,fc1,2048,797,0.38916015625,0.828021228313446
final-final,proj-slimpajama-r30-s0,proj-alpaca-r30-s0,L7.fc1,7,fc1,2048,797,0.38916015625,0.8226016759872437
init-init,proj-slimpajama-r30-s0,proj-alpaca-r30-s0,L7.fc2,7,fc2,2048,797,0.38916015625,0.7823973298072815
final-final,proj-slimpajama-r30-s0,proj-alpaca-r30-s0,L7.fc2,7,fc2,2048,797,0.38916015625,0.7774423956871033
init-init,proj-slimpajama-r30-s0,proj-alpaca-r30-s0,L8.qkv,8,qkv,2048,1266,0.6181640625,0.8882433772087097
final-final,proj-slimpajama-r30-s0,proj-alpaca-r30-s0,L8.qkv,8,qkv,2048,1266,0.6181640625,0.883234441280365
init-init,proj-slimpajama-r30-s0,proj-alpaca-r30-s0,L8.o,8,o,2048,1266,0.6181640625,0.8866730332374573
final-final,proj-slimpajama-r30-s0,proj-alpaca-r30-s0,L8.o,8,o,2048,1266,0.6181640625,0.8819398880004883
init-init,proj-slimpajama-r30-s0,proj-alpaca-r30-s0,L8.fc1,8,fc1,2048,797,0.38916015625,0.8158067464828491
final-final,proj-slimpajama-r30-s0,proj-alpaca-r30-s0,L8.fc1,8,fc1,2048,797,0.38916015625,0.8100942969322205
init-init,proj-slimpajama-r30-s0,proj-alpaca-r30-s0,L8.fc2,8,fc2,2048,797,0.38916015625,0.7972733378410339
final-final,proj-slimpajama-r30-s0,proj-alpaca-r30-s0,L8.fc2,8,fc2,2048,797,0.38916015625,0.791768491268158
init-init,proj-slimpajama-r30-s0,proj-alpaca-r30-s0,L9.qkv,9,qkv,2048,1266,0.6181640625,0.881824791431427
final-final,proj-slimpajama-r30-s0,proj-alpaca-r30-s0,L9.qkv,9,qkv,2048,1266,0.6181640625,0.8766757249832153
init-init,proj-slimpajama-r30-s0,proj-alpaca-r30-s0,L9.o,9,o,2048,1266,0.6181640625,0.8890218734741211
final-final,proj-slimpajama-r30-s0,proj-alpaca-r30-s0,L9.o,9,o,2048,1266,0.6181640625,0.8841840028762817
init-init,proj-slimpajama-r30-s0,proj-alpaca-r30-s0,L9.fc1,9,fc1,2048,797,0.38916015625,0.8051725029945374
final-final,proj-slimpajama-r30-s0,proj-alpaca-r30-s0,L9.fc1,9,fc1,2048,797,0.38916015625,0.7995222210884094
init-init,proj-slimpajama-r30-s0,proj-alpaca-r30-s0,L9.fc2,9,fc2,2048,797,0.38916015625,0.8147107362747192
final-final,proj-slimpajama-r30-s0,proj-alpaca-r30-s0,L9.fc2,9,fc2,2048,797,0.38916015625,0.8088640570640564
init-init,proj-slimpajama-r30-s0,proj-alpaca-r30-s0,L10.qkv,10,qkv,2048,1266,0.6181640625,0.8808751106262207
final-final,proj-slimpajama-r30-s0,proj-alpaca-r30-s0,L10.qkv,10,qkv,2048,1266,0.6181640625,0.876026451587677
init-init,proj-slimpajama-r30-s0,proj-alpaca-r30-s0,L10.o,10,o,2048,1266,0.6181640625,0.8883290886878967
final-final,proj-slimpajama-r30-s0,proj-alpaca-r30-s0,L10.o,10,o,2048,1266,0.6181640625,0.8833678960800171
init-init,proj-slimpajama-r30-s0,proj-alpaca-r30-s0,L10.fc1,10,fc1,2048,797,0.38916015625,0.7995941042900085
final-final,proj-slimpajama-r30-s0,proj-alpaca-r30-s0,L10.fc1,10,fc1,2048,797,0.38916015625,0.7941179275512695
init-init,proj-slimpajama-r30-s0,proj-alpaca-r30-s0,L10.fc2,10,fc2,2048,797,0.38916015625,0.8205637335777283
final-final,proj-slimpajama-r30-s0,proj-alpaca-r30-s0,L10.fc2,10,fc2,2048,797,0.38916015625,0.814607560634613
init-init,proj-slimpajama-r30-s0,proj-alpaca-r30-s0,L11.qkv,11,qkv,2048,1266,0.6181640625,0.8769727349281311
final-final,proj-slimpajama-r30-s0,proj-alpaca-r30-s0,L11.qkv,11,qkv,2048,1266,0.6181640625,0.8722072243690491
init-init,proj-slimpajama-r30-s0,proj-alpaca-r30-s0,L11.o,11,o,2048,1266,0.6181640625,0.8837600350379944
final-final,proj-slimpajama-r30-s0,proj-alpaca-r30-s0,L11.o,11,o,2048,1266,0.6181640625,0.8792923092842102
init-init,proj-slimpajama-r30-s0,proj-alpaca-r30-s0,L11.fc1,11,fc1,2048,797,0.38916015625,0.7960415482521057
final-final,proj-slimpajama-r30-s0,proj-alpaca-r30-s0,L11.fc1,11,fc1,2048,797,0.38916015625,0.7904722094535828
init-init,proj-slimpajama-r30-s0,proj-alpaca-r30-s0,L11.fc2,11,fc2,2048,797,0.38916015625,0.8282228708267212
final-final,proj-slimpajama-r30-s0,proj-alpaca-r30-s0,L11.fc2,11,fc2,2048,797,0.38916015625,0.822125256061554
init-init,proj-slimpajama-r30-s0,proj-alpaca-r30-s0,L12.qkv,12,qkv,2048,1266,0.6181640625,0.8766810297966003
final-final,proj-slimpajama-r30-s0,proj-alpaca-r30-s0,L12.qkv,12,qkv,2048,1266,0.6181640625,0.8720037937164307
init-init,proj-slimpajama-r30-s0,proj-alpaca-r30-s0,L12.o,12,o,2048,1266,0.6181640625,0.8895998597145081
final-final,proj-slimpajama-r30-s0,proj-alpaca-r30-s0,L12.o,12,o,2048,1266,0.6181640625,0.8849814534187317
init-init,proj-slimpajama-r30-s0,proj-alpaca-r30-s0,L12.fc1,12,fc1,2048,797,0.38916015625,0.7941970825195312
final-final,proj-slimpajama-r30-s0,proj-alpaca-r30-s0,L12.fc1,12,fc1,2048,797,0.38916015625,0.7888211011886597
init-init,proj-slimpajama-r30-s0,proj-alpaca-r30-s0,L12.fc2,12,fc2,2048,797,0.38916015625,0.8314352631568909
final-final,proj-slimpajama-r30-s0,proj-alpaca-r30-s0,L12.fc2,12,fc2,2048,797,0.38916015625,0.8253495097160339
init-init,proj-slimpajama-r30-s0,proj-alpaca-r30-s0,L13.qkv,13,qkv,2048,1266,0.6181640625,0.8791399002075195
final-final,proj-slimpajama-r30-s0,proj-alpaca-r30-s0,L13.qkv,13,qkv,2048,1266,0.6181640625,0.8745352625846863
init-init,proj-slimpajama-r30-s0,proj-alpaca-r30-s0,L13.o,13,o,2048,1266,0.6181640625,0.8826204538345337
final-final,proj-slimpajama-r30-s0,proj-alpaca-r30-s0,L13.o,13,o,2048,1266,0.6181640625,0.878162682056427
init-init,proj-slimpajama-r30-s0,proj-alpaca-r30-s0,L13.fc1,13,fc1,2048,797,0.38916015625,0.7927499413490295
final-final,proj-slimpajama-r30-s0,proj-alpaca-r30-s0,L13.fc1,13,fc1,2048,797,0.38916015625,0.7877063155174255
init-init,proj-slimpajama-r30-s0,proj-alpaca-r30-s0,L13.fc2,13,fc2,2048,797,0.38916015625,0.8321953415870667
final-final,proj-slimpajama-r30-s0,proj-alpaca-r30-s0,L13.fc2,13,fc2,2048,797,0.38916015625,0.8260495066642761
init-init,proj-slimpajama-r30-s0,proj-alpaca-r30-s0,L14.qkv,14,qkv,2048,1266,0.6181640625,0.8739390969276428
final-final,proj-slimpajama-r30-s0,proj-alpaca-r30-s0,L14.qkv,14,qkv,2048,1266,0.6181640625,0.8697696924209595
init-init,proj-slimpajama-r30-s0,proj-alpaca-r30-s0,L14.o,14,o,2048,1266,0.6181640625,0.8820391893386841
final-final,proj-slimpajama-r30-s0,proj-alpaca-r30-s0,L14.o,14,o,2048,1266,0.6181640625,0.8777152299880981
init-init,proj-slimpajama-r30-s0,proj-alpaca-r30-s0,L14.fc1,14,fc1,2048,797,0.38916015625,0.7898808121681213
final-final,proj-slimpajama-r30-s0,proj-alpaca-r30-s0,L14.fc1,14,fc1,2048,797,0.38916015625,0.7851879596710205
init-init,proj-slimpajama-r30-s0,proj-alpaca-r30-s0,L14.fc2,14,fc2,2048,797,0.38916015625,0.8333209156990051
final-final,proj-slimpajama-r30-s0,proj-alpaca-r30-s0,L14.fc2,14,fc2,2048,797,0.38916015625,0.8272616267204285
init-init,proj-slimpajama-r30-s0,proj-alpaca-r30-s0,L15.qkv,15,qkv,2048,1266,0.6181640625,0.8766509294509888
final-final,proj-slimpajama-r30-s0,proj-alpaca-r30-s0,L15.qkv,15,qkv,2048,1266,0.6181640625,0.8727377653121948
init-init,proj-slimpajama-r30-s0,proj-alpaca-r30-s0,L15.o,15,o,2048,1266,0.6181640625,0.8682751655578613
final-final,proj-slimpajama-r30-s0,proj-alpaca-r30-s0,L15.o,15,o,2048,1266,0.6181640625,0.8641519546508789
init-init,proj-slimpajama-r30-s0,proj-alpaca-r30-s0,L15.fc1,15,fc1,2048,797,0.38916015625,0.7879323363304138
final-final,proj-slimpajama-r30-s0,proj-alpaca-r30-s0,L15.fc1,15,fc1,2048,797,0.38916015625,0.783079981803894
init-init,proj-slimpajama-r30-s0,proj-alpaca-r30-s0,L15.fc2,15,fc2,2048,797,0.38916015625,0.8309710621833801
final-final,proj-slimpajama-r30-s0,proj-alpaca-r30-s0,L15.fc2,15,fc2,2048,797,0.38916015625,0.8250402212142944
init-init,proj-slimpajama-r30-s0,proj-alpaca-r30-s0,L16.qkv,16,qkv,2048,1266,0.6181640625,0.868991494178772
final-final,proj-slimpajama-r30-s0,proj-alpaca-r30-s0,L16.qkv,16,qkv,2048,1266,0.6181640625,0.8651525974273682
init-init,proj-slimpajama-r30-s0,proj-alpaca-r30-s0,L16.o,16,o,2048,1266,0.6181640625,0.878316342830658
final-final,proj-slimpajama-r30-s0,proj-alpaca-r30-s0,L16.o,16,o,2048,1266,0.6181640625,0.8743321895599365
init-init,proj-slimpajama-r30-s0,proj-alpaca-r30-s0,L16.fc1,16,fc1,2048,797,0.38916015625,0.7889246344566345
final-final,proj-slimpajama-r30-s0,proj-alpaca-r30-s0,L16.fc1,16,fc1,2048,797,0.38916015625,0.7840369343757629
init-init,proj-slimpajama-r30-s0,proj-alpaca-r30-s0,L16.fc2,16,fc2,2048,797,0.38916015625,0.8301326632499695
final-final,proj-slimpajama-r30-s0,proj-alpaca-r30-s0,L16.fc2,16,fc2,2048,797,0.38916015625,0.8240810632705688
init-init,proj-slimpajama-r30-s0,proj-alpaca-r30-s0,L17.qkv,17,qkv,2048,1266,0.6181640625,0.8652312755584717
final-final,proj-slimpajama-r30-s0,proj-alpaca-r30-s0,L17.qkv,17,qkv,2048,1266,0.6181640625,0.8617234826087952
init-init,proj-slimpajama-r30-s0,proj-alpaca-r30-s0,L17.o,17,o,2048,1266,0.6181640625,0.8689666986465454
final-final,proj-slimpajama-r30-s0,proj-alpaca-r30-s0,L17.o,17,o,2048,1266,0.6181640625,0.865170955657959
init-init,proj-slimpajama-r30-s0,proj-alpaca-r30-s0,L17.fc1,17,fc1,2048,797,0.38916015625,0.7883121371269226
final-final,proj-slimpajama-r30-s0,proj-alpaca-r30-s0,L17.fc1,17,fc1,2048,797,0.38916015625,0.7833316922187805
init-init,proj-slimpajama-r30-s0,proj-alpaca-r30-s0,L17.fc2,17,fc2,2048,797,0.38916015625,0.8307750225067139
final-final,proj-slimpajama-r30-s0,proj-alpaca-r30-s0,L17.fc2,17,fc2,2048,797,0.38916015625,0.8250772356987
init-init,proj-slimpajama-r30-s0,proj-alpaca-r30-s0,L18.qkv,18,qkv,2048,1266,0.6181640625,0.8664025664329529
final-final,proj-slimpajama-r30-s0,proj-alpaca-r30-s0,L18.qkv,18,qkv,2048,1266,0.6181640625,0.8632031679153442
init-init,proj-slimpajama-r30-s0,proj-alpaca-r30-s0,L18.o,18,o,2048,1266,0.6181640625,0.8742318153381348
final-final,proj-slimpajama-r30-s0,proj-alpaca-r30-s0,L18.o,18,o,2048,1266,0.6181640625,0.8708200454711914
init-init,proj-slimpajama-r30-s0,proj-alpaca-r30-s0,L18.fc1,18,fc1,2048,797,0.38916015625,0.7891781330108643
final-final,proj-slimpajama-r30-s0,proj-alpaca-r30-s0,L18.fc1,18,fc1,2048,797,0.38916015625,0.7840508818626404
init-init,proj-slimpajama-r30-s0,proj-alpaca-r30-s0,L18.fc2,18,fc2,2048,797,0.38916015625,0.8316107988357544
final-final,proj-slimpajama-r30-s0,proj-alpaca-r30-s0,L18.fc2,18,fc2,2048,797,0.38916015625,0.8256696462631226
init-init,proj-slimpajama-r30-s0,proj-alpaca-r30-s0,L19.qkv,19,qkv,2048,1266,0.6181640625,0.8626431226730347
final-final,proj-slimpajama-r30-s0,proj-alpaca-r30-s0,L19.qkv,19,qkv,2048,1266,0.6181640625,0.859584629535675
init-init,proj-slimpajama-r30-s0,proj-alpaca-r30-s0,L19.o,19,o,2048,1266,0.6181640625,0.8627776503562927
final-final,proj-slimpajama-r30-s0,proj-alpaca-r30-s0,L19.o,19,o,2048,1266,0.6181640625,0.8597599267959595
init-init,proj-slimpajama-r30-s0,proj-alpaca-r30-s0,L19.fc1,19,fc1,2048,797,0.38916015625,0.7875722050666809
final-final,proj-slimpajama-r30-s0,proj-alpaca-r30-s0,L19.fc1,19,fc1,2048,797,0.38916015625,0.7826583385467529
init-init,proj-slimpajama-r30-s0,proj-alpaca-r30-s0,L19.fc2,19,fc2,2048,797,0.38916015625,0.8288641571998596
final-final,proj-slimpajama-r30-s0,proj-alpaca-r30-s0,L19.fc2,19,fc2,2048,797,0.38916015625,0.8229604363441467
init-init,proj-slimpajama-r30-s0,proj-alpaca-r30-s0,L20.qkv,20,qkv,2048,1266,0.6181640625,0.8594838976860046
final-final,proj-slimpajama-r30-s0,proj-alpaca-r30-s0,L20.qkv,20,qkv,2048,1266,0.6181640625,0.8564810752868652
init-init,proj-slimpajama-r30-s0,proj-alpaca-r30-s0,L20.o,20,o,2048,1266,0.6181640625,0.8547042012214661
final-final,proj-slimpajama-r30-s0,proj-alpaca-r30-s0,L20.o,20,o,2048,1266,0.6181640625,0.8516291379928589
init-init,proj-slimpajama-r30-s0,proj-alpaca-r30-s0,L20.fc1,20,fc1,2048,797,0.38916015625,0.7824011445045471
final-final,proj-slimpajama-r30-s0,proj-alpaca-r30-s0,L20.fc1,20,fc1,2048,797,0.38916015625,0.7776264548301697
init-init,proj-slimpajama-r30-s0,proj-alpaca-r30-s0,L20.fc2,20,fc2,2048,797,0.38916015625,0.82450270652771
final-final,proj-slimpajama-r30-s0,proj-alpaca-r30-s0,L20.fc2,20,fc2,2048,797,0.38916015625,0.8185397982597351
init-init,proj-slimpajama-r30-s0,proj-alpaca-r30-s0,L21.qkv,21,qkv,2048,1266,0.6181640625,0.8533347249031067
final-final,proj-slimpajama-r30-s0,proj-alpaca-r30-s0,L21.qkv,21,qkv,2048,1266,0.6181640625,0.850713312625885
init-init,proj-slimpajama-r30-s0,proj-alpaca-r30-s0,L21.o,21,o,2048,1266,0.6181640625,0.8450104594230652
final-final,proj-slimpajama-r30-s0,proj-alpaca-r30-s0,L21.o,21,o,2048,1266,0.6181640625,0.8422149419784546
init-init,proj-slimpajama-r30-s0,proj-alpaca-r30-s0,L21.fc1,21,fc1,2048,797,0.38916015625,0.7768498063087463
final-final,proj-slimpajama-r30-s0,proj-alpaca-r30-s0,L21.fc1,21,fc1,2048,797,0.38916015625,0.7727671265602112
init-init,proj-slimpajama-r30-s0,proj-alpaca-r30-s0,L21.fc2,21,fc2,2048,797,0.38916015625,0.8262200355529785
final-final,proj-slimpajama-r30-s0,proj-alpaca-r30-s0,L21.fc2,21,fc2,2048,797,0.38916015625,0.8204860091209412
init-init,proj-slimpajama-r30-s0,proj-alpaca-r30-s0,L22.qkv,22,qkv,2048,1266,0.6181640625,0.8481892943382263
final-final,proj-slimpajama-r30-s0,proj-alpaca-r30-s0,L22.qkv,22,qkv,2048,1266,0.6181640625,0.8456256985664368
init-init,proj-slimpajama-r30-s0,proj-alpaca-r30-s0,L22.o,22,o,2048,1266,0.6181640625,0.8324369788169861
final-final,proj-slimpajama-r30-s0,proj-alpaca-r30-s0,L22.o,22,o,2048,1266,0.6181640625,0.8295242786407471
init-init,proj-slimpajama-r30-s0,proj-alpaca-r30-s0,L22.fc1,22,fc1,2048,797,0.38916015625,0.7704088091850281
final-final,proj-slimpajama-r30-s0,proj-alpaca-r30-s0,L22.fc1,22,fc1,2048,797,0.38916015625,0.7673572301864624
init-init,proj-slimpajama-r30-s0,proj-alpaca-r30-s0,L22.fc2,22,fc2,2048,797,0.38916015625,0.8325697779655457
final-final,proj-slimpajama-r30-s0,proj-alpaca-r30-s0,L22.fc2,22,fc2,2048,797,0.38916015625,0.8276736736297607
init-init,proj-slimpajama-r30-s0,proj-alpaca-r30-s0,L23.qkv,23,qkv,2048,1266,0.6181640625,0.8506317734718323
final-final,proj-slimpajama-r30-s0,proj-alpaca-r30-s0,L23.qkv,23,qkv,2048,1266,0.6181640625,0.8498826622962952
init-init,proj-slimpajama-r30-s0,proj-alpaca-r30-s0,L23.o,23,o,2048,1266,0.6181640625,0.8337103724479675
final-final,proj-slimpajama-r30-s0,proj-alpaca-r30-s0,L23.o,23,o,2048,1266,0.6181640625,0.8301633596420288
init-init,proj-slimpajama-r30-s0,proj-alpaca-r30-s0,L23.fc1,23,fc1,2048,797,0.38916015625,0.764690101146698
final-final,proj-slimpajama-r30-s0,proj-alpaca-r30-s0,L23.fc1,23,fc1,2048,797,0.38916015625,0.7623132467269897
init-init,proj-slimpajama-r30-s0,proj-alpaca-r30-s0,L23.fc2,23,fc2,2048,797,0.38916015625,0.8330451846122742
final-final,proj-slimpajama-r30-s0,proj-alpaca-r30-s0,L23.fc2,23,fc2,2048,797,0.38916015625,0.8274815678596497
init-init,proj-slimpajama-r30-s0,proj-selfgen-r30-s0,L0.qkv,0,qkv,2048,1266,0.6181640625,0.9370148181915283
final-final,proj-slimpajama-r30-s0,proj-selfgen-r30-s0,L0.qkv,0,qkv,2048,1266,0.6181640625,0.9310610294342041
init-init,proj-slimpajama-r30-s0,proj-selfgen-r30-s0,L0.o,0,o,2048,1266,0.6181640625,0.9163731932640076
final-final,proj-slimpajama-r30-s0,proj-selfgen-r30-s0,L0.o,0,o,2048,1266,0.6181640625,0.9110647439956665
init-init,proj-slimpajama-r30-s0,proj-selfgen-r30-s0,L0.fc1,0,fc1,2048,797,0.38916015625,0.8946661949157715
final-final,proj-slimpajama-r30-s0,proj-selfgen-r30-s0,L0.fc1,0,fc1,2048,797,0.38916015625,0.8885946869850159
init-init,proj-slimpajama-r30-s0,proj-selfgen-r30-s0,L0.fc2,0,fc2,2048,797,0.38916015625,0.9036083817481995
final-final,proj-slimpajama-r30-s0,proj-selfgen-r30-s0,L0.fc2,0,fc2,2048,797,0.38916015625,0.8965385556221008
init-init,proj-slimpajama-r30-s0,proj-selfgen-r30-s0,L1.qkv,1,qkv,2048,1266,0.6181640625,0.9573827385902405
final-final,proj-slimpajama-r30-s0,proj-selfgen-r30-s0,L1.qkv,1,qkv,2048,1266,0.6181640625,0.9517861008644104
init-init,proj-slimpajama-r30-s0,proj-selfgen-r30-s0,L1.o,1,o,2048,1266,0.6181640625,0.9178346395492554
final-final,proj-slimpajama-r30-s0,proj-selfgen-r30-s0,L1.o,1,o,2048,1266,0.6181640625,0.9128544330596924
init-init,proj-slimpajama-r30-s0,proj-selfgen-r30-s0,L1.fc1,1,fc1,2048,797,0.38916015625,0.9329322576522827
final-final,proj-slimpajama-r30-s0,proj-selfgen-r30-s0,L1.fc1,1,fc1,2048,797,0.38916015625,0.9283893704414368
init-init,proj-slimpajama-r30-s0,proj-selfgen-r30-s0,L1.fc2,1,fc2,2048,797,0.38916015625,0.8931323885917664
final-final,proj-slimpajama-r30-s0,proj-selfgen-r30-s0,L1.fc2,1,fc2,2048,797,0.38916015625,0.8864567279815674
init-init,proj-slimpajama-r30-s0,proj-selfgen-r30-s0,L2.qkv,2,qkv,2048,1266,0.6181640625,0.955807089805603
final-final,proj-slimpajama-r30-s0,proj-selfgen-r30-s0,L2.qkv,2,qkv,2048,1266,0.6181640625,0.9498542547225952
init-init,proj-slimpajama-r30-s0,proj-selfgen-r30-s0,L2.o,2,o,2048,1266,0.6181640625,0.9430897831916809
final-final,proj-slimpajama-r30-s0,proj-selfgen-r30-s0,L2.o,2,o,2048,1266,0.6181640625,0.938467800617218
init-init,proj-slimpajama-r30-s0,proj-selfgen-r30-s0,L2.fc1,2,fc1,2048,797,0.38916015625,0.9263522028923035
final-final,proj-slimpajama-r30-s0,proj-selfgen-r30-s0,L2.fc1,2,fc1,2048,797,0.38916015625,0.9212549924850464
init-init,proj-slimpajama-r30-s0,proj-selfgen-r30-s0,L2.fc2,2,fc2,2048,797,0.38916015625,0.8876112103462219
final-final,proj-slimpajama-r30-s0,proj-selfgen-r30-s0,L2.fc2,2,fc2,2048,797,0.38916015625,0.8807868361473083
init-init,proj-slimpajama-r30-s0,proj-selfgen-r30-s0,L3.qkv,3,qkv,2048,1266,0.6181640625,0.9520179033279419
final-final,proj-slimpajama-r30-s0,proj-selfgen-r30-s0,L3.qkv,3,qkv,2048,1266,0.6181640625,0.9456316828727722
init-init,proj-slimpajama-r30-s0,proj-selfgen-r30-s0,L3.o,3,o,2048,1266,0.6181640625,0.9392998218536377
final-final,proj-slimpajama-r30-s0,proj-selfgen-r30-s0,L3.o,3,o,2048,1266,0.6181640625,0.9343412518501282
init-init,proj-slimpajama-r30-s0,proj-selfgen-r30-s0,L3.fc1,3,fc1,2048,797,0.38916015625,0.9194393754005432
final-final,proj-slimpajama-r30-s0,proj-selfgen-r30-s0,L3.fc1,3,fc1,2048,797,0.38916015625,0.9137969017028809
init-init,proj-slimpajama-r30-s0,proj-selfgen-r30-s0,L3.fc2,3,fc2,2048,797,0.38916015625,0.8730456233024597
final-final,proj-slimpajama-r30-s0,proj-selfgen-r30-s0,L3.fc2,3,fc2,2048,797,0.38916015625,0.8662031292915344
init-init,proj-slimpajama-r30-s0,proj-selfgen-r30-s0,L4.qkv,4,qkv,2048,1266,0.6181640625,0.9477934241294861
final-final,proj-slimpajama-r30-s0,proj-selfgen-r30-s0,L4.qkv,4,qkv,2048,1266,0.6181640625,0.9416388273239136
init-init,proj-slimpajama-r30-s0,proj-selfgen-r30-s0,L4.o,4,o,2048,1266,0.6181640625,0.9495798349380493
final-final,proj-slimpajama-r30-s0,proj-selfgen-r30-s0,L4.o,4,o,2048,1266,0.6181640625,0.9446333050727844
init-init,proj-slimpajama-r30-s0,proj-selfgen-r30-s0,L4.fc1,4,fc1,2048,797,0.38916015625,0.9138143062591553
final-final,proj-slimpajama-r30-s0,proj-selfgen-r30-s0,L4.fc1,4,fc1,2048,797,0.38916015625,0.9075031876564026
init-init,proj-slimpajama-r30-s0,proj-selfgen-r30-s0,L4.fc2,4,fc2,2048,797,0.38916015625,0.836095929145813
final-final,proj-slimpajama-r30-s0,proj-selfgen-r30-s0,L4.fc2,4,fc2,2048,797,0.38916015625,0.8300670981407166
init-init,proj-slimpajama-r30-s0,proj-selfgen-r30-s0,L5.qkv,5,qkv,2048,1266,0.6181640625,0.9407866597175598
final-final,proj-slimpajama-r30-s0,proj-selfgen-r30-s0,L5.qkv,5,qkv,2048,1266,0.6181640625,0.9346416592597961
init-init,proj-slimpajama-r30-s0,proj-selfgen-r30-s0,L5.o,5,o,2048,1266,0.6181640625,0.9323111772537231
final-final,proj-slimpajama-r30-s0,proj-selfgen-r30-s0,L5.o,5,o,2048,1266,0.6181640625,0.9271441102027893
init-init,proj-slimpajama-r30-s0,proj-selfgen-r30-s0,L5.fc1,5,fc1,2048,797,0.38916015625,0.9027431607246399
final-final,proj-slimpajama-r30-s0,proj-selfgen-r30-s0,L5.fc1,5,fc1,2048,797,0.38916015625,0.8963044285774231
init-init,proj-slimpajama-r30-s0,proj-selfgen-r30-s0,L5.fc2,5,fc2,2048,797,0.38916015625,0.8227490186691284
final-final,proj-slimpajama-r30-s0,proj-selfgen-r30-s0,L5.fc2,5,fc2,2048,797,0.38916015625,0.8168784379959106
init-init,proj-slimpajama-r30-s0,proj-selfgen-r30-s0,L6.qkv,6,qkv,2048,1266,0.6181640625,0.9356425404548645
final-final,proj-slimpajama-r30-s0,proj-selfgen-r30-s0,L6.qkv,6,qkv,2048,1266,0.6181640625,0.9292418360710144
init-init,proj-slimpajama-r30-s0,proj-selfgen-r30-s0,L6.o,6,o,2048,1266,0.6181640625,0.9292906522750854
final-final,proj-slimpajama-r30-s0,proj-selfgen-r30-s0,L6.o,6,o,2048,1266,0.6181640625,0.923308253288269
init-init,proj-slimpajama-r30-s0,proj-selfgen-r30-s0,L6.fc1,6,fc1,2048,797,0.38916015625,0.8920267224311829
final-final,proj-slimpajama-r30-s0,proj-selfgen-r30-s0,L6.fc1,6,fc1,2048,797,0.38916015625,0.8851555585861206
init-init,proj-slimpajama-r30-s0,proj-selfgen-r30-s0,L6.fc2,6,fc2,2048,797,0.38916015625,0.8117730617523193
final-final,proj-slimpajama-r30-s0,proj-selfgen-r30-s0,L6.fc2,6,fc2,2048,797,0.38916015625,0.8064132332801819
init-init,proj-slimpajama-r30-s0,proj-selfgen-r30-s0,L7.qkv,7,qkv,2048,1266,0.6181640625,0.927649736404419
final-final,proj-slimpajama-r30-s0,proj-selfgen-r30-s0,L7.qkv,7,qkv,2048,1266,0.6181640625,0.9211475253105164
init-init,proj-slimpajama-r30-s0,proj-selfgen-r30-s0,L7.o,7,o,2048,1266,0.6181640625,0.9161312580108643
final-final,proj-slimpajama-r30-s0,proj-selfgen-r30-s0,L7.o,7,o,2048,1266,0.6181640625,0.9100469946861267
init-init,proj-slimpajama-r30-s0,proj-selfgen-r30-s0,L7.fc1,7,fc1,2048,797,0.38916015625,0.8777201771736145
final-final,proj-slimpajama-r30-s0,proj-selfgen-r30-s0,L7.fc1,7,fc1,2048,797,0.38916015625,0.8708273768424988
init-init,proj-slimpajama-r30-s0,proj-selfgen-r30-s0,L7.fc2,7,fc2,2048,797,0.38916015625,0.8115213513374329
final-final,proj-slimpajama-r30-s0,proj-selfgen-r30-s0,L7.fc2,7,fc2,2048,797,0.38916015625,0.8058568835258484
init-init,proj-slimpajama-r30-s0,proj-selfgen-r30-s0,L8.qkv,8,qkv,2048,1266,0.6181640625,0.9198132157325745
final-final,proj-slimpajama-r30-s0,proj-selfgen-r30-s0,L8.qkv,8,qkv,2048,1266,0.6181640625,0.9136241674423218
init-init,proj-slimpajama-r30-s0,proj-selfgen-r30-s0,L8.o,8,o,2048,1266,0.6181640625,0.9111045002937317
final-final,proj-slimpajama-r30-s0,proj-selfgen-r30-s0,L8.o,8,o,2048,1266,0.6181640625,0.9051473140716553
init-init,proj-slimpajama-r30-s0,proj-selfgen-r30-s0,L8.fc1,8,fc1,2048,797,0.38916015625,0.8646316528320312
final-final,proj-slimpajama-r30-s0,proj-selfgen-r30-s0,L8.fc1,8,fc1,2048,797,0.38916015625,0.8576448559761047
init-init,proj-slimpajama-r30-s0,proj-selfgen-r30-s0,L8.fc2,8,fc2,2048,797,0.38916015625,0.8263603448867798
final-final,proj-slimpajama-r30-s0,proj-selfgen-r30-s0,L8.fc2,8,fc2,2048,797,0.38916015625,0.8200066089630127
init-init,proj-slimpajama-r30-s0,proj-selfgen-r30-s0,L9.qkv,9,qkv,2048,1266,0.6181640625,0.9139561653137207
final-final,proj-slimpajama-r30-s0,proj-selfgen-r30-s0,L9.qkv,9,qkv,2048,1266,0.6181640625,0.907641589641571
init-init,proj-slimpajama-r30-s0,proj-selfgen-r30-s0,L9.o,9,o,2048,1266,0.6181640625,0.9174475073814392
final-final,proj-slimpajama-r30-s0,proj-selfgen-r30-s0,L9.o,9,o,2048,1266,0.6181640625,0.9111229777336121
init-init,proj-slimpajama-r30-s0,proj-selfgen-r30-s0,L9.fc1,9,fc1,2048,797,0.38916015625,0.8529014587402344
final-final,proj-slimpajama-r30-s0,proj-selfgen-r30-s0,L9.fc1,9,fc1,2048,797,0.38916015625,0.8459345698356628
init-init,proj-slimpajama-r30-s0,proj-selfgen-r30-s0,L9.fc2,9,fc2,2048,797,0.38916015625,0.8512617349624634
final-final,proj-slimpajama-r30-s0,proj-selfgen-r30-s0,L9.fc2,9,fc2,2048,797,0.38916015625,0.8442463874816895
init-init,proj-slimpajama-r30-s0,proj-selfgen-r30-s0,L10.qkv,10,qkv,2048,1266,0.6181640625,0.9120240807533264
final-final,proj-slimpajama-r30-s0,proj-selfgen-r30-s0,L10.qkv,10,qkv,2048,1266,0.6181640625,0.9058151245117188
init-init,proj-slimpajama-r30-s0,proj-selfgen-r30-s0,L10.o,10,o,2048,1266,0.6181640625,0.9131908416748047
final-final,proj-slimpajama-r30-s0,proj-selfgen-r30-s0,L10.o,10,o,2048,1266,0.6181640625,0.9068177342414856
init-init,proj-slimpajama-r30-s0,proj-selfgen-r30-s0,L10.fc1,10,fc1,2048,797,0.38916015625,0.8467714190483093
final-final,proj-slimpajama-r30-s0,proj-selfgen-r30-s0,L10.fc1,10,fc1,2048,797,0.38916015625,0.8398387432098389
init-init,proj-slimpajama-r30-s0,proj-selfgen-r30-s0,L10.fc2,10,fc2,2048,797,0.38916015625,0.864379346370697
final-final,proj-slimpajama-r30-s0,proj-selfgen-r30-s0,L10.fc2,10,fc2,2048,797,0.38916015625,0.8569104671478271
init-init,proj-slimpajama-r30-s0,proj-selfgen-r30-s0,L11.qkv,11,qkv,2048,1266,0.6181640625,0.9094845652580261
final-final,proj-slimpajama-r30-s0,proj-selfgen-r30-s0,L11.qkv,11,qkv,2048,1266,0.6181640625,0.9032865762710571
init-init,proj-slimpajama-r30-s0,proj-selfgen-r30-s0,L11.o,11,o,2048,1266,0.6181640625,0.9133511185646057
final-final,proj-slimpajama-r30-s0,proj-selfgen-r30-s0,L11.o,11,o,2048,1266,0.6181640625,0.9073715806007385
init-init,proj-slimpajama-r30-s0,proj-selfgen-r30-s0,L11.fc1,11,fc1,2048,797,0.38916015625,0.8446426391601562
final-final,proj-slimpajama-r30-s0,proj-selfgen-r30-s0,L11.fc1,11,fc1,2048,797,0.38916015625,0.8376351594924927
init-init,proj-slimpajama-r30-s0,proj-selfgen-r30-s0,L11.fc2,11,fc2,2048,797,0.38916015625,0.8741942644119263
final-final,proj-slimpajama-r30-s0,proj-selfgen-r30-s0,L11.fc2,11,fc2,2048,797,0.38916015625,0.8663831353187561
init-init,proj-slimpajama-r30-s0,proj-selfgen-r30-s0,L12.qkv,12,qkv,2048,1266,0.6181640625,0.9116379618644714
final-final,proj-slimpajama-r30-s0,proj-selfgen-r30-s0,L12.qkv,12,qkv,2048,1266,0.6181640625,0.905644953250885
init-init,proj-slimpajama-r30-s0,proj-selfgen-r30-s0,L12.o,12,o,2048,1266,0.6181640625,0.9208606481552124
final-final,proj-slimpajama-r30-s0,proj-selfgen-r30-s0,L12.o,12,o,2048,1266,0.6181640625,0.9147085547447205
init-init,proj-slimpajama-r30-s0,proj-selfgen-r30-s0,L12.fc1,12,fc1,2048,797,0.38916015625,0.845866858959198
final-final,proj-slimpajama-r30-s0,proj-selfgen-r30-s0,L12.fc1,12,fc1,2048,797,0.38916015625,0.838983416557312
init-init,proj-slimpajama-r30-s0,proj-selfgen-r30-s0,L12.fc2,12,fc2,2048,797,0.38916015625,0.8822577595710754
final-final,proj-slimpajama-r30-s0,proj-selfgen-r30-s0,L12.fc2,12,fc2,2048,797,0.38916015625,0.8743208050727844
init-init,proj-slimpajama-r30-s0,proj-selfgen-r30-s0,L13.qkv,13,qkv,2048,1266,0.6181640625,0.9142738580703735
final-final,proj-slimpajama-r30-s0,proj-selfgen-r30-s0,L13.qkv,13,qkv,2048,1266,0.6181640625,0.9080890417098999
init-init,proj-slimpajama-r30-s0,proj-selfgen-r30-s0,L13.o,13,o,2048,1266,0.6181640625,0.9237444400787354
final-final,proj-slimpajama-r30-s0,proj-selfgen-r30-s0,L13.o,13,o,2048,1266,0.6181640625,0.9171923995018005
init-init,proj-slimpajama-r30-s0,proj-selfgen-r30-s0,L13.fc1,13,fc1,2048,797,0.38916015625,0.8459591865539551
final-final,proj-slimpajama-r30-s0,proj-selfgen-r30-s0,L13.fc1,13,fc1,2048,797,0.38916015625,0.8394956588745117
init-init,proj-slimpajama-r30-s0,proj-selfgen-r30-s0,L13.fc2,13,fc2,2048,797,0.38916015625,0.8901561498641968
final-final,proj-slimpajama-r30-s0,proj-selfgen-r30-s0,L13.fc2,13,fc2,2048,797,0.38916015625,0.882101833820343
init-init,proj-slimpajama-r30-s0,proj-selfgen-r30-s0,L14.qkv,14,qkv,2048,1266,0.6181640625,0.912140429019928
final-final,proj-slimpajama-r30-s0,proj-selfgen-r30-s0,L14.qkv,14,qkv,2048,1266,0.6181640625,0.9063723683357239
init-init,proj-slimpajama-r30-s0,proj-selfgen-r30-s0,L14.o,14,o,2048,1266,0.6181640625,0.9114232659339905
final-final,proj-slimpajama-r30-s0,proj-selfgen-r30-s0,L14.o,14,o,2048,1266,0.6181640625,0.9051874279975891
init-init,proj-slimpajama-r30-s0,proj-selfgen-r30-s0,L14.fc1,14,fc1,2048,797,0.38916015625,0.8458539843559265
final-final,proj-slimpajama-r30-s0,proj-selfgen-r30-s0,L14.fc1,14,fc1,2048,797,0.38916015625,0.8394556045532227
init-init,proj-slimpajama-r30-s0,proj-selfgen-r30-s0,L14.fc2,14,fc2,2048,797,0.38916015625,0.8830604553222656
final-final,proj-slimpajama-r30-s0,proj-selfgen-r30-s0,L14.fc2,14,fc2,2048,797,0.38916015625,0.8751375079154968
init-init,proj-slimpajama-r30-s0,proj-selfgen-r30-s0,L15.qkv,15,qkv,2048,1266,0.6181640625,0.9155333042144775
final-final,proj-slimpajama-r30-s0,proj-selfgen-r30-s0,L15.qkv,15,qkv,2048,1266,0.6181640625,0.9099161624908447
init-init,proj-slimpajama-r30-s0,proj-selfgen-r30-s0,L15.o,15,o,2048,1266,0.6181640625,0.889671802520752
final-final,proj-slimpajama-r30-s0,proj-selfgen-r30-s0,L15.o,15,o,2048,1266,0.6181640625,0.8842286467552185
init-init,proj-slimpajama-r30-s0,proj-selfgen-r30-s0,L15.fc1,15,fc1,2048,797,0.38916015625,0.8400212526321411
final-final,proj-slimpajama-r30-s0,proj-selfgen-r30-s0,L15.fc1,15,fc1,2048,797,0.38916015625,0.8334922790527344
init-init,proj-slimpajama-r30-s0,proj-selfgen-r30-s0,L15.fc2,15,fc2,2048,797,0.38916015625,0.8868101835250854
final-final,proj-slimpajama-r30-s0,proj-selfgen-r30-s0,L15.fc2,15,fc2,2048,797,0.38916015625,0.8787898421287537
init-init,proj-slimpajama-r30-s0,proj-selfgen-r30-s0,L16.qkv,16,qkv,2048,1266,0.6181640625,0.9088340997695923
final-final,proj-slimpajama-r30-s0,proj-selfgen-r30-s0,L16.qkv,16,qkv,2048,1266,0.6181640625,0.9037327170372009
init-init,proj-slimpajama-r30-s0,proj-selfgen-r30-s0,L16.o,16,o,2048,1266,0.6181640625,0.8996992111206055
final-final,proj-slimpajama-r30-s0,proj-selfgen-r30-s0,L16.o,16,o,2048,1266,0.6181640625,0.8946138024330139
init-init,proj-slimpajama-r30-s0,proj-selfgen-r30-s0,L16.fc1,16,fc1,2048,797,0.38916015625,0.8419579863548279
final-final,proj-slimpajama-r30-s0,proj-selfgen-r30-s0,L16.fc1,16,fc1,2048,797,0.38916015625,0.8354861736297607
init-init,proj-slimpajama-r30-s0,proj-selfgen-r30-s0,L16.fc2,16,fc2,2048,797,0.38916015625,0.8841641545295715
final-final,proj-slimpajama-r30-s0,proj-selfgen-r30-s0,L16.fc2,16,fc2,2048,797,0.38916015625,0.8763110637664795
init-init,proj-slimpajama-r30-s0,proj-selfgen-r30-s0,L17.qkv,17,qkv,2048,1266,0.6181640625,0.9055965542793274
final-final,proj-slimpajama-r30-s0,proj-selfgen-r30-s0,L17.qkv,17,qkv,2048,1266,0.6181640625,0.9003634452819824
init-init,proj-slimpajama-r30-s0,proj-selfgen-r30-s0,L17.o,17,o,2048,1266,0.6181640625,0.8964746594429016
final-final,proj-slimpajama-r30-s0,proj-selfgen-r30-s0,L17.o,17,o,2048,1266,0.6181640625,0.8914222121238708
init-init,proj-slimpajama-r30-s0,proj-selfgen-r30-s0,L17.fc1,17,fc1,2048,797,0.38916015625,0.8432109951972961
final-final,proj-slimpajama-r30-s0,proj-selfgen-r30-s0,L17.fc1,17,fc1,2048,797,0.38916015625,0.836651086807251
init-init,proj-slimpajama-r30-s0,proj-selfgen-r30-s0,L17.fc2,17,fc2,2048,797,0.38916015625,0.8837762475013733
final-final,proj-slimpajama-r30-s0,proj-selfgen-r30-s0,L17.fc2,17,fc2,2048,797,0.38916015625,0.8760769367218018
init-init,proj-slimpajama-r30-s0,proj-selfgen-r30-s0,L18.qkv,18,qkv,2048,1266,0.6181640625,0.9052863717079163
final-final,proj-slimpajama-r30-s0,proj-selfgen-r30-s0,L18.qkv,18,qkv,2048,1266,0.6181640625,0.9006519317626953
init-init,proj-slimpajama-r30-s0,proj-selfgen-r30-s0,L18.o,18,o,2048,1266,0.6181640625,0.9031471610069275
final-final,proj-slimpajama-r30-s0,proj-selfgen-r30-s0,L18.o,18,o,2048,1266,0.6181640625,0.8980370759963989
init-init,proj-slimpajama-r30-s0,proj-selfgen-r30-s0,L18.fc1,18,fc1,2048,797,0.38916015625,0.8439778685569763
final-final,proj-slimpajama-r30-s0,proj-selfgen-r30-s0,L18.fc1,18,fc1,2048,797,0.38916015625,0.8373637199401855
init-init,proj-slimpajama-r30-s0,proj-selfgen-r30-s0,L18.fc2,18,fc2,2048,797,0.38916015625,0.8802468180656433
final-final,proj-slimpajama-r30-s0,proj-selfgen-r30-s0,L18.fc2,18,fc2,2048,797,0.38916015625,0.87251877784729
init-init,proj-slimpajama-r30-s0,proj-selfgen-r30-s0,L19.qkv,19,qkv,2048,1266,0.6181640625,0.9024981260299683
final-final,proj-slimpajama-r30-s0,proj-selfgen-r30-s0,L19.qkv,19,qkv,2048,1266,0.6181640625,0.8982409834861755
init-init,proj-slimpajama-r30-s0,proj-selfgen-r30-s0,L19.o,19,o,2048,1266,0.6181640625,0.8955463171005249
final-final,proj-slimpajama-r30-s0,proj-selfgen-r30-s0,L19.o,19,o,2048,1266,0.6181640625,0.8910573720932007
init-init,proj-slimpajama-r30-s0,proj-selfgen-r30-s0,L19.fc1,19,fc1,2048,797,0.38916015625,0.8419625759124756
final-final,proj-slimpajama-r30-s0,proj-selfgen-r30-s0,L19.fc1,19,fc1,2048,797,0.38916015625,0.8355774283409119
init-init,proj-slimpajama-r30-s0,proj-selfgen-r30-s0,L19.fc2,19,fc2,2048,797,0.38916015625,0.876012921333313
final-final,proj-slimpajama-r30-s0,proj-selfgen-r30-s0,L19.fc2,19,fc2,2048,797,0.38916015625,0.8682255744934082
init-init,proj-slimpajama-r30-s0,proj-selfgen-r30-s0,L20.qkv,20,qkv,2048,1266,0.6181640625,0.8988062143325806
final-final,proj-slimpajama-r30-s0,proj-selfgen-r30-s0,L20.qkv,20,qkv,2048,1266,0.6181640625,0.8947439789772034
init-init,proj-slimpajama-r30-s0,proj-selfgen-r30-s0,L20.o,20,o,2048,1266,0.6181640625,0.8939276337623596
final-final,proj-slimpajama-r30-s0,proj-selfgen-r30-s0,L20.o,20,o,2048,1266,0.6181640625,0.889220118522644
init-init,proj-slimpajama-r30-s0,proj-selfgen-r30-s0,L20.fc1,20,fc1,2048,797,0.38916015625,0.8376480340957642
final-final,proj-slimpajama-r30-s0,proj-selfgen-r30-s0,L20.fc1,20,fc1,2048,797,0.38916015625,0.8313738703727722
init-init,proj-slimpajama-r30-s0,proj-selfgen-r30-s0,L20.fc2,20,fc2,2048,797,0.38916015625,0.8672363758087158
final-final,proj-slimpajama-r30-s0,proj-selfgen-r30-s0,L20.fc2,20,fc2,2048,797,0.38916015625,0.8593111038208008
init-init,proj-slimpajama-r30-s0,proj-selfgen-r30-s0,L21.qkv,21,qkv,2048,1266,0.6181640625,0.8906431198120117
final-final,proj-slimpajama-r30-s0,proj-selfgen-r30-s0,L21.qkv,21,qkv,2048,1266,0.6181640625,0.8869290351867676
init-init,proj-slimpajama-r30-s0,proj-selfgen-r30-s0,L21.o,21,o,2048,1266,0.6181640625,0.867497980594635
final-final,proj-slimpajama-r30-s0,proj-selfgen-r30-s0,L21.o,21,o,2048,1266,0.6181640625,0.8635814189910889
init-init,proj-slimpajama-r30-s0,proj-selfgen-r30-s0,L21.fc1,21,fc1,2048,797,0.38916015625,0.8320587873458862
final-final,proj-slimpajama-r30-s0,proj-selfgen-r30-s0,L21.fc1,21,fc1,2048,797,0.38916015625,0.8263117074966431
init-init,proj-slimpajama-r30-s0,proj-selfgen-r30-s0,L21.fc2,21,fc2,2048,797,0.38916015625,0.8670347929000854
final-final,proj-slimpajama-r30-s0,proj-selfgen-r30-s0,L21.fc2,21,fc2,2048,797,0.38916015625,0.8594148755073547
init-init,proj-slimpajama-r30-s0,proj-selfgen-r30-s0,L22.qkv,22,qkv,2048,1266,0.6181640625,0.8879219889640808
final-final,proj-slimpajama-r30-s0,proj-selfgen-r30-s0,L22.qkv,22,qkv,2048,1266,0.6181640625,0.8845495581626892
init-init,proj-slimpajama-r30-s0,proj-selfgen-r30-s0,L22.o,22,o,2048,1266,0.6181640625,0.8491332530975342
final-final,proj-slimpajama-r30-s0,proj-selfgen-r30-s0,L22.o,22,o,2048,1266,0.6181640625,0.8458417654037476
init-init,proj-slimpajama-r30-s0,proj-selfgen-r30-s0,L22.fc1,22,fc1,2048,797,0.38916015625,0.8273520469665527
final-final,proj-slimpajama-r30-s0,proj-selfgen-r30-s0,L22.fc1,22,fc1,2048,797,0.38916015625,0.8231672048568726
init-init,proj-slimpajama-r30-s0,proj-selfgen-r30-s0,L22.fc2,22,fc2,2048,797,0.38916015625,0.8745308518409729
final-final,proj-slimpajama-r30-s0,proj-selfgen-r30-s0,L22.fc2,22,fc2,2048,797,0.38916015625,0.8680340647697449
init-init,proj-slimpajama-r30-s0,proj-selfgen-r30-s0,L23.qkv,23,qkv,2048,1266,0.6181640625,0.8910151124000549
final-final,proj-slimpajama-r30-s0,proj-selfgen-r30-s0,L23.qkv,23,qkv,2048,1266,0.6181640625,0.8902153968811035
init-init,proj-slimpajama-r30-s0,proj-selfgen-r30-s0,L23.o,23,o,2048,1266,0.6181640625,0.8473901152610779
final-final,proj-slimpajama-r30-s0,proj-selfgen-r30-s0,L23.o,23,o,2048,1266,0.6181640625,0.8423774242401123
init-init,proj-slimpajama-r30-s0,proj-selfgen-r30-s0,L23.fc1,23,fc1,2048,797,0.38916015625,0.8199352622032166
final-final,proj-slimpajama-r30-s0,proj-selfgen-r30-s0,L23.fc1,23,fc1,2048,797,0.38916015625,0.8164528012275696
init-init,proj-slimpajama-r30-s0,proj-selfgen-r30-s0,L23.fc2,23,fc2,2048,797,0.38916015625,0.880415678024292
final-final,proj-slimpajama-r30-s0,proj-selfgen-r30-s0,L23.fc2,23,fc2,2048,797,0.38916015625,0.872244656085968
init-init,proj-slimpajama-r30-s0,proj-selfdoc-r30-s0,L0.qkv,0,qkv,2048,1266,0.6181640625,0.9339677095413208
final-final,proj-slimpajama-r30-s0,proj-selfdoc-r30-s0,L0.qkv,0,qkv,2048,1266,0.6181640625,0.9288036823272705
init-init,proj-slimpajama-r30-s0,proj-selfdoc-r30-s0,L0.o,0,o,2048,1266,0.6181640625,0.9172791242599487
final-final,proj-slimpajama-r30-s0,proj-selfdoc-r30-s0,L0.o,0,o,2048,1266,0.6181640625,0.9126009345054626
init-init,proj-slimpajama-r30-s0,proj-selfdoc-r30-s0,L0.fc1,0,fc1,2048,797,0.38916015625,0.8918223977088928
final-final,proj-slimpajama-r30-s0,proj-selfdoc-r30-s0,L0.fc1,0,fc1,2048,797,0.38916015625,0.8863464593887329
init-init,proj-slimpajama-r30-s0,proj-selfdoc-r30-s0,L0.fc2,0,fc2,2048,797,0.38916015625,0.9048147201538086
final-final,proj-slimpajama-r30-s0,proj-selfdoc-r30-s0,L0.fc2,0,fc2,2048,797,0.38916015625,0.8984166383743286
init-init,proj-slimpajama-r30-s0,proj-selfdoc-r30-s0,L1.qkv,1,qkv,2048,1266,0.6181640625,0.9567922353744507
final-final,proj-slimpajama-r30-s0,proj-selfdoc-r30-s0,L1.qkv,1,qkv,2048,1266,0.6181640625,0.952130138874054
init-init,proj-slimpajama-r30-s0,proj-selfdoc-r30-s0,L1.o,1,o,2048,1266,0.6181640625,0.918160080909729
final-final,proj-slimpajama-r30-s0,proj-selfdoc-r30-s0,L1.o,1,o,2048,1266,0.6181640625,0.91408371925354
init-init,proj-slimpajama-r30-s0,proj-selfdoc-r30-s0,L1.fc1,1,fc1,2048,797,0.38916015625,0.93216472864151
final-final,proj-slimpajama-r30-s0,proj-selfdoc-r30-s0,L1.fc1,1,fc1,2048,797,0.38916015625,0.9280416369438171
init-init,proj-slimpajama-r30-s0,proj-selfdoc-r30-s0,L1.fc2,1,fc2,2048,797,0.38916015625,0.8913212418556213
final-final,proj-slimpajama-r30-s0,proj-selfdoc-r30-s0,L1.fc2,1,fc2,2048,797,0.38916015625,0.8852131366729736
init-init,proj-slimpajama-r30-s0,proj-selfdoc-r30-s0,L2.qkv,2,qkv,2048,1266,0.6181640625,0.9548917412757874
final-final,proj-slimpajama-r30-s0,proj-selfdoc-r30-s0,L2.qkv,2,qkv,2048,1266,0.6181640625,0.9499729871749878
init-init,proj-slimpajama-r30-s0,proj-selfdoc-r30-s0,L2.o,2,o,2048,1266,0.6181640625,0.9421764612197876
final-final,proj-slimpajama-r30-s0,proj-selfdoc-r30-s0,L2.o,2,o,2048,1266,0.6181640625,0.9385585188865662
init-init,proj-slimpajama-r30-s0,proj-selfdoc-r30-s0,L2.fc1,2,fc1,2048,797,0.38916015625,0.9249060750007629
final-final,proj-slimpajama-r30-s0,proj-selfdoc-r30-s0,L2.fc1,2,fc1,2048,797,0.38916015625,0.92067950963974
init-init,proj-slimpajama-r30-s0,proj-selfdoc-r30-s0,L2.fc2,2,fc2,2048,797,0.38916015625,0.886160671710968
final-final,proj-slimpajama-r30-s0,proj-selfdoc-r30-s0,L2.fc2,2,fc2,2048,797,0.38916015625,0.8799316883087158
init-init,proj-slimpajama-r30-s0,proj-selfdoc-r30-s0,L3.qkv,3,qkv,2048,1266,0.6181640625,0.9509211182594299
final-final,proj-slimpajama-r30-s0,proj-selfdoc-r30-s0,L3.qkv,3,qkv,2048,1266,0.6181640625,0.9455429315567017
init-init,proj-slimpajama-r30-s0,proj-selfdoc-r30-s0,L3.o,3,o,2048,1266,0.6181640625,0.9372105598449707
final-final,proj-slimpajama-r30-s0,proj-selfdoc-r30-s0,L3.o,3,o,2048,1266,0.6181640625,0.933101236820221
init-init,proj-slimpajama-r30-s0,proj-selfdoc-r30-s0,L3.fc1,3,fc1,2048,797,0.38916015625,0.9182540774345398
final-final,proj-slimpajama-r30-s0,proj-selfdoc-r30-s0,L3.fc1,3,fc1,2048,797,0.38916015625,0.91328364610672
init-init,proj-slimpajama-r30-s0,proj-selfdoc-r30-s0,L3.fc2,3,fc2,2048,797,0.38916015625,0.8725906610488892
final-final,proj-slimpajama-r30-s0,proj-selfdoc-r30-s0,L3.fc2,3,fc2,2048,797,0.38916015625,0.8663176894187927
init-init,proj-slimpajama-r30-s0,proj-selfdoc-r30-s0,L4.qkv,4,qkv,2048,1266,0.6181640625,0.9468342661857605
final-final,proj-slimpajama-r30-s0,proj-selfdoc-r30-s0,L4.qkv,4,qkv,2048,1266,0.6181640625,0.9414535164833069
init-init,proj-slimpajama-r30-s0,proj-selfdoc-r30-s0,L4.o,4,o,2048,1266,0.6181640625,0.9492133855819702
final-final,proj-slimpajama-r30-s0,proj-selfdoc-r30-s0,L4.o,4,o,2048,1266,0.6181640625,0.945022463798523
init-init,proj-slimpajama-r30-s0,proj-selfdoc-r30-s0,L4.fc1,4,fc1,2048,797,0.38916015625,0.9119727611541748
final-final,proj-slimpajama-r30-s0,proj-selfdoc-r30-s0,L4.fc1,4,fc1,2048,797,0.38916015625,0.9062922596931458
init-init,proj-slimpajama-r30-s0,proj-selfdoc-r30-s0,L4.fc2,4,fc2,2048,797,0.38916015625,0.8359365463256836
final-final,proj-slimpajama-r30-s0,proj-selfdoc-r30-s0,L4.fc2,4,fc2,2048,797,0.38916015625,0.8302105069160461
init-init,proj-slimpajama-r30-s0,proj-selfdoc-r30-s0,L5.qkv,5,qkv,2048,1266,0.6181640625,0.9394938945770264
final-final,proj-slimpajama-r30-s0,proj-selfdoc-r30-s0,L5.qkv,5,qkv,2048,1266,0.6181640625,0.9340927600860596
init-init,proj-slimpajama-r30-s0,proj-selfdoc-r30-s0,L5.o,5,o,2048,1266,0.6181640625,0.9314244389533997
final-final,proj-slimpajama-r30-s0,proj-selfdoc-r30-s0,L5.o,5,o,2048,1266,0.6181640625,0.9270551800727844
init-init,proj-slimpajama-r30-s0,proj-selfdoc-r30-s0,L5.fc1,5,fc1,2048,797,0.38916015625,0.9005617499351501
final-final,proj-slimpajama-r30-s0,proj-selfdoc-r30-s0,L5.fc1,5,fc1,2048,797,0.38916015625,0.8946461081504822
init-init,proj-slimpajama-r30-s0,proj-selfdoc-r30-s0,L5.fc2,5,fc2,2048,797,0.38916015625,0.8237802982330322
final-final,proj-slimpajama-r30-s0,proj-selfdoc-r30-s0,L5.fc2,5,fc2,2048,797,0.38916015625,0.8181011080741882
init-init,proj-slimpajama-r30-s0,proj-selfdoc-r30-s0,L6.qkv,6,qkv,2048,1266,0.6181640625,0.9342759251594543
final-final,proj-slimpajama-r30-s0,proj-selfdoc-r30-s0,L6.qkv,6,qkv,2048,1266,0.6181640625,0.9283291101455688
init-init,proj-slimpajama-r30-s0,proj-selfdoc-r30-s0,L6.o,6,o,2048,1266,0.6181640625,0.926684558391571
final-final,proj-slimpajama-r30-s0,proj-selfdoc-r30-s0,L6.o,6,o,2048,1266,0.6181640625,0.9214723706245422
init-init,proj-slimpajama-r30-s0,proj-selfdoc-r30-s0,L6.fc1,6,fc1,2048,797,0.38916015625,0.8895682692527771
final-final,proj-slimpajama-r30-s0,proj-selfdoc-r30-s0,L6.fc1,6,fc1,2048,797,0.38916015625,0.883181631565094
init-init,proj-slimpajama-r30-s0,proj-selfdoc-r30-s0,L6.fc2,6,fc2,2048,797,0.38916015625,0.8092406988143921
final-final,proj-slimpajama-r30-s0,proj-selfdoc-r30-s0,L6.fc2,6,fc2,2048,797,0.38916015625,0.8040444254875183
init-init,proj-slimpajama-r30-s0,proj-selfdoc-r30-s0,L7.qkv,7,qkv,2048,1266,0.6181640625,0.9261267185211182
final-final,proj-slimpajama-r30-s0,proj-selfdoc-r30-s0,L7.qkv,7,qkv,2048,1266,0.6181640625,0.9201399683952332
init-init,proj-slimpajama-r30-s0,proj-selfdoc-r30-s0,L7.o,7,o,2048,1266,0.6181640625,0.9150732159614563
final-final,proj-slimpajama-r30-s0,proj-selfdoc-r30-s0,L7.o,7,o,2048,1266,0.6181640625,0.9096378684043884
init-init,proj-slimpajama-r30-s0,proj-selfdoc-r30-s0,L7.fc1,7,fc1,2048,797,0.38916015625,0.8748975396156311
final-final,proj-slimpajama-r30-s0,proj-selfdoc-r30-s0,L7.fc1,7,fc1,2048,797,0.38916015625,0.8685160875320435
init-init,proj-slimpajama-r30-s0,proj-selfdoc-r30-s0,L7.fc2,7,fc2,2048,797,0.38916015625,0.8081732392311096
final-final,proj-slimpajama-r30-s0,proj-selfdoc-r30-s0,L7.fc2,7,fc2,2048,797,0.38916015625,0.8026675581932068
init-init,proj-slimpajama-r30-s0,proj-selfdoc-r30-s0,L8.qkv,8,qkv,2048,1266,0.6181640625,0.9180310368537903
final-final,proj-slimpajama-r30-s0,proj-selfdoc-r30-s0,L8.qkv,8,qkv,2048,1266,0.6181640625,0.9122658967971802
init-init,proj-slimpajama-r30-s0,proj-selfdoc-r30-s0,L8.o,8,o,2048,1266,0.6181640625,0.9083574414253235
final-final,proj-slimpajama-r30-s0,proj-selfdoc-r30-s0,L8.o,8,o,2048,1266,0.6181640625,0.902946412563324
init-init,proj-slimpajama-r30-s0,proj-selfdoc-r30-s0,L8.fc1,8,fc1,2048,797,0.38916015625,0.8611063957214355
final-final,proj-slimpajama-r30-s0,proj-selfdoc-r30-s0,L8.fc1,8,fc1,2048,797,0.38916015625,0.8546315431594849
init-init,proj-slimpajama-r30-s0,proj-selfdoc-r30-s0,L8.fc2,8,fc2,2048,797,0.38916015625,0.8249761462211609
final-final,proj-slimpajama-r30-s0,proj-selfdoc-r30-s0,L8.fc2,8,fc2,2048,797,0.38916015625,0.8188135027885437
init-init,proj-slimpajama-r30-s0,proj-selfdoc-r30-s0,L9.qkv,9,qkv,2048,1266,0.6181640625,0.911829948425293
final-final,proj-slimpajama-r30-s0,proj-selfdoc-r30-s0,L9.qkv,9,qkv,2048,1266,0.6181640625,0.9059151411056519
init-init,proj-slimpajama-r30-s0,proj-selfdoc-r30-s0,L9.o,9,o,2048,1266,0.6181640625,0.9151248931884766
final-final,proj-slimpajama-r30-s0,proj-selfdoc-r30-s0,L9.o,9,o,2048,1266,0.6181640625,0.9093415141105652
init-init,proj-slimpajama-r30-s0,proj-selfdoc-r30-s0,L9.fc1,9,fc1,2048,797,0.38916015625,0.8501526117324829
final-final,proj-slimpajama-r30-s0,proj-selfdoc-r30-s0,L9.fc1,9,fc1,2048,797,0.38916015625,0.8436474204063416
init-init,proj-slimpajama-r30-s0,proj-selfdoc-r30-s0,L9.fc2,9,fc2,2048,797,0.38916015625,0.8492405414581299
final-final,proj-slimpajama-r30-s0,proj-selfdoc-r30-s0,L9.fc2,9,fc2,2048,797,0.38916015625,0.8425331115722656
init-init,proj-slimpajama-r30-s0,proj-selfdoc-r30-s0,L10.qkv,10,qkv,2048,1266,0.6181640625,0.9099501967430115
final-final,proj-slimpajama-r30-s0,proj-selfdoc-r30-s0,L10.qkv,10,qkv,2048,1266,0.6181640625,0.9043501019477844
init-init,proj-slimpajama-r30-s0,proj-selfdoc-r30-s0,L10.o,10,o,2048,1266,0.6181640625,0.9072688221931458
final-final,proj-slimpajama-r30-s0,proj-selfdoc-r30-s0,L10.o,10,o,2048,1266,0.6181640625,0.9013022780418396
init-init,proj-slimpajama-r30-s0,proj-selfdoc-r30-s0,L10.fc1,10,fc1,2048,797,0.38916015625,0.8433459401130676
final-final,proj-slimpajama-r30-s0,proj-selfdoc-r30-s0,L10.fc1,10,fc1,2048,797,0.38916015625,0.8369598984718323
init-init,proj-slimpajama-r30-s0,proj-selfdoc-r30-s0,L10.fc2,10,fc2,2048,797,0.38916015625,0.8617791533470154
final-final,proj-slimpajama-r30-s0,proj-selfdoc-r30-s0,L10.fc2,10,fc2,2048,797,0.38916015625,0.8544828295707703
init-init,proj-slimpajama-r30-s0,proj-selfdoc-r30-s0,L11.qkv,11,qkv,2048,1266,0.6181640625,0.9071436524391174
final-final,proj-slimpajama-r30-s0,proj-selfdoc-r30-s0,L11.qkv,11,qkv,2048,1266,0.6181640625,0.9013731479644775
init-init,proj-slimpajama-r30-s0,proj-selfdoc-r30-s0,L11.o,11,o,2048,1266,0.6181640625,0.909001886844635
final-final,proj-slimpajama-r30-s0,proj-selfdoc-r30-s0,L11.o,11,o,2048,1266,0.6181640625,0.9033598303794861
init-init,proj-slimpajama-r30-s0,proj-selfdoc-r30-s0,L11.fc1,11,fc1,2048,797,0.38916015625,0.8408267498016357
final-final,proj-slimpajama-r30-s0,proj-selfdoc-r30-s0,L11.fc1,11,fc1,2048,797,0.38916015625,0.8342256546020508
init-init,proj-slimpajama-r30-s0,proj-selfdoc-r30-s0,L11.fc2,11,fc2,2048,797,0.38916015625,0.8701366186141968
final-final,proj-slimpajama-r30-s0,proj-selfdoc-r30-s0,L11.fc2,11,fc2,2048,797,0.38916015625,0.8626058101654053
init-init,proj-slimpajama-r30-s0,proj-selfdoc-r30-s0,L12.qkv,12,qkv,2048,1266,0.6181640625,0.9092690944671631
final-final,proj-slimpajama-r30-s0,proj-selfdoc-r30-s0,L12.qkv,12,qkv,2048,1266,0.6181640625,0.9036101698875427
init-init,proj-slimpajama-r30-s0,proj-selfdoc-r30-s0,L12.o,12,o,2048,1266,0.6181640625,0.9173048138618469
final-final,proj-slimpajama-r30-s0,proj-selfdoc-r30-s0,L12.o,12,o,2048,1266,0.6181640625,0.9117256999015808
init-init,proj-slimpajama-r30-s0,proj-selfdoc-r30-s0,L12.fc1,12,fc1,2048,797,0.38916015625,0.8417868614196777
final-final,proj-slimpajama-r30-s0,proj-selfdoc-r30-s0,L12.fc1,12,fc1,2048,797,0.38916015625,0.8353260159492493
init-init,proj-slimpajama-r30-s0,proj-selfdoc-r30-s0,L12.fc2,12,fc2,2048,797,0.38916015625,0.8775635361671448
final-final,proj-slimpajama-r30-s0,proj-selfdoc-r30-s0,L12.fc2,12,fc2,2048,797,0.38916015625,0.8699594140052795
init-init,proj-slimpajama-r30-s0,proj-selfdoc-r30-s0,L13.qkv,13,qkv,2048,1266,0.6181640625,0.9116579294204712
final-final,proj-slimpajama-r30-s0,proj-selfdoc-r30-s0,L13.qkv,13,qkv,2048,1266,0.6181640625,0.9058828353881836
init-init,proj-slimpajama-r30-s0,proj-selfdoc-r30-s0,L13.o,13,o,2048,1266,0.6181640625,0.9190178513526917
final-final,proj-slimpajama-r30-s0,proj-selfdoc-r30-s0,L13.o,13,o,2048,1266,0.6181640625,0.9129627346992493
init-init,proj-slimpajama-r30-s0,proj-selfdoc-r30-s0,L13.fc1,13,fc1,2048,797,0.38916015625,0.8418945074081421
final-final,proj-slimpajama-r30-s0,proj-selfdoc-r30-s0,L13.fc1,13,fc1,2048,797,0.38916015625,0.8356559872627258
init-init,proj-slimpajama-r30-s0,proj-selfdoc-r30-s0,L13.fc2,13,fc2,2048,797,0.38916015625,0.8861794471740723
final-final,proj-slimpajama-r30-s0,proj-selfdoc-r30-s0,L13.fc2,13,fc2,2048,797,0.38916015625,0.8783568739891052
init-init,proj-slimpajama-r30-s0,proj-selfdoc-r30-s0,L14.qkv,14,qkv,2048,1266,0.6181640625,0.9092614650726318
final-final,proj-slimpajama-r30-s0,proj-selfdoc-r30-s0,L14.qkv,14,qkv,2048,1266,0.6181640625,0.9038097858428955
init-init,proj-slimpajama-r30-s0,proj-selfdoc-r30-s0,L14.o,14,o,2048,1266,0.6181640625,0.9056100845336914
final-final,proj-slimpajama-r30-s0,proj-selfdoc-r30-s0,L14.o,14,o,2048,1266,0.6181640625,0.8998987674713135
init-init,proj-slimpajama-r30-s0,proj-selfdoc-r30-s0,L14.fc1,14,fc1,2048,797,0.38916015625,0.8410338163375854
final-final,proj-slimpajama-r30-s0,proj-selfdoc-r30-s0,L14.fc1,14,fc1,2048,797,0.38916015625,0.834875226020813
init-init,proj-slimpajama-r30-s0,proj-selfdoc-r30-s0,L14.fc2,14,fc2,2048,797,0.38916015625,0.8785390853881836
final-final,proj-slimpajama-r30-s0,proj-selfdoc-r30-s0,L14.fc2,14,fc2,2048,797,0.38916015625,0.8708679676055908
init-init,proj-slimpajama-r30-s0,proj-selfdoc-r30-s0,L15.qkv,15,qkv,2048,1266,0.6181640625,0.9124230742454529
final-final,proj-slimpajama-r30-s0,proj-selfdoc-r30-s0,L15.qkv,15,qkv,2048,1266,0.6181640625,0.9071044325828552
init-init,proj-slimpajama-r30-s0,proj-selfdoc-r30-s0,L15.o,15,o,2048,1266,0.6181640625,0.8748677968978882
final-final,proj-slimpajama-r30-s0,proj-selfdoc-r30-s0,L15.o,15,o,2048,1266,0.6181640625,0.8699539303779602
init-init,proj-slimpajama-r30-s0,proj-selfdoc-r30-s0,L15.fc1,15,fc1,2048,797,0.38916015625,0.8341906666755676
final-final,proj-slimpajama-r30-s0,proj-selfdoc-r30-s0,L15.fc1,15,fc1,2048,797,0.38916015625,0.8278797268867493
init-init,proj-slimpajama-r30-s0,proj-selfdoc-r30-s0,L15.fc2,15,fc2,2048,797,0.38916015625,0.8820449113845825
final-final,proj-slimpajama-r30-s0,proj-selfdoc-r30-s0,L15.fc2,15,fc2,2048,797,0.38916015625,0.8742946982383728
init-init,proj-slimpajama-r30-s0,proj-selfdoc-r30-s0,L16.qkv,16,qkv,2048,1266,0.6181640625,0.9051245450973511
final-final,proj-slimpajama-r30-s0,proj-selfdoc-r30-s0,L16.qkv,16,qkv,2048,1266,0.6181640625,0.900373637676239
init-init,proj-slimpajama-r30-s0,proj-selfdoc-r30-s0,L16.o,16,o,2048,1266,0.6181640625,0.8903892636299133
final-final,proj-slimpajama-r30-s0,proj-selfdoc-r30-s0,L16.o,16,o,2048,1266,0.6181640625,0.8858097195625305
init-init,proj-slimpajama-r30-s0,proj-selfdoc-r30-s0,L16.fc1,16,fc1,2048,797,0.38916015625,0.8365010023117065
final-final,proj-slimpajama-r30-s0,proj-selfdoc-r30-s0,L16.fc1,16,fc1,2048,797,0.38916015625,0.8303613066673279
init-init,proj-slimpajama-r30-s0,proj-selfdoc-r30-s0,L16.fc2,16,fc2,2048,797,0.38916015625,0.8802258968353271
final-final,proj-slimpajama-r30-s0,proj-selfdoc-r30-s0,L16.fc2,16,fc2,2048,797,0.38916015625,0.8724783062934875
init-init,proj-slimpajama-r30-s0,proj-selfdoc-r30-s0,L17.qkv,17,qkv,2048,1266,0.6181640625,0.9020995497703552
final-final,proj-slimpajama-r30-s0,proj-selfdoc-r30-s0,L17.qkv,17,qkv,2048,1266,0.6181640625,0.8971475958824158
init-init,proj-slimpajama-r30-s0,proj-selfdoc-r30-s0,L17.o,17,o,2048,1266,0.6181640625,0.8878615498542786
final-final,proj-slimpajama-r30-s0,proj-selfdoc-r30-s0,L17.o,17,o,2048,1266,0.6181640625,0.8832739591598511
init-init,proj-slimpajama-r30-s0,proj-selfdoc-r30-s0,L17.fc1,17,fc1,2048,797,0.38916015625,0.8377500772476196
final-final,proj-slimpajama-r30-s0,proj-selfdoc-r30-s0,L17.fc1,17,fc1,2048,797,0.38916015625,0.8313349485397339
init-init,proj-slimpajama-r30-s0,proj-selfdoc-r30-s0,L17.fc2,17,fc2,2048,797,0.38916015625,0.8793055415153503
final-final,proj-slimpajama-r30-s0,proj-selfdoc-r30-s0,L17.fc2,17,fc2,2048,797,0.38916015625,0.8717529773712158
init-init,proj-slimpajama-r30-s0,proj-selfdoc-r30-s0,L18.qkv,18,qkv,2048,1266,0.6181640625,0.901846706867218
final-final,proj-slimpajama-r30-s0,proj-selfdoc-r30-s0,L18.qkv,18,qkv,2048,1266,0.6181640625,0.8975886106491089
init-init,proj-slimpajama-r30-s0,proj-selfdoc-r30-s0,L18.o,18,o,2048,1266,0.6181640625,0.8956361413002014
final-final,proj-slimpajama-r30-s0,proj-selfdoc-r30-s0,L18.o,18,o,2048,1266,0.6181640625,0.8910877704620361
init-init,proj-slimpajama-r30-s0,proj-selfdoc-r30-s0,L18.fc1,18,fc1,2048,797,0.38916015625,0.8389530777931213
final-final,proj-slimpajama-r30-s0,proj-selfdoc-r30-s0,L18.fc1,18,fc1,2048,797,0.38916015625,0.8325729966163635
init-init,proj-slimpajama-r30-s0,proj-selfdoc-r30-s0,L18.fc2,18,fc2,2048,797,0.38916015625,0.8768563270568848
final-final,proj-slimpajama-r30-s0,proj-selfdoc-r30-s0,L18.fc2,18,fc2,2048,797,0.38916015625,0.8692342042922974
init-init,proj-slimpajama-r30-s0,proj-selfdoc-r30-s0,L19.qkv,19,qkv,2048,1266,0.6181640625,0.8993762731552124
final-final,proj-slimpajama-r30-s0,proj-selfdoc-r30-s0,L19.qkv,19,qkv,2048,1266,0.6181640625,0.8954723477363586
init-init,proj-slimpajama-r30-s0,proj-selfdoc-r30-s0,L19.o,19,o,2048,1266,0.6181640625,0.8924724459648132
final-final,proj-slimpajama-r30-s0,proj-selfdoc-r30-s0,L19.o,19,o,2048,1266,0.6181640625,0.8883203268051147
init-init,proj-slimpajama-r30-s0,proj-selfdoc-r30-s0,L19.fc1,19,fc1,2048,797,0.38916015625,0.8369442820549011
final-final,proj-slimpajama-r30-s0,proj-selfdoc-r30-s0,L19.fc1,19,fc1,2048,797,0.38916015625,0.8307202458381653
init-init,proj-slimpajama-r30-s0,proj-selfdoc-r30-s0,L19.fc2,19,fc2,2048,797,0.38916015625,0.8724172115325928
final-final,proj-slimpajama-r30-s0,proj-selfdoc-r30-s0,L19.fc2,19,fc2,2048,797,0.38916015625,0.8648639917373657
init-init,proj-slimpajama-r30-s0,proj-selfdoc-r30-s0,L20.qkv,20,qkv,2048,1266,0.6181640625,0.8958482146263123
final-final,proj-slimpajama-r30-s0,proj-selfdoc-r30-s0,L20.qkv,20,qkv,2048,1266,0.6181640625,0.8923401832580566
init-init,proj-slimpajama-r30-s0,proj-selfdoc-r30-s0,L20.o,20,o,2048,1266,0.6181640625,0.894848108291626
final-final,proj-slimpajama-r30-s0,proj-selfdoc-r30-s0,L20.o,20,o,2048,1266,0.6181640625,0.890277624130249
init-init,proj-slimpajama-r30-s0,proj-selfdoc-r30-s0,L20.fc1,20,fc1,2048,797,0.38916015625,0.8337254524230957
final-final,proj-slimpajama-r30-s0,proj-selfdoc-r30-s0,L20.fc1,20,fc1,2048,797,0.38916015625,0.8277480602264404
init-init,proj-slimpajama-r30-s0,proj-selfdoc-r30-s0,L20.fc2,20,fc2,2048,797,0.38916015625,0.8647275567054749
final-final,proj-slimpajama-r30-s0,proj-selfdoc-r30-s0,L20.fc2,20,fc2,2048,797,0.38916015625,0.8571903705596924
init-init,proj-slimpajama-r30-s0,proj-selfdoc-r30-s0,L21.qkv,21,qkv,2048,1266,0.6181640625,0.8876727819442749
final-final,proj-slimpajama-r30-s0,proj-selfdoc-r30-s0,L21.qkv,21,qkv,2048,1266,0.6181640625,0.8846636414527893
init-init,proj-slimpajama-r30-s0,proj-selfdoc-r30-s0,L21.o,21,o,2048,1266,0.6181640625,0.8708072900772095
final-final,proj-slimpajama-r30-s0,proj-selfdoc-r30-s0,L21.o,21,o,2048,1266,0.6181640625,0.8671620488166809
init-init,proj-slimpajama-r30-s0,proj-selfdoc-r30-s0,L21.fc1,21,fc1,2048,797,0.38916015625,0.8292446136474609
final-final,proj-slimpajama-r30-s0,proj-selfdoc-r30-s0,L21.fc1,21,fc1,2048,797,0.38916015625,0.8240235447883606
init-init,proj-slimpajama-r30-s0,proj-selfdoc-r30-s0,L21.fc2,21,fc2,2048,797,0.38916015625,0.8650902509689331
final-final,proj-slimpajama-r30-s0,proj-selfdoc-r30-s0,L21.fc2,21,fc2,2048,797,0.38916015625,0.8578202128410339
init-init,proj-slimpajama-r30-s0,proj-selfdoc-r30-s0,L22.qkv,22,qkv,2048,1266,0.6181640625,0.8856931924819946
final-final,proj-slimpajama-r30-s0,proj-selfdoc-r30-s0,L22.qkv,22,qkv,2048,1266,0.6181640625,0.8830978274345398
init-init,proj-slimpajama-r30-s0,proj-selfdoc-r30-s0,L22.o,22,o,2048,1266,0.6181640625,0.8546372056007385
final-final,proj-slimpajama-r30-s0,proj-selfdoc-r30-s0,L22.o,22,o,2048,1266,0.6181640625,0.8515812158584595
init-init,proj-slimpajama-r30-s0,proj-selfdoc-r30-s0,L22.fc1,22,fc1,2048,797,0.38916015625,0.8252619504928589
final-final,proj-slimpajama-r30-s0,proj-selfdoc-r30-s0,L22.fc1,22,fc1,2048,797,0.38916015625,0.8211249113082886
init-init,proj-slimpajama-r30-s0,proj-selfdoc-r30-s0,L22.fc2,22,fc2,2048,797,0.38916015625,0.8733744621276855
final-final,proj-slimpajama-r30-s0,proj-selfdoc-r30-s0,L22.fc2,22,fc2,2048,797,0.38916015625,0.8665927648544312
init-init,proj-slimpajama-r30-s0,proj-selfdoc-r30-s0,L23.qkv,23,qkv,2048,1266,0.6181640625,0.8892337083816528
final-final,proj-slimpajama-r30-s0,proj-selfdoc-r30-s0,L23.qkv,23,qkv,2048,1266,0.6181640625,0.8884676694869995
init-init,proj-slimpajama-r30-s0,proj-selfdoc-r30-s0,L23.o,23,o,2048,1266,0.6181640625,0.8531060218811035
final-final,proj-slimpajama-r30-s0,proj-selfdoc-r30-s0,L23.o,23,o,2048,1266,0.6181640625,0.8484196066856384
init-init,proj-slimpajama-r30-s0,proj-selfdoc-r30-s0,L23.fc1,23,fc1,2048,797,0.38916015625,0.8181102275848389
final-final,proj-slimpajama-r30-s0,proj-selfdoc-r30-s0,L23.fc1,23,fc1,2048,797,0.38916015625,0.8145956993103027
init-init,proj-slimpajama-r30-s0,proj-selfdoc-r30-s0,L23.fc2,23,fc2,2048,797,0.38916015625,0.8812198042869568
final-final,proj-slimpajama-r30-s0,proj-selfdoc-r30-s0,L23.fc2,23,fc2,2048,797,0.38916015625,0.8722323775291443
init-init,proj-alpaca-r30-s0,proj-selfgen-r30-s0,L0.qkv,0,qkv,2048,1266,0.6181640625,0.8817490935325623
final-final,proj-alpaca-r30-s0,proj-selfgen-r30-s0,L0.qkv,0,qkv,2048,1266,0.6181640625,0.877001941204071
init-init,proj-alpaca-r30-s0,proj-selfgen-r30-s0,L0.o,0,o,2048,1266,0.6181640625,0.917704164981842
final-final,proj-alpaca-r30-s0,proj-selfgen-r30-s0,L0.o,0,o,2048,1266,0.6181640625,0.912828803062439
init-init,proj-alpaca-r30-s0,proj-selfgen-r30-s0,L0.fc1,0,fc1,2048,797,0.38916015625,0.8190421462059021
final-final,proj-alpaca-r30-s0,proj-selfgen-r30-s0,L0.fc1,0,fc1,2048,797,0.38916015625,0.8141300678253174
init-init,proj-alpaca-r30-s0,proj-selfgen-r30-s0,L0.fc2,0,fc2,2048,797,0.38916015625,0.8581416010856628
final-final,proj-alpaca-r30-s0,proj-selfgen-r30-s0,L0.fc2,0,fc2,2048,797,0.38916015625,0.8518325686454773
init-init,proj-alpaca-r30-s0,proj-selfgen-r30-s0,L1.qkv,1,qkv,2048,1266,0.6181640625,0.927412748336792
final-final,proj-alpaca-r30-s0,proj-selfgen-r30-s0,L1.qkv,1,qkv,2048,1266,0.6181640625,0.9223452806472778
init-init,proj-alpaca-r30-s0,proj-selfgen-r30-s0,L1.o,1,o,2048,1266,0.6181640625,0.9128884673118591
final-final,proj-alpaca-r30-s0,proj-selfgen-r30-s0,L1.o,1,o,2048,1266,0.6181640625,0.9082816243171692
init-init,proj-alpaca-r30-s0,proj-selfgen-r30-s0,L1.fc1,1,fc1,2048,797,0.38916015625,0.8925178647041321
final-final,proj-alpaca-r30-s0,proj-selfgen-r30-s0,L1.fc1,1,fc1,2048,797,0.38916015625,0.8879028558731079
init-init,proj-alpaca-r30-s0,proj-selfgen-r30-s0,L1.fc2,1,fc2,2048,797,0.38916015625,0.8303559422492981
final-final,proj-alpaca-r30-s0,proj-selfgen-r30-s0,L1.fc2,1,fc2,2048,797,0.38916015625,0.8246963620185852
init-init,proj-alpaca-r30-s0,proj-selfgen-r30-s0,L2.qkv,2,qkv,2048,1266,0.6181640625,0.922676682472229
final-final,proj-alpaca-r30-s0,proj-selfgen-r30-s0,L2.qkv,2,qkv,2048,1266,0.6181640625,0.9171656370162964
init-init,proj-alpaca-r30-s0,proj-selfgen-r30-s0,L2.o,2,o,2048,1266,0.6181640625,0.9338607788085938
final-final,proj-alpaca-r30-s0,proj-selfgen-r30-s0,L2.o,2,o,2048,1266,0.6181640625,0.9296290874481201
init-init,proj-alpaca-r30-s0,proj-selfgen-r30-s0,L2.fc1,2,fc1,2048,797,0.38916015625,0.8796057105064392
final-final,proj-alpaca-r30-s0,proj-selfgen-r30-s0,L2.fc1,2,fc1,2048,797,0.38916015625,0.8749468922615051
init-init,proj-alpaca-r30-s0,proj-selfgen-r30-s0,L2.fc2,2,fc2,2048,797,0.38916015625,0.8207018375396729
final-final,proj-alpaca-r30-s0,proj-selfgen-r30-s0,L2.fc2,2,fc2,2048,797,0.38916015625,0.815166711807251
init-init,proj-alpaca-r30-s0,proj-selfgen-r30-s0,L3.qkv,3,qkv,2048,1266,0.6181640625,0.9167153835296631
final-final,proj-alpaca-r30-s0,proj-selfgen-r30-s0,L3.qkv,3,qkv,2048,1266,0.6181640625,0.9108664393424988
init-init,proj-alpaca-r30-s0,proj-selfgen-r30-s0,L3.o,3,o,2048,1266,0.6181640625,0.9088147282600403
final-final,proj-alpaca-r30-s0,proj-selfgen-r30-s0,L3.o,3,o,2048,1266,0.6181640625,0.9047163128852844
init-init,proj-alpaca-r30-s0,proj-selfgen-r30-s0,L3.fc1,3,fc1,2048,797,0.38916015625,0.8683649897575378
final-final,proj-alpaca-r30-s0,proj-selfgen-r30-s0,L3.fc1,3,fc1,2048,797,0.38916015625,0.8631197810173035
init-init,proj-alpaca-r30-s0,proj-selfgen-r30-s0,L3.fc2,3,fc2,2048,797,0.38916015625,0.8077419400215149
final-final,proj-alpaca-r30-s0,proj-selfgen-r30-s0,L3.fc2,3,fc2,2048,797,0.38916015625,0.8021262288093567
init-init,proj-alpaca-r30-s0,proj-selfgen-r30-s0,L4.qkv,4,qkv,2048,1266,0.6181640625,0.9104073643684387
final-final,proj-alpaca-r30-s0,proj-selfgen-r30-s0,L4.qkv,4,qkv,2048,1266,0.6181640625,0.9051023721694946
init-init,proj-alpaca-r30-s0,proj-selfgen-r30-s0,L4.o,4,o,2048,1266,0.6181640625,0.9344124794006348
final-final,proj-alpaca-r30-s0,proj-selfgen-r30-s0,L4.o,4,o,2048,1266,0.6181640625,0.9302448034286499
init-init,proj-alpaca-r30-s0,proj-selfgen-r30-s0,L4.fc1,4,fc1,2048,797,0.38916015625,0.8589332699775696
final-final,proj-alpaca-r30-s0,proj-selfgen-r30-s0,L4.fc1,4,fc1,2048,797,0.38916015625,0.853325366973877
init-init,proj-alpaca-r30-s0,proj-selfgen-r30-s0,L4.fc2,4,fc2,2048,797,0.38916015625,0.7714956998825073
final-final,proj-alpaca-r30-s0,proj-selfgen-r30-s0,L4.fc2,4,fc2,2048,797,0.38916015625,0.7666410803794861
init-init,proj-alpaca-r30-s0,proj-selfgen-r30-s0,L5.qkv,5,qkv,2048,1266,0.6181640625,0.9007880687713623
final-final,proj-alpaca-r30-s0,proj-selfgen-r30-s0,L5.qkv,5,qkv,2048,1266,0.6181640625,0.8954336047172546
init-init,proj-alpaca-r30-s0,proj-selfgen-r30-s0,L5.o,5,o,2048,1266,0.6181640625,0.9148375391960144
final-final,proj-alpaca-r30-s0,proj-selfgen-r30-s0,L5.o,5,o,2048,1266,0.6181640625,0.9105263352394104
init-init,proj-alpaca-r30-s0,proj-selfgen-r30-s0,L5.fc1,5,fc1,2048,797,0.38916015625,0.844681978225708
final-final,proj-alpaca-r30-s0,proj-selfgen-r30-s0,L5.fc1,5,fc1,2048,797,0.38916015625,0.8391390442848206
init-init,proj-alpaca-r30-s0,proj-selfgen-r30-s0,L5.fc2,5,fc2,2048,797,0.38916015625,0.7461312413215637
final-final,proj-alpaca-r30-s0,proj-selfgen-r30-s0,L5.fc2,5,fc2,2048,797,0.38916015625,0.7415914535522461
init-init,proj-alpaca-r30-s0,proj-selfgen-r30-s0,L6.qkv,6,qkv,2048,1266,0.6181640625,0.8949446082115173
final-final,proj-alpaca-r30-s0,proj-selfgen-r30-s0,L6.qkv,6,qkv,2048,1266,0.6181640625,0.8895487189292908
init-init,proj-alpaca-r30-s0,proj-selfgen-r30-s0,L6.o,6,o,2048,1266,0.6181640625,0.895455539226532
final-final,proj-alpaca-r30-s0,proj-selfgen-r30-s0,L6.o,6,o,2048,1266,0.6181640625,0.8907628655433655
init-init,proj-alpaca-r30-s0,proj-selfgen-r30-s0,L6.fc1,6,fc1,2048,797,0.38916015625,0.8288759589195251
final-final,proj-alpaca-r30-s0,proj-selfgen-r30-s0,L6.fc1,6,fc1,2048,797,0.38916015625,0.8232182860374451
init-init,proj-alpaca-r30-s0,proj-selfgen-r30-s0,L6.fc2,6,fc2,2048,797,0.38916015625,0.7412410974502563
final-final,proj-alpaca-r30-s0,proj-selfgen-r30-s0,L6.fc2,6,fc2,2048,797,0.38916015625,0.7369253039360046
init-init,proj-alpaca-r30-s0,proj-selfgen-r30-s0,L7.qkv,7,qkv,2048,1266,0.6181640625,0.8850962519645691
final-final,proj-alpaca-r30-s0,proj-selfgen-r30-s0,L7.qkv,7,qkv,2048,1266,0.6181640625,0.8798233270645142
init-init,proj-alpaca-r30-s0,proj-selfgen-r30-s0,L7.o,7,o,2048,1266,0.6181640625,0.8789668083190918
final-final,proj-alpaca-r30-s0,proj-selfgen-r30-s0,L7.o,7,o,2048,1266,0.6181640625,0.8743997812271118
init-init,proj-alpaca-r30-s0,proj-selfgen-r30-s0,L7.fc1,7,fc1,2048,797,0.38916015625,0.811478853225708
final-final,proj-alpaca-r30-s0,proj-selfgen-r30-s0,L7.fc1,7,fc1,2048,797,0.38916015625,0.8058993220329285
init-init,proj-alpaca-r30-s0,proj-selfgen-r30-s0,L7.fc2,7,fc2,2048,797,0.38916015625,0.7390185594558716
final-final,proj-alpaca-r30-s0,proj-selfgen-r30-s0,L7.fc2,7,fc2,2048,797,0.38916015625,0.7344973683357239
init-init,proj-alpaca-r30-s0,proj-selfgen-r30-s0,L8.qkv,8,qkv,2048,1266,0.6181640625,0.875481903553009
final-final,proj-alpaca-r30-s0,proj-selfgen-r30-s0,L8.qkv,8,qkv,2048,1266,0.6181640625,0.8705379962921143
init-init,proj-alpaca-r30-s0,proj-selfgen-r30-s0,L8.o,8,o,2048,1266,0.6181640625,0.8709335923194885
final-final,proj-alpaca-r30-s0,proj-selfgen-r30-s0,L8.o,8,o,2048,1266,0.6181640625,0.8663523197174072
init-init,proj-alpaca-r30-s0,proj-selfgen-r30-s0,L8.fc1,8,fc1,2048,797,0.38916015625,0.7923371195793152
final-final,proj-alpaca-r30-s0,proj-selfgen-r30-s0,L8.fc1,8,fc1,2048,797,0.38916015625,0.7868223190307617
init-init,proj-alpaca-r30-s0,proj-selfgen-r30-s0,L8.fc2,8,fc2,2048,797,0.38916015625,0.7544671297073364
final-final,proj-alpaca-r30-s0,proj-selfgen-r30-s0,L8.fc2,8,fc2,2048,797,0.38916015625,0.7493510246276855
init-init,proj-alpaca-r30-s0,proj-selfgen-r30-s0,L9.qkv,9,qkv,2048,1266,0.6181640625,0.8664862513542175
final-final,proj-alpaca-r30-s0,proj-selfgen-r30-s0,L9.qkv,9,qkv,2048,1266,0.6181640625,0.8616111278533936
init-init,proj-alpaca-r30-s0,proj-selfgen-r30-s0,L9.o,9,o,2048,1266,0.6181640625,0.8782114386558533
final-final,proj-alpaca-r30-s0,proj-selfgen-r30-s0,L9.o,9,o,2048,1266,0.6181640625,0.873612105846405
init-init,proj-alpaca-r30-s0,proj-selfgen-r30-s0,L9.fc1,9,fc1,2048,797,0.38916015625,0.7777470350265503
final-final,proj-alpaca-r30-s0,proj-selfgen-r30-s0,L9.fc1,9,fc1,2048,797,0.38916015625,0.7722313404083252
init-init,proj-alpaca-r30-s0,proj-selfgen-r30-s0,L9.fc2,9,fc2,2048,797,0.38916015625,0.7742903232574463
final-final,proj-alpaca-r30-s0,proj-selfgen-r30-s0,L9.fc2,9,fc2,2048,797,0.38916015625,0.7688021063804626
init-init,proj-alpaca-r30-s0,proj-selfgen-r30-s0,L10.qkv,10,qkv,2048,1266,0.6181640625,0.8636070489883423
final-final,proj-alpaca-r30-s0,proj-selfgen-r30-s0,L10.qkv,10,qkv,2048,1266,0.6181640625,0.8590404391288757
init-init,proj-alpaca-r30-s0,proj-selfgen-r30-s0,L10.o,10,o,2048,1266,0.6181640625,0.8710351586341858
final-final,proj-alpaca-r30-s0,proj-selfgen-r30-s0,L10.o,10,o,2048,1266,0.6181640625,0.8664112091064453
init-init,proj-alpaca-r30-s0,proj-selfgen-r30-s0,L10.fc1,10,fc1,2048,797,0.38916015625,0.7672168016433716
final-final,proj-alpaca-r30-s0,proj-selfgen-r30-s0,L10.fc1,10,fc1,2048,797,0.38916015625,0.7620512843132019
init-init,proj-alpaca-r30-s0,proj-selfgen-r30-s0,L10.fc2,10,fc2,2048,797,0.38916015625,0.7794498205184937
final-final,proj-alpaca-r30-s0,proj-selfgen-r30-s0,L10.fc2,10,fc2,2048,797,0.38916015625,0.7741041779518127
init-init,proj-alpaca-r30-s0,proj-selfgen-r30-s0,L11.qkv,11,qkv,2048,1266,0.6181640625,0.8571909666061401
final-final,proj-alpaca-r30-s0,proj-selfgen-r30-s0,L11.qkv,11,qkv,2048,1266,0.6181640625,0.8527398109436035
init-init,proj-alpaca-r30-s0,proj-selfgen-r30-s0,L11.o,11,o,2048,1266,0.6181640625,0.866033136844635
final-final,proj-alpaca-r30-s0,proj-selfgen-r30-s0,L11.o,11,o,2048,1266,0.6181640625,0.861892580986023
init-init,proj-alpaca-r30-s0,proj-selfgen-r30-s0,L11.fc1,11,fc1,2048,797,0.38916015625,0.7600452303886414
final-final,proj-alpaca-r30-s0,proj-selfgen-r30-s0,L11.fc1,11,fc1,2048,797,0.38916015625,0.7550025582313538
init-init,proj-alpaca-r30-s0,proj-selfgen-r30-s0,L11.fc2,11,fc2,2048,797,0.38916015625,0.7929267883300781
final-final,proj-alpaca-r30-s0,proj-selfgen-r30-s0,L11.fc2,11,fc2,2048,797,0.38916015625,0.7871853113174438
init-init,proj-alpaca-r30-s0,proj-selfgen-r30-s0,L12.qkv,12,qkv,2048,1266,0.6181640625,0.8552186489105225
final-final,proj-alpaca-r30-s0,proj-selfgen-r30-s0,L12.qkv,12,qkv,2048,1266,0.6181640625,0.8509480953216553
init-init,proj-alpaca-r30-s0,proj-selfgen-r30-s0,L12.o,12,o,2048,1266,0.6181640625,0.870355486869812
final-final,proj-alpaca-r30-s0,proj-selfgen-r30-s0,L12.o,12,o,2048,1266,0.6181640625,0.8660346865653992
init-init,proj-alpaca-r30-s0,proj-selfgen-r30-s0,L12.fc1,12,fc1,2048,797,0.38916015625,0.755020260810852
final-final,proj-alpaca-r30-s0,proj-selfgen-r30-s0,L12.fc1,12,fc1,2048,797,0.38916015625,0.7502528429031372
init-init,proj-alpaca-r30-s0,proj-selfgen-r30-s0,L12.fc2,12,fc2,2048,797,0.38916015625,0.800054132938385
final-final,proj-alpaca-r30-s0,proj-selfgen-r30-s0,L12.fc2,12,fc2,2048,797,0.38916015625,0.7942478060722351
init-init,proj-alpaca-r30-s0,proj-selfgen-r30-s0,L13.qkv,13,qkv,2048,1266,0.6181640625,0.855944812297821
final-final,proj-alpaca-r30-s0,proj-selfgen-r30-s0,L13.qkv,13,qkv,2048,1266,0.6181640625,0.8517808318138123
init-init,proj-alpaca-r30-s0,proj-selfgen-r30-s0,L13.o,13,o,2048,1266,0.6181640625,0.866457998752594
final-final,proj-alpaca-r30-s0,proj-selfgen-r30-s0,L13.o,13,o,2048,1266,0.6181640625,0.8624070882797241
init-init,proj-alpaca-r30-s0,proj-selfgen-r30-s0,L13.fc1,13,fc1,2048,797,0.38916015625,0.7505919933319092
final-final,proj-alpaca-r30-s0,proj-selfgen-r30-s0,L13.fc1,13,fc1,2048,797,0.38916015625,0.745969831943512
init-init,proj-alpaca-r30-s0,proj-selfgen-r30-s0,L13.fc2,13,fc2,2048,797,0.38916015625,0.8000760674476624
final-final,proj-alpaca-r30-s0,proj-selfgen-r30-s0,L13.fc2,13,fc2,2048,797,0.38916015625,0.7943323254585266
init-init,proj-alpaca-r30-s0,proj-selfgen-r30-s0,L14.qkv,14,qkv,2048,1266,0.6181640625,0.8494178652763367
final-final,proj-alpaca-r30-s0,proj-selfgen-r30-s0,L14.qkv,14,qkv,2048,1266,0.6181640625,0.8456857800483704
init-init,proj-alpaca-r30-s0,proj-selfgen-r30-s0,L14.o,14,o,2048,1266,0.6181640625,0.8531243801116943
final-final,proj-alpaca-r30-s0,proj-selfgen-r30-s0,L14.o,14,o,2048,1266,0.6181640625,0.8492648601531982
init-init,proj-alpaca-r30-s0,proj-selfgen-r30-s0,L14.fc1,14,fc1,2048,797,0.38916015625,0.7467697262763977
final-final,proj-alpaca-r30-s0,proj-selfgen-r30-s0,L14.fc1,14,fc1,2048,797,0.38916015625,0.742332398891449
init-init,proj-alpaca-r30-s0,proj-selfgen-r30-s0,L14.fc2,14,fc2,2048,797,0.38916015625,0.7946025133132935
final-final,proj-alpaca-r30-s0,proj-selfgen-r30-s0,L14.fc2,14,fc2,2048,797,0.38916015625,0.7889090776443481
init-init,proj-alpaca-r30-s0,proj-selfgen-r30-s0,L15.qkv,15,qkv,2048,1266,0.6181640625,0.8511004447937012
final-final,proj-alpaca-r30-s0,proj-selfgen-r30-s0,L15.qkv,15,qkv,2048,1266,0.6181640625,0.8475858569145203
init-init,proj-alpaca-r30-s0,proj-selfgen-r30-s0,L15.o,15,o,2048,1266,0.6181640625,0.8463160991668701
final-final,proj-alpaca-r30-s0,proj-selfgen-r30-s0,L15.o,15,o,2048,1266,0.6181640625,0.8426527976989746
init-init,proj-alpaca-r30-s0,proj-selfgen-r30-s0,L15.fc1,15,fc1,2048,797,0.38916015625,0.7419881224632263
final-final,proj-alpaca-r30-s0,proj-selfgen-r30-s0,L15.fc1,15,fc1,2048,797,0.38916015625,0.7376388907432556
init-init,proj-alpaca-r30-s0,proj-selfgen-r30-s0,L15.fc2,15,fc2,2048,797,0.38916015625,0.7955362200737
final-final,proj-alpaca-r30-s0,proj-selfgen-r30-s0,L15.fc2,15,fc2,2048,797,0.38916015625,0.7898352742195129
init-init,proj-alpaca-r30-s0,proj-selfgen-r30-s0,L16.qkv,16,qkv,2048,1266,0.6181640625,0.8416975736618042
final-final,proj-alpaca-r30-s0,proj-selfgen-r30-s0,L16.qkv,16,qkv,2048,1266,0.6181640625,0.8383638858795166
init-init,proj-alpaca-r30-s0,proj-selfgen-r30-s0,L16.o,16,o,2048,1266,0.6181640625,0.8590735793113708
final-final,proj-alpaca-r30-s0,proj-selfgen-r30-s0,L16.o,16,o,2048,1266,0.6181640625,0.8554859161376953
init-init,proj-alpaca-r30-s0,proj-selfgen-r30-s0,L16.fc1,16,fc1,2048,797,0.38916015625,0.7434210777282715
final-final,proj-alpaca-r30-s0,proj-selfgen-r30-s0,L16.fc1,16,fc1,2048,797,0.38916015625,0.7391726970672607
init-init,proj-alpaca-r30-s0,proj-selfgen-r30-s0,L16.fc2,16,fc2,2048,797,0.38916015625,0.7934169173240662
final-final,proj-alpaca-r30-s0,proj-selfgen-r30-s0,L16.fc2,16,fc2,2048,797,0.38916015625,0.787763237953186
init-init,proj-alpaca-r30-s0,proj-selfgen-r30-s0,L17.qkv,17,qkv,2048,1266,0.6181640625,0.8382922410964966
final-final,proj-alpaca-r30-s0,proj-selfgen-r30-s0,L17.qkv,17,qkv,2048,1266,0.6181640625,0.835152804851532
init-init,proj-alpaca-r30-s0,proj-selfgen-r30-s0,L17.o,17,o,2048,1266,0.6181640625,0.8449530005455017
final-final,proj-alpaca-r30-s0,proj-selfgen-r30-s0,L17.o,17,o,2048,1266,0.6181640625,0.841454029083252
init-init,proj-alpaca-r30-s0,proj-selfgen-r30-s0,L17.fc1,17,fc1,2048,797,0.38916015625,0.7444018125534058
final-final,proj-alpaca-r30-s0,proj-selfgen-r30-s0,L17.fc1,17,fc1,2048,797,0.38916015625,0.7399449944496155
init-init,proj-alpaca-r30-s0,proj-selfgen-r30-s0,L17.fc2,17,fc2,2048,797,0.38916015625,0.7894130945205688
final-final,proj-alpaca-r30-s0,proj-selfgen-r30-s0,L17.fc2,17,fc2,2048,797,0.38916015625,0.7839157581329346
init-init,proj-alpaca-r30-s0,proj-selfgen-r30-s0,L18.qkv,18,qkv,2048,1266,0.6181640625,0.8393479585647583
final-final,proj-alpaca-r30-s0,proj-selfgen-r30-s0,L18.qkv,18,qkv,2048,1266,0.6181640625,0.8365204930305481
init-init,proj-alpaca-r30-s0,proj-selfgen-r30-s0,L18.o,18,o,2048,1266,0.6181640625,0.8559963703155518
final-final,proj-alpaca-r30-s0,proj-selfgen-r30-s0,L18.o,18,o,2048,1266,0.6181640625,0.8525718450546265
init-init,proj-alpaca-r30-s0,proj-selfgen-r30-s0,L18.fc1,18,fc1,2048,797,0.38916015625,0.7485266327857971
final-final,proj-alpaca-r30-s0,proj-selfgen-r30-s0,L18.fc1,18,fc1,2048,797,0.38916015625,0.7440462708473206
init-init,proj-alpaca-r30-s0,proj-selfgen-r30-s0,L18.fc2,18,fc2,2048,797,0.38916015625,0.7881630659103394
final-final,proj-alpaca-r30-s0,proj-selfgen-r30-s0,L18.fc2,18,fc2,2048,797,0.38916015625,0.7826185822486877
init-init,proj-alpaca-r30-s0,proj-selfgen-r30-s0,L19.qkv,19,qkv,2048,1266,0.6181640625,0.8365509510040283
final-final,proj-alpaca-r30-s0,proj-selfgen-r30-s0,L19.qkv,19,qkv,2048,1266,0.6181640625,0.8339556455612183
init-init,proj-alpaca-r30-s0,proj-selfgen-r30-s0,L19.o,19,o,2048,1266,0.6181640625,0.8483182787895203
final-final,proj-alpaca-r30-s0,proj-selfgen-r30-s0,L19.o,19,o,2048,1266,0.6181640625,0.8451840281486511
init-init,proj-alpaca-r30-s0,proj-selfgen-r30-s0,L19.fc1,19,fc1,2048,797,0.38916015625,0.7492535710334778
final-final,proj-alpaca-r30-s0,proj-selfgen-r30-s0,L19.fc1,19,fc1,2048,797,0.38916015625,0.7448486685752869
init-init,proj-alpaca-r30-s0,proj-selfgen-r30-s0,L19.fc2,19,fc2,2048,797,0.38916015625,0.7840649485588074
final-final,proj-alpaca-r30-s0,proj-selfgen-r30-s0,L19.fc2,19,fc2,2048,797,0.38916015625,0.7783458828926086
init-init,proj-alpaca-r30-s0,proj-selfgen-r30-s0,L20.qkv,20,qkv,2048,1266,0.6181640625,0.8341139554977417
final-final,proj-alpaca-r30-s0,proj-selfgen-r30-s0,L20.qkv,20,qkv,2048,1266,0.6181640625,0.8315363526344299
init-init,proj-alpaca-r30-s0,proj-selfgen-r30-s0,L20.o,20,o,2048,1266,0.6181640625,0.846876323223114
final-final,proj-alpaca-r30-s0,proj-selfgen-r30-s0,L20.o,20,o,2048,1266,0.6181640625,0.843427836894989
init-init,proj-alpaca-r30-s0,proj-selfgen-r30-s0,L20.fc1,20,fc1,2048,797,0.38916015625,0.7471494674682617
final-final,proj-alpaca-r30-s0,proj-selfgen-r30-s0,L20.fc1,20,fc1,2048,797,0.38916015625,0.7429404258728027
init-init,proj-alpaca-r30-s0,proj-selfgen-r30-s0,L20.fc2,20,fc2,2048,797,0.38916015625,0.7814033627510071
final-final,proj-alpaca-r30-s0,proj-selfgen-r30-s0,L20.fc2,20,fc2,2048,797,0.38916015625,0.7755134701728821
init-init,proj-alpaca-r30-s0,proj-selfgen-r30-s0,L21.qkv,21,qkv,2048,1266,0.6181640625,0.8281474709510803
final-final,proj-alpaca-r30-s0,proj-selfgen-r30-s0,L21.qkv,21,qkv,2048,1266,0.6181640625,0.8255515098571777
init-init,proj-alpaca-r30-s0,proj-selfgen-r30-s0,L21.o,21,o,2048,1266,0.6181640625,0.821812629699707
final-final,proj-alpaca-r30-s0,proj-selfgen-r30-s0,L21.o,21,o,2048,1266,0.6181640625,0.8186843395233154
init-init,proj-alpaca-r30-s0,proj-selfgen-r30-s0,L21.fc1,21,fc1,2048,797,0.38916015625,0.7408405542373657
final-final,proj-alpaca-r30-s0,proj-selfgen-r30-s0,L21.fc1,21,fc1,2048,797,0.38916015625,0.7370250225067139
init-init,proj-alpaca-r30-s0,proj-selfgen-r30-s0,L21.fc2,21,fc2,2048,797,0.38916015625,0.7845999598503113
final-final,proj-alpaca-r30-s0,proj-selfgen-r30-s0,L21.fc2,21,fc2,2048,797,0.38916015625,0.778941810131073
init-init,proj-alpaca-r30-s0,proj-selfgen-r30-s0,L22.qkv,22,qkv,2048,1266,0.6181640625,0.8224115967750549
final-final,proj-alpaca-r30-s0,proj-selfgen-r30-s0,L22.qkv,22,qkv,2048,1266,0.6181640625,0.8197709321975708
init-init,proj-alpaca-r30-s0,proj-selfgen-r30-s0,L22.o,22,o,2048,1266,0.6181640625,0.8139535784721375
final-final,proj-alpaca-r30-s0,proj-selfgen-r30-s0,L22.o,22,o,2048,1266,0.6181640625,0.8110580444335938
init-init,proj-alpaca-r30-s0,proj-selfgen-r30-s0,L22.fc1,22,fc1,2048,797,0.38916015625,0.7333433628082275
final-final,proj-alpaca-r30-s0,proj-selfgen-r30-s0,L22.fc1,22,fc1,2048,797,0.38916015625,0.7303913831710815
init-init,proj-alpaca-r30-s0,proj-selfgen-r30-s0,L22.fc2,22,fc2,2048,797,0.38916015625,0.7982689142227173
final-final,proj-alpaca-r30-s0,proj-selfgen-r30-s0,L22.fc2,22,fc2,2048,797,0.38916015625,0.7931704521179199
init-init,proj-alpaca-r30-s0,proj-selfgen-r30-s0,L23.qkv,23,qkv,2048,1266,0.6181640625,0.8252817392349243
final-final,proj-alpaca-r30-s0,proj-selfgen-r30-s0,L23.qkv,23,qkv,2048,1266,0.6181640625,0.8246412873268127
init-init,proj-alpaca-r30-s0,proj-selfgen-r30-s0,L23.o,23,o,2048,1266,0.6181640625,0.8152967095375061
final-final,proj-alpaca-r30-s0,proj-selfgen-r30-s0,L23.o,23,o,2048,1266,0.6181640625,0.811670184135437
init-init,proj-alpaca-r30-s0,proj-selfgen-r30-s0,L23.fc1,23,fc1,2048,797,0.38916015625,0.7221502065658569
final-final,proj-alpaca-r30-s0,proj-selfgen-r30-s0,L23.fc1,23,fc1,2048,797,0.38916015625,0.7197808027267456
init-init,proj-alpaca-r30-s0,proj-selfgen-r30-s0,L23.fc2,23,fc2,2048,797,0.38916015625,0.8048450946807861
final-final,proj-alpaca-r30-s0,proj-selfgen-r30-s0,L23.fc2,23,fc2,2048,797,0.38916015625,0.797927975654602
init-init,proj-alpaca-r30-s0,proj-selfdoc-r30-s0,L0.qkv,0,qkv,2048,1266,0.6181640625,0.8837306499481201
final-final,proj-alpaca-r30-s0,proj-selfdoc-r30-s0,L0.qkv,0,qkv,2048,1266,0.6181640625,0.8795799612998962
init-init,proj-alpaca-r30-s0,proj-selfdoc-r30-s0,L0.o,0,o,2048,1266,0.6181640625,0.9201124310493469
final-final,proj-alpaca-r30-s0,proj-selfdoc-r30-s0,L0.o,0,o,2048,1266,0.6181640625,0.9158800840377808
init-init,proj-alpaca-r30-s0,proj-selfdoc-r30-s0,L0.fc1,0,fc1,2048,797,0.38916015625,0.8226324915885925
final-final,proj-alpaca-r30-s0,proj-selfdoc-r30-s0,L0.fc1,0,fc1,2048,797,0.38916015625,0.8180482983589172
init-init,proj-alpaca-r30-s0,proj-selfdoc-r30-s0,L0.fc2,0,fc2,2048,797,0.38916015625,0.8624690771102905
final-final,proj-alpaca-r30-s0,proj-selfdoc-r30-s0,L0.fc2,0,fc2,2048,797,0.38916015625,0.856735110282898
init-init,proj-alpaca-r30-s0,proj-selfdoc-r30-s0,L1.qkv,1,qkv,2048,1266,0.6181640625,0.929193377494812
final-final,proj-alpaca-r30-s0,proj-selfdoc-r30-s0,L1.qkv,1,qkv,2048,1266,0.6181640625,0.9249266982078552
init-init,proj-alpaca-r30-s0,proj-selfdoc-r30-s0,L1.o,1,o,2048,1266,0.6181640625,0.9189049005508423
final-final,proj-alpaca-r30-s0,proj-selfdoc-r30-s0,L1.o,1,o,2048,1266,0.6181640625,0.9151867032051086
init-init,proj-alpaca-r30-s0,proj-selfdoc-r30-s0,L1.fc1,1,fc1,2048,797,0.38916015625,0.8959261775016785
final-final,proj-alpaca-r30-s0,proj-selfdoc-r30-s0,L1.fc1,1,fc1,2048,797,0.38916015625,0.8917721509933472
init-init,proj-alpaca-r30-s0,proj-selfdoc-r30-s0,L1.fc2,1,fc2,2048,797,0.38916015625,0.8342796564102173
final-final,proj-alpaca-r30-s0,proj-selfdoc-r30-s0,L1.fc2,1,fc2,2048,797,0.38916015625,0.8290724754333496
init-init,proj-alpaca-r30-s0,proj-selfdoc-r30-s0,L2.qkv,2,qkv,2048,1266,0.6181640625,0.9244910478591919
final-final,proj-alpaca-r30-s0,proj-selfdoc-r30-s0,L2.qkv,2,qkv,2048,1266,0.6181640625,0.9199866056442261
init-init,proj-alpaca-r30-s0,proj-selfdoc-r30-s0,L2.o,2,o,2048,1266,0.6181640625,0.9385035634040833
final-final,proj-alpaca-r30-s0,proj-selfdoc-r30-s0,L2.o,2,o,2048,1266,0.6181640625,0.9351724982261658
init-init,proj-alpaca-r30-s0,proj-selfdoc-r30-s0,L2.fc1,2,fc1,2048,797,0.38916015625,0.8832362294197083
final-final,proj-alpaca-r30-s0,proj-selfdoc-r30-s0,L2.fc1,2,fc1,2048,797,0.38916015625,0.8792802691459656
init-init,proj-alpaca-r30-s0,proj-selfdoc-r30-s0,L2.fc2,2,fc2,2048,797,0.38916015625,0.825037956237793
final-final,proj-alpaca-r30-s0,proj-selfdoc-r30-s0,L2.fc2,2,fc2,2048,797,0.38916015625,0.8199460506439209
init-init,proj-alpaca-r30-s0,proj-selfdoc-r30-s0,L3.qkv,3,qkv,2048,1266,0.6181640625,0.9187459349632263
final-final,proj-alpaca-r30-s0,proj-selfdoc-r30-s0,L3.qkv,3,qkv,2048,1266,0.6181640625,0.913852870464325
init-init,proj-alpaca-r30-s0,proj-selfdoc-r30-s0,L3.o,3,o,2048,1266,0.6181640625,0.9131035208702087
final-final,proj-alpaca-r30-s0,proj-selfdoc-r30-s0,L3.o,3,o,2048,1266,0.6181640625,0.9096660614013672
init-init,proj-alpaca-r30-s0,proj-selfdoc-r30-s0,L3.fc1,3,fc1,2048,797,0.38916015625,0.8723369836807251
final-final,proj-alpaca-r30-s0,proj-selfdoc-r30-s0,L3.fc1,3,fc1,2048,797,0.38916015625,0.8676438331604004
init-init,proj-alpaca-r30-s0,proj-selfdoc-r30-s0,L3.fc2,3,fc2,2048,797,0.38916015625,0.8145975470542908
final-final,proj-alpaca-r30-s0,proj-selfdoc-r30-s0,L3.fc2,3,fc2,2048,797,0.38916015625,0.8093832731246948
init-init,proj-alpaca-r30-s0,proj-selfdoc-r30-s0,L4.qkv,4,qkv,2048,1266,0.6181640625,0.9127323627471924
final-final,proj-alpaca-r30-s0,proj-selfdoc-r30-s0,L4.qkv,4,qkv,2048,1266,0.6181640625,0.9080654382705688
init-init,proj-alpaca-r30-s0,proj-selfdoc-r30-s0,L4.o,4,o,2048,1266,0.6181640625,0.939990222454071
final-final,proj-alpaca-r30-s0,proj-selfdoc-r30-s0,L4.o,4,o,2048,1266,0.6181640625,0.9364517331123352
init-init,proj-alpaca-r30-s0,proj-selfdoc-r30-s0,L4.fc1,4,fc1,2048,797,0.38916015625,0.863589346408844
final-final,proj-alpaca-r30-s0,proj-selfdoc-r30-s0,L4.fc1,4,fc1,2048,797,0.38916015625,0.8585702776908875
init-init,proj-alpaca-r30-s0,proj-selfdoc-r30-s0,L4.fc2,4,fc2,2048,797,0.38916015625,0.7798799276351929
final-final,proj-alpaca-r30-s0,proj-selfdoc-r30-s0,L4.fc2,4,fc2,2048,797,0.38916015625,0.7751373648643494
init-init,proj-alpaca-r30-s0,proj-selfdoc-r30-s0,L5.qkv,5,qkv,2048,1266,0.6181640625,0.9034101963043213
final-final,proj-alpaca-r30-s0,proj-selfdoc-r30-s0,L5.qkv,5,qkv,2048,1266,0.6181640625,0.8987360596656799
init-init,proj-alpaca-r30-s0,proj-selfdoc-r30-s0,L5.o,5,o,2048,1266,0.6181640625,0.9203136563301086
final-final,proj-alpaca-r30-s0,proj-selfdoc-r30-s0,L5.o,5,o,2048,1266,0.6181640625,0.9166465997695923
init-init,proj-alpaca-r30-s0,proj-selfdoc-r30-s0,L5.fc1,5,fc1,2048,797,0.38916015625,0.8494396805763245
final-final,proj-alpaca-r30-s0,proj-selfdoc-r30-s0,L5.fc1,5,fc1,2048,797,0.38916015625,0.8442888259887695
init-init,proj-alpaca-r30-s0,proj-selfdoc-r30-s0,L5.fc2,5,fc2,2048,797,0.38916015625,0.7577991485595703
final-final,proj-alpaca-r30-s0,proj-selfdoc-r30-s0,L5.fc2,5,fc2,2048,797,0.38916015625,0.7533083558082581
init-init,proj-alpaca-r30-s0,proj-selfdoc-r30-s0,L6.qkv,6,qkv,2048,1266,0.6181640625,0.8978168368339539
final-final,proj-alpaca-r30-s0,proj-selfdoc-r30-s0,L6.qkv,6,qkv,2048,1266,0.6181640625,0.8928400278091431
init-init,proj-alpaca-r30-s0,proj-selfdoc-r30-s0,L6.o,6,o,2048,1266,0.6181640625,0.8984373211860657
final-final,proj-alpaca-r30-s0,proj-selfdoc-r30-s0,L6.o,6,o,2048,1266,0.6181640625,0.894279956817627
init-init,proj-alpaca-r30-s0,proj-selfdoc-r30-s0,L6.fc1,6,fc1,2048,797,0.38916015625,0.8337276577949524
final-final,proj-alpaca-r30-s0,proj-selfdoc-r30-s0,L6.fc1,6,fc1,2048,797,0.38916015625,0.8284048438072205
init-init,proj-alpaca-r30-s0,proj-selfdoc-r30-s0,L6.fc2,6,fc2,2048,797,0.38916015625,0.7509698271751404
final-final,proj-alpaca-r30-s0,proj-selfdoc-r30-s0,L6.fc2,6,fc2,2048,797,0.38916015625,0.7466675639152527
init-init,proj-alpaca-r30-s0,proj-selfdoc-r30-s0,L7.qkv,7,qkv,2048,1266,0.6181640625,0.8881756067276001
final-final,proj-alpaca-r30-s0,proj-selfdoc-r30-s0,L7.qkv,7,qkv,2048,1266,0.6181640625,0.883304238319397
init-init,proj-alpaca-r30-s0,proj-selfdoc-r30-s0,L7.o,7,o,2048,1266,0.6181640625,0.8830991983413696
final-final,proj-alpaca-r30-s0,proj-selfdoc-r30-s0,L7.o,7,o,2048,1266,0.6181640625,0.8789886236190796
init-init,proj-alpaca-r30-s0,proj-selfdoc-r30-s0,L7.fc1,7,fc1,2048,797,0.38916015625,0.8164210319519043
final-final,proj-alpaca-r30-s0,proj-selfdoc-r30-s0,L7.fc1,7,fc1,2048,797,0.38916015625,0.8111550807952881
init-init,proj-alpaca-r30-s0,proj-selfdoc-r30-s0,L7.fc2,7,fc2,2048,797,0.38916015625,0.7467474341392517
final-final,proj-alpaca-r30-s0,proj-selfdoc-r30-s0,L7.fc2,7,fc2,2048,797,0.38916015625,0.7423791885375977
init-init,proj-alpaca-r30-s0,proj-selfdoc-r30-s0,L8.qkv,8,qkv,2048,1266,0.6181640625,0.8783909678459167
final-final,proj-alpaca-r30-s0,proj-selfdoc-r30-s0,L8.qkv,8,qkv,2048,1266,0.6181640625,0.8737332224845886
init-init,proj-alpaca-r30-s0,proj-selfdoc-r30-s0,L8.o,8,o,2048,1266,0.6181640625,0.8732082843780518
final-final,proj-alpaca-r30-s0,proj-selfdoc-r30-s0,L8.o,8,o,2048,1266,0.6181640625,0.8690711259841919
init-init,proj-alpaca-r30-s0,proj-selfdoc-r30-s0,L8.fc1,8,fc1,2048,797,0.38916015625,0.79756760597229
final-final,proj-alpaca-r30-s0,proj-selfdoc-r30-s0,L8.fc1,8,fc1,2048,797,0.38916015625,0.7924188375473022
init-init,proj-alpaca-r30-s0,proj-selfdoc-r30-s0,L8.fc2,8,fc2,2048,797,0.38916015625,0.7613242864608765
final-final,proj-alpaca-r30-s0,proj-selfdoc-r30-s0,L8.fc2,8,fc2,2048,797,0.38916015625,0.7563419938087463
init-init,proj-alpaca-r30-s0,proj-selfdoc-r30-s0,L9.qkv,9,qkv,2048,1266,0.6181640625,0.869307816028595
final-final,proj-alpaca-r30-s0,proj-selfdoc-r30-s0,L9.qkv,9,qkv,2048,1266,0.6181640625,0.8647636771202087
init-init,proj-alpaca-r30-s0,proj-selfdoc-r30-s0,L9.o,9,o,2048,1266,0.6181640625,0.881762683391571
final-final,proj-alpaca-r30-s0,proj-selfdoc-r30-s0,L9.o,9,o,2048,1266,0.6181640625,0.8775280117988586
init-init,proj-alpaca-r30-s0,proj-selfdoc-r30-s0,L9.fc1,9,fc1,2048,797,0.38916015625,0.7827306389808655
final-final,proj-alpaca-r30-s0,proj-selfdoc-r30-s0,L9.fc1,9,fc1,2048,797,0.38916015625,0.7776186466217041
init-init,proj-alpaca-r30-s0,proj-selfdoc-r30-s0,L9.fc2,9,fc2,2048,797,0.38916015625,0.7789060473442078
final-final,proj-alpaca-r30-s0,proj-selfdoc-r30-s0,L9.fc2,9,fc2,2048,797,0.38916015625,0.7736125588417053
init-init,proj-alpaca-r30-s0,proj-selfdoc-r30-s0,L10.qkv,10,qkv,2048,1266,0.6181640625,0.8662702441215515
final-final,proj-alpaca-r30-s0,proj-selfdoc-r30-s0,L10.qkv,10,qkv,2048,1266,0.6181640625,0.8621690273284912
init-init,proj-alpaca-r30-s0,proj-selfdoc-r30-s0,L10.o,10,o,2048,1266,0.6181640625,0.8714476227760315
final-final,proj-alpaca-r30-s0,proj-selfdoc-r30-s0,L10.o,10,o,2048,1266,0.6181640625,0.8672415018081665
init-init,proj-alpaca-r30-s0,proj-selfdoc-r30-s0,L10.fc1,10,fc1,2048,797,0.38916015625,0.772180438041687
final-final,proj-alpaca-r30-s0,proj-selfdoc-r30-s0,L10.fc1,10,fc1,2048,797,0.38916015625,0.7672620415687561
init-init,proj-alpaca-r30-s0,proj-selfdoc-r30-s0,L10.fc2,10,fc2,2048,797,0.38916015625,0.7831450700759888
final-final,proj-alpaca-r30-s0,proj-selfdoc-r30-s0,L10.fc2,10,fc2,2048,797,0.38916015625,0.7777803540229797
init-init,proj-alpaca-r30-s0,proj-selfdoc-r30-s0,L11.qkv,11,qkv,2048,1266,0.6181640625,0.8593373894691467
final-final,proj-alpaca-r30-s0,proj-selfdoc-r30-s0,L11.qkv,11,qkv,2048,1266,0.6181640625,0.8552322387695312
init-init,proj-alpaca-r30-s0,proj-selfdoc-r30-s0,L11.o,11,o,2048,1266,0.6181640625,0.8673171997070312
final-final,proj-alpaca-r30-s0,proj-selfdoc-r30-s0,L11.o,11,o,2048,1266,0.6181640625,0.8634796738624573
init-init,proj-alpaca-r30-s0,proj-selfdoc-r30-s0,L11.fc1,11,fc1,2048,797,0.38916015625,0.7643408179283142
final-final,proj-alpaca-r30-s0,proj-selfdoc-r30-s0,L11.fc1,11,fc1,2048,797,0.38916015625,0.7595725059509277
init-init,proj-alpaca-r30-s0,proj-selfdoc-r30-s0,L11.fc2,11,fc2,2048,797,0.38916015625,0.7954501509666443
final-final,proj-alpaca-r30-s0,proj-selfdoc-r30-s0,L11.fc2,11,fc2,2048,797,0.38916015625,0.7898270487785339
init-init,proj-alpaca-r30-s0,proj-selfdoc-r30-s0,L12.qkv,12,qkv,2048,1266,0.6181640625,0.8574376702308655
final-final,proj-alpaca-r30-s0,proj-selfdoc-r30-s0,L12.qkv,12,qkv,2048,1266,0.6181640625,0.8533860445022583
init-init,proj-alpaca-r30-s0,proj-selfdoc-r30-s0,L12.o,12,o,2048,1266,0.6181640625,0.8707879185676575
final-final,proj-alpaca-r30-s0,proj-selfdoc-r30-s0,L12.o,12,o,2048,1266,0.6181640625,0.8668745160102844
init-init,proj-alpaca-r30-s0,proj-selfdoc-r30-s0,L12.fc1,12,fc1,2048,797,0.38916015625,0.758933424949646
final-final,proj-alpaca-r30-s0,proj-selfdoc-r30-s0,L12.fc1,12,fc1,2048,797,0.38916015625,0.7542908191680908
init-init,proj-alpaca-r30-s0,proj-selfdoc-r30-s0,L12.fc2,12,fc2,2048,797,0.38916015625,0.8017933368682861
final-final,proj-alpaca-r30-s0,proj-selfdoc-r30-s0,L12.fc2,12,fc2,2048,797,0.38916015625,0.796051561832428
init-init,proj-alpaca-r30-s0,proj-selfdoc-r30-s0,L13.qkv,13,qkv,2048,1266,0.6181640625,0.8577641844749451
final-final,proj-alpaca-r30-s0,proj-selfdoc-r30-s0,L13.qkv,13,qkv,2048,1266,0.6181640625,0.8538446426391602
init-init,proj-alpaca-r30-s0,proj-selfdoc-r30-s0,L13.o,13,o,2048,1266,0.6181640625,0.867870569229126
final-final,proj-alpaca-r30-s0,proj-selfdoc-r30-s0,L13.o,13,o,2048,1266,0.6181640625,0.8641002774238586
init-init,proj-alpaca-r30-s0,proj-selfdoc-r30-s0,L13.fc1,13,fc1,2048,797,0.38916015625,0.7543354630470276
final-final,proj-alpaca-r30-s0,proj-selfdoc-r30-s0,L13.fc1,13,fc1,2048,797,0.38916015625,0.7498683333396912
init-init,proj-alpaca-r30-s0,proj-selfdoc-r30-s0,L13.fc2,13,fc2,2048,797,0.38916015625,0.8020992279052734
final-final,proj-alpaca-r30-s0,proj-selfdoc-r30-s0,L13.fc2,13,fc2,2048,797,0.38916015625,0.7964242100715637
init-init,proj-alpaca-r30-s0,proj-selfdoc-r30-s0,L14.qkv,14,qkv,2048,1266,0.6181640625,0.8512638211250305
final-final,proj-alpaca-r30-s0,proj-selfdoc-r30-s0,L14.qkv,14,qkv,2048,1266,0.6181640625,0.8477502465248108
init-init,proj-alpaca-r30-s0,proj-selfdoc-r30-s0,L14.o,14,o,2048,1266,0.6181640625,0.8531029224395752
final-final,proj-alpaca-r30-s0,proj-selfdoc-r30-s0,L14.o,14,o,2048,1266,0.6181640625,0.849612832069397
init-init,proj-alpaca-r30-s0,proj-selfdoc-r30-s0,L14.fc1,14,fc1,2048,797,0.38916015625,0.750380277633667
final-final,proj-alpaca-r30-s0,proj-selfdoc-r30-s0,L14.fc1,14,fc1,2048,797,0.38916015625,0.7460571527481079
init-init,proj-alpaca-r30-s0,proj-selfdoc-r30-s0,L14.fc2,14,fc2,2048,797,0.38916015625,0.7967086434364319
final-final,proj-alpaca-r30-s0,proj-selfdoc-r30-s0,L14.fc2,14,fc2,2048,797,0.38916015625,0.7911741137504578
init-init,proj-alpaca-r30-s0,proj-selfdoc-r30-s0,L15.qkv,15,qkv,2048,1266,0.6181640625,0.8527547717094421
final-final,proj-alpaca-r30-s0,proj-selfdoc-r30-s0,L15.qkv,15,qkv,2048,1266,0.6181640625,0.8493800759315491
init-init,proj-alpaca-r30-s0,proj-selfdoc-r30-s0,L15.o,15,o,2048,1266,0.6181640625,0.8433422446250916
final-final,proj-alpaca-r30-s0,proj-selfdoc-r30-s0,L15.o,15,o,2048,1266,0.6181640625,0.840112030506134
init-init,proj-alpaca-r30-s0,proj-selfdoc-r30-s0,L15.fc1,15,fc1,2048,797,0.38916015625,0.7449712157249451
final-final,proj-alpaca-r30-s0,proj-selfdoc-r30-s0,L15.fc1,15,fc1,2048,797,0.38916015625,0.7406202554702759
init-init,proj-alpaca-r30-s0,proj-selfdoc-r30-s0,L15.fc2,15,fc2,2048,797,0.38916015625,0.7966626882553101
final-final,proj-alpaca-r30-s0,proj-selfdoc-r30-s0,L15.fc2,15,fc2,2048,797,0.38916015625,0.7911035418510437
init-init,proj-alpaca-r30-s0,proj-selfdoc-r30-s0,L16.qkv,16,qkv,2048,1266,0.6181640625,0.8433399200439453
final-final,proj-alpaca-r30-s0,proj-selfdoc-r30-s0,L16.qkv,16,qkv,2048,1266,0.6181640625,0.8403054475784302
init-init,proj-alpaca-r30-s0,proj-selfdoc-r30-s0,L16.o,16,o,2048,1266,0.6181640625,0.8592888116836548
final-final,proj-alpaca-r30-s0,proj-selfdoc-r30-s0,L16.o,16,o,2048,1266,0.6181640625,0.8560283780097961
init-init,proj-alpaca-r30-s0,proj-selfdoc-r30-s0,L16.fc1,16,fc1,2048,797,0.38916015625,0.7469512820243835
final-final,proj-alpaca-r30-s0,proj-selfdoc-r30-s0,L16.fc1,16,fc1,2048,797,0.38916015625,0.7427610158920288
init-init,proj-alpaca-r30-s0,proj-selfdoc-r30-s0,L16.fc2,16,fc2,2048,797,0.38916015625,0.7946100831031799
final-final,proj-alpaca-r30-s0,proj-selfdoc-r30-s0,L16.fc2,16,fc2,2048,797,0.38916015625,0.7888143658638
init-init,proj-alpaca-r30-s0,proj-selfdoc-r30-s0,L17.qkv,17,qkv,2048,1266,0.6181640625,0.8401430249214172
final-final,proj-alpaca-r30-s0,proj-selfdoc-r30-s0,L17.qkv,17,qkv,2048,1266,0.6181640625,0.8371051549911499
init-init,proj-alpaca-r30-s0,proj-selfdoc-r30-s0,L17.o,17,o,2048,1266,0.6181640625,0.8434482216835022
final-final,proj-alpaca-r30-s0,proj-selfdoc-r30-s0,L17.o,17,o,2048,1266,0.6181640625,0.8402321338653564
init-init,proj-alpaca-r30-s0,proj-selfdoc-r30-s0,L17.fc1,17,fc1,2048,797,0.38916015625,0.7472106218338013
final-final,proj-alpaca-r30-s0,proj-selfdoc-r30-s0,L17.fc1,17,fc1,2048,797,0.38916015625,0.7428410053253174
init-init,proj-alpaca-r30-s0,proj-selfdoc-r30-s0,L17.fc2,17,fc2,2048,797,0.38916015625,0.790341854095459
final-final,proj-alpaca-r30-s0,proj-selfdoc-r30-s0,L17.fc2,17,fc2,2048,797,0.38916015625,0.7848269939422607
init-init,proj-alpaca-r30-s0,proj-selfdoc-r30-s0,L18.qkv,18,qkv,2048,1266,0.6181640625,0.8413069844245911
final-final,proj-alpaca-r30-s0,proj-selfdoc-r30-s0,L18.qkv,18,qkv,2048,1266,0.6181640625,0.8388018012046814
init-init,proj-alpaca-r30-s0,proj-selfdoc-r30-s0,L18.o,18,o,2048,1266,0.6181640625,0.8567103147506714
final-final,proj-alpaca-r30-s0,proj-selfdoc-r30-s0,L18.o,18,o,2048,1266,0.6181640625,0.853707492351532
init-init,proj-alpaca-r30-s0,proj-selfdoc-r30-s0,L18.fc1,18,fc1,2048,797,0.38916015625,0.7514938116073608
final-final,proj-alpaca-r30-s0,proj-selfdoc-r30-s0,L18.fc1,18,fc1,2048,797,0.38916015625,0.7470889687538147
init-init,proj-alpaca-r30-s0,proj-selfdoc-r30-s0,L18.fc2,18,fc2,2048,797,0.38916015625,0.7899200320243835
final-final,proj-alpaca-r30-s0,proj-selfdoc-r30-s0,L18.fc2,18,fc2,2048,797,0.38916015625,0.7843282222747803
init-init,proj-alpaca-r30-s0,proj-selfdoc-r30-s0,L19.qkv,19,qkv,2048,1266,0.6181640625,0.8386797308921814
final-final,proj-alpaca-r30-s0,proj-selfdoc-r30-s0,L19.qkv,19,qkv,2048,1266,0.6181640625,0.8362485766410828
init-init,proj-alpaca-r30-s0,proj-selfdoc-r30-s0,L19.o,19,o,2048,1266,0.6181640625,0.8519786596298218
final-final,proj-alpaca-r30-s0,proj-selfdoc-r30-s0,L19.o,19,o,2048,1266,0.6181640625,0.8490234017372131
init-init,proj-alpaca-r30-s0,proj-selfdoc-r30-s0,L19.fc1,19,fc1,2048,797,0.38916015625,0.7522574663162231
final-final,proj-alpaca-r30-s0,proj-selfdoc-r30-s0,L19.fc1,19,fc1,2048,797,0.38916015625,0.7478165626525879
init-init,proj-alpaca-r30-s0,proj-selfdoc-r30-s0,L19.fc2,19,fc2,2048,797,0.38916015625,0.7857668399810791
final-final,proj-alpaca-r30-s0,proj-selfdoc-r30-s0,L19.fc2,19,fc2,2048,797,0.38916015625,0.7802373766899109
init-init,proj-alpaca-r30-s0,proj-selfdoc-r30-s0,L20.qkv,20,qkv,2048,1266,0.6181640625,0.8362240791320801
final-final,proj-alpaca-r30-s0,proj-selfdoc-r30-s0,L20.qkv,20,qkv,2048,1266,0.6181640625,0.8339769840240479
init-init,proj-alpaca-r30-s0,proj-selfdoc-r30-s0,L20.o,20,o,2048,1266,0.6181640625,0.8513609170913696
final-final,proj-alpaca-r30-s0,proj-selfdoc-r30-s0,L20.o,20,o,2048,1266,0.6181640625,0.8481439352035522
init-init,proj-alpaca-r30-s0,proj-selfdoc-r30-s0,L20.fc1,20,fc1,2048,797,0.38916015625,0.7507748603820801
final-final,proj-alpaca-r30-s0,proj-selfdoc-r30-s0,L20.fc1,20,fc1,2048,797,0.38916015625,0.746618926525116
init-init,proj-alpaca-r30-s0,proj-selfdoc-r30-s0,L20.fc2,20,fc2,2048,797,0.38916015625,0.7842112183570862
final-final,proj-alpaca-r30-s0,proj-selfdoc-r30-s0,L20.fc2,20,fc2,2048,797,0.38916015625,0.7784453630447388
init-init,proj-alpaca-r30-s0,proj-selfdoc-r30-s0,L21.qkv,21,qkv,2048,1266,0.6181640625,0.8304513096809387
final-final,proj-alpaca-r30-s0,proj-selfdoc-r30-s0,L21.qkv,21,qkv,2048,1266,0.6181640625,0.8282819986343384
init-init,proj-alpaca-r30-s0,proj-selfdoc-r30-s0,L21.o,21,o,2048,1266,0.6181640625,0.8288416862487793
final-final,proj-alpaca-r30-s0,proj-selfdoc-r30-s0,L21.o,21,o,2048,1266,0.6181640625,0.8259280323982239
init-init,proj-alpaca-r30-s0,proj-selfdoc-r30-s0,L21.fc1,21,fc1,2048,797,0.38916015625,0.7449771761894226
final-final,proj-alpaca-r30-s0,proj-selfdoc-r30-s0,L21.fc1,21,fc1,2048,797,0.38916015625,0.7415335178375244
init-init,proj-alpaca-r30-s0,proj-selfdoc-r30-s0,L21.fc2,21,fc2,2048,797,0.38916015625,0.7880008220672607
final-final,proj-alpaca-r30-s0,proj-selfdoc-r30-s0,L21.fc2,21,fc2,2048,797,0.38916015625,0.7824910879135132
init-init,proj-alpaca-r30-s0,proj-selfdoc-r30-s0,L22.qkv,22,qkv,2048,1266,0.6181640625,0.8252462148666382
final-final,proj-alpaca-r30-s0,proj-selfdoc-r30-s0,L22.qkv,22,qkv,2048,1266,0.6181640625,0.8231764435768127
init-init,proj-alpaca-r30-s0,proj-selfdoc-r30-s0,L22.o,22,o,2048,1266,0.6181640625,0.8235062956809998
final-final,proj-alpaca-r30-s0,proj-selfdoc-r30-s0,L22.o,22,o,2048,1266,0.6181640625,0.8207881450653076
init-init,proj-alpaca-r30-s0,proj-selfdoc-r30-s0,L22.fc1,22,fc1,2048,797,0.38916015625,0.7379191517829895
final-final,proj-alpaca-r30-s0,proj-selfdoc-r30-s0,L22.fc1,22,fc1,2048,797,0.38916015625,0.7348850965499878
init-init,proj-alpaca-r30-s0,proj-selfdoc-r30-s0,L22.fc2,22,fc2,2048,797,0.38916015625,0.8022826910018921
final-final,proj-alpaca-r30-s0,proj-selfdoc-r30-s0,L22.fc2,22,fc2,2048,797,0.38916015625,0.7968934178352356
init-init,proj-alpaca-r30-s0,proj-selfdoc-r30-s0,L23.qkv,23,qkv,2048,1266,0.6181640625,0.8282197117805481
final-final,proj-alpaca-r30-s0,proj-selfdoc-r30-s0,L23.qkv,23,qkv,2048,1266,0.6181640625,0.827591598033905
init-init,proj-alpaca-r30-s0,proj-selfdoc-r30-s0,L23.o,23,o,2048,1266,0.6181640625,0.8254491090774536
final-final,proj-alpaca-r30-s0,proj-selfdoc-r30-s0,L23.o,23,o,2048,1266,0.6181640625,0.8219765424728394
init-init,proj-alpaca-r30-s0,proj-selfdoc-r30-s0,L23.fc1,23,fc1,2048,797,0.38916015625,0.7276448607444763
final-final,proj-alpaca-r30-s0,proj-selfdoc-r30-s0,L23.fc1,23,fc1,2048,797,0.38916015625,0.7250137329101562
init-init,proj-alpaca-r30-s0,proj-selfdoc-r30-s0,L23.fc2,23,fc2,2048,797,0.38916015625,0.8112391829490662
final-final,proj-alpaca-r30-s0,proj-selfdoc-r30-s0,L23.fc2,23,fc2,2048,797,0.38916015625,0.8035851716995239
init-init,proj-selfgen-r30-s0,proj-selfdoc-r30-s0,L0.qkv,0,qkv,2048,1266,0.6181640625,0.9873507618904114
final-final,proj-selfgen-r30-s0,proj-selfdoc-r30-s0,L0.qkv,0,qkv,2048,1266,0.6181640625,0.980934202671051
init-init,proj-selfgen-r30-s0,proj-selfdoc-r30-s0,L0.o,0,o,2048,1266,0.6181640625,0.9356399178504944
final-final,proj-selfgen-r30-s0,proj-selfdoc-r30-s0,L0.o,0,o,2048,1266,0.6181640625,0.9308204650878906
init-init,proj-selfgen-r30-s0,proj-selfdoc-r30-s0,L0.fc1,0,fc1,2048,797,0.38916015625,0.9693912863731384
final-final,proj-selfgen-r30-s0,proj-selfdoc-r30-s0,L0.fc1,0,fc1,2048,797,0.38916015625,0.9621862173080444
init-init,proj-selfgen-r30-s0,proj-selfdoc-r30-s0,L0.fc2,0,fc2,2048,797,0.38916015625,0.9620692729949951
final-final,proj-selfgen-r30-s0,proj-selfdoc-r30-s0,L0.fc2,0,fc2,2048,797,0.38916015625,0.9544664025306702
init-init,proj-selfgen-r30-s0,proj-selfdoc-r30-s0,L1.qkv,1,qkv,2048,1266,0.6181640625,0.9900326728820801
final-final,proj-selfgen-r30-s0,proj-selfdoc-r30-s0,L1.qkv,1,qkv,2048,1266,0.6181640625,0.9851560592651367
init-init,proj-selfgen-r30-s0,proj-selfdoc-r30-s0,L1.o,1,o,2048,1266,0.6181640625,0.9390377402305603
final-final,proj-selfgen-r30-s0,proj-selfdoc-r30-s0,L1.o,1,o,2048,1266,0.6181640625,0.9351004362106323
init-init,proj-selfgen-r30-s0,proj-selfdoc-r30-s0,L1.fc1,1,fc1,2048,797,0.38916015625,0.9809781312942505
final-final,proj-selfgen-r30-s0,proj-selfdoc-r30-s0,L1.fc1,1,fc1,2048,797,0.38916015625,0.9764714241027832
init-init,proj-selfgen-r30-s0,proj-selfdoc-r30-s0,L1.fc2,1,fc2,2048,797,0.38916015625,0.9588710069656372
final-final,proj-selfgen-r30-s0,proj-selfdoc-r30-s0,L1.fc2,1,fc2,2048,797,0.38916015625,0.9510164260864258
init-init,proj-selfgen-r30-s0,proj-selfdoc-r30-s0,L2.qkv,2,qkv,2048,1266,0.6181640625,0.9901514649391174
final-final,proj-selfgen-r30-s0,proj-selfdoc-r30-s0,L2.qkv,2,qkv,2048,1266,0.6181640625,0.9843175411224365
init-init,proj-selfgen-r30-s0,proj-selfdoc-r30-s0,L2.o,2,o,2048,1266,0.6181640625,0.9720090627670288
final-final,proj-selfgen-r30-s0,proj-selfdoc-r30-s0,L2.o,2,o,2048,1266,0.6181640625,0.9678798913955688
init-init,proj-selfgen-r30-s0,proj-selfdoc-r30-s0,L2.fc1,2,fc1,2048,797,0.38916015625,0.9791243076324463
final-final,proj-selfgen-r30-s0,proj-selfdoc-r30-s0,L2.fc1,2,fc1,2048,797,0.38916015625,0.9740627408027649
init-init,proj-selfgen-r30-s0,proj-selfdoc-r30-s0,L2.fc2,2,fc2,2048,797,0.38916015625,0.9596922993659973
final-final,proj-selfgen-r30-s0,proj-selfdoc-r30-s0,L2.fc2,2,fc2,2048,797,0.38916015625,0.9519639611244202
init-init,proj-selfgen-r30-s0,proj-selfdoc-r30-s0,L3.qkv,3,qkv,2048,1266,0.6181640625,0.9899020195007324
final-final,proj-selfgen-r30-s0,proj-selfdoc-r30-s0,L3.qkv,3,qkv,2048,1266,0.6181640625,0.9834579229354858
init-init,proj-selfgen-r30-s0,proj-selfdoc-r30-s0,L3.o,3,o,2048,1266,0.6181640625,0.9723578095436096
final-final,proj-selfgen-r30-s0,proj-selfdoc-r30-s0,L3.o,3,o,2048,1266,0.6181640625,0.9678069949150085
init-init,proj-selfgen-r30-s0,proj-selfdoc-r30-s0,L3.fc1,3,fc1,2048,797,0.38916015625,0.9767903089523315
final-final,proj-selfgen-r30-s0,proj-selfdoc-r30-s0,L3.fc1,3,fc1,2048,797,0.38916015625,0.9706087708473206
init-init,proj-selfgen-r30-s0,proj-selfdoc-r30-s0,L3.fc2,3,fc2,2048,797,0.38916015625,0.9584681987762451
final-final,proj-selfgen-r30-s0,proj-selfdoc-r30-s0,L3.fc2,3,fc2,2048,797,0.38916015625,0.9504817724227905
init-init,proj-selfgen-r30-s0,proj-selfdoc-r30-s0,L4.qkv,4,qkv,2048,1266,0.6181640625,0.9885866045951843
final-final,proj-selfgen-r30-s0,proj-selfdoc-r30-s0,L4.qkv,4,qkv,2048,1266,0.6181640625,0.9822922945022583
init-init,proj-selfgen-r30-s0,proj-selfdoc-r30-s0,L4.o,4,o,2048,1266,0.6181640625,0.9785054326057434
final-final,proj-selfgen-r30-s0,proj-selfdoc-r30-s0,L4.o,4,o,2048,1266,0.6181640625,0.9739131927490234
init-init,proj-selfgen-r30-s0,proj-selfdoc-r30-s0,L4.fc1,4,fc1,2048,797,0.38916015625,0.977085292339325
final-final,proj-selfgen-r30-s0,proj-selfdoc-r30-s0,L4.fc1,4,fc1,2048,797,0.38916015625,0.970150351524353
init-init,proj-selfgen-r30-s0,proj-selfdoc-r30-s0,L4.fc2,4,fc2,2048,797,0.38916015625,0.953041672706604
final-final,proj-selfgen-r30-s0,proj-selfdoc-r30-s0,L4.fc2,4,fc2,2048,797,0.38916015625,0.9452862739562988
init-init,proj-selfgen-r30-s0,proj-selfdoc-r30-s0,L5.qkv,5,qkv,2048,1266,0.6181640625,0.9874272346496582
final-final,proj-selfgen-r30-s0,proj-selfdoc-r30-s0,L5.qkv,5,qkv,2048,1266,0.6181640625,0.9810238480567932
init-init,proj-selfgen-r30-s0,proj-selfdoc-r30-s0,L5.o,5,o,2048,1266,0.6181640625,0.9712629914283752
final-final,proj-selfgen-r30-s0,proj-selfdoc-r30-s0,L5.o,5,o,2048,1266,0.6181640625,0.9661629796028137
init-init,proj-selfgen-r30-s0,proj-selfdoc-r30-s0,L5.fc1,5,fc1,2048,797,0.38916015625,0.9757404923439026
final-final,proj-selfgen-r30-s0,proj-selfdoc-r30-s0,L5.fc1,5,fc1,2048,797,0.38916015625,0.9685359597206116
init-init,proj-selfgen-r30-s0,proj-selfdoc-r30-s0,L5.fc2,5,fc2,2048,797,0.38916015625,0.9489191770553589
final-final,proj-selfgen-r30-s0,proj-selfdoc-r30-s0,L5.fc2,5,fc2,2048,797,0.38916015625,0.941358208656311
init-init,proj-selfgen-r30-s0,proj-selfdoc-r30-s0,L6.qkv,6,qkv,2048,1266,0.6181640625,0.9868805408477783
final-final,proj-selfgen-r30-s0,proj-selfdoc-r30-s0,L6.qkv,6,qkv,2048,1266,0.6181640625,0.9799312353134155
init-init,proj-selfgen-r30-s0,proj-selfdoc-r30-s0,L6.o,6,o,2048,1266,0.6181640625,0.9750972986221313
final-final,proj-selfgen-r30-s0,proj-selfdoc-r30-s0,L6.o,6,o,2048,1266,0.6181640625,0.9689226150512695
init-init,proj-selfgen-r30-s0,proj-selfdoc-r30-s0,L6.fc1,6,fc1,2048,797,0.38916015625,0.9734113216400146
final-final,proj-selfgen-r30-s0,proj-selfdoc-r30-s0,L6.fc1,6,fc1,2048,797,0.38916015625,0.9656638503074646
init-init,proj-selfgen-r30-s0,proj-selfdoc-r30-s0,L6.fc2,6,fc2,2048,797,0.38916015625,0.9508545994758606
final-final,proj-selfgen-r30-s0,proj-selfdoc-r30-s0,L6.fc2,6,fc2,2048,797,0.38916015625,0.9434661865234375
init-init,proj-selfgen-r30-s0,proj-selfdoc-r30-s0,L7.qkv,7,qkv,2048,1266,0.6181640625,0.985741913318634
final-final,proj-selfgen-r30-s0,proj-selfdoc-r30-s0,L7.qkv,7,qkv,2048,1266,0.6181640625,0.9785774350166321
init-init,proj-selfgen-r30-s0,proj-selfdoc-r30-s0,L7.o,7,o,2048,1266,0.6181640625,0.9715273380279541
final-final,proj-selfgen-r30-s0,proj-selfdoc-r30-s0,L7.o,7,o,2048,1266,0.6181640625,0.964993417263031
init-init,proj-selfgen-r30-s0,proj-selfdoc-r30-s0,L7.fc1,7,fc1,2048,797,0.38916015625,0.9708028435707092
final-final,proj-selfgen-r30-s0,proj-selfdoc-r30-s0,L7.fc1,7,fc1,2048,797,0.38916015625,0.9627594947814941
init-init,proj-selfgen-r30-s0,proj-selfdoc-r30-s0,L7.fc2,7,fc2,2048,797,0.38916015625,0.9496692419052124
final-final,proj-selfgen-r30-s0,proj-selfdoc-r30-s0,L7.fc2,7,fc2,2048,797,0.38916015625,0.9422236084938049
init-init,proj-selfgen-r30-s0,proj-selfdoc-r30-s0,L8.qkv,8,qkv,2048,1266,0.6181640625,0.9843307733535767
final-final,proj-selfgen-r30-s0,proj-selfdoc-r30-s0,L8.qkv,8,qkv,2048,1266,0.6181640625,0.977207362651825
init-init,proj-selfgen-r30-s0,proj-selfdoc-r30-s0,L8.o,8,o,2048,1266,0.6181640625,0.9730029702186584
final-final,proj-selfgen-r30-s0,proj-selfdoc-r30-s0,L8.o,8,o,2048,1266,0.6181640625,0.9662768840789795
init-init,proj-selfgen-r30-s0,proj-selfdoc-r30-s0,L8.fc1,8,fc1,2048,797,0.38916015625,0.9683275818824768
final-final,proj-selfgen-r30-s0,proj-selfdoc-r30-s0,L8.fc1,8,fc1,2048,797,0.38916015625,0.9601454734802246
init-init,proj-selfgen-r30-s0,proj-selfdoc-r30-s0,L8.fc2,8,fc2,2048,797,0.38916015625,0.954039990901947
final-final,proj-selfgen-r30-s0,proj-selfdoc-r30-s0,L8.fc2,8,fc2,2048,797,0.38916015625,0.9457586407661438
init-init,proj-selfgen-r30-s0,proj-selfdoc-r30-s0,L9.qkv,9,qkv,2048,1266,0.6181640625,0.9834648966789246
final-final,proj-selfgen-r30-s0,proj-selfdoc-r30-s0,L9.qkv,9,qkv,2048,1266,0.6181640625,0.9762265682220459
init-init,proj-selfgen-r30-s0,proj-selfdoc-r30-s0,L9.o,9,o,2048,1266,0.6181640625,0.974557101726532
final-final,proj-selfgen-r30-s0,proj-selfdoc-r30-s0,L9.o,9,o,2048,1266,0.6181640625,0.9677484631538391
init-init,proj-selfgen-r30-s0,proj-selfdoc-r30-s0,L9.fc1,9,fc1,2048,797,0.38916015625,0.9654157757759094
final-final,proj-selfgen-r30-s0,proj-selfdoc-r30-s0,L9.fc1,9,fc1,2048,797,0.38916015625,0.9569337368011475
init-init,proj-selfgen-r30-s0,proj-selfdoc-r30-s0,L9.fc2,9,fc2,2048,797,0.38916015625,0.9640946388244629
final-final,proj-selfgen-r30-s0,proj-selfdoc-r30-s0,L9.fc2,9,fc2,2048,797,0.38916015625,0.9552582502365112
init-init,proj-selfgen-r30-s0,proj-selfdoc-r30-s0,L10.qkv,10,qkv,2048,1266,0.6181640625,0.9829371571540833
final-final,proj-selfgen-r30-s0,proj-selfdoc-r30-s0,L10.qkv,10,qkv,2048,1266,0.6181640625,0.9758397340774536
init-init,proj-selfgen-r30-s0,proj-selfdoc-r30-s0,L10.o,10,o,2048,1266,0.6181640625,0.9792219996452332
final-final,proj-selfgen-r30-s0,proj-selfdoc-r30-s0,L10.o,10,o,2048,1266,0.6181640625,0.9720026850700378
init-init,proj-selfgen-r30-s0,proj-selfdoc-r30-s0,L10.fc1,10,fc1,2048,797,0.38916015625,0.9639763832092285
final-final,proj-selfgen-r30-s0,proj-selfdoc-r30-s0,L10.fc1,10,fc1,2048,797,0.38916015625,0.9554682374000549
init-init,proj-selfgen-r30-s0,proj-selfdoc-r30-s0,L10.fc2,10,fc2,2048,797,0.38916015625,0.9704286456108093
final-final,proj-selfgen-r30-s0,proj-selfdoc-r30-s0,L10.fc2,10,fc2,2048,797,0.38916015625,0.9613735675811768
init-init,proj-selfgen-r30-s0,proj-selfdoc-r30-s0,L11.qkv,11,qkv,2048,1266,0.6181640625,0.9836397171020508
final-final,proj-selfgen-r30-s0,proj-selfdoc-r30-s0,L11.qkv,11,qkv,2048,1266,0.6181640625,0.9764299988746643
init-init,proj-selfgen-r30-s0,proj-selfdoc-r30-s0,L11.o,11,o,2048,1266,0.6181640625,0.9762154817581177
final-final,proj-selfgen-r30-s0,proj-selfdoc-r30-s0,L11.o,11,o,2048,1266,0.6181640625,0.9695393443107605
init-init,proj-selfgen-r30-s0,proj-selfdoc-r30-s0,L11.fc1,11,fc1,2048,797,0.38916015625,0.9648029208183289
final-final,proj-selfgen-r30-s0,proj-selfdoc-r30-s0,L11.fc1,11,fc1,2048,797,0.38916015625,0.9562166929244995
init-init,proj-selfgen-r30-s0,proj-selfdoc-r30-s0,L11.fc2,11,fc2,2048,797,0.38916015625,0.9732017517089844
final-final,proj-selfgen-r30-s0,proj-selfdoc-r30-s0,L11.fc2,11,fc2,2048,797,0.38916015625,0.963830828666687
init-init,proj-selfgen-r30-s0,proj-selfdoc-r30-s0,L12.qkv,12,qkv,2048,1266,0.6181640625,0.9841206669807434
final-final,proj-selfgen-r30-s0,proj-selfdoc-r30-s0,L12.qkv,12,qkv,2048,1266,0.6181640625,0.9771518707275391
init-init,proj-selfgen-r30-s0,proj-selfdoc-r30-s0,L12.o,12,o,2048,1266,0.6181640625,0.977880597114563
final-final,proj-selfgen-r30-s0,proj-selfdoc-r30-s0,L12.o,12,o,2048,1266,0.6181640625,0.9713009595870972
init-init,proj-selfgen-r30-s0,proj-selfdoc-r30-s0,L12.fc1,12,fc1,2048,797,0.38916015625,0.9653439521789551
final-final,proj-selfgen-r30-s0,proj-selfdoc-r30-s0,L12.fc1,12,fc1,2048,797,0.38916015625,0.9568632245063782
init-init,proj-selfgen-r30-s0,proj-selfdoc-r30-s0,L12.fc2,12,fc2,2048,797,0.38916015625,0.9757448434829712
final-final,proj-selfgen-r30-s0,proj-selfdoc-r30-s0,L12.fc2,12,fc2,2048,797,0.38916015625,0.9662903547286987
init-init,proj-selfgen-r30-s0,proj-selfdoc-r30-s0,L13.qkv,13,qkv,2048,1266,0.6181640625,0.985014796257019
final-final,proj-selfgen-r30-s0,proj-selfdoc-r30-s0,L13.qkv,13,qkv,2048,1266,0.6181640625,0.977784276008606
init-init,proj-selfgen-r30-s0,proj-selfdoc-r30-s0,L13.o,13,o,2048,1266,0.6181640625,0.9811564683914185
final-final,proj-selfgen-r30-s0,proj-selfdoc-r30-s0,L13.o,13,o,2048,1266,0.6181640625,0.9740456938743591
init-init,proj-selfgen-r30-s0,proj-selfdoc-r30-s0,L13.fc1,13,fc1,2048,797,0.38916015625,0.9651194214820862
final-final,proj-selfgen-r30-s0,proj-selfdoc-r30-s0,L13.fc1,13,fc1,2048,797,0.38916015625,0.9568016529083252
init-init,proj-selfgen-r30-s0,proj-selfdoc-r30-s0,L13.fc2,13,fc2,2048,797,0.38916015625,0.9755823016166687
final-final,proj-selfgen-r30-s0,proj-selfdoc-r30-s0,L13.fc2,13,fc2,2048,797,0.38916015625,0.966144323348999
init-init,proj-selfgen-r30-s0,proj-selfdoc-r30-s0,L14.qkv,14,qkv,2048,1266,0.6181640625,0.9833679795265198
final-final,proj-selfgen-r30-s0,proj-selfdoc-r30-s0,L14.qkv,14,qkv,2048,1266,0.6181640625,0.9766759276390076
init-init,proj-selfgen-r30-s0,proj-selfdoc-r30-s0,L14.o,14,o,2048,1266,0.6181640625,0.9742512702941895
final-final,proj-selfgen-r30-s0,proj-selfdoc-r30-s0,L14.o,14,o,2048,1266,0.6181640625,0.967577338218689
init-init,proj-selfgen-r30-s0,proj-selfdoc-r30-s0,L14.fc1,14,fc1,2048,797,0.38916015625,0.9647002220153809
final-final,proj-selfgen-r30-s0,proj-selfdoc-r30-s0,L14.fc1,14,fc1,2048,797,0.38916015625,0.9563181400299072
init-init,proj-selfgen-r30-s0,proj-selfdoc-r30-s0,L14.fc2,14,fc2,2048,797,0.38916015625,0.974241316318512
final-final,proj-selfgen-r30-s0,proj-selfdoc-r30-s0,L14.fc2,14,fc2,2048,797,0.38916015625,0.9648026823997498
init-init,proj-selfgen-r30-s0,proj-selfdoc-r30-s0,L15.qkv,15,qkv,2048,1266,0.6181640625,0.9838236570358276
final-final,proj-selfgen-r30-s0,proj-selfdoc-r30-s0,L15.qkv,15,qkv,2048,1266,0.6181640625,0.9770562648773193
init-init,proj-selfgen-r30-s0,proj-selfdoc-r30-s0,L15.o,15,o,2048,1266,0.6181640625,0.9716730713844299
final-final,proj-selfgen-r30-s0,proj-selfdoc-r30-s0,L15.o,15,o,2048,1266,0.6181640625,0.9651983976364136
init-init,proj-selfgen-r30-s0,proj-selfdoc-r30-s0,L15.fc1,15,fc1,2048,797,0.38916015625,0.9642817974090576
final-final,proj-selfgen-r30-s0,proj-selfdoc-r30-s0,L15.fc1,15,fc1,2048,797,0.38916015625,0.9555607438087463
init-init,proj-selfgen-r30-s0,proj-selfdoc-r30-s0,L15.fc2,15,fc2,2048,797,0.38916015625,0.9748502969741821
final-final,proj-selfgen-r30-s0,proj-selfdoc-r30-s0,L15.fc2,15,fc2,2048,797,0.38916015625,0.9653465747833252
init-init,proj-selfgen-r30-s0,proj-selfdoc-r30-s0,L16.qkv,16,qkv,2048,1266,0.6181640625,0.9823887348175049
final-final,proj-selfgen-r30-s0,proj-selfdoc-r30-s0,L16.qkv,16,qkv,2048,1266,0.6181640625,0.9762385487556458
init-init,proj-selfgen-r30-s0,proj-selfdoc-r30-s0,L16.o,16,o,2048,1266,0.6181640625,0.9697680473327637
final-final,proj-selfgen-r30-s0,proj-selfdoc-r30-s0,L16.o,16,o,2048,1266,0.6181640625,0.9638833999633789
init-init,proj-selfgen-r30-s0,proj-selfdoc-r30-s0,L16.fc1,16,fc1,2048,797,0.38916015625,0.9630603194236755
final-final,proj-selfgen-r30-s0,proj-selfdoc-r30-s0,L16.fc1,16,fc1,2048,797,0.38916015625,0.9543746113777161
init-init,proj-selfgen-r30-s0,proj-selfdoc-r30-s0,L16.fc2,16,fc2,2048,797,0.38916015625,0.9739280939102173
final-final,proj-selfgen-r30-s0,proj-selfdoc-r30-s0,L16.fc2,16,fc2,2048,797,0.38916015625,0.9644139409065247
init-init,proj-selfgen-r30-s0,proj-selfdoc-r30-s0,L17.qkv,17,qkv,2048,1266,0.6181640625,0.980925440788269
final-final,proj-selfgen-r30-s0,proj-selfdoc-r30-s0,L17.qkv,17,qkv,2048,1266,0.6181640625,0.9742509126663208
init-init,proj-selfgen-r30-s0,proj-selfdoc-r30-s0,L17.o,17,o,2048,1266,0.6181640625,0.9662473797798157
final-final,proj-selfgen-r30-s0,proj-selfdoc-r30-s0,L17.o,17,o,2048,1266,0.6181640625,0.9604756236076355
init-init,proj-selfgen-r30-s0,proj-selfdoc-r30-s0,L17.fc1,17,fc1,2048,797,0.38916015625,0.9632118940353394
final-final,proj-selfgen-r30-s0,proj-selfdoc-r30-s0,L17.fc1,17,fc1,2048,797,0.38916015625,0.9545169472694397
init-init,proj-selfgen-r30-s0,proj-selfdoc-r30-s0,L17.fc2,17,fc2,2048,797,0.38916015625,0.9729477167129517
final-final,proj-selfgen-r30-s0,proj-selfdoc-r30-s0,L17.fc2,17,fc2,2048,797,0.38916015625,0.9634475111961365
init-init,proj-selfgen-r30-s0,proj-selfdoc-r30-s0,L18.qkv,18,qkv,2048,1266,0.6181640625,0.9793305993080139
final-final,proj-selfgen-r30-s0,proj-selfdoc-r30-s0,L18.qkv,18,qkv,2048,1266,0.6181640625,0.9729133248329163
init-init,proj-selfgen-r30-s0,proj-selfdoc-r30-s0,L18.o,18,o,2048,1266,0.6181640625,0.9677579998970032
final-final,proj-selfgen-r30-s0,proj-selfdoc-r30-s0,L18.o,18,o,2048,1266,0.6181640625,0.961479663848877
init-init,proj-selfgen-r30-s0,proj-selfdoc-r30-s0,L18.fc1,18,fc1,2048,797,0.38916015625,0.9628382921218872
final-final,proj-selfgen-r30-s0,proj-selfdoc-r30-s0,L18.fc1,18,fc1,2048,797,0.38916015625,0.9540185332298279
init-init,proj-selfgen-r30-s0,proj-selfdoc-r30-s0,L18.fc2,18,fc2,2048,797,0.38916015625,0.9719042181968689
final-final,proj-selfgen-r30-s0,proj-selfdoc-r30-s0,L18.fc2,18,fc2,2048,797,0.38916015625,0.9623762369155884
init-init,proj-selfgen-r30-s0,proj-selfdoc-r30-s0,L19.qkv,19,qkv,2048,1266,0.6181640625,0.9779205322265625
final-final,proj-selfgen-r30-s0,proj-selfdoc-r30-s0,L19.qkv,19,qkv,2048,1266,0.6181640625,0.9721685647964478
init-init,proj-selfgen-r30-s0,proj-selfdoc-r30-s0,L19.o,19,o,2048,1266,0.6181640625,0.9608947038650513
final-final,proj-selfgen-r30-s0,proj-selfdoc-r30-s0,L19.o,19,o,2048,1266,0.6181640625,0.9551481604576111
init-init,proj-selfgen-r30-s0,proj-selfdoc-r30-s0,L19.fc1,19,fc1,2048,797,0.38916015625,0.9607619047164917
final-final,proj-selfgen-r30-s0,proj-selfdoc-r30-s0,L19.fc1,19,fc1,2048,797,0.38916015625,0.9520944356918335
init-init,proj-selfgen-r30-s0,proj-selfdoc-r30-s0,L19.fc2,19,fc2,2048,797,0.38916015625,0.9688462018966675
final-final,proj-selfgen-r30-s0,proj-selfdoc-r30-s0,L19.fc2,19,fc2,2048,797,0.38916015625,0.9592429995536804
init-init,proj-selfgen-r30-s0,proj-selfdoc-r30-s0,L20.qkv,20,qkv,2048,1266,0.6181640625,0.9759455919265747
final-final,proj-selfgen-r30-s0,proj-selfdoc-r30-s0,L20.qkv,20,qkv,2048,1266,0.6181640625,0.9703095555305481
init-init,proj-selfgen-r30-s0,proj-selfdoc-r30-s0,L20.o,20,o,2048,1266,0.6181640625,0.9470675587654114
final-final,proj-selfgen-r30-s0,proj-selfdoc-r30-s0,L20.o,20,o,2048,1266,0.6181640625,0.9410151839256287
init-init,proj-selfgen-r30-s0,proj-selfdoc-r30-s0,L20.fc1,20,fc1,2048,797,0.38916015625,0.9553059935569763
final-final,proj-selfgen-r30-s0,proj-selfdoc-r30-s0,L20.fc1,20,fc1,2048,797,0.38916015625,0.9467080235481262
init-init,proj-selfgen-r30-s0,proj-selfdoc-r30-s0,L20.fc2,20,fc2,2048,797,0.38916015625,0.9629372358322144
final-final,proj-selfgen-r30-s0,proj-selfdoc-r30-s0,L20.fc2,20,fc2,2048,797,0.38916015625,0.953094482421875
init-init,proj-selfgen-r30-s0,proj-selfdoc-r30-s0,L21.qkv,21,qkv,2048,1266,0.6181640625,0.970100998878479
final-final,proj-selfgen-r30-s0,proj-selfdoc-r30-s0,L21.qkv,21,qkv,2048,1266,0.6181640625,0.9647387862205505
init-init,proj-selfgen-r30-s0,proj-selfdoc-r30-s0,L21.o,21,o,2048,1266,0.6181640625,0.9328700304031372
final-final,proj-selfgen-r30-s0,proj-selfdoc-r30-s0,L21.o,21,o,2048,1266,0.6181640625,0.9274846315383911
init-init,proj-selfgen-r30-s0,proj-selfdoc-r30-s0,L21.fc1,21,fc1,2048,797,0.38916015625,0.9485014081001282
final-final,proj-selfgen-r30-s0,proj-selfdoc-r30-s0,L21.fc1,21,fc1,2048,797,0.38916015625,0.9407806396484375
init-init,proj-selfgen-r30-s0,proj-selfdoc-r30-s0,L21.fc2,21,fc2,2048,797,0.38916015625,0.9601465463638306
final-final,proj-selfgen-r30-s0,proj-selfdoc-r30-s0,L21.fc2,21,fc2,2048,797,0.38916015625,0.9507851004600525
init-init,proj-selfgen-r30-s0,proj-selfdoc-r30-s0,L22.qkv,22,qkv,2048,1266,0.6181640625,0.9676090478897095
final-final,proj-selfgen-r30-s0,proj-selfdoc-r30-s0,L22.qkv,22,qkv,2048,1266,0.6181640625,0.9636439085006714
init-init,proj-selfgen-r30-s0,proj-selfdoc-r30-s0,L22.o,22,o,2048,1266,0.6181640625,0.914857029914856
final-final,proj-selfgen-r30-s0,proj-selfdoc-r30-s0,L22.o,22,o,2048,1266,0.6181640625,0.9103861451148987
init-init,proj-selfgen-r30-s0,proj-selfdoc-r30-s0,L22.fc1,22,fc1,2048,797,0.38916015625,0.943169355392456
final-final,proj-selfgen-r30-s0,proj-selfdoc-r30-s0,L22.fc1,22,fc1,2048,797,0.38916015625,0.936758279800415
init-init,proj-selfgen-r30-s0,proj-selfdoc-r30-s0,L22.fc2,22,fc2,2048,797,0.38916015625,0.959834635257721
final-final,proj-selfgen-r30-s0,proj-selfdoc-r30-s0,L22.fc2,22,fc2,2048,797,0.38916015625,0.951426088809967
init-init,proj-selfgen-r30-s0,proj-selfdoc-r30-s0,L23.qkv,23,qkv,2048,1266,0.6181640625,0.9655119776725769
final-final,proj-selfgen-r30-s0,proj-selfdoc-r30-s0,L23.qkv,23,qkv,2048,1266,0.6181640625,0.964707612991333
init-init,proj-selfgen-r30-s0,proj-selfdoc-r30-s0,L23.o,23,o,2048,1266,0.6181640625,0.9083748459815979
final-final,proj-selfgen-r30-s0,proj-selfdoc-r30-s0,L23.o,23,o,2048,1266,0.6181640625,0.9024655222892761
init-init,proj-selfgen-r30-s0,proj-selfdoc-r30-s0,L23.fc1,23,fc1,2048,797,0.38916015625,0.9359195828437805
final-final,proj-selfgen-r30-s0,proj-selfdoc-r30-s0,L23.fc1,23,fc1,2048,797,0.38916015625,0.930169403553009
init-init,proj-selfgen-r30-s0,proj-selfdoc-r30-s0,L23.fc2,23,fc2,2048,797,0.38916015625,0.9583014249801636
final-final,proj-selfgen-r30-s0,proj-selfdoc-r30-s0,L23.fc2,23,fc2,2048,797,0.38916015625,0.9468598365783691
