pair,a,b,unit,block,kind,d,k,chance,overlap
init-final,proj-wikitext2-r30-s0,proj-wikitext2-r30-s0,L0.qkv,0,qkv,2048,1275,0.62255859375,0.996914803981781
init-final,proj-wikitext2-r30-s0,proj-wikitext2-r30-s0,L0.o,0,o,2048,1275,0.62255859375,0.9972342848777771
init-final,proj-wikitext2-r30-s0,proj-wikitext2-r30-s0,L0.gateup,0,gateup,2048,812,0.396484375,0.9932249188423157
init-final,proj-wikitext2-r30-s0,proj-wikitext2-r30-s0,L0.down,0,down,2048,812,0.396484375,0.995707094669342
init-final,proj-wikitext2-r30-s0,proj-wikitext2-r30-s0,L1.qkv,1,qkv,2048,1275,0.62255859375,0.9979191422462463
init-final,proj-wikitext2-r30-s0,proj-wikitext2-r30-s0,L1.o,1,o,2048,1275,0.62255859375,0.9965832829475403
init-final,proj-wikitext2-r30-s0,proj-wikitext2-r30-s0,L1.gateup,1,gateup,2048,812,0.396484375,0.9941335320472717
init-final,proj-wikitext2-r30-s0,proj-wikitext2-r30-s0,L1.down,1,down,2048,812,0.396484375,0.9960966110229492
init-final,proj-wikitext2-r30-s0,proj-wikitext2-r30-s0,L2.qkv,2,qkv,2048,1275,0.62255859375,0.9981173276901245
init-final,proj-wikitext2-r30-s0,proj-wikitext2-r30-s0,L2.o,2,o,2048,1275,0.62255859375,0.9966278076171875
init-final,proj-wikitext2-r30-s0,proj-wikitext2-r30-s0,L2.gateup,2,gateup,2048,812,0.396484375,0.9943545460700989
init-final,proj-wikitext2-r30-s0,proj-wikitext2-r30-s0,L2.down,2,down,2048,812,0.396484375,0.995781660079956
init-final,proj-wikitext2-r30-s0,proj-wikitext2-r30-s0,L3.qkv,3,qkv,2048,1275,0.62255859375,0.997947096824646
init-final,proj-wikitext2-r30-s0,proj-wikitext2-r30-s0,L3.o,3,o,2048,1275,0.62255859375,0.9965348243713379
init-final,proj-wikitext2-r30-s0,proj-wikitext2-r30-s0,L3.gateup,3,gateup,2048,812,0.396484375,0.994798481464386
init-final,proj-wikitext2-r30-s0,proj-wikitext2-r30-s0,L3.down,3,down,2048,812,0.396484375,0.9962890148162842
init-final,proj-wikitext2-r30-s0,proj-wikitext2-r30-s0,L4.qkv,4,qkv,2048,1275,0.62255859375,0.9978883266448975
init-final,proj-wikitext2-r30-s0,proj-wikitext2-r30-s0,L4.o,4,o,2048,1275,0.62255859375,0.9971237182617188
init-final,proj-wikitext2-r30-s0,proj-wikitext2-r30-s0,L4.gateup,4,gateup,2048,812,0.396484375,0.9951497912406921
init-final,proj-wikitext2-r30-s0,proj-wikitext2-r30-s0,L4.down,4,down,2048,812,0.396484375,0.9964191317558289
init-final,proj-wikitext2-r30-s0,proj-wikitext2-r30-s0,L5.qkv,5,qkv,2048,1275,0.62255859375,0.9976884126663208
init-final,proj-wikitext2-r30-s0,proj-wikitext2-r30-s0,L5.o,5,o,2048,1275,0.62255859375,0.9970144629478455
init-final,proj-wikitext2-r30-s0,proj-wikitext2-r30-s0,L5.gateup,5,gateup,2048,812,0.396484375,0.9950047135353088
init-final,proj-wikitext2-r30-s0,proj-wikitext2-r30-s0,L5.down,5,down,2048,812,0.396484375,0.9964927434921265
init-final,proj-wikitext2-r30-s0,proj-wikitext2-r30-s0,L6.qkv,6,qkv,2048,1275,0.62255859375,0.9977375864982605
init-final,proj-wikitext2-r30-s0,proj-wikitext2-r30-s0,L6.o,6,o,2048,1275,0.62255859375,0.9973253607749939
init-final,proj-wikitext2-r30-s0,proj-wikitext2-r30-s0,L6.gateup,6,gateup,2048,812,0.396484375,0.9951953291893005
init-final,proj-wikitext2-r30-s0,proj-wikitext2-r30-s0,L6.down,6,down,2048,812,0.396484375,0.9962541460990906
init-final,proj-wikitext2-r30-s0,proj-wikitext2-r30-s0,L7.qkv,7,qkv,2048,1275,0.62255859375,0.9978445768356323
init-final,proj-wikitext2-r30-s0,proj-wikitext2-r30-s0,L7.o,7,o,2048,1275,0.62255859375,0.997524082660675
init-final,proj-wikitext2-r30-s0,proj-wikitext2-r30-s0,L7.gateup,7,gateup,2048,812,0.396484375,0.9949064254760742
init-final,proj-wikitext2-r30-s0,proj-wikitext2-r30-s0,L7.down,7,down,2048,812,0.396484375,0.9963229298591614
init-final,proj-wikitext2-r30-s0,proj-wikitext2-r30-s0,L8.qkv,8,qkv,2048,1275,0.62255859375,0.9973798990249634
init-final,proj-wikitext2-r30-s0,proj-wikitext2-r30-s0,L8.o,8,o,2048,1275,0.62255859375,0.9974631071090698
init-final,proj-wikitext2-r30-s0,proj-wikitext2-r30-s0,L8.gateup,8,gateup,2048,812,0.396484375,0.9948843717575073
init-final,proj-wikitext2-r30-s0,proj-wikitext2-r30-s0,L8.down,8,down,2048,812,0.396484375,0.9957664608955383
init-final,proj-wikitext2-r30-s0,proj-wikitext2-r30-s0,L9.qkv,9,qkv,2048,1275,0.62255859375,0.997401773929596
init-final,proj-wikitext2-r30-s0,proj-wikitext2-r30-s0,L9.o,9,o,2048,1275,0.62255859375,0.9970363974571228
init-final,proj-wikitext2-r30-s0,proj-wikitext2-r30-s0,L9.gateup,9,gateup,2048,812,0.396484375,0.9946197271347046
init-final,proj-wikitext2-r30-s0,proj-wikitext2-r30-s0,L9.down,9,down,2048,812,0.396484375,0.995269238948822
init-final,proj-wikitext2-r30-s0,proj-wikitext2-r30-s0,L10.qkv,10,qkv,2048,1275,0.62255859375,0.9968878030776978
init-final,proj-wikitext2-r30-s0,proj-wikitext2-r30-s0,L10.o,10,o,2048,1275,0.62255859375,0.9967584013938904
init-final,proj-wikitext2-r30-s0,proj-wikitext2-r30-s0,L10.gateup,10,gateup,2048,812,0.396484375,0.9939970374107361
init-final,proj-wikitext2-r30-s0,proj-wikitext2-r30-s0,L10.down,10,down,2048,812,0.396484375,0.9947485327720642
init-final,proj-wikitext2-r30-s0,proj-wikitext2-r30-s0,L11.qkv,11,qkv,2048,1275,0.62255859375,0.9972472190856934
init-final,proj-wikitext2-r30-s0,proj-wikitext2-r30-s0,L11.o,11,o,2048,1275,0.62255859375,0.9963417053222656
init-final,proj-wikitext2-r30-s0,proj-wikitext2-r30-s0,L11.gateup,11,gateup,2048,812,0.396484375,0.9937541484832764
init-final,proj-wikitext2-r30-s0,proj-wikitext2-r30-s0,L11.down,11,down,2048,812,0.396484375,0.99495929479599
init-final,proj-wikitext2-r30-s0,proj-wikitext2-r30-s0,L12.qkv,12,qkv,2048,1275,0.62255859375,0.9977259635925293
init-final,proj-wikitext2-r30-s0,proj-wikitext2-r30-s0,L12.o,12,o,2048,1275,0.62255859375,0.9969116449356079
init-final,proj-wikitext2-r30-s0,proj-wikitext2-r30-s0,L12.gateup,12,gateup,2048,812,0.396484375,0.993389368057251
init-final,proj-wikitext2-r30-s0,proj-wikitext2-r30-s0,L12.down,12,down,2048,812,0.396484375,0.9947945475578308
init-final,proj-wikitext2-r30-s0,proj-wikitext2-r30-s0,L13.qkv,13,qkv,2048,1275,0.62255859375,0.9976717233657837
init-final,proj-wikitext2-r30-s0,proj-wikitext2-r30-s0,L13.o,13,o,2048,1275,0.62255859375,0.9968981742858887
init-final,proj-wikitext2-r30-s0,proj-wikitext2-r30-s0,L13.gateup,13,gateup,2048,812,0.396484375,0.9933549165725708
init-final,proj-wikitext2-r30-s0,proj-wikitext2-r30-s0,L13.down,13,down,2048,812,0.396484375,0.9953781366348267
init-final,proj-wikitext2-r30-s0,proj-wikitext2-r30-s0,L14.qkv,14,qkv,2048,1275,0.62255859375,0.9978737831115723
init-final,proj-wikitext2-r30-s0,proj-wikitext2-r30-s0,L14.o,14,o,2048,1275,0.62255859375,0.9967734813690186
init-final,proj-wikitext2-r30-s0,proj-wikitext2-r30-s0,L14.gateup,14,gateup,2048,812,0.396484375,0.9944522380828857
init-final,proj-wikitext2-r30-s0,proj-wikitext2-r30-s0,L14.down,14,down,2048,812,0.396484375,0.9962138533592224
init-final,proj-wikitext2-r30-s0,proj-wikitext2-r30-s0,L15.qkv,15,qkv,2048,1275,0.62255859375,0.9979382753372192
init-final,proj-wikitext2-r30-s0,proj-wikitext2-r30-s0,L15.o,15,o,2048,1275,0.62255859375,0.9969919919967651
init-final,proj-wikitext2-r30-s0,proj-wikitext2-r30-s0,L15.gateup,15,gateup,2048,812,0.396484375,0.9968607425689697
init-final,proj-wikitext2-r30-s0,proj-wikitext2-r30-s0,L15.down,15,down,2048,812,0.396484375,0.9987837076187134
init-final,proj-c4-r30-s0,proj-c4-r30-s0,L0.qkv,0,qkv,2048,1275,0.62255859375,0.9976454377174377
init-final,proj-c4-r30-s0,proj-c4-r30-s0,L0.o,0,o,2048,1275,0.62255859375,0.9973728656768799
init-final,proj-c4-r30-s0,proj-c4-r30-s0,L0.gateup,0,gateup,2048,812,0.396484375,0.9937769770622253
init-final,proj-c4-r30-s0,proj-c4-r30-s0,L0.down,0,down,2048,812,0.396484375,0.9963394999504089
init-final,proj-c4-r30-s0,proj-c4-r30-s0,L1.qkv,1,qkv,2048,1275,0.62255859375,0.9982357621192932
init-final,proj-c4-r30-s0,proj-c4-r30-s0,L1.o,1,o,2048,1275,0.62255859375,0.9968320727348328
init-final,proj-c4-r30-s0,proj-c4-r30-s0,L1.gateup,1,gateup,2048,812,0.396484375,0.9947895407676697
init-final,proj-c4-r30-s0,proj-c4-r30-s0,L1.down,1,down,2048,812,0.396484375,0.9965440034866333
init-final,proj-c4-r30-s0,proj-c4-r30-s0,L2.qkv,2,qkv,2048,1275,0.62255859375,0.9981686472892761
init-final,proj-c4-r30-s0,proj-c4-r30-s0,L2.o,2,o,2048,1275,0.62255859375,0.9968492984771729
init-final,proj-c4-r30-s0,proj-c4-r30-s0,L2.gateup,2,gateup,2048,812,0.396484375,0.9951038956642151
init-final,proj-c4-r30-s0,proj-c4-r30-s0,L2.down,2,down,2048,812,0.396484375,0.9960272312164307
init-final,proj-c4-r30-s0,proj-c4-r30-s0,L3.qkv,3,qkv,2048,1275,0.62255859375,0.9980536699295044
init-final,proj-c4-r30-s0,proj-c4-r30-s0,L3.o,3,o,2048,1275,0.62255859375,0.9965212345123291
init-final,proj-c4-r30-s0,proj-c4-r30-s0,L3.gateup,3,gateup,2048,812,0.396484375,0.99483722448349
init-final,proj-c4-r30-s0,proj-c4-r30-s0,L3.down,3,down,2048,812,0.396484375,0.9961383938789368
init-final,proj-c4-r30-s0,proj-c4-r30-s0,L4.qkv,4,qkv,2048,1275,0.62255859375,0.9978976845741272
init-final,proj-c4-r30-s0,proj-c4-r30-s0,L4.o,4,o,2048,1275,0.62255859375,0.9969040155410767
init-final,proj-c4-r30-s0,proj-c4-r30-s0,L4.gateup,4,gateup,2048,812,0.396484375,0.9950692057609558
init-final,proj-c4-r30-s0,proj-c4-r30-s0,L4.down,4,down,2048,812,0.396484375,0.9961230754852295
init-final,proj-c4-r30-s0,proj-c4-r30-s0,L5.qkv,5,qkv,2048,1275,0.62255859375,0.9975723624229431
init-final,proj-c4-r30-s0,proj-c4-r30-s0,L5.o,5,o,2048,1275,0.62255859375,0.996757984161377
init-final,proj-c4-r30-s0,proj-c4-r30-s0,L5.gateup,5,gateup,2048,812,0.396484375,0.9947708249092102
init-final,proj-c4-r30-s0,proj-c4-r30-s0,L5.down,5,down,2048,812,0.396484375,0.9959996938705444
init-final,proj-c4-r30-s0,proj-c4-r30-s0,L6.qkv,6,qkv,2048,1275,0.62255859375,0.9974977970123291
init-final,proj-c4-r30-s0,proj-c4-r30-s0,L6.o,6,o,2048,1275,0.62255859375,0.9969013929367065
init-final,proj-c4-r30-s0,proj-c4-r30-s0,L6.gateup,6,gateup,2048,812,0.396484375,0.9946988224983215
init-final,proj-c4-r30-s0,proj-c4-r30-s0,L6.down,6,down,2048,812,0.396484375,0.9957000017166138
init-final,proj-c4-r30-s0,proj-c4-r30-s0,L7.qkv,7,qkv,2048,1275,0.62255859375,0.9975746870040894
init-final,proj-c4-r30-s0,proj-c4-r30-s0,L7.o,7,o,2048,1275,0.62255859375,0.9970881938934326
init-final,proj-c4-r30-s0,proj-c4-r30-s0,L7.gateup,7,gateup,2048,812,0.396484375,0.9943149089813232
init-final,proj-c4-r30-s0,proj-c4-r30-s0,L7.down,7,down,2048,812,0.396484375,0.9957467913627625
init-final,proj-c4-r30-s0,proj-c4-r30-s0,L8.qkv,8,qkv,2048,1275,0.62255859375,0.9969735145568848
init-final,proj-c4-r30-s0,proj-c4-r30-s0,L8.o,8,o,2048,1275,0.62255859375,0.9968554377555847
init-final,proj-c4-r30-s0,proj-c4-r30-s0,L8.gateup,8,gateup,2048,812,0.396484375,0.9943108558654785
init-final,proj-c4-r30-s0,proj-c4-r30-s0,L8.down,8,down,2048,812,0.396484375,0.9951518774032593
init-final,proj-c4-r30-s0,proj-c4-r30-s0,L9.qkv,9,qkv,2048,1275,0.62255859375,0.9970696568489075
init-final,proj-c4-r30-s0,proj-c4-r30-s0,L9.o,9,o,2048,1275,0.62255859375,0.9964087009429932
init-final,proj-c4-r30-s0,proj-c4-r30-s0,L9.gateup,9,gateup,2048,812,0.396484375,0.9940747618675232
init-final,proj-c4-r30-s0,proj-c4-r30-s0,L9.down,9,down,2048,812,0.396484375,0.9947783946990967
init-final,proj-c4-r30-s0,proj-c4-r30-s0,L10.qkv,10,qkv,2048,1275,0.62255859375,0.9964883923530579
init-final,proj-c4-r30-s0,proj-c4-r30-s0,L10.o,10,o,2048,1275,0.62255859375,0.9963342547416687
init-final,proj-c4-r30-s0,proj-c4-r30-s0,L10.gateup,10,gateup,2048,812,0.396484375,0.9935309886932373
init-final,proj-c4-r30-s0,proj-c4-r30-s0,L10.down,10,down,2048,812,0.396484375,0.9943787455558777
init-final,proj-c4-r30-s0,proj-c4-r30-s0,L11.qkv,11,qkv,2048,1275,0.62255859375,0.9966866374015808
init-final,proj-c4-r30-s0,proj-c4-r30-s0,L11.o,11,o,2048,1275,0.62255859375,0.9956751465797424
init-final,proj-c4-r30-s0,proj-c4-r30-s0,L11.gateup,11,gateup,2048,812,0.396484375,0.9933092594146729
init-final,proj-c4-r30-s0,proj-c4-r30-s0,L11.down,11,down,2048,812,0.396484375,0.9946789741516113
init-final,proj-c4-r30-s0,proj-c4-r30-s0,L12.qkv,12,qkv,2048,1275,0.62255859375,0.9970681667327881
init-final,proj-c4-r30-s0,proj-c4-r30-s0,L12.o,12,o,2048,1275,0.62255859375,0.996121883392334
init-final,proj-c4-r30-s0,proj-c4-r30-s0,L12.gateup,12,gateup,2048,812,0.396484375,0.9931290745735168
init-final,proj-c4-r30-s0,proj-c4-r30-s0,L12.down,12,down,2048,812,0.396484375,0.9945612549781799
init-final,proj-c4-r30-s0,proj-c4-r30-s0,L13.qkv,13,qkv,2048,1275,0.62255859375,0.9968312978744507
init-final,proj-c4-r30-s0,proj-c4-r30-s0,L13.o,13,o,2048,1275,0.62255859375,0.9961532950401306
init-final,proj-c4-r30-s0,proj-c4-r30-s0,L13.gateup,13,gateup,2048,812,0.396484375,0.9932661056518555
init-final,proj-c4-r30-s0,proj-c4-r30-s0,L13.down,13,down,2048,812,0.396484375,0.9950218796730042
init-final,proj-c4-r30-s0,proj-c4-r30-s0,L14.qkv,14,qkv,2048,1275,0.62255859375,0.9972174763679504
init-final,proj-c4-r30-s0,proj-c4-r30-s0,L14.o,14,o,2048,1275,0.62255859375,0.9959656596183777
init-final,proj-c4-r30-s0,proj-c4-r30-s0,L14.gateup,14,gateup,2048,812,0.396484375,0.9939573407173157
init-final,proj-c4-r30-s0,proj-c4-r30-s0,L14.down,14,down,2048,812,0.396484375,0.9956931471824646
init-final,proj-c4-r30-s0,proj-c4-r30-s0,L15.qkv,15,qkv,2048,1275,0.62255859375,0.9972724318504333
init-final,proj-c4-r30-s0,proj-c4-r30-s0,L15.o,15,o,2048,1275,0.62255859375,0.996251106262207
init-final,proj-c4-r30-s0,proj-c4-r30-s0,L15.gateup,15,gateup,2048,812,0.396484375,0.9960249066352844
init-final,proj-c4-r30-s0,proj-c4-r30-s0,L15.down,15,down,2048,812,0.396484375,0.9983561635017395
init-final,proj-slimpajama-r30-s0,proj-slimpajama-r30-s0,L0.qkv,0,qkv,2048,1275,0.62255859375,0.9970580339431763
init-final,proj-slimpajama-r30-s0,proj-slimpajama-r30-s0,L0.o,0,o,2048,1275,0.62255859375,0.9969906210899353
init-final,proj-slimpajama-r30-s0,proj-slimpajama-r30-s0,L0.gateup,0,gateup,2048,812,0.396484375,0.9925411939620972
init-final,proj-slimpajama-r30-s0,proj-slimpajama-r30-s0,L0.down,0,down,2048,812,0.396484375,0.9958208799362183
init-final,proj-slimpajama-r30-s0,proj-slimpajama-r30-s0,L1.qkv,1,qkv,2048,1275,0.62255859375,0.9979832768440247
init-final,proj-slimpajama-r30-s0,proj-slimpajama-r30-s0,L1.o,1,o,2048,1275,0.62255859375,0.9965422749519348
init-final,proj-slimpajama-r30-s0,proj-slimpajama-r30-s0,L1.gateup,1,gateup,2048,812,0.396484375,0.9940529465675354
init-final,proj-slimpajama-r30-s0,proj-slimpajama-r30-s0,L1.down,1,down,2048,812,0.396484375,0.9963386058807373
init-final,proj-slimpajama-r30-s0,proj-slimpajama-r30-s0,L2.qkv,2,qkv,2048,1275,0.62255859375,0.9979327321052551
init-final,proj-slimpajama-r30-s0,proj-slimpajama-r30-s0,L2.o,2,o,2048,1275,0.62255859375,0.9965674877166748
init-final,proj-slimpajama-r30-s0,proj-slimpajama-r30-s0,L2.gateup,2,gateup,2048,812,0.396484375,0.9945452809333801
init-final,proj-slimpajama-r30-s0,proj-slimpajama-r30-s0,L2.down,2,down,2048,812,0.396484375,0.9960913062095642
init-final,proj-slimpajama-r30-s0,proj-slimpajama-r30-s0,L3.qkv,3,qkv,2048,1275,0.62255859375,0.9979950785636902
init-final,proj-slimpajama-r30-s0,proj-slimpajama-r30-s0,L3.o,3,o,2048,1275,0.62255859375,0.9965695738792419
init-final,proj-slimpajama-r30-s0,proj-slimpajama-r30-s0,L3.gateup,3,gateup,2048,812,0.396484375,0.9947532415390015
init-final,proj-slimpajama-r30-s0,proj-slimpajama-r30-s0,L3.down,3,down,2048,812,0.396484375,0.9964298605918884
init-final,proj-slimpajama-r30-s0,proj-slimpajama-r30-s0,L4.qkv,4,qkv,2048,1275,0.62255859375,0.9978851675987244
init-final,proj-slimpajama-r30-s0,proj-slimpajama-r30-s0,L4.o,4,o,2048,1275,0.62255859375,0.9969959855079651
init-final,proj-slimpajama-r30-s0,proj-slimpajama-r30-s0,L4.gateup,4,gateup,2048,812,0.396484375,0.9952279925346375
init-final,proj-slimpajama-r30-s0,proj-slimpajama-r30-s0,L4.down,4,down,2048,812,0.396484375,0.9964247941970825
init-final,proj-slimpajama-r30-s0,proj-slimpajama-r30-s0,L5.qkv,5,qkv,2048,1275,0.62255859375,0.9975757002830505
init-final,proj-slimpajama-r30-s0,proj-slimpajama-r30-s0,L5.o,5,o,2048,1275,0.62255859375,0.9968108534812927
init-final,proj-slimpajama-r30-s0,proj-slimpajama-r30-s0,L5.gateup,5,gateup,2048,812,0.396484375,0.9950535893440247
init-final,proj-slimpajama-r30-s0,proj-slimpajama-r30-s0,L5.down,5,down,2048,812,0.396484375,0.9964887499809265
init-final,proj-slimpajama-r30-s0,proj-slimpajama-r30-s0,L6.qkv,6,qkv,2048,1275,0.62255859375,0.9975926876068115
init-final,proj-slimpajama-r30-s0,proj-slimpajama-r30-s0,L6.o,6,o,2048,1275,0.62255859375,0.997124195098877
init-final,proj-slimpajama-r30-s0,proj-slimpajama-r30-s0,L6.gateup,6,gateup,2048,812,0.396484375,0.9952550530433655
init-final,proj-slimpajama-r30-s0,proj-slimpajama-r30-s0,L6.down,6,down,2048,812,0.396484375,0.9962809085845947
init-final,proj-slimpajama-r30-s0,proj-slimpajama-r30-s0,L7.qkv,7,qkv,2048,1275,0.62255859375,0.9976041316986084
init-final,proj-slimpajama-r30-s0,proj-slimpajama-r30-s0,L7.o,7,o,2048,1275,0.62255859375,0.9972954988479614
init-final,proj-slimpajama-r30-s0,proj-slimpajama-r30-s0,L7.gateup,7,gateup,2048,812,0.396484375,0.9951896071434021
init-final,proj-slimpajama-r30-s0,proj-slimpajama-r30-s0,L7.down,7,down,2048,812,0.396484375,0.996452271938324
init-final,proj-slimpajama-r30-s0,proj-slimpajama-r30-s0,L8.qkv,8,qkv,2048,1275,0.62255859375,0.9975995421409607
init-final,proj-slimpajama-r30-s0,proj-slimpajama-r30-s0,L8.o,8,o,2048,1275,0.62255859375,0.9972495436668396
init-final,proj-slimpajama-r30-s0,proj-slimpajama-r30-s0,L8.gateup,8,gateup,2048,812,0.396484375,0.9950659275054932
init-final,proj-slimpajama-r30-s0,proj-slimpajama-r30-s0,L8.down,8,down,2048,812,0.396484375,0.995768129825592
init-final,proj-slimpajama-r30-s0,proj-slimpajama-r30-s0,L9.qkv,9,qkv,2048,1275,0.62255859375,0.9973905682563782
init-final,proj-slimpajama-r30-s0,proj-slimpajama-r30-s0,L9.o,9,o,2048,1275,0.62255859375,0.9968121647834778
init-final,proj-slimpajama-r30-s0,proj-slimpajama-r30-s0,L9.gateup,9,gateup,2048,812,0.396484375,0.9950571060180664
init-final,proj-slimpajama-r30-s0,proj-slimpajama-r30-s0,L9.down,9,down,2048,812,0.396484375,0.9956133961677551
init-final,proj-slimpajama-r30-s0,proj-slimpajama-r30-s0,L10.qkv,10,qkv,2048,1275,0.62255859375,0.9968112111091614
init-final,proj-slimpajama-r30-s0,proj-slimpajama-r30-s0,L10.o,10,o,2048,1275,0.62255859375,0.9965956211090088
init-final,proj-slimpajama-r30-s0,proj-slimpajama-r30-s0,L10.gateup,10,gateup,2048,812,0.396484375,0.994645893573761
init-final,proj-slimpajama-r30-s0,proj-slimpajama-r30-s0,L10.down,10,down,2048,812,0.396484375,0.9948374032974243
init-final,proj-slimpajama-r30-s0,proj-slimpajama-r30-s0,L11.qkv,11,qkv,2048,1275,0.62255859375,0.9970279932022095
init-final,proj-slimpajama-r30-s0,proj-slimpajama-r30-s0,L11.o,11,o,2048,1275,0.62255859375,0.9960395693778992
init-final,proj-slimpajama-r30-s0,proj-slimpajama-r30-s0,L11.gateup,11,gateup,2048,812,0.396484375,0.9938838481903076
init-final,proj-slimpajama-r30-s0,proj-slimpajama-r30-s0,L11.down,11,down,2048,812,0.396484375,0.9952019453048706
init-final,proj-slimpajama-r30-s0,proj-slimpajama-r30-s0,L12.qkv,12,qkv,2048,1275,0.62255859375,0.9974778890609741
init-final,proj-slimpajama-r30-s0,proj-slimpajama-r30-s0,L12.o,12,o,2048,1275,0.62255859375,0.996251106262207
init-final,proj-slimpajama-r30-s0,proj-slimpajama-r30-s0,L12.gateup,12,gateup,2048,812,0.396484375,0.9931817650794983
init-final,proj-slimpajama-r30-s0,proj-slimpajama-r30-s0,L12.down,12,down,2048,812,0.396484375,0.9947625994682312
init-final,proj-slimpajama-r30-s0,proj-slimpajama-r30-s0,L13.qkv,13,qkv,2048,1275,0.62255859375,0.9975966811180115
init-final,proj-slimpajama-r30-s0,proj-slimpajama-r30-s0,L13.o,13,o,2048,1275,0.62255859375,0.9963319301605225
init-final,proj-slimpajama-r30-s0,proj-slimpajama-r30-s0,L13.gateup,13,gateup,2048,812,0.396484375,0.9933754801750183
init-final,proj-slimpajama-r30-s0,proj-slimpajama-r30-s0,L13.down,13,down,2048,812,0.396484375,0.9950740337371826
init-final,proj-slimpajama-r30-s0,proj-slimpajama-r30-s0,L14.qkv,14,qkv,2048,1275,0.62255859375,0.9974448084831238
init-final,proj-slimpajama-r30-s0,proj-slimpajama-r30-s0,L14.o,14,o,2048,1275,0.62255859375,0.9961768388748169
init-final,proj-slimpajama-r30-s0,proj-slimpajama-r30-s0,L14.gateup,14,gateup,2048,812,0.396484375,0.9942651391029358
init-final,proj-slimpajama-r30-s0,proj-slimpajama-r30-s0,L14.down,14,down,2048,812,0.396484375,0.9954811930656433
init-final,proj-slimpajama-r30-s0,proj-slimpajama-r30-s0,L15.qkv,15,qkv,2048,1275,0.62255859375,0.9972968101501465
init-final,proj-slimpajama-r30-s0,proj-slimpajama-r30-s0,L15.o,15,o,2048,1275,0.62255859375,0.9961245656013489
init-final,proj-slimpajama-r30-s0,proj-slimpajama-r30-s0,L15.gateup,15,gateup,2048,812,0.396484375,0.9957727789878845
init-final,proj-slimpajama-r30-s0,proj-slimpajama-r30-s0,L15.down,15,down,2048,812,0.396484375,0.9979119300842285
init-final,proj-alpaca-r30-s0,proj-alpaca-r30-s0,L0.qkv,0,qkv,2048,1275,0.62255859375,0.9972493052482605
init-final,proj-alpaca-r30-s0,proj-alpaca-r30-s0,L0.o,0,o,2048,1275,0.62255859375,0.9974358677864075
init-final,proj-alpaca-r30-s0,proj-alpaca-r30-s0,L0.gateup,0,gateup,2048,812,0.396484375,0.993871808052063
init-final,proj-alpaca-r30-s0,proj-alpaca-r30-s0,L0.down,0,down,2048,812,0.396484375,0.9965639710426331
init-final,proj-alpaca-r30-s0,proj-alpaca-r30-s0,L1.qkv,1,qkv,2048,1275,0.62255859375,0.9978743195533752
init-final,proj-alpaca-r30-s0,proj-alpaca-r30-s0,L1.o,1,o,2048,1275,0.62255859375,0.9968703985214233
init-final,proj-alpaca-r30-s0,proj-alpaca-r30-s0,L1.gateup,1,gateup,2048,812,0.396484375,0.9950511455535889
init-final,proj-alpaca-r30-s0,proj-alpaca-r30-s0,L1.down,1,down,2048,812,0.396484375,0.9966663718223572
init-final,proj-alpaca-r30-s0,proj-alpaca-r30-s0,L2.qkv,2,qkv,2048,1275,0.62255859375,0.998216986656189
init-final,proj-alpaca-r30-s0,proj-alpaca-r30-s0,L2.o,2,o,2048,1275,0.62255859375,0.9968402981758118
init-final,proj-alpaca-r30-s0,proj-alpaca-r30-s0,L2.gateup,2,gateup,2048,812,0.396484375,0.9951931834220886
init-final,proj-alpaca-r30-s0,proj-alpaca-r30-s0,L2.down,2,down,2048,812,0.396484375,0.9962323307991028
init-final,proj-alpaca-r30-s0,proj-alpaca-r30-s0,L3.qkv,3,qkv,2048,1275,0.62255859375,0.9981423020362854
init-final,proj-alpaca-r30-s0,proj-alpaca-r30-s0,L3.o,3,o,2048,1275,0.62255859375,0.9968598484992981
init-final,proj-alpaca-r30-s0,proj-alpaca-r30-s0,L3.gateup,3,gateup,2048,812,0.396484375,0.9954285025596619
init-final,proj-alpaca-r30-s0,proj-alpaca-r30-s0,L3.down,3,down,2048,812,0.396484375,0.9965775012969971
init-final,proj-alpaca-r30-s0,proj-alpaca-r30-s0,L4.qkv,4,qkv,2048,1275,0.62255859375,0.9982015490531921
init-final,proj-alpaca-r30-s0,proj-alpaca-r30-s0,L4.o,4,o,2048,1275,0.62255859375,0.99741131067276
init-final,proj-alpaca-r30-s0,proj-alpaca-r30-s0,L4.gateup,4,gateup,2048,812,0.396484375,0.9956921935081482
init-final,proj-alpaca-r30-s0,proj-alpaca-r30-s0,L4.down,4,down,2048,812,0.396484375,0.9967750310897827
init-final,proj-alpaca-r30-s0,proj-alpaca-r30-s0,L5.qkv,5,qkv,2048,1275,0.62255859375,0.9979425072669983
init-final,proj-alpaca-r30-s0,proj-alpaca-r30-s0,L5.o,5,o,2048,1275,0.62255859375,0.9973602890968323
init-final,proj-alpaca-r30-s0,proj-alpaca-r30-s0,L5.gateup,5,gateup,2048,812,0.396484375,0.9956660270690918
init-final,proj-alpaca-r30-s0,proj-alpaca-r30-s0,L5.down,5,down,2048,812,0.396484375,0.9968279600143433
init-final,proj-alpaca-r30-s0,proj-alpaca-r30-s0,L6.qkv,6,qkv,2048,1275,0.62255859375,0.9979817271232605
init-final,proj-alpaca-r30-s0,proj-alpaca-r30-s0,L6.o,6,o,2048,1275,0.62255859375,0.9975242018699646
init-final,proj-alpaca-r30-s0,proj-alpaca-r30-s0,L6.gateup,6,gateup,2048,812,0.396484375,0.9958784580230713
init-final,proj-alpaca-r30-s0,proj-alpaca-r30-s0,L6.down,6,down,2048,812,0.396484375,0.9966117739677429
init-final,proj-alpaca-r30-s0,proj-alpaca-r30-s0,L7.qkv,7,qkv,2048,1275,0.62255859375,0.9982443451881409
init-final,proj-alpaca-r30-s0,proj-alpaca-r30-s0,L7.o,7,o,2048,1275,0.62255859375,0.9978511929512024
init-final,proj-alpaca-r30-s0,proj-alpaca-r30-s0,L7.gateup,7,gateup,2048,812,0.396484375,0.9956070184707642
init-final,proj-alpaca-r30-s0,proj-alpaca-r30-s0,L7.down,7,down,2048,812,0.396484375,0.9966210722923279
init-final,proj-alpaca-r30-s0,proj-alpaca-r30-s0,L8.qkv,8,qkv,2048,1275,0.62255859375,0.9974215030670166
init-final,proj-alpaca-r30-s0,proj-alpaca-r30-s0,L8.o,8,o,2048,1275,0.62255859375,0.9974607229232788
init-final,proj-alpaca-r30-s0,proj-alpaca-r30-s0,L8.gateup,8,gateup,2048,812,0.396484375,0.9955223798751831
init-final,proj-alpaca-r30-s0,proj-alpaca-r30-s0,L8.down,8,down,2048,812,0.396484375,0.9961096048355103
init-final,proj-alpaca-r30-s0,proj-alpaca-r30-s0,L9.qkv,9,qkv,2048,1275,0.62255859375,0.997646152973175
init-final,proj-alpaca-r30-s0,proj-alpaca-r30-s0,L9.o,9,o,2048,1275,0.62255859375,0.9970710873603821
init-final,proj-alpaca-r30-s0,proj-alpaca-r30-s0,L9.gateup,9,gateup,2048,812,0.396484375,0.9951273798942566
init-final,proj-alpaca-r30-s0,proj-alpaca-r30-s0,L9.down,9,down,2048,812,0.396484375,0.9958068132400513
init-final,proj-alpaca-r30-s0,proj-alpaca-r30-s0,L10.qkv,10,qkv,2048,1275,0.62255859375,0.9970368146896362
init-final,proj-alpaca-r30-s0,proj-alpaca-r30-s0,L10.o,10,o,2048,1275,0.62255859375,0.9969724416732788
init-final,proj-alpaca-r30-s0,proj-alpaca-r30-s0,L10.gateup,10,gateup,2048,812,0.396484375,0.9947456121444702
init-final,proj-alpaca-r30-s0,proj-alpaca-r30-s0,L10.down,10,down,2048,812,0.396484375,0.995581328868866
init-final,proj-alpaca-r30-s0,proj-alpaca-r30-s0,L11.qkv,11,qkv,2048,1275,0.62255859375,0.997094452381134
init-final,proj-alpaca-r30-s0,proj-alpaca-r30-s0,L11.o,11,o,2048,1275,0.62255859375,0.9962155222892761
init-final,proj-alpaca-r30-s0,proj-alpaca-r30-s0,L11.gateup,11,gateup,2048,812,0.396484375,0.9947337508201599
init-final,proj-alpaca-r30-s0,proj-alpaca-r30-s0,L11.down,11,down,2048,812,0.396484375,0.9956510663032532
init-final,proj-alpaca-r30-s0,proj-alpaca-r30-s0,L12.qkv,12,qkv,2048,1275,0.62255859375,0.9975739121437073
init-final,proj-alpaca-r30-s0,proj-alpaca-r30-s0,L12.o,12,o,2048,1275,0.62255859375,0.9968647360801697
init-final,proj-alpaca-r30-s0,proj-alpaca-r30-s0,L12.gateup,12,gateup,2048,812,0.396484375,0.9947277307510376
init-final,proj-alpaca-r30-s0,proj-alpaca-r30-s0,L12.down,12,down,2048,812,0.396484375,0.9955386519432068
init-final,proj-alpaca-r30-s0,proj-alpaca-r30-s0,L13.qkv,13,qkv,2048,1275,0.62255859375,0.9974382519721985
init-final,proj-alpaca-r30-s0,proj-alpaca-r30-s0,L13.o,13,o,2048,1275,0.62255859375,0.9970933794975281
init-final,proj-alpaca-r30-s0,proj-alpaca-r30-s0,L13.gateup,13,gateup,2048,812,0.396484375,0.9948808550834656
init-final,proj-alpaca-r30-s0,proj-alpaca-r30-s0,L13.down,13,down,2048,812,0.396484375,0.9960728287696838
init-final,proj-alpaca-r30-s0,proj-alpaca-r30-s0,L14.qkv,14,qkv,2048,1275,0.62255859375,0.9980112314224243
init-final,proj-alpaca-r30-s0,proj-alpaca-r30-s0,L14.o,14,o,2048,1275,0.62255859375,0.9968031048774719
init-final,proj-alpaca-r30-s0,proj-alpaca-r30-s0,L14.gateup,14,gateup,2048,812,0.396484375,0.9954414367675781
init-final,proj-alpaca-r30-s0,proj-alpaca-r30-s0,L14.down,14,down,2048,812,0.396484375,0.9970012307167053
init-final,proj-alpaca-r30-s0,proj-alpaca-r30-s0,L15.qkv,15,qkv,2048,1275,0.62255859375,0.9980911016464233
init-final,proj-alpaca-r30-s0,proj-alpaca-r30-s0,L15.o,15,o,2048,1275,0.62255859375,0.9970383048057556
init-final,proj-alpaca-r30-s0,proj-alpaca-r30-s0,L15.gateup,15,gateup,2048,812,0.396484375,0.997232973575592
init-final,proj-alpaca-r30-s0,proj-alpaca-r30-s0,L15.down,15,down,2048,812,0.396484375,0.9985842704772949
init-final,proj-selfgen-r30-s0,proj-selfgen-r30-s0,L0.qkv,0,qkv,2048,1275,0.62255859375,0.996982991695404
init-final,proj-selfgen-r30-s0,proj-selfgen-r30-s0,L0.o,0,o,2048,1275,0.62255859375,0.996590256690979
init-final,proj-selfgen-r30-s0,proj-selfgen-r30-s0,L0.gateup,0,gateup,2048,812,0.396484375,0.9939320683479309
init-final,proj-selfgen-r30-s0,proj-selfgen-r30-s0,L0.down,0,down,2048,812,0.396484375,0.9963123202323914
init-final,proj-selfgen-r30-s0,proj-selfgen-r30-s0,L1.qkv,1,qkv,2048,1275,0.62255859375,0.9975654482841492
init-final,proj-selfgen-r30-s0,proj-selfgen-r30-s0,L1.o,1,o,2048,1275,0.62255859375,0.996645987033844
init-final,proj-selfgen-r30-s0,proj-selfgen-r30-s0,L1.gateup,1,gateup,2048,812,0.396484375,0.9947121143341064
init-final,proj-selfgen-r30-s0,proj-selfgen-r30-s0,L1.down,1,down,2048,812,0.396484375,0.9966355562210083
init-final,proj-selfgen-r30-s0,proj-selfgen-r30-s0,L2.qkv,2,qkv,2048,1275,0.62255859375,0.9975730180740356
init-final,proj-selfgen-r30-s0,proj-selfgen-r30-s0,L2.o,2,o,2048,1275,0.62255859375,0.9965316653251648
init-final,proj-selfgen-r30-s0,proj-selfgen-r30-s0,L2.gateup,2,gateup,2048,812,0.396484375,0.9951451420783997
init-final,proj-selfgen-r30-s0,proj-selfgen-r30-s0,L2.down,2,down,2048,812,0.396484375,0.996687650680542
init-final,proj-selfgen-r30-s0,proj-selfgen-r30-s0,L3.qkv,3,qkv,2048,1275,0.62255859375,0.9973195791244507
init-final,proj-selfgen-r30-s0,proj-selfgen-r30-s0,L3.o,3,o,2048,1275,0.62255859375,0.9963318705558777
init-final,proj-selfgen-r30-s0,proj-selfgen-r30-s0,L3.gateup,3,gateup,2048,812,0.396484375,0.9955029487609863
init-final,proj-selfgen-r30-s0,proj-selfgen-r30-s0,L3.down,3,down,2048,812,0.396484375,0.996829628944397
init-final,proj-selfgen-r30-s0,proj-selfgen-r30-s0,L4.qkv,4,qkv,2048,1275,0.62255859375,0.9974120259284973
init-final,proj-selfgen-r30-s0,proj-selfgen-r30-s0,L4.o,4,o,2048,1275,0.62255859375,0.996849536895752
init-final,proj-selfgen-r30-s0,proj-selfgen-r30-s0,L4.gateup,4,gateup,2048,812,0.396484375,0.9957728981971741
init-final,proj-selfgen-r30-s0,proj-selfgen-r30-s0,L4.down,4,down,2048,812,0.396484375,0.9969420433044434
init-final,proj-selfgen-r30-s0,proj-selfgen-r30-s0,L5.qkv,5,qkv,2048,1275,0.62255859375,0.9972562193870544
init-final,proj-selfgen-r30-s0,proj-selfgen-r30-s0,L5.o,5,o,2048,1275,0.62255859375,0.99696946144104
init-final,proj-selfgen-r30-s0,proj-selfgen-r30-s0,L5.gateup,5,gateup,2048,812,0.396484375,0.9958536624908447
init-final,proj-selfgen-r30-s0,proj-selfgen-r30-s0,L5.down,5,down,2048,812,0.396484375,0.9971287846565247
init-final,proj-selfgen-r30-s0,proj-selfgen-r30-s0,L6.qkv,6,qkv,2048,1275,0.62255859375,0.9971647262573242
init-final,proj-selfgen-r30-s0,proj-selfgen-r30-s0,L6.o,6,o,2048,1275,0.62255859375,0.9970360398292542
init-final,proj-selfgen-r30-s0,proj-selfgen-r30-s0,L6.gateup,6,gateup,2048,812,0.396484375,0.9960572123527527
init-final,proj-selfgen-r30-s0,proj-selfgen-r30-s0,L6.down,6,down,2048,812,0.396484375,0.9969620704650879
init-final,proj-selfgen-r30-s0,proj-selfgen-r30-s0,L7.qkv,7,qkv,2048,1275,0.62255859375,0.9972202181816101
init-final,proj-selfgen-r30-s0,proj-selfgen-r30-s0,L7.o,7,o,2048,1275,0.62255859375,0.9973181486129761
init-final,proj-selfgen-r30-s0,proj-selfgen-r30-s0,L7.gateup,7,gateup,2048,812,0.396484375,0.9961186051368713
init-final,proj-selfgen-r30-s0,proj-selfgen-r30-s0,L7.down,7,down,2048,812,0.396484375,0.9971624612808228
init-final,proj-selfgen-r30-s0,proj-selfgen-r30-s0,L8.qkv,8,qkv,2048,1275,0.62255859375,0.99727463722229
init-final,proj-selfgen-r30-s0,proj-selfgen-r30-s0,L8.o,8,o,2048,1275,0.62255859375,0.9970414042472839
init-final,proj-selfgen-r30-s0,proj-selfgen-r30-s0,L8.gateup,8,gateup,2048,812,0.396484375,0.9963889718055725
init-final,proj-selfgen-r30-s0,proj-selfgen-r30-s0,L8.down,8,down,2048,812,0.396484375,0.9970758557319641
init-final,proj-selfgen-r30-s0,proj-selfgen-r30-s0,L9.qkv,9,qkv,2048,1275,0.62255859375,0.9974356293678284
init-final,proj-selfgen-r30-s0,proj-selfgen-r30-s0,L9.o,9,o,2048,1275,0.62255859375,0.9969228506088257
init-final,proj-selfgen-r30-s0,proj-selfgen-r30-s0,L9.gateup,9,gateup,2048,812,0.396484375,0.9959732294082642
init-final,proj-selfgen-r30-s0,proj-selfgen-r30-s0,L9.down,9,down,2048,812,0.396484375,0.9967727661132812
init-final,proj-selfgen-r30-s0,proj-selfgen-r30-s0,L10.qkv,10,qkv,2048,1275,0.62255859375,0.9969609379768372
init-final,proj-selfgen-r30-s0,proj-selfgen-r30-s0,L10.o,10,o,2048,1275,0.62255859375,0.9969316720962524
init-final,proj-selfgen-r30-s0,proj-selfgen-r30-s0,L10.gateup,10,gateup,2048,812,0.396484375,0.9956191182136536
init-final,proj-selfgen-r30-s0,proj-selfgen-r30-s0,L10.down,10,down,2048,812,0.396484375,0.9965121150016785
init-final,proj-selfgen-r30-s0,proj-selfgen-r30-s0,L11.qkv,11,qkv,2048,1275,0.62255859375,0.9971679449081421
init-final,proj-selfgen-r30-s0,proj-selfgen-r30-s0,L11.o,11,o,2048,1275,0.62255859375,0.9968234896659851
init-final,proj-selfgen-r30-s0,proj-selfgen-r30-s0,L11.gateup,11,gateup,2048,812,0.396484375,0.9955251812934875
init-final,proj-selfgen-r30-s0,proj-selfgen-r30-s0,L11.down,11,down,2048,812,0.396484375,0.9966169595718384
init-final,proj-selfgen-r30-s0,proj-selfgen-r30-s0,L12.qkv,12,qkv,2048,1275,0.62255859375,0.9975124597549438
init-final,proj-selfgen-r30-s0,proj-selfgen-r30-s0,L12.o,12,o,2048,1275,0.62255859375,0.9967928528785706
init-final,proj-selfgen-r30-s0,proj-selfgen-r30-s0,L12.gateup,12,gateup,2048,812,0.396484375,0.9950152635574341
init-final,proj-selfgen-r30-s0,proj-selfgen-r30-s0,L12.down,12,down,2048,812,0.396484375,0.9964925646781921
init-final,proj-selfgen-r30-s0,proj-selfgen-r30-s0,L13.qkv,13,qkv,2048,1275,0.62255859375,0.9976037740707397
init-final,proj-selfgen-r30-s0,proj-selfgen-r30-s0,L13.o,13,o,2048,1275,0.62255859375,0.9971269965171814
init-final,proj-selfgen-r30-s0,proj-selfgen-r30-s0,L13.gateup,13,gateup,2048,812,0.396484375,0.9951121807098389
init-final,proj-selfgen-r30-s0,proj-selfgen-r30-s0,L13.down,13,down,2048,812,0.396484375,0.9966588616371155
init-final,proj-selfgen-r30-s0,proj-selfgen-r30-s0,L14.qkv,14,qkv,2048,1275,0.62255859375,0.9975724816322327
init-final,proj-selfgen-r30-s0,proj-selfgen-r30-s0,L14.o,14,o,2048,1275,0.62255859375,0.9968478083610535
init-final,proj-selfgen-r30-s0,proj-selfgen-r30-s0,L14.gateup,14,gateup,2048,812,0.396484375,0.9956377744674683
init-final,proj-selfgen-r30-s0,proj-selfgen-r30-s0,L14.down,14,down,2048,812,0.396484375,0.9972123503684998
init-final,proj-selfgen-r30-s0,proj-selfgen-r30-s0,L15.qkv,15,qkv,2048,1275,0.62255859375,0.9977312684059143
init-final,proj-selfgen-r30-s0,proj-selfgen-r30-s0,L15.o,15,o,2048,1275,0.62255859375,0.9969774484634399
init-final,proj-selfgen-r30-s0,proj-selfgen-r30-s0,L15.gateup,15,gateup,2048,812,0.396484375,0.9973870515823364
init-final,proj-selfgen-r30-s0,proj-selfgen-r30-s0,L15.down,15,down,2048,812,0.396484375,0.9989637136459351
init-final,proj-selfdoc-r30-s0,proj-selfdoc-r30-s0,L0.qkv,0,qkv,2048,1275,0.62255859375,0.9968584179878235
init-final,proj-selfdoc-r30-s0,proj-selfdoc-r30-s0,L0.o,0,o,2048,1275,0.62255859375,0.9968553781509399
init-final,proj-selfdoc-r30-s0,proj-selfdoc-r30-s0,L0.gateup,0,gateup,2048,812,0.396484375,0.9920450448989868
init-final,proj-selfdoc-r30-s0,proj-selfdoc-r30-s0,L0.down,0,down,2048,812,0.396484375,0.995763897895813
init-final,proj-selfdoc-r30-s0,proj-selfdoc-r30-s0,L1.qkv,1,qkv,2048,1275,0.62255859375,0.9980456829071045
init-final,proj-selfdoc-r30-s0,proj-selfdoc-r30-s0,L1.o,1,o,2048,1275,0.62255859375,0.9966604113578796
init-final,proj-selfdoc-r30-s0,proj-selfdoc-r30-s0,L1.gateup,1,gateup,2048,812,0.396484375,0.9935962557792664
init-final,proj-selfdoc-r30-s0,proj-selfdoc-r30-s0,L1.down,1,down,2048,812,0.396484375,0.9962158203125
init-final,proj-selfdoc-r30-s0,proj-selfdoc-r30-s0,L2.qkv,2,qkv,2048,1275,0.62255859375,0.9980332851409912
init-final,proj-selfdoc-r30-s0,proj-selfdoc-r30-s0,L2.o,2,o,2048,1275,0.62255859375,0.9966080784797668
init-final,proj-selfdoc-r30-s0,proj-selfdoc-r30-s0,L2.gateup,2,gateup,2048,812,0.396484375,0.9942823648452759
init-final,proj-selfdoc-r30-s0,proj-selfdoc-r30-s0,L2.down,2,down,2048,812,0.396484375,0.9959688782691956
init-final,proj-selfdoc-r30-s0,proj-selfdoc-r30-s0,L3.qkv,3,qkv,2048,1275,0.62255859375,0.9980297088623047
init-final,proj-selfdoc-r30-s0,proj-selfdoc-r30-s0,L3.o,3,o,2048,1275,0.62255859375,0.9965490698814392
init-final,proj-selfdoc-r30-s0,proj-selfdoc-r30-s0,L3.gateup,3,gateup,2048,812,0.396484375,0.9945074915885925
init-final,proj-selfdoc-r30-s0,proj-selfdoc-r30-s0,L3.down,3,down,2048,812,0.396484375,0.9963301420211792
init-final,proj-selfdoc-r30-s0,proj-selfdoc-r30-s0,L4.qkv,4,qkv,2048,1275,0.62255859375,0.9979919195175171
init-final,proj-selfdoc-r30-s0,proj-selfdoc-r30-s0,L4.o,4,o,2048,1275,0.62255859375,0.9969804883003235
init-final,proj-selfdoc-r30-s0,proj-selfdoc-r30-s0,L4.gateup,4,gateup,2048,812,0.396484375,0.9948903322219849
init-final,proj-selfdoc-r30-s0,proj-selfdoc-r30-s0,L4.down,4,down,2048,812,0.396484375,0.9963542819023132
init-final,proj-selfdoc-r30-s0,proj-selfdoc-r30-s0,L5.qkv,5,qkv,2048,1275,0.62255859375,0.997643768787384
init-final,proj-selfdoc-r30-s0,proj-selfdoc-r30-s0,L5.o,5,o,2048,1275,0.62255859375,0.9970198273658752
init-final,proj-selfdoc-r30-s0,proj-selfdoc-r30-s0,L5.gateup,5,gateup,2048,812,0.396484375,0.994793713092804
init-final,proj-selfdoc-r30-s0,proj-selfdoc-r30-s0,L5.down,5,down,2048,812,0.396484375,0.9964597821235657
init-final,proj-selfdoc-r30-s0,proj-selfdoc-r30-s0,L6.qkv,6,qkv,2048,1275,0.62255859375,0.9977107048034668
init-final,proj-selfdoc-r30-s0,proj-selfdoc-r30-s0,L6.o,6,o,2048,1275,0.62255859375,0.9971960783004761
init-final,proj-selfdoc-r30-s0,proj-selfdoc-r30-s0,L6.gateup,6,gateup,2048,812,0.396484375,0.9951521754264832
init-final,proj-selfdoc-r30-s0,proj-selfdoc-r30-s0,L6.down,6,down,2048,812,0.396484375,0.996260404586792
init-final,proj-selfdoc-r30-s0,proj-selfdoc-r30-s0,L7.qkv,7,qkv,2048,1275,0.62255859375,0.9978752732276917
init-final,proj-selfdoc-r30-s0,proj-selfdoc-r30-s0,L7.o,7,o,2048,1275,0.62255859375,0.9974302649497986
init-final,proj-selfdoc-r30-s0,proj-selfdoc-r30-s0,L7.gateup,7,gateup,2048,812,0.396484375,0.9949300289154053
init-final,proj-selfdoc-r30-s0,proj-selfdoc-r30-s0,L7.down,7,down,2048,812,0.396484375,0.9964162111282349
init-final,proj-selfdoc-r30-s0,proj-selfdoc-r30-s0,L8.qkv,8,qkv,2048,1275,0.62255859375,0.9975014925003052
init-final,proj-selfdoc-r30-s0,proj-selfdoc-r30-s0,L8.o,8,o,2048,1275,0.62255859375,0.9972367882728577
init-final,proj-selfdoc-r30-s0,proj-selfdoc-r30-s0,L8.gateup,8,gateup,2048,812,0.396484375,0.9950150847434998
init-final,proj-selfdoc-r30-s0,proj-selfdoc-r30-s0,L8.down,8,down,2048,812,0.396484375,0.9958411455154419
init-final,proj-selfdoc-r30-s0,proj-selfdoc-r30-s0,L9.qkv,9,qkv,2048,1275,0.62255859375,0.997566819190979
init-final,proj-selfdoc-r30-s0,proj-selfdoc-r30-s0,L9.o,9,o,2048,1275,0.62255859375,0.9968209862709045
init-final,proj-selfdoc-r30-s0,proj-selfdoc-r30-s0,L9.gateup,9,gateup,2048,812,0.396484375,0.9947611093521118
init-final,proj-selfdoc-r30-s0,proj-selfdoc-r30-s0,L9.down,9,down,2048,812,0.396484375,0.9952865242958069
init-final,proj-selfdoc-r30-s0,proj-selfdoc-r30-s0,L10.qkv,10,qkv,2048,1275,0.62255859375,0.9967066645622253
init-final,proj-selfdoc-r30-s0,proj-selfdoc-r30-s0,L10.o,10,o,2048,1275,0.62255859375,0.9964529275894165
init-final,proj-selfdoc-r30-s0,proj-selfdoc-r30-s0,L10.gateup,10,gateup,2048,812,0.396484375,0.9939603805541992
init-final,proj-selfdoc-r30-s0,proj-selfdoc-r30-s0,L10.down,10,down,2048,812,0.396484375,0.9947565197944641
init-final,proj-selfdoc-r30-s0,proj-selfdoc-r30-s0,L11.qkv,11,qkv,2048,1275,0.62255859375,0.9970226287841797
init-final,proj-selfdoc-r30-s0,proj-selfdoc-r30-s0,L11.o,11,o,2048,1275,0.62255859375,0.9959580898284912
init-final,proj-selfdoc-r30-s0,proj-selfdoc-r30-s0,L11.gateup,11,gateup,2048,812,0.396484375,0.9935678243637085
init-final,proj-selfdoc-r30-s0,proj-selfdoc-r30-s0,L11.down,11,down,2048,812,0.396484375,0.9949361681938171
init-final,proj-selfdoc-r30-s0,proj-selfdoc-r30-s0,L12.qkv,12,qkv,2048,1275,0.62255859375,0.9973837733268738
init-final,proj-selfdoc-r30-s0,proj-selfdoc-r30-s0,L12.o,12,o,2048,1275,0.62255859375,0.9960451126098633
init-final,proj-selfdoc-r30-s0,proj-selfdoc-r30-s0,L12.gateup,12,gateup,2048,812,0.396484375,0.992787778377533
init-final,proj-selfdoc-r30-s0,proj-selfdoc-r30-s0,L12.down,12,down,2048,812,0.396484375,0.9944500923156738
init-final,proj-selfdoc-r30-s0,proj-selfdoc-r30-s0,L13.qkv,13,qkv,2048,1275,0.62255859375,0.9973882436752319
init-final,proj-selfdoc-r30-s0,proj-selfdoc-r30-s0,L13.o,13,o,2048,1275,0.62255859375,0.9962382912635803
init-final,proj-selfdoc-r30-s0,proj-selfdoc-r30-s0,L13.gateup,13,gateup,2048,812,0.396484375,0.9928193092346191
init-final,proj-selfdoc-r30-s0,proj-selfdoc-r30-s0,L13.down,13,down,2048,812,0.396484375,0.9949301481246948
init-final,proj-selfdoc-r30-s0,proj-selfdoc-r30-s0,L14.qkv,14,qkv,2048,1275,0.62255859375,0.9975399971008301
init-final,proj-selfdoc-r30-s0,proj-selfdoc-r30-s0,L14.o,14,o,2048,1275,0.62255859375,0.9959702491760254
init-final,proj-selfdoc-r30-s0,proj-selfdoc-r30-s0,L14.gateup,14,gateup,2048,812,0.396484375,0.9938099980354309
init-final,proj-selfdoc-r30-s0,proj-selfdoc-r30-s0,L14.down,14,down,2048,812,0.396484375,0.9955105781555176
init-final,proj-selfdoc-r30-s0,proj-selfdoc-r30-s0,L15.qkv,15,qkv,2048,1275,0.62255859375,0.9975408911705017
init-final,proj-selfdoc-r30-s0,proj-selfdoc-r30-s0,L15.o,15,o,2048,1275,0.62255859375,0.996101975440979
init-final,proj-selfdoc-r30-s0,proj-selfdoc-r30-s0,L15.gateup,15,gateup,2048,812,0.396484375,0.9962005615234375
init-final,proj-selfdoc-r30-s0,proj-selfdoc-r30-s0,L15.down,15,down,2048,812,0.396484375,0.9984394311904907
init-init,proj-wikitext2-r30-s0,proj-c4-r30-s0,L0.qkv,0,qkv,2048,1275,0.62255859375,0.9215098023414612
final-final,proj-wikitext2-r30-s0,proj-c4-r30-s0,L0.qkv,0,qkv,2048,1275,0.62255859375,0.9183549284934998
init-init,proj-wikitext2-r30-s0,proj-c4-r30-s0,L0.o,0,o,2048,1275,0.62255859375,0.9314213395118713
final-final,proj-wikitext2-r30-s0,proj-c4-r30-s0,L0.o,0,o,2048,1275,0.62255859375,0.9277013540267944
init-init,proj-wikitext2-r30-s0,proj-c4-r30-s0,L0.gateup,0,gateup,2048,812,0.396484375,0.7690432667732239
final-final,proj-wikitext2-r30-s0,proj-c4-r30-s0,L0.gateup,0,gateup,2048,812,0.396484375,0.7637298703193665
init-init,proj-wikitext2-r30-s0,proj-c4-r30-s0,L0.down,0,down,2048,812,0.396484375,0.8426226377487183
final-final,proj-wikitext2-r30-s0,proj-c4-r30-s0,L0.down,0,down,2048,812,0.396484375,0.8375003337860107
init-init,proj-wikitext2-r30-s0,proj-c4-r30-s0,L1.qkv,1,qkv,2048,1275,0.62255859375,0.9258034229278564
final-final,proj-wikitext2-r30-s0,proj-c4-r30-s0,L1.qkv,1,qkv,2048,1275,0.62255859375,0.9233256578445435
init-init,proj-wikitext2-r30-s0,proj-c4-r30-s0,L1.o,1,o,2048,1275,0.62255859375,0.9292386770248413
final-final,proj-wikitext2-r30-s0,proj-c4-r30-s0,L1.o,1,o,2048,1275,0.62255859375,0.9244820475578308
init-init,proj-wikitext2-r30-s0,proj-c4-r30-s0,L1.gateup,1,gateup,2048,812,0.396484375,0.8011783957481384
final-final,proj-wikitext2-r30-s0,proj-c4-r30-s0,L1.gateup,1,gateup,2048,812,0.396484375,0.7946831583976746
init-init,proj-wikitext2-r30-s0,proj-c4-r30-s0,L1.down,1,down,2048,812,0.396484375,0.8600777983665466
final-final,proj-wikitext2-r30-s0,proj-c4-r30-s0,L1.down,1,down,2048,812,0.396484375,0.855195939540863
init-init,proj-wikitext2-r30-s0,proj-c4-r30-s0,L2.qkv,2,qkv,2048,1275,0.62255859375,0.9219785928726196
final-final,proj-wikitext2-r30-s0,proj-c4-r30-s0,L2.qkv,2,qkv,2048,1275,0.62255859375,0.919697642326355
init-init,proj-wikitext2-r30-s0,proj-c4-r30-s0,L2.o,2,o,2048,1275,0.62255859375,0.9048340916633606
final-final,proj-wikitext2-r30-s0,proj-c4-r30-s0,L2.o,2,o,2048,1275,0.62255859375,0.9003182053565979
init-init,proj-wikitext2-r30-s0,proj-c4-r30-s0,L2.gateup,2,gateup,2048,812,0.396484375,0.7938575148582458
final-final,proj-wikitext2-r30-s0,proj-c4-r30-s0,L2.gateup,2,gateup,2048,812,0.396484375,0.7878323197364807
init-init,proj-wikitext2-r30-s0,proj-c4-r30-s0,L2.down,2,down,2048,812,0.396484375,0.8705496788024902
final-final,proj-wikitext2-r30-s0,proj-c4-r30-s0,L2.down,2,down,2048,812,0.396484375,0.8649720549583435
init-init,proj-wikitext2-r30-s0,proj-c4-r30-s0,L3.qkv,3,qkv,2048,1275,0.62255859375,0.9138396978378296
final-final,proj-wikitext2-r30-s0,proj-c4-r30-s0,L3.qkv,3,qkv,2048,1275,0.62255859375,0.9114789962768555
init-init,proj-wikitext2-r30-s0,proj-c4-r30-s0,L3.o,3,o,2048,1275,0.62255859375,0.9166147708892822
final-final,proj-wikitext2-r30-s0,proj-c4-r30-s0,L3.o,3,o,2048,1275,0.62255859375,0.911557137966156
init-init,proj-wikitext2-r30-s0,proj-c4-r30-s0,L3.gateup,3,gateup,2048,812,0.396484375,0.7939857840538025
final-final,proj-wikitext2-r30-s0,proj-c4-r30-s0,L3.gateup,3,gateup,2048,812,0.396484375,0.7878316640853882
init-init,proj-wikitext2-r30-s0,proj-c4-r30-s0,L3.down,3,down,2048,812,0.396484375,0.864719033241272
final-final,proj-wikitext2-r30-s0,proj-c4-r30-s0,L3.down,3,down,2048,812,0.396484375,0.8594082593917847
init-init,proj-wikitext2-r30-s0,proj-c4-r30-s0,L4.qkv,4,qkv,2048,1275,0.62255859375,0.901959240436554
final-final,proj-wikitext2-r30-s0,proj-c4-r30-s0,L4.qkv,4,qkv,2048,1275,0.62255859375,0.8994039297103882
init-init,proj-wikitext2-r30-s0,proj-c4-r30-s0,L4.o,4,o,2048,1275,0.62255859375,0.9154237508773804
final-final,proj-wikitext2-r30-s0,proj-c4-r30-s0,L4.o,4,o,2048,1275,0.62255859375,0.911104679107666
init-init,proj-wikitext2-r30-s0,proj-c4-r30-s0,L4.gateup,4,gateup,2048,812,0.396484375,0.7670139074325562
final-final,proj-wikitext2-r30-s0,proj-c4-r30-s0,L4.gateup,4,gateup,2048,812,0.396484375,0.7618250846862793
init-init,proj-wikitext2-r30-s0,proj-c4-r30-s0,L4.down,4,down,2048,812,0.396484375,0.862470805644989
final-final,proj-wikitext2-r30-s0,proj-c4-r30-s0,L4.down,4,down,2048,812,0.396484375,0.8571901917457581
init-init,proj-wikitext2-r30-s0,proj-c4-r30-s0,L5.qkv,5,qkv,2048,1275,0.62255859375,0.9037760496139526
final-final,proj-wikitext2-r30-s0,proj-c4-r30-s0,L5.qkv,5,qkv,2048,1275,0.62255859375,0.9010341167449951
init-init,proj-wikitext2-r30-s0,proj-c4-r30-s0,L5.o,5,o,2048,1275,0.62255859375,0.9356778264045715
final-final,proj-wikitext2-r30-s0,proj-c4-r30-s0,L5.o,5,o,2048,1275,0.62255859375,0.9309298396110535
init-init,proj-wikitext2-r30-s0,proj-c4-r30-s0,L5.gateup,5,gateup,2048,812,0.396484375,0.7551204562187195
final-final,proj-wikitext2-r30-s0,proj-c4-r30-s0,L5.gateup,5,gateup,2048,812,0.396484375,0.7499030828475952
init-init,proj-wikitext2-r30-s0,proj-c4-r30-s0,L5.down,5,down,2048,812,0.396484375,0.8702967166900635
final-final,proj-wikitext2-r30-s0,proj-c4-r30-s0,L5.down,5,down,2048,812,0.396484375,0.8649947047233582
init-init,proj-wikitext2-r30-s0,proj-c4-r30-s0,L6.qkv,6,qkv,2048,1275,0.62255859375,0.902653157711029
final-final,proj-wikitext2-r30-s0,proj-c4-r30-s0,L6.qkv,6,qkv,2048,1275,0.62255859375,0.8997626304626465
init-init,proj-wikitext2-r30-s0,proj-c4-r30-s0,L6.o,6,o,2048,1275,0.62255859375,0.9416618943214417
final-final,proj-wikitext2-r30-s0,proj-c4-r30-s0,L6.o,6,o,2048,1275,0.62255859375,0.9371584057807922
init-init,proj-wikitext2-r30-s0,proj-c4-r30-s0,L6.gateup,6,gateup,2048,812,0.396484375,0.7682725191116333
final-final,proj-wikitext2-r30-s0,proj-c4-r30-s0,L6.gateup,6,gateup,2048,812,0.396484375,0.763006865978241
init-init,proj-wikitext2-r30-s0,proj-c4-r30-s0,L6.down,6,down,2048,812,0.396484375,0.8862800002098083
final-final,proj-wikitext2-r30-s0,proj-c4-r30-s0,L6.down,6,down,2048,812,0.396484375,0.8804736137390137
init-init,proj-wikitext2-r30-s0,proj-c4-r30-s0,L7.qkv,7,qkv,2048,1275,0.62255859375,0.9060049057006836
final-final,proj-wikitext2-r30-s0,proj-c4-r30-s0,L7.qkv,7,qkv,2048,1275,0.62255859375,0.903236985206604
init-init,proj-wikitext2-r30-s0,proj-c4-r30-s0,L7.o,7,o,2048,1275,0.62255859375,0.936698317527771
final-final,proj-wikitext2-r30-s0,proj-c4-r30-s0,L7.o,7,o,2048,1275,0.62255859375,0.932613730430603
init-init,proj-wikitext2-r30-s0,proj-c4-r30-s0,L7.gateup,7,gateup,2048,812,0.396484375,0.7695135474205017
final-final,proj-wikitext2-r30-s0,proj-c4-r30-s0,L7.gateup,7,gateup,2048,812,0.396484375,0.764056384563446
init-init,proj-wikitext2-r30-s0,proj-c4-r30-s0,L7.down,7,down,2048,812,0.396484375,0.8893709182739258
final-final,proj-wikitext2-r30-s0,proj-c4-r30-s0,L7.down,7,down,2048,812,0.396484375,0.8837767243385315
init-init,proj-wikitext2-r30-s0,proj-c4-r30-s0,L8.qkv,8,qkv,2048,1275,0.62255859375,0.9067018628120422
final-final,proj-wikitext2-r30-s0,proj-c4-r30-s0,L8.qkv,8,qkv,2048,1275,0.62255859375,0.903413712978363
init-init,proj-wikitext2-r30-s0,proj-c4-r30-s0,L8.o,8,o,2048,1275,0.62255859375,0.9420953989028931
final-final,proj-wikitext2-r30-s0,proj-c4-r30-s0,L8.o,8,o,2048,1275,0.62255859375,0.937964916229248
init-init,proj-wikitext2-r30-s0,proj-c4-r30-s0,L8.gateup,8,gateup,2048,812,0.396484375,0.782148540019989
final-final,proj-wikitext2-r30-s0,proj-c4-r30-s0,L8.gateup,8,gateup,2048,812,0.396484375,0.7765399217605591
init-init,proj-wikitext2-r30-s0,proj-c4-r30-s0,L8.down,8,down,2048,812,0.396484375,0.8763992786407471
final-final,proj-wikitext2-r30-s0,proj-c4-r30-s0,L8.down,8,down,2048,812,0.396484375,0.8704524040222168
init-init,proj-wikitext2-r30-s0,proj-c4-r30-s0,L9.qkv,9,qkv,2048,1275,0.62255859375,0.9004506468772888
final-final,proj-wikitext2-r30-s0,proj-c4-r30-s0,L9.qkv,9,qkv,2048,1275,0.62255859375,0.8974772691726685
init-init,proj-wikitext2-r30-s0,proj-c4-r30-s0,L9.o,9,o,2048,1275,0.62255859375,0.9346890449523926
final-final,proj-wikitext2-r30-s0,proj-c4-r30-s0,L9.o,9,o,2048,1275,0.62255859375,0.9299911856651306
init-init,proj-wikitext2-r30-s0,proj-c4-r30-s0,L9.gateup,9,gateup,2048,812,0.396484375,0.7850817441940308
final-final,proj-wikitext2-r30-s0,proj-c4-r30-s0,L9.gateup,9,gateup,2048,812,0.396484375,0.779333233833313
init-init,proj-wikitext2-r30-s0,proj-c4-r30-s0,L9.down,9,down,2048,812,0.396484375,0.8645943999290466
final-final,proj-wikitext2-r30-s0,proj-c4-r30-s0,L9.down,9,down,2048,812,0.396484375,0.8580768704414368
init-init,proj-wikitext2-r30-s0,proj-c4-r30-s0,L10.qkv,10,qkv,2048,1275,0.62255859375,0.8947973251342773
final-final,proj-wikitext2-r30-s0,proj-c4-r30-s0,L10.qkv,10,qkv,2048,1275,0.62255859375,0.8915010094642639
init-init,proj-wikitext2-r30-s0,proj-c4-r30-s0,L10.o,10,o,2048,1275,0.62255859375,0.937053918838501
final-final,proj-wikitext2-r30-s0,proj-c4-r30-s0,L10.o,10,o,2048,1275,0.62255859375,0.9323278665542603
init-init,proj-wikitext2-r30-s0,proj-c4-r30-s0,L10.gateup,10,gateup,2048,812,0.396484375,0.763063907623291
final-final,proj-wikitext2-r30-s0,proj-c4-r30-s0,L10.gateup,10,gateup,2048,812,0.396484375,0.757020890712738
init-init,proj-wikitext2-r30-s0,proj-c4-r30-s0,L10.down,10,down,2048,812,0.396484375,0.8587051630020142
final-final,proj-wikitext2-r30-s0,proj-c4-r30-s0,L10.down,10,down,2048,812,0.396484375,0.8516103029251099
init-init,proj-wikitext2-r30-s0,proj-c4-r30-s0,L11.qkv,11,qkv,2048,1275,0.62255859375,0.8842853903770447
final-final,proj-wikitext2-r30-s0,proj-c4-r30-s0,L11.qkv,11,qkv,2048,1275,0.62255859375,0.8813846111297607
init-init,proj-wikitext2-r30-s0,proj-c4-r30-s0,L11.o,11,o,2048,1275,0.62255859375,0.914818286895752
final-final,proj-wikitext2-r30-s0,proj-c4-r30-s0,L11.o,11,o,2048,1275,0.62255859375,0.9094857573509216
init-init,proj-wikitext2-r30-s0,proj-c4-r30-s0,L11.gateup,11,gateup,2048,812,0.396484375,0.7589439749717712
final-final,proj-wikitext2-r30-s0,proj-c4-r30-s0,L11.gateup,11,gateup,2048,812,0.396484375,0.7526392340660095
init-init,proj-wikitext2-r30-s0,proj-c4-r30-s0,L11.down,11,down,2048,812,0.396484375,0.849081814289093
final-final,proj-wikitext2-r30-s0,proj-c4-r30-s0,L11.down,11,down,2048,812,0.396484375,0.8421959280967712
init-init,proj-wikitext2-r30-s0,proj-c4-r30-s0,L12.qkv,12,qkv,2048,1275,0.62255859375,0.8833245038986206
final-final,proj-wikitext2-r30-s0,proj-c4-r30-s0,L12.qkv,12,qkv,2048,1275,0.62255859375,0.8807227611541748
init-init,proj-wikitext2-r30-s0,proj-c4-r30-s0,L12.o,12,o,2048,1275,0.62255859375,0.9031968712806702
final-final,proj-wikitext2-r30-s0,proj-c4-r30-s0,L12.o,12,o,2048,1275,0.62255859375,0.8986170887947083
init-init,proj-wikitext2-r30-s0,proj-c4-r30-s0,L12.gateup,12,gateup,2048,812,0.396484375,0.7460591793060303
final-final,proj-wikitext2-r30-s0,proj-c4-r30-s0,L12.gateup,12,gateup,2048,812,0.396484375,0.7394383549690247
init-init,proj-wikitext2-r30-s0,proj-c4-r30-s0,L12.down,12,down,2048,812,0.396484375,0.8566386103630066
final-final,proj-wikitext2-r30-s0,proj-c4-r30-s0,L12.down,12,down,2048,812,0.396484375,0.849172055721283
init-init,proj-wikitext2-r30-s0,proj-c4-r30-s0,L13.qkv,13,qkv,2048,1275,0.62255859375,0.8836454153060913
final-final,proj-wikitext2-r30-s0,proj-c4-r30-s0,L13.qkv,13,qkv,2048,1275,0.62255859375,0.8807209134101868
init-init,proj-wikitext2-r30-s0,proj-c4-r30-s0,L13.o,13,o,2048,1275,0.62255859375,0.8827471137046814
final-final,proj-wikitext2-r30-s0,proj-c4-r30-s0,L13.o,13,o,2048,1275,0.62255859375,0.8787451982498169
init-init,proj-wikitext2-r30-s0,proj-c4-r30-s0,L13.gateup,13,gateup,2048,812,0.396484375,0.7426518797874451
final-final,proj-wikitext2-r30-s0,proj-c4-r30-s0,L13.gateup,13,gateup,2048,812,0.396484375,0.7357175350189209
init-init,proj-wikitext2-r30-s0,proj-c4-r30-s0,L13.down,13,down,2048,812,0.396484375,0.8533719182014465
final-final,proj-wikitext2-r30-s0,proj-c4-r30-s0,L13.down,13,down,2048,812,0.396484375,0.8466178774833679
init-init,proj-wikitext2-r30-s0,proj-c4-r30-s0,L14.qkv,14,qkv,2048,1275,0.62255859375,0.8858032822608948
final-final,proj-wikitext2-r30-s0,proj-c4-r30-s0,L14.qkv,14,qkv,2048,1275,0.62255859375,0.8832299113273621
init-init,proj-wikitext2-r30-s0,proj-c4-r30-s0,L14.o,14,o,2048,1275,0.62255859375,0.8918471336364746
final-final,proj-wikitext2-r30-s0,proj-c4-r30-s0,L14.o,14,o,2048,1275,0.62255859375,0.8866432905197144
init-init,proj-wikitext2-r30-s0,proj-c4-r30-s0,L14.gateup,14,gateup,2048,812,0.396484375,0.7476761937141418
final-final,proj-wikitext2-r30-s0,proj-c4-r30-s0,L14.gateup,14,gateup,2048,812,0.396484375,0.7416509985923767
init-init,proj-wikitext2-r30-s0,proj-c4-r30-s0,L14.down,14,down,2048,812,0.396484375,0.8514068722724915
final-final,proj-wikitext2-r30-s0,proj-c4-r30-s0,L14.down,14,down,2048,812,0.396484375,0.8456533551216125
init-init,proj-wikitext2-r30-s0,proj-c4-r30-s0,L15.qkv,15,qkv,2048,1275,0.62255859375,0.8837316036224365
final-final,proj-wikitext2-r30-s0,proj-c4-r30-s0,L15.qkv,15,qkv,2048,1275,0.62255859375,0.881451427936554
init-init,proj-wikitext2-r30-s0,proj-c4-r30-s0,L15.o,15,o,2048,1275,0.62255859375,0.9099549055099487
final-final,proj-wikitext2-r30-s0,proj-c4-r30-s0,L15.o,15,o,2048,1275,0.62255859375,0.9053725004196167
init-init,proj-wikitext2-r30-s0,proj-c4-r30-s0,L15.gateup,15,gateup,2048,812,0.396484375,0.7365671992301941
final-final,proj-wikitext2-r30-s0,proj-c4-r30-s0,L15.gateup,15,gateup,2048,812,0.396484375,0.7328240871429443
init-init,proj-wikitext2-r30-s0,proj-c4-r30-s0,L15.down,15,down,2048,812,0.396484375,0.8435816764831543
final-final,proj-wikitext2-r30-s0,proj-c4-r30-s0,L15.down,15,down,2048,812,0.396484375,0.8414523005485535
init-init,proj-wikitext2-r30-s0,proj-slimpajama-r30-s0,L0.qkv,0,qkv,2048,1275,0.62255859375,0.9183379411697388
final-final,proj-wikitext2-r30-s0,proj-slimpajama-r30-s0,L0.qkv,0,qkv,2048,1275,0.62255859375,0.9147694110870361
init-init,proj-wikitext2-r30-s0,proj-slimpajama-r30-s0,L0.o,0,o,2048,1275,0.62255859375,0.9161247611045837
final-final,proj-wikitext2-r30-s0,proj-slimpajama-r30-s0,L0.o,0,o,2048,1275,0.62255859375,0.9122728705406189
init-init,proj-wikitext2-r30-s0,proj-slimpajama-r30-s0,L0.gateup,0,gateup,2048,812,0.396484375,0.7546493411064148
final-final,proj-wikitext2-r30-s0,proj-slimpajama-r30-s0,L0.gateup,0,gateup,2048,812,0.396484375,0.7489754557609558
init-init,proj-wikitext2-r30-s0,proj-slimpajama-r30-s0,L0.down,0,down,2048,812,0.396484375,0.8275975584983826
final-final,proj-wikitext2-r30-s0,proj-slimpajama-r30-s0,L0.down,0,down,2048,812,0.396484375,0.8223437666893005
init-init,proj-wikitext2-r30-s0,proj-slimpajama-r30-s0,L1.qkv,1,qkv,2048,1275,0.62255859375,0.91988205909729
final-final,proj-wikitext2-r30-s0,proj-slimpajama-r30-s0,L1.qkv,1,qkv,2048,1275,0.62255859375,0.9172990918159485
init-init,proj-wikitext2-r30-s0,proj-slimpajama-r30-s0,L1.o,1,o,2048,1275,0.62255859375,0.9277621507644653
final-final,proj-wikitext2-r30-s0,proj-slimpajama-r30-s0,L1.o,1,o,2048,1275,0.62255859375,0.9227655529975891
init-init,proj-wikitext2-r30-s0,proj-slimpajama-r30-s0,L1.gateup,1,gateup,2048,812,0.396484375,0.7803972959518433
final-final,proj-wikitext2-r30-s0,proj-slimpajama-r30-s0,L1.gateup,1,gateup,2048,812,0.396484375,0.7736855149269104
init-init,proj-wikitext2-r30-s0,proj-slimpajama-r30-s0,L1.down,1,down,2048,812,0.396484375,0.8566154837608337
final-final,proj-wikitext2-r30-s0,proj-slimpajama-r30-s0,L1.down,1,down,2048,812,0.396484375,0.851429283618927
init-init,proj-wikitext2-r30-s0,proj-slimpajama-r30-s0,L2.qkv,2,qkv,2048,1275,0.62255859375,0.9163714647293091
final-final,proj-wikitext2-r30-s0,proj-slimpajama-r30-s0,L2.qkv,2,qkv,2048,1275,0.62255859375,0.9139111042022705
init-init,proj-wikitext2-r30-s0,proj-slimpajama-r30-s0,L2.o,2,o,2048,1275,0.62255859375,0.891880452632904
final-final,proj-wikitext2-r30-s0,proj-slimpajama-r30-s0,L2.o,2,o,2048,1275,0.62255859375,0.8872064352035522
init-init,proj-wikitext2-r30-s0,proj-slimpajama-r30-s0,L2.gateup,2,gateup,2048,812,0.396484375,0.7718619704246521
final-final,proj-wikitext2-r30-s0,proj-slimpajama-r30-s0,L2.gateup,2,gateup,2048,812,0.396484375,0.7657395601272583
init-init,proj-wikitext2-r30-s0,proj-slimpajama-r30-s0,L2.down,2,down,2048,812,0.396484375,0.8686854243278503
final-final,proj-wikitext2-r30-s0,proj-slimpajama-r30-s0,L2.down,2,down,2048,812,0.396484375,0.8631266951560974
init-init,proj-wikitext2-r30-s0,proj-slimpajama-r30-s0,L3.qkv,3,qkv,2048,1275,0.62255859375,0.9090747237205505
final-final,proj-wikitext2-r30-s0,proj-slimpajama-r30-s0,L3.qkv,3,qkv,2048,1275,0.62255859375,0.9066459536552429
init-init,proj-wikitext2-r30-s0,proj-slimpajama-r30-s0,L3.o,3,o,2048,1275,0.62255859375,0.9154722094535828
final-final,proj-wikitext2-r30-s0,proj-slimpajama-r30-s0,L3.o,3,o,2048,1275,0.62255859375,0.9104386568069458
init-init,proj-wikitext2-r30-s0,proj-slimpajama-r30-s0,L3.gateup,3,gateup,2048,812,0.396484375,0.7748860716819763
final-final,proj-wikitext2-r30-s0,proj-slimpajama-r30-s0,L3.gateup,3,gateup,2048,812,0.396484375,0.7688291668891907
init-init,proj-wikitext2-r30-s0,proj-slimpajama-r30-s0,L3.down,3,down,2048,812,0.396484375,0.8684520721435547
final-final,proj-wikitext2-r30-s0,proj-slimpajama-r30-s0,L3.down,3,down,2048,812,0.396484375,0.8632728457450867
init-init,proj-wikitext2-r30-s0,proj-slimpajama-r30-s0,L4.qkv,4,qkv,2048,1275,0.62255859375,0.9012876152992249
final-final,proj-wikitext2-r30-s0,proj-slimpajama-r30-s0,L4.qkv,4,qkv,2048,1275,0.62255859375,0.8986636996269226
init-init,proj-wikitext2-r30-s0,proj-slimpajama-r30-s0,L4.o,4,o,2048,1275,0.62255859375,0.914381206035614
final-final,proj-wikitext2-r30-s0,proj-slimpajama-r30-s0,L4.o,4,o,2048,1275,0.62255859375,0.9100654721260071
init-init,proj-wikitext2-r30-s0,proj-slimpajama-r30-s0,L4.gateup,4,gateup,2048,812,0.396484375,0.7565425038337708
final-final,proj-wikitext2-r30-s0,proj-slimpajama-r30-s0,L4.gateup,4,gateup,2048,812,0.396484375,0.7514009475708008
init-init,proj-wikitext2-r30-s0,proj-slimpajama-r30-s0,L4.down,4,down,2048,812,0.396484375,0.8680617213249207
final-final,proj-wikitext2-r30-s0,proj-slimpajama-r30-s0,L4.down,4,down,2048,812,0.396484375,0.8629397749900818
init-init,proj-wikitext2-r30-s0,proj-slimpajama-r30-s0,L5.qkv,5,qkv,2048,1275,0.62255859375,0.9046826958656311
final-final,proj-wikitext2-r30-s0,proj-slimpajama-r30-s0,L5.qkv,5,qkv,2048,1275,0.62255859375,0.9017922878265381
init-init,proj-wikitext2-r30-s0,proj-slimpajama-r30-s0,L5.o,5,o,2048,1275,0.62255859375,0.9404260516166687
final-final,proj-wikitext2-r30-s0,proj-slimpajama-r30-s0,L5.o,5,o,2048,1275,0.62255859375,0.9356992840766907
init-init,proj-wikitext2-r30-s0,proj-slimpajama-r30-s0,L5.gateup,5,gateup,2048,812,0.396484375,0.7505825757980347
final-final,proj-wikitext2-r30-s0,proj-slimpajama-r30-s0,L5.gateup,5,gateup,2048,812,0.396484375,0.7454112768173218
init-init,proj-wikitext2-r30-s0,proj-slimpajama-r30-s0,L5.down,5,down,2048,812,0.396484375,0.8768125772476196
final-final,proj-wikitext2-r30-s0,proj-slimpajama-r30-s0,L5.down,5,down,2048,812,0.396484375,0.8717883229255676
init-init,proj-wikitext2-r30-s0,proj-slimpajama-r30-s0,L6.qkv,6,qkv,2048,1275,0.62255859375,0.9051526188850403
final-final,proj-wikitext2-r30-s0,proj-slimpajama-r30-s0,L6.qkv,6,qkv,2048,1275,0.62255859375,0.902251660823822
init-init,proj-wikitext2-r30-s0,proj-slimpajama-r30-s0,L6.o,6,o,2048,1275,0.62255859375,0.9473949670791626
final-final,proj-wikitext2-r30-s0,proj-slimpajama-r30-s0,L6.o,6,o,2048,1275,0.62255859375,0.9431496858596802
init-init,proj-wikitext2-r30-s0,proj-slimpajama-r30-s0,L6.gateup,6,gateup,2048,812,0.396484375,0.7655522227287292
final-final,proj-wikitext2-r30-s0,proj-slimpajama-r30-s0,L6.gateup,6,gateup,2048,812,0.396484375,0.7606126070022583
init-init,proj-wikitext2-r30-s0,proj-slimpajama-r30-s0,L6.down,6,down,2048,812,0.396484375,0.8928372263908386
final-final,proj-wikitext2-r30-s0,proj-slimpajama-r30-s0,L6.down,6,down,2048,812,0.396484375,0.8873898983001709
init-init,proj-wikitext2-r30-s0,proj-slimpajama-r30-s0,L7.qkv,7,qkv,2048,1275,0.62255859375,0.9083836674690247
final-final,proj-wikitext2-r30-s0,proj-slimpajama-r30-s0,L7.qkv,7,qkv,2048,1275,0.62255859375,0.9055052995681763
init-init,proj-wikitext2-r30-s0,proj-slimpajama-r30-s0,L7.o,7,o,2048,1275,0.62255859375,0.9394705295562744
final-final,proj-wikitext2-r30-s0,proj-slimpajama-r30-s0,L7.o,7,o,2048,1275,0.62255859375,0.9354591369628906
init-init,proj-wikitext2-r30-s0,proj-slimpajama-r30-s0,L7.gateup,7,gateup,2048,812,0.396484375,0.7671682238578796
final-final,proj-wikitext2-r30-s0,proj-slimpajama-r30-s0,L7.gateup,7,gateup,2048,812,0.396484375,0.7620614767074585
init-init,proj-wikitext2-r30-s0,proj-slimpajama-r30-s0,L7.down,7,down,2048,812,0.396484375,0.8947434425354004
final-final,proj-wikitext2-r30-s0,proj-slimpajama-r30-s0,L7.down,7,down,2048,812,0.396484375,0.88949054479599
init-init,proj-wikitext2-r30-s0,proj-slimpajama-r30-s0,L8.qkv,8,qkv,2048,1275,0.62255859375,0.9086126089096069
final-final,proj-wikitext2-r30-s0,proj-slimpajama-r30-s0,L8.qkv,8,qkv,2048,1275,0.62255859375,0.9055407047271729
init-init,proj-wikitext2-r30-s0,proj-slimpajama-r30-s0,L8.o,8,o,2048,1275,0.62255859375,0.9455220699310303
final-final,proj-wikitext2-r30-s0,proj-slimpajama-r30-s0,L8.o,8,o,2048,1275,0.62255859375,0.9416092038154602
init-init,proj-wikitext2-r30-s0,proj-slimpajama-r30-s0,L8.gateup,8,gateup,2048,812,0.396484375,0.7779787182807922
final-final,proj-wikitext2-r30-s0,proj-slimpajama-r30-s0,L8.gateup,8,gateup,2048,812,0.396484375,0.7727829217910767
init-init,proj-wikitext2-r30-s0,proj-slimpajama-r30-s0,L8.down,8,down,2048,812,0.396484375,0.8822872042655945
final-final,proj-wikitext2-r30-s0,proj-slimpajama-r30-s0,L8.down,8,down,2048,812,0.396484375,0.8766124844551086
init-init,proj-wikitext2-r30-s0,proj-slimpajama-r30-s0,L9.qkv,9,qkv,2048,1275,0.62255859375,0.9019413590431213
final-final,proj-wikitext2-r30-s0,proj-slimpajama-r30-s0,L9.qkv,9,qkv,2048,1275,0.62255859375,0.898991048336029
init-init,proj-wikitext2-r30-s0,proj-slimpajama-r30-s0,L9.o,9,o,2048,1275,0.62255859375,0.9375635385513306
final-final,proj-wikitext2-r30-s0,proj-slimpajama-r30-s0,L9.o,9,o,2048,1275,0.62255859375,0.9331327676773071
init-init,proj-wikitext2-r30-s0,proj-slimpajama-r30-s0,L9.gateup,9,gateup,2048,812,0.396484375,0.778573751449585
final-final,proj-wikitext2-r30-s0,proj-slimpajama-r30-s0,L9.gateup,9,gateup,2048,812,0.396484375,0.7732642292976379
init-init,proj-wikitext2-r30-s0,proj-slimpajama-r30-s0,L9.down,9,down,2048,812,0.396484375,0.8686005473136902
final-final,proj-wikitext2-r30-s0,proj-slimpajama-r30-s0,L9.down,9,down,2048,812,0.396484375,0.8624394536018372
init-init,proj-wikitext2-r30-s0,proj-slimpajama-r30-s0,L10.qkv,10,qkv,2048,1275,0.62255859375,0.8952768445014954
final-final,proj-wikitext2-r30-s0,proj-slimpajama-r30-s0,L10.qkv,10,qkv,2048,1275,0.62255859375,0.8920431137084961
init-init,proj-wikitext2-r30-s0,proj-slimpajama-r30-s0,L10.o,10,o,2048,1275,0.62255859375,0.9374879002571106
final-final,proj-wikitext2-r30-s0,proj-slimpajama-r30-s0,L10.o,10,o,2048,1275,0.62255859375,0.9329308271408081
init-init,proj-wikitext2-r30-s0,proj-slimpajama-r30-s0,L10.gateup,10,gateup,2048,812,0.396484375,0.7504304051399231
final-final,proj-wikitext2-r30-s0,proj-slimpajama-r30-s0,L10.gateup,10,gateup,2048,812,0.396484375,0.7452431321144104
init-init,proj-wikitext2-r30-s0,proj-slimpajama-r30-s0,L10.down,10,down,2048,812,0.396484375,0.8599255681037903
final-final,proj-wikitext2-r30-s0,proj-slimpajama-r30-s0,L10.down,10,down,2048,812,0.396484375,0.8529903292655945
init-init,proj-wikitext2-r30-s0,proj-slimpajama-r30-s0,L11.qkv,11,qkv,2048,1275,0.62255859375,0.8829513788223267
final-final,proj-wikitext2-r30-s0,proj-slimpajama-r30-s0,L11.qkv,11,qkv,2048,1275,0.62255859375,0.8800710439682007
init-init,proj-wikitext2-r30-s0,proj-slimpajama-r30-s0,L11.o,11,o,2048,1275,0.62255859375,0.9132307767868042
final-final,proj-wikitext2-r30-s0,proj-slimpajama-r30-s0,L11.o,11,o,2048,1275,0.62255859375,0.9081180095672607
init-init,proj-wikitext2-r30-s0,proj-slimpajama-r30-s0,L11.gateup,11,gateup,2048,812,0.396484375,0.7444918751716614
final-final,proj-wikitext2-r30-s0,proj-slimpajama-r30-s0,L11.gateup,11,gateup,2048,812,0.396484375,0.7388281226158142
init-init,proj-wikitext2-r30-s0,proj-slimpajama-r30-s0,L11.down,11,down,2048,812,0.396484375,0.8482482433319092
final-final,proj-wikitext2-r30-s0,proj-slimpajama-r30-s0,L11.down,11,down,2048,812,0.396484375,0.8416742086410522
init-init,proj-wikitext2-r30-s0,proj-slimpajama-r30-s0,L12.qkv,12,qkv,2048,1275,0.62255859375,0.8811076879501343
final-final,proj-wikitext2-r30-s0,proj-slimpajama-r30-s0,L12.qkv,12,qkv,2048,1275,0.62255859375,0.8786877393722534
init-init,proj-wikitext2-r30-s0,proj-slimpajama-r30-s0,L12.o,12,o,2048,1275,0.62255859375,0.894291877746582
final-final,proj-wikitext2-r30-s0,proj-slimpajama-r30-s0,L12.o,12,o,2048,1275,0.62255859375,0.8898552060127258
init-init,proj-wikitext2-r30-s0,proj-slimpajama-r30-s0,L12.gateup,12,gateup,2048,812,0.396484375,0.7259701490402222
final-final,proj-wikitext2-r30-s0,proj-slimpajama-r30-s0,L12.gateup,12,gateup,2048,812,0.396484375,0.7198020219802856
init-init,proj-wikitext2-r30-s0,proj-slimpajama-r30-s0,L12.down,12,down,2048,812,0.396484375,0.8522785305976868
final-final,proj-wikitext2-r30-s0,proj-slimpajama-r30-s0,L12.down,12,down,2048,812,0.396484375,0.8450582027435303
init-init,proj-wikitext2-r30-s0,proj-slimpajama-r30-s0,L13.qkv,13,qkv,2048,1275,0.62255859375,0.8801171779632568
final-final,proj-wikitext2-r30-s0,proj-slimpajama-r30-s0,L13.qkv,13,qkv,2048,1275,0.62255859375,0.8776152729988098
init-init,proj-wikitext2-r30-s0,proj-slimpajama-r30-s0,L13.o,13,o,2048,1275,0.62255859375,0.8828526735305786
final-final,proj-wikitext2-r30-s0,proj-slimpajama-r30-s0,L13.o,13,o,2048,1275,0.62255859375,0.8787612915039062
init-init,proj-wikitext2-r30-s0,proj-slimpajama-r30-s0,L13.gateup,13,gateup,2048,812,0.396484375,0.7229070067405701
final-final,proj-wikitext2-r30-s0,proj-slimpajama-r30-s0,L13.gateup,13,gateup,2048,812,0.396484375,0.7165877223014832
init-init,proj-wikitext2-r30-s0,proj-slimpajama-r30-s0,L13.down,13,down,2048,812,0.396484375,0.8451423645019531
final-final,proj-wikitext2-r30-s0,proj-slimpajama-r30-s0,L13.down,13,down,2048,812,0.396484375,0.8384798169136047
init-init,proj-wikitext2-r30-s0,proj-slimpajama-r30-s0,L14.qkv,14,qkv,2048,1275,0.62255859375,0.8829069137573242
final-final,proj-wikitext2-r30-s0,proj-slimpajama-r30-s0,L14.qkv,14,qkv,2048,1275,0.62255859375,0.8804427981376648
init-init,proj-wikitext2-r30-s0,proj-slimpajama-r30-s0,L14.o,14,o,2048,1275,0.62255859375,0.8869737982749939
final-final,proj-wikitext2-r30-s0,proj-slimpajama-r30-s0,L14.o,14,o,2048,1275,0.62255859375,0.8819628953933716
init-init,proj-wikitext2-r30-s0,proj-slimpajama-r30-s0,L14.gateup,14,gateup,2048,812,0.396484375,0.729144275188446
final-final,proj-wikitext2-r30-s0,proj-slimpajama-r30-s0,L14.gateup,14,gateup,2048,812,0.396484375,0.7235317230224609
init-init,proj-wikitext2-r30-s0,proj-slimpajama-r30-s0,L14.down,14,down,2048,812,0.396484375,0.8405027985572815
final-final,proj-wikitext2-r30-s0,proj-slimpajama-r30-s0,L14.down,14,down,2048,812,0.396484375,0.8348073363304138
init-init,proj-wikitext2-r30-s0,proj-slimpajama-r30-s0,L15.qkv,15,qkv,2048,1275,0.62255859375,0.8813928365707397
final-final,proj-wikitext2-r30-s0,proj-slimpajama-r30-s0,L15.qkv,15,qkv,2048,1275,0.62255859375,0.8790313005447388
init-init,proj-wikitext2-r30-s0,proj-slimpajama-r30-s0,L15.o,15,o,2048,1275,0.62255859375,0.9073622822761536
final-final,proj-wikitext2-r30-s0,proj-slimpajama-r30-s0,L15.o,15,o,2048,1275,0.62255859375,0.9027372598648071
init-init,proj-wikitext2-r30-s0,proj-slimpajama-r30-s0,L15.gateup,15,gateup,2048,812,0.396484375,0.7234466075897217
final-final,proj-wikitext2-r30-s0,proj-slimpajama-r30-s0,L15.gateup,15,gateup,2048,812,0.396484375,0.7196774482727051
init-init,proj-wikitext2-r30-s0,proj-slimpajama-r30-s0,L15.down,15,down,2048,812,0.396484375,0.8374832272529602
final-final,proj-wikitext2-r30-s0,proj-slimpajama-r30-s0,L15.down,15,down,2048,812,0.396484375,0.8350475430488586
init-init,proj-wikitext2-r30-s0,proj-alpaca-r30-s0,L0.qkv,0,qkv,2048,1275,0.62255859375,0.8784630298614502
final-final,proj-wikitext2-r30-s0,proj-alpaca-r30-s0,L0.qkv,0,qkv,2048,1275,0.62255859375,0.8758459687232971
init-init,proj-wikitext2-r30-s0,proj-alpaca-r30-s0,L0.o,0,o,2048,1275,0.62255859375,0.9127765893936157
final-final,proj-wikitext2-r30-s0,proj-alpaca-r30-s0,L0.o,0,o,2048,1275,0.62255859375,0.9091998934745789
init-init,proj-wikitext2-r30-s0,proj-alpaca-r30-s0,L0.gateup,0,gateup,2048,812,0.396484375,0.6855595707893372
final-final,proj-wikitext2-r30-s0,proj-alpaca-r30-s0,L0.gateup,0,gateup,2048,812,0.396484375,0.681711733341217
init-init,proj-wikitext2-r30-s0,proj-alpaca-r30-s0,L0.down,0,down,2048,812,0.396484375,0.7816217541694641
final-final,proj-wikitext2-r30-s0,proj-alpaca-r30-s0,L0.down,0,down,2048,812,0.396484375,0.7772666215896606
init-init,proj-wikitext2-r30-s0,proj-alpaca-r30-s0,L1.qkv,1,qkv,2048,1275,0.62255859375,0.8881598114967346
final-final,proj-wikitext2-r30-s0,proj-alpaca-r30-s0,L1.qkv,1,qkv,2048,1275,0.62255859375,0.8858810663223267
init-init,proj-wikitext2-r30-s0,proj-alpaca-r30-s0,L1.o,1,o,2048,1275,0.62255859375,0.8965489864349365
final-final,proj-wikitext2-r30-s0,proj-alpaca-r30-s0,L1.o,1,o,2048,1275,0.62255859375,0.8922736644744873
init-init,proj-wikitext2-r30-s0,proj-alpaca-r30-s0,L1.gateup,1,gateup,2048,812,0.396484375,0.7268615961074829
final-final,proj-wikitext2-r30-s0,proj-alpaca-r30-s0,L1.gateup,1,gateup,2048,812,0.396484375,0.7216039299964905
init-init,proj-wikitext2-r30-s0,proj-alpaca-r30-s0,L1.down,1,down,2048,812,0.396484375,0.8057699799537659
final-final,proj-wikitext2-r30-s0,proj-alpaca-r30-s0,L1.down,1,down,2048,812,0.396484375,0.8013299703598022
init-init,proj-wikitext2-r30-s0,proj-alpaca-r30-s0,L2.qkv,2,qkv,2048,1275,0.62255859375,0.8826736807823181
final-final,proj-wikitext2-r30-s0,proj-alpaca-r30-s0,L2.qkv,2,qkv,2048,1275,0.62255859375,0.8807936906814575
init-init,proj-wikitext2-r30-s0,proj-alpaca-r30-s0,L2.o,2,o,2048,1275,0.62255859375,0.8615514039993286
final-final,proj-wikitext2-r30-s0,proj-alpaca-r30-s0,L2.o,2,o,2048,1275,0.62255859375,0.8575138449668884
init-init,proj-wikitext2-r30-s0,proj-alpaca-r30-s0,L2.gateup,2,gateup,2048,812,0.396484375,0.7163788676261902
final-final,proj-wikitext2-r30-s0,proj-alpaca-r30-s0,L2.gateup,2,gateup,2048,812,0.396484375,0.7115784883499146
init-init,proj-wikitext2-r30-s0,proj-alpaca-r30-s0,L2.down,2,down,2048,812,0.396484375,0.8140560984611511
final-final,proj-wikitext2-r30-s0,proj-alpaca-r30-s0,L2.down,2,down,2048,812,0.396484375,0.8091787099838257
init-init,proj-wikitext2-r30-s0,proj-alpaca-r30-s0,L3.qkv,3,qkv,2048,1275,0.62255859375,0.8687902688980103
final-final,proj-wikitext2-r30-s0,proj-alpaca-r30-s0,L3.qkv,3,qkv,2048,1275,0.62255859375,0.8668546676635742
init-init,proj-wikitext2-r30-s0,proj-alpaca-r30-s0,L3.o,3,o,2048,1275,0.62255859375,0.8808495998382568
final-final,proj-wikitext2-r30-s0,proj-alpaca-r30-s0,L3.o,3,o,2048,1275,0.62255859375,0.876456618309021
init-init,proj-wikitext2-r30-s0,proj-alpaca-r30-s0,L3.gateup,3,gateup,2048,812,0.396484375,0.7145041823387146
final-final,proj-wikitext2-r30-s0,proj-alpaca-r30-s0,L3.gateup,3,gateup,2048,812,0.396484375,0.7097539901733398
init-init,proj-wikitext2-r30-s0,proj-alpaca-r30-s0,L3.down,3,down,2048,812,0.396484375,0.8095880150794983
final-final,proj-wikitext2-r30-s0,proj-alpaca-r30-s0,L3.down,3,down,2048,812,0.396484375,0.8050894737243652
init-init,proj-wikitext2-r30-s0,proj-alpaca-r30-s0,L4.qkv,4,qkv,2048,1275,0.62255859375,0.8583704829216003
final-final,proj-wikitext2-r30-s0,proj-alpaca-r30-s0,L4.qkv,4,qkv,2048,1275,0.62255859375,0.8563840389251709
init-init,proj-wikitext2-r30-s0,proj-alpaca-r30-s0,L4.o,4,o,2048,1275,0.62255859375,0.8826525807380676
final-final,proj-wikitext2-r30-s0,proj-alpaca-r30-s0,L4.o,4,o,2048,1275,0.62255859375,0.8791303634643555
init-init,proj-wikitext2-r30-s0,proj-alpaca-r30-s0,L4.gateup,4,gateup,2048,812,0.396484375,0.6942639350891113
final-final,proj-wikitext2-r30-s0,proj-alpaca-r30-s0,L4.gateup,4,gateup,2048,812,0.396484375,0.690262496471405
init-init,proj-wikitext2-r30-s0,proj-alpaca-r30-s0,L4.down,4,down,2048,812,0.396484375,0.8083853721618652
final-final,proj-wikitext2-r30-s0,proj-alpaca-r30-s0,L4.down,4,down,2048,812,0.396484375,0.8041241765022278
init-init,proj-wikitext2-r30-s0,proj-alpaca-r30-s0,L5.qkv,5,qkv,2048,1275,0.62255859375,0.8623380064964294
final-final,proj-wikitext2-r30-s0,proj-alpaca-r30-s0,L5.qkv,5,qkv,2048,1275,0.62255859375,0.8601801991462708
init-init,proj-wikitext2-r30-s0,proj-alpaca-r30-s0,L5.o,5,o,2048,1275,0.62255859375,0.8960360884666443
final-final,proj-wikitext2-r30-s0,proj-alpaca-r30-s0,L5.o,5,o,2048,1275,0.62255859375,0.8921208381652832
init-init,proj-wikitext2-r30-s0,proj-alpaca-r30-s0,L5.gateup,5,gateup,2048,812,0.396484375,0.6791399717330933
final-final,proj-wikitext2-r30-s0,proj-alpaca-r30-s0,L5.gateup,5,gateup,2048,812,0.396484375,0.6751859188079834
init-init,proj-wikitext2-r30-s0,proj-alpaca-r30-s0,L5.down,5,down,2048,812,0.396484375,0.8171549439430237
final-final,proj-wikitext2-r30-s0,proj-alpaca-r30-s0,L5.down,5,down,2048,812,0.396484375,0.8128700852394104
init-init,proj-wikitext2-r30-s0,proj-alpaca-r30-s0,L6.qkv,6,qkv,2048,1275,0.62255859375,0.8589221239089966
final-final,proj-wikitext2-r30-s0,proj-alpaca-r30-s0,L6.qkv,6,qkv,2048,1275,0.62255859375,0.8567817211151123
init-init,proj-wikitext2-r30-s0,proj-alpaca-r30-s0,L6.o,6,o,2048,1275,0.62255859375,0.9005259871482849
final-final,proj-wikitext2-r30-s0,proj-alpaca-r30-s0,L6.o,6,o,2048,1275,0.62255859375,0.8970666527748108
init-init,proj-wikitext2-r30-s0,proj-alpaca-r30-s0,L6.gateup,6,gateup,2048,812,0.396484375,0.692544162273407
final-final,proj-wikitext2-r30-s0,proj-alpaca-r30-s0,L6.gateup,6,gateup,2048,812,0.396484375,0.688880205154419
init-init,proj-wikitext2-r30-s0,proj-alpaca-r30-s0,L6.down,6,down,2048,812,0.396484375,0.8331630229949951
final-final,proj-wikitext2-r30-s0,proj-alpaca-r30-s0,L6.down,6,down,2048,812,0.396484375,0.8284808397293091
init-init,proj-wikitext2-r30-s0,proj-alpaca-r30-s0,L7.qkv,7,qkv,2048,1275,0.62255859375,0.8614434003829956
final-final,proj-wikitext2-r30-s0,proj-alpaca-r30-s0,L7.qkv,7,qkv,2048,1275,0.62255859375,0.8594515919685364
init-init,proj-wikitext2-r30-s0,proj-alpaca-r30-s0,L7.o,7,o,2048,1275,0.62255859375,0.8942859172821045
final-final,proj-wikitext2-r30-s0,proj-alpaca-r30-s0,L7.o,7,o,2048,1275,0.62255859375,0.891005277633667
init-init,proj-wikitext2-r30-s0,proj-alpaca-r30-s0,L7.gateup,7,gateup,2048,812,0.396484375,0.6924000382423401
final-final,proj-wikitext2-r30-s0,proj-alpaca-r30-s0,L7.gateup,7,gateup,2048,812,0.396484375,0.6886240839958191
init-init,proj-wikitext2-r30-s0,proj-alpaca-r30-s0,L7.down,7,down,2048,812,0.396484375,0.832744836807251
final-final,proj-wikitext2-r30-s0,proj-alpaca-r30-s0,L7.down,7,down,2048,812,0.396484375,0.8281633257865906
init-init,proj-wikitext2-r30-s0,proj-alpaca-r30-s0,L8.qkv,8,qkv,2048,1275,0.62255859375,0.8579472899436951
final-final,proj-wikitext2-r30-s0,proj-alpaca-r30-s0,L8.qkv,8,qkv,2048,1275,0.62255859375,0.8555811643600464
init-init,proj-wikitext2-r30-s0,proj-alpaca-r30-s0,L8.o,8,o,2048,1275,0.62255859375,0.8972182273864746
final-final,proj-wikitext2-r30-s0,proj-alpaca-r30-s0,L8.o,8,o,2048,1275,0.62255859375,0.8940016031265259
init-init,proj-wikitext2-r30-s0,proj-alpaca-r30-s0,L8.gateup,8,gateup,2048,812,0.396484375,0.7038266062736511
final-final,proj-wikitext2-r30-s0,proj-alpaca-r30-s0,L8.gateup,8,gateup,2048,812,0.396484375,0.7001213431358337
init-init,proj-wikitext2-r30-s0,proj-alpaca-r30-s0,L8.down,8,down,2048,812,0.396484375,0.8175907135009766
final-final,proj-wikitext2-r30-s0,proj-alpaca-r30-s0,L8.down,8,down,2048,812,0.396484375,0.8127782344818115
init-init,proj-wikitext2-r30-s0,proj-alpaca-r30-s0,L9.qkv,9,qkv,2048,1275,0.62255859375,0.8545312285423279
final-final,proj-wikitext2-r30-s0,proj-alpaca-r30-s0,L9.qkv,9,qkv,2048,1275,0.62255859375,0.8524402379989624
init-init,proj-wikitext2-r30-s0,proj-alpaca-r30-s0,L9.o,9,o,2048,1275,0.62255859375,0.8926348090171814
final-final,proj-wikitext2-r30-s0,proj-alpaca-r30-s0,L9.o,9,o,2048,1275,0.62255859375,0.8891518115997314
init-init,proj-wikitext2-r30-s0,proj-alpaca-r30-s0,L9.gateup,9,gateup,2048,812,0.396484375,0.7100730538368225
final-final,proj-wikitext2-r30-s0,proj-alpaca-r30-s0,L9.gateup,9,gateup,2048,812,0.396484375,0.7059733271598816
init-init,proj-wikitext2-r30-s0,proj-alpaca-r30-s0,L9.down,9,down,2048,812,0.396484375,0.8074963688850403
final-final,proj-wikitext2-r30-s0,proj-alpaca-r30-s0,L9.down,9,down,2048,812,0.396484375,0.8020601272583008
init-init,proj-wikitext2-r30-s0,proj-alpaca-r30-s0,L10.qkv,10,qkv,2048,1275,0.62255859375,0.8536445498466492
final-final,proj-wikitext2-r30-s0,proj-alpaca-r30-s0,L10.qkv,10,qkv,2048,1275,0.62255859375,0.8511984944343567
init-init,proj-wikitext2-r30-s0,proj-alpaca-r30-s0,L10.o,10,o,2048,1275,0.62255859375,0.895017683506012
final-final,proj-wikitext2-r30-s0,proj-alpaca-r30-s0,L10.o,10,o,2048,1275,0.62255859375,0.8912388682365417
init-init,proj-wikitext2-r30-s0,proj-alpaca-r30-s0,L10.gateup,10,gateup,2048,812,0.396484375,0.6833720803260803
final-final,proj-wikitext2-r30-s0,proj-alpaca-r30-s0,L10.gateup,10,gateup,2048,812,0.396484375,0.6794847846031189
init-init,proj-wikitext2-r30-s0,proj-alpaca-r30-s0,L10.down,10,down,2048,812,0.396484375,0.8010150194168091
final-final,proj-wikitext2-r30-s0,proj-alpaca-r30-s0,L10.down,10,down,2048,812,0.396484375,0.7952463626861572
init-init,proj-wikitext2-r30-s0,proj-alpaca-r30-s0,L11.qkv,11,qkv,2048,1275,0.62255859375,0.8388044834136963
final-final,proj-wikitext2-r30-s0,proj-alpaca-r30-s0,L11.qkv,11,qkv,2048,1275,0.62255859375,0.8368098139762878
init-init,proj-wikitext2-r30-s0,proj-alpaca-r30-s0,L11.o,11,o,2048,1275,0.62255859375,0.8778422474861145
final-final,proj-wikitext2-r30-s0,proj-alpaca-r30-s0,L11.o,11,o,2048,1275,0.62255859375,0.8737027645111084
init-init,proj-wikitext2-r30-s0,proj-alpaca-r30-s0,L11.gateup,11,gateup,2048,812,0.396484375,0.6759210228919983
final-final,proj-wikitext2-r30-s0,proj-alpaca-r30-s0,L11.gateup,11,gateup,2048,812,0.396484375,0.6717810034751892
init-init,proj-wikitext2-r30-s0,proj-alpaca-r30-s0,L11.down,11,down,2048,812,0.396484375,0.7942208647727966
final-final,proj-wikitext2-r30-s0,proj-alpaca-r30-s0,L11.down,11,down,2048,812,0.396484375,0.7886483073234558
init-init,proj-wikitext2-r30-s0,proj-alpaca-r30-s0,L12.qkv,12,qkv,2048,1275,0.62255859375,0.841700553894043
final-final,proj-wikitext2-r30-s0,proj-alpaca-r30-s0,L12.qkv,12,qkv,2048,1275,0.62255859375,0.8399622440338135
init-init,proj-wikitext2-r30-s0,proj-alpaca-r30-s0,L12.o,12,o,2048,1275,0.62255859375,0.8698304295539856
final-final,proj-wikitext2-r30-s0,proj-alpaca-r30-s0,L12.o,12,o,2048,1275,0.62255859375,0.8662428855895996
init-init,proj-wikitext2-r30-s0,proj-alpaca-r30-s0,L12.gateup,12,gateup,2048,812,0.396484375,0.6641870141029358
final-final,proj-wikitext2-r30-s0,proj-alpaca-r30-s0,L12.gateup,12,gateup,2048,812,0.396484375,0.6597193479537964
init-init,proj-wikitext2-r30-s0,proj-alpaca-r30-s0,L12.down,12,down,2048,812,0.396484375,0.8076590895652771
final-final,proj-wikitext2-r30-s0,proj-alpaca-r30-s0,L12.down,12,down,2048,812,0.396484375,0.8016226291656494
init-init,proj-wikitext2-r30-s0,proj-alpaca-r30-s0,L13.qkv,13,qkv,2048,1275,0.62255859375,0.844314694404602
final-final,proj-wikitext2-r30-s0,proj-alpaca-r30-s0,L13.qkv,13,qkv,2048,1275,0.62255859375,0.8423022031784058
init-init,proj-wikitext2-r30-s0,proj-alpaca-r30-s0,L13.o,13,o,2048,1275,0.62255859375,0.8560878038406372
final-final,proj-wikitext2-r30-s0,proj-alpaca-r30-s0,L13.o,13,o,2048,1275,0.62255859375,0.8529313802719116
init-init,proj-wikitext2-r30-s0,proj-alpaca-r30-s0,L13.gateup,13,gateup,2048,812,0.396484375,0.6655992865562439
final-final,proj-wikitext2-r30-s0,proj-alpaca-r30-s0,L13.gateup,13,gateup,2048,812,0.396484375,0.6608965992927551
init-init,proj-wikitext2-r30-s0,proj-alpaca-r30-s0,L13.down,13,down,2048,812,0.396484375,0.8077871799468994
final-final,proj-wikitext2-r30-s0,proj-alpaca-r30-s0,L13.down,13,down,2048,812,0.396484375,0.8022128343582153
init-init,proj-wikitext2-r30-s0,proj-alpaca-r30-s0,L14.qkv,14,qkv,2048,1275,0.62255859375,0.8502339720726013
final-final,proj-wikitext2-r30-s0,proj-alpaca-r30-s0,L14.qkv,14,qkv,2048,1275,0.62255859375,0.8485603928565979
init-init,proj-wikitext2-r30-s0,proj-alpaca-r30-s0,L14.o,14,o,2048,1275,0.62255859375,0.8297051191329956
final-final,proj-wikitext2-r30-s0,proj-alpaca-r30-s0,L14.o,14,o,2048,1275,0.62255859375,0.8267439007759094
init-init,proj-wikitext2-r30-s0,proj-alpaca-r30-s0,L14.gateup,14,gateup,2048,812,0.396484375,0.6772104501724243
final-final,proj-wikitext2-r30-s0,proj-alpaca-r30-s0,L14.gateup,14,gateup,2048,812,0.396484375,0.6725914478302002
init-init,proj-wikitext2-r30-s0,proj-alpaca-r30-s0,L14.down,14,down,2048,812,0.396484375,0.8075406551361084
final-final,proj-wikitext2-r30-s0,proj-alpaca-r30-s0,L14.down,14,down,2048,812,0.396484375,0.8030830025672913
init-init,proj-wikitext2-r30-s0,proj-alpaca-r30-s0,L15.qkv,15,qkv,2048,1275,0.62255859375,0.848015546798706
final-final,proj-wikitext2-r30-s0,proj-alpaca-r30-s0,L15.qkv,15,qkv,2048,1275,0.62255859375,0.8464691638946533
init-init,proj-wikitext2-r30-s0,proj-alpaca-r30-s0,L15.o,15,o,2048,1275,0.62255859375,0.8569688200950623
final-final,proj-wikitext2-r30-s0,proj-alpaca-r30-s0,L15.o,15,o,2048,1275,0.62255859375,0.8539286255836487
init-init,proj-wikitext2-r30-s0,proj-alpaca-r30-s0,L15.gateup,15,gateup,2048,812,0.396484375,0.6664697527885437
final-final,proj-wikitext2-r30-s0,proj-alpaca-r30-s0,L15.gateup,15,gateup,2048,812,0.396484375,0.6636301279067993
init-init,proj-wikitext2-r30-s0,proj-alpaca-r30-s0,L15.down,15,down,2048,812,0.396484375,0.7943758368492126
final-final,proj-wikitext2-r30-s0,proj-alpaca-r30-s0,L15.down,15,down,2048,812,0.396484375,0.7925024628639221
init-init,proj-wikitext2-r30-s0,proj-selfgen-r30-s0,L0.qkv,0,qkv,2048,1275,0.62255859375,0.8979825377464294
final-final,proj-wikitext2-r30-s0,proj-selfgen-r30-s0,L0.qkv,0,qkv,2048,1275,0.62255859375,0.8944218158721924
init-init,proj-wikitext2-r30-s0,proj-selfgen-r30-s0,L0.o,0,o,2048,1275,0.62255859375,0.8982784748077393
final-final,proj-wikitext2-r30-s0,proj-selfgen-r30-s0,L0.o,0,o,2048,1275,0.62255859375,0.8942050337791443
init-init,proj-wikitext2-r30-s0,proj-selfgen-r30-s0,L0.gateup,0,gateup,2048,812,0.396484375,0.6956833004951477
final-final,proj-wikitext2-r30-s0,proj-selfgen-r30-s0,L0.gateup,0,gateup,2048,812,0.396484375,0.6915047764778137
init-init,proj-wikitext2-r30-s0,proj-selfgen-r30-s0,L0.down,0,down,2048,812,0.396484375,0.8070511817932129
final-final,proj-wikitext2-r30-s0,proj-selfgen-r30-s0,L0.down,0,down,2048,812,0.396484375,0.8020570278167725
init-init,proj-wikitext2-r30-s0,proj-selfgen-r30-s0,L1.qkv,1,qkv,2048,1275,0.62255859375,0.9040125012397766
final-final,proj-wikitext2-r30-s0,proj-selfgen-r30-s0,L1.qkv,1,qkv,2048,1275,0.62255859375,0.9011685252189636
init-init,proj-wikitext2-r30-s0,proj-selfgen-r30-s0,L1.o,1,o,2048,1275,0.62255859375,0.9075905680656433
final-final,proj-wikitext2-r30-s0,proj-selfgen-r30-s0,L1.o,1,o,2048,1275,0.62255859375,0.9027467370033264
init-init,proj-wikitext2-r30-s0,proj-selfgen-r30-s0,L1.gateup,1,gateup,2048,812,0.396484375,0.7233680486679077
final-final,proj-wikitext2-r30-s0,proj-selfgen-r30-s0,L1.gateup,1,gateup,2048,812,0.396484375,0.7181851267814636
init-init,proj-wikitext2-r30-s0,proj-selfgen-r30-s0,L1.down,1,down,2048,812,0.396484375,0.8202211856842041
final-final,proj-wikitext2-r30-s0,proj-selfgen-r30-s0,L1.down,1,down,2048,812,0.396484375,0.8154168128967285
init-init,proj-wikitext2-r30-s0,proj-selfgen-r30-s0,L2.qkv,2,qkv,2048,1275,0.62255859375,0.8883488178253174
final-final,proj-wikitext2-r30-s0,proj-selfgen-r30-s0,L2.qkv,2,qkv,2048,1275,0.62255859375,0.8857292532920837
init-init,proj-wikitext2-r30-s0,proj-selfgen-r30-s0,L2.o,2,o,2048,1275,0.62255859375,0.8576935529708862
final-final,proj-wikitext2-r30-s0,proj-selfgen-r30-s0,L2.o,2,o,2048,1275,0.62255859375,0.8532615900039673
init-init,proj-wikitext2-r30-s0,proj-selfgen-r30-s0,L2.gateup,2,gateup,2048,812,0.396484375,0.7018447518348694
final-final,proj-wikitext2-r30-s0,proj-selfgen-r30-s0,L2.gateup,2,gateup,2048,812,0.396484375,0.6971588730812073
init-init,proj-wikitext2-r30-s0,proj-selfgen-r30-s0,L2.down,2,down,2048,812,0.396484375,0.8175738453865051
final-final,proj-wikitext2-r30-s0,proj-selfgen-r30-s0,L2.down,2,down,2048,812,0.396484375,0.8126617670059204
init-init,proj-wikitext2-r30-s0,proj-selfgen-r30-s0,L3.qkv,3,qkv,2048,1275,0.62255859375,0.8691147565841675
final-final,proj-wikitext2-r30-s0,proj-selfgen-r30-s0,L3.qkv,3,qkv,2048,1275,0.62255859375,0.8665185570716858
init-init,proj-wikitext2-r30-s0,proj-selfgen-r30-s0,L3.o,3,o,2048,1275,0.62255859375,0.8731710314750671
final-final,proj-wikitext2-r30-s0,proj-selfgen-r30-s0,L3.o,3,o,2048,1275,0.62255859375,0.868272066116333
init-init,proj-wikitext2-r30-s0,proj-selfgen-r30-s0,L3.gateup,3,gateup,2048,812,0.396484375,0.6897910833358765
final-final,proj-wikitext2-r30-s0,proj-selfgen-r30-s0,L3.gateup,3,gateup,2048,812,0.396484375,0.6854186058044434
init-init,proj-wikitext2-r30-s0,proj-selfgen-r30-s0,L3.down,3,down,2048,812,0.396484375,0.8096635341644287
final-final,proj-wikitext2-r30-s0,proj-selfgen-r30-s0,L3.down,3,down,2048,812,0.396484375,0.8050782084465027
init-init,proj-wikitext2-r30-s0,proj-selfgen-r30-s0,L4.qkv,4,qkv,2048,1275,0.62255859375,0.8590874671936035
final-final,proj-wikitext2-r30-s0,proj-selfgen-r30-s0,L4.qkv,4,qkv,2048,1275,0.62255859375,0.8564856052398682
init-init,proj-wikitext2-r30-s0,proj-selfgen-r30-s0,L4.o,4,o,2048,1275,0.62255859375,0.8616000413894653
final-final,proj-wikitext2-r30-s0,proj-selfgen-r30-s0,L4.o,4,o,2048,1275,0.62255859375,0.8576208353042603
init-init,proj-wikitext2-r30-s0,proj-selfgen-r30-s0,L4.gateup,4,gateup,2048,812,0.396484375,0.6628423929214478
final-final,proj-wikitext2-r30-s0,proj-selfgen-r30-s0,L4.gateup,4,gateup,2048,812,0.396484375,0.6592819094657898
init-init,proj-wikitext2-r30-s0,proj-selfgen-r30-s0,L4.down,4,down,2048,812,0.396484375,0.8112200498580933
final-final,proj-wikitext2-r30-s0,proj-selfgen-r30-s0,L4.down,4,down,2048,812,0.396484375,0.8067429661750793
init-init,proj-wikitext2-r30-s0,proj-selfgen-r30-s0,L5.qkv,5,qkv,2048,1275,0.62255859375,0.8600842356681824
final-final,proj-wikitext2-r30-s0,proj-selfgen-r30-s0,L5.qkv,5,qkv,2048,1275,0.62255859375,0.8574116230010986
init-init,proj-wikitext2-r30-s0,proj-selfgen-r30-s0,L5.o,5,o,2048,1275,0.62255859375,0.8937256932258606
final-final,proj-wikitext2-r30-s0,proj-selfgen-r30-s0,L5.o,5,o,2048,1275,0.62255859375,0.8893895149230957
init-init,proj-wikitext2-r30-s0,proj-selfgen-r30-s0,L5.gateup,5,gateup,2048,812,0.396484375,0.6497843265533447
final-final,proj-wikitext2-r30-s0,proj-selfgen-r30-s0,L5.gateup,5,gateup,2048,812,0.396484375,0.6462281942367554
init-init,proj-wikitext2-r30-s0,proj-selfgen-r30-s0,L5.down,5,down,2048,812,0.396484375,0.8170657753944397
final-final,proj-wikitext2-r30-s0,proj-selfgen-r30-s0,L5.down,5,down,2048,812,0.396484375,0.8127886056900024
init-init,proj-wikitext2-r30-s0,proj-selfgen-r30-s0,L6.qkv,6,qkv,2048,1275,0.62255859375,0.8531377911567688
final-final,proj-wikitext2-r30-s0,proj-selfgen-r30-s0,L6.qkv,6,qkv,2048,1275,0.62255859375,0.8504145741462708
init-init,proj-wikitext2-r30-s0,proj-selfgen-r30-s0,L6.o,6,o,2048,1275,0.62255859375,0.8994768261909485
final-final,proj-wikitext2-r30-s0,proj-selfgen-r30-s0,L6.o,6,o,2048,1275,0.62255859375,0.8954876661300659
init-init,proj-wikitext2-r30-s0,proj-selfgen-r30-s0,L6.gateup,6,gateup,2048,812,0.396484375,0.6543876528739929
final-final,proj-wikitext2-r30-s0,proj-selfgen-r30-s0,L6.gateup,6,gateup,2048,812,0.396484375,0.6510042548179626
init-init,proj-wikitext2-r30-s0,proj-selfgen-r30-s0,L6.down,6,down,2048,812,0.396484375,0.8277950286865234
final-final,proj-wikitext2-r30-s0,proj-selfgen-r30-s0,L6.down,6,down,2048,812,0.396484375,0.8229944109916687
init-init,proj-wikitext2-r30-s0,proj-selfgen-r30-s0,L7.qkv,7,qkv,2048,1275,0.62255859375,0.8519895076751709
final-final,proj-wikitext2-r30-s0,proj-selfgen-r30-s0,L7.qkv,7,qkv,2048,1275,0.62255859375,0.8493801355361938
init-init,proj-wikitext2-r30-s0,proj-selfgen-r30-s0,L7.o,7,o,2048,1275,0.62255859375,0.8868021965026855
final-final,proj-wikitext2-r30-s0,proj-selfgen-r30-s0,L7.o,7,o,2048,1275,0.62255859375,0.8829063177108765
init-init,proj-wikitext2-r30-s0,proj-selfgen-r30-s0,L7.gateup,7,gateup,2048,812,0.396484375,0.6529037356376648
final-final,proj-wikitext2-r30-s0,proj-selfgen-r30-s0,L7.gateup,7,gateup,2048,812,0.396484375,0.6496738195419312
init-init,proj-wikitext2-r30-s0,proj-selfgen-r30-s0,L7.down,7,down,2048,812,0.396484375,0.820830225944519
final-final,proj-wikitext2-r30-s0,proj-selfgen-r30-s0,L7.down,7,down,2048,812,0.396484375,0.8165545463562012
init-init,proj-wikitext2-r30-s0,proj-selfgen-r30-s0,L8.qkv,8,qkv,2048,1275,0.62255859375,0.8457002639770508
final-final,proj-wikitext2-r30-s0,proj-selfgen-r30-s0,L8.qkv,8,qkv,2048,1275,0.62255859375,0.8430923223495483
init-init,proj-wikitext2-r30-s0,proj-selfgen-r30-s0,L8.o,8,o,2048,1275,0.62255859375,0.8989022374153137
final-final,proj-wikitext2-r30-s0,proj-selfgen-r30-s0,L8.o,8,o,2048,1275,0.62255859375,0.8948226571083069
init-init,proj-wikitext2-r30-s0,proj-selfgen-r30-s0,L8.gateup,8,gateup,2048,812,0.396484375,0.6593761444091797
final-final,proj-wikitext2-r30-s0,proj-selfgen-r30-s0,L8.gateup,8,gateup,2048,812,0.396484375,0.6562666893005371
init-init,proj-wikitext2-r30-s0,proj-selfgen-r30-s0,L8.down,8,down,2048,812,0.396484375,0.8059436082839966
final-final,proj-wikitext2-r30-s0,proj-selfgen-r30-s0,L8.down,8,down,2048,812,0.396484375,0.8017979264259338
init-init,proj-wikitext2-r30-s0,proj-selfgen-r30-s0,L9.qkv,9,qkv,2048,1275,0.62255859375,0.8409057259559631
final-final,proj-wikitext2-r30-s0,proj-selfgen-r30-s0,L9.qkv,9,qkv,2048,1275,0.62255859375,0.8387195467948914
init-init,proj-wikitext2-r30-s0,proj-selfgen-r30-s0,L9.o,9,o,2048,1275,0.62255859375,0.8951095342636108
final-final,proj-wikitext2-r30-s0,proj-selfgen-r30-s0,L9.o,9,o,2048,1275,0.62255859375,0.8909732103347778
init-init,proj-wikitext2-r30-s0,proj-selfgen-r30-s0,L9.gateup,9,gateup,2048,812,0.396484375,0.6698359251022339
final-final,proj-wikitext2-r30-s0,proj-selfgen-r30-s0,L9.gateup,9,gateup,2048,812,0.396484375,0.6664314270019531
init-init,proj-wikitext2-r30-s0,proj-selfgen-r30-s0,L9.down,9,down,2048,812,0.396484375,0.8026570677757263
final-final,proj-wikitext2-r30-s0,proj-selfgen-r30-s0,L9.down,9,down,2048,812,0.396484375,0.7978789806365967
init-init,proj-wikitext2-r30-s0,proj-selfgen-r30-s0,L10.qkv,10,qkv,2048,1275,0.62255859375,0.8446599841117859
final-final,proj-wikitext2-r30-s0,proj-selfgen-r30-s0,L10.qkv,10,qkv,2048,1275,0.62255859375,0.8421223759651184
init-init,proj-wikitext2-r30-s0,proj-selfgen-r30-s0,L10.o,10,o,2048,1275,0.62255859375,0.8956037163734436
final-final,proj-wikitext2-r30-s0,proj-selfgen-r30-s0,L10.o,10,o,2048,1275,0.62255859375,0.8912578225135803
init-init,proj-wikitext2-r30-s0,proj-selfgen-r30-s0,L10.gateup,10,gateup,2048,812,0.396484375,0.6570759415626526
final-final,proj-wikitext2-r30-s0,proj-selfgen-r30-s0,L10.gateup,10,gateup,2048,812,0.396484375,0.6537262201309204
init-init,proj-wikitext2-r30-s0,proj-selfgen-r30-s0,L10.down,10,down,2048,812,0.396484375,0.7994709610939026
final-final,proj-wikitext2-r30-s0,proj-selfgen-r30-s0,L10.down,10,down,2048,812,0.396484375,0.7942591309547424
init-init,proj-wikitext2-r30-s0,proj-selfgen-r30-s0,L11.qkv,11,qkv,2048,1275,0.62255859375,0.8303400874137878
final-final,proj-wikitext2-r30-s0,proj-selfgen-r30-s0,L11.qkv,11,qkv,2048,1275,0.62255859375,0.8280752897262573
init-init,proj-wikitext2-r30-s0,proj-selfgen-r30-s0,L11.o,11,o,2048,1275,0.62255859375,0.8627475500106812
final-final,proj-wikitext2-r30-s0,proj-selfgen-r30-s0,L11.o,11,o,2048,1275,0.62255859375,0.8587272763252258
init-init,proj-wikitext2-r30-s0,proj-selfgen-r30-s0,L11.gateup,11,gateup,2048,812,0.396484375,0.6588155627250671
final-final,proj-wikitext2-r30-s0,proj-selfgen-r30-s0,L11.gateup,11,gateup,2048,812,0.396484375,0.6553955078125
init-init,proj-wikitext2-r30-s0,proj-selfgen-r30-s0,L11.down,11,down,2048,812,0.396484375,0.7932788729667664
final-final,proj-wikitext2-r30-s0,proj-selfgen-r30-s0,L11.down,11,down,2048,812,0.396484375,0.7882187962532043
init-init,proj-wikitext2-r30-s0,proj-selfgen-r30-s0,L12.qkv,12,qkv,2048,1275,0.62255859375,0.8351370096206665
final-final,proj-wikitext2-r30-s0,proj-selfgen-r30-s0,L12.qkv,12,qkv,2048,1275,0.62255859375,0.833120584487915
init-init,proj-wikitext2-r30-s0,proj-selfgen-r30-s0,L12.o,12,o,2048,1275,0.62255859375,0.8393862843513489
final-final,proj-wikitext2-r30-s0,proj-selfgen-r30-s0,L12.o,12,o,2048,1275,0.62255859375,0.8357166051864624
init-init,proj-wikitext2-r30-s0,proj-selfgen-r30-s0,L12.gateup,12,gateup,2048,812,0.396484375,0.6456938982009888
final-final,proj-wikitext2-r30-s0,proj-selfgen-r30-s0,L12.gateup,12,gateup,2048,812,0.396484375,0.6419346928596497
init-init,proj-wikitext2-r30-s0,proj-selfgen-r30-s0,L12.down,12,down,2048,812,0.396484375,0.8057810068130493
final-final,proj-wikitext2-r30-s0,proj-selfgen-r30-s0,L12.down,12,down,2048,812,0.396484375,0.800128161907196
init-init,proj-wikitext2-r30-s0,proj-selfgen-r30-s0,L13.qkv,13,qkv,2048,1275,0.62255859375,0.8344093561172485
final-final,proj-wikitext2-r30-s0,proj-selfgen-r30-s0,L13.qkv,13,qkv,2048,1275,0.62255859375,0.8324330449104309
init-init,proj-wikitext2-r30-s0,proj-selfgen-r30-s0,L13.o,13,o,2048,1275,0.62255859375,0.8230763673782349
final-final,proj-wikitext2-r30-s0,proj-selfgen-r30-s0,L13.o,13,o,2048,1275,0.62255859375,0.8200609683990479
init-init,proj-wikitext2-r30-s0,proj-selfgen-r30-s0,L13.gateup,13,gateup,2048,812,0.396484375,0.6383945941925049
final-final,proj-wikitext2-r30-s0,proj-selfgen-r30-s0,L13.gateup,13,gateup,2048,812,0.396484375,0.6345738768577576
init-init,proj-wikitext2-r30-s0,proj-selfgen-r30-s0,L13.down,13,down,2048,812,0.396484375,0.8026552796363831
final-final,proj-wikitext2-r30-s0,proj-selfgen-r30-s0,L13.down,13,down,2048,812,0.396484375,0.7973829507827759
init-init,proj-wikitext2-r30-s0,proj-selfgen-r30-s0,L14.qkv,14,qkv,2048,1275,0.62255859375,0.8444820046424866
final-final,proj-wikitext2-r30-s0,proj-selfgen-r30-s0,L14.qkv,14,qkv,2048,1275,0.62255859375,0.8425728678703308
init-init,proj-wikitext2-r30-s0,proj-selfgen-r30-s0,L14.o,14,o,2048,1275,0.62255859375,0.845805287361145
final-final,proj-wikitext2-r30-s0,proj-selfgen-r30-s0,L14.o,14,o,2048,1275,0.62255859375,0.8416414856910706
init-init,proj-wikitext2-r30-s0,proj-selfgen-r30-s0,L14.gateup,14,gateup,2048,812,0.396484375,0.6488981246948242
final-final,proj-wikitext2-r30-s0,proj-selfgen-r30-s0,L14.gateup,14,gateup,2048,812,0.396484375,0.645467221736908
init-init,proj-wikitext2-r30-s0,proj-selfgen-r30-s0,L14.down,14,down,2048,812,0.396484375,0.7966246604919434
final-final,proj-wikitext2-r30-s0,proj-selfgen-r30-s0,L14.down,14,down,2048,812,0.396484375,0.7921673059463501
init-init,proj-wikitext2-r30-s0,proj-selfgen-r30-s0,L15.qkv,15,qkv,2048,1275,0.62255859375,0.8410235643386841
final-final,proj-wikitext2-r30-s0,proj-selfgen-r30-s0,L15.qkv,15,qkv,2048,1275,0.62255859375,0.8392598032951355
init-init,proj-wikitext2-r30-s0,proj-selfgen-r30-s0,L15.o,15,o,2048,1275,0.62255859375,0.857154905796051
final-final,proj-wikitext2-r30-s0,proj-selfgen-r30-s0,L15.o,15,o,2048,1275,0.62255859375,0.8536812663078308
init-init,proj-wikitext2-r30-s0,proj-selfgen-r30-s0,L15.gateup,15,gateup,2048,812,0.396484375,0.6333334445953369
final-final,proj-wikitext2-r30-s0,proj-selfgen-r30-s0,L15.gateup,15,gateup,2048,812,0.396484375,0.6314979195594788
init-init,proj-wikitext2-r30-s0,proj-selfgen-r30-s0,L15.down,15,down,2048,812,0.396484375,0.7771610617637634
final-final,proj-wikitext2-r30-s0,proj-selfgen-r30-s0,L15.down,15,down,2048,812,0.396484375,0.7755398154258728
init-init,proj-wikitext2-r30-s0,proj-selfdoc-r30-s0,L0.qkv,0,qkv,2048,1275,0.62255859375,0.9116825461387634
final-final,proj-wikitext2-r30-s0,proj-selfdoc-r30-s0,L0.qkv,0,qkv,2048,1275,0.62255859375,0.9081380367279053
init-init,proj-wikitext2-r30-s0,proj-selfdoc-r30-s0,L0.o,0,o,2048,1275,0.62255859375,0.9106865525245667
final-final,proj-wikitext2-r30-s0,proj-selfdoc-r30-s0,L0.o,0,o,2048,1275,0.62255859375,0.9068036675453186
init-init,proj-wikitext2-r30-s0,proj-selfdoc-r30-s0,L0.gateup,0,gateup,2048,812,0.396484375,0.7411477565765381
final-final,proj-wikitext2-r30-s0,proj-selfdoc-r30-s0,L0.gateup,0,gateup,2048,812,0.396484375,0.7353875041007996
init-init,proj-wikitext2-r30-s0,proj-selfdoc-r30-s0,L0.down,0,down,2048,812,0.396484375,0.8240351676940918
final-final,proj-wikitext2-r30-s0,proj-selfdoc-r30-s0,L0.down,0,down,2048,812,0.396484375,0.8185843825340271
init-init,proj-wikitext2-r30-s0,proj-selfdoc-r30-s0,L1.qkv,1,qkv,2048,1275,0.62255859375,0.9141427278518677
final-final,proj-wikitext2-r30-s0,proj-selfdoc-r30-s0,L1.qkv,1,qkv,2048,1275,0.62255859375,0.911695659160614
init-init,proj-wikitext2-r30-s0,proj-selfdoc-r30-s0,L1.o,1,o,2048,1275,0.62255859375,0.921815037727356
final-final,proj-wikitext2-r30-s0,proj-selfdoc-r30-s0,L1.o,1,o,2048,1275,0.62255859375,0.9168998599052429
init-init,proj-wikitext2-r30-s0,proj-selfdoc-r30-s0,L1.gateup,1,gateup,2048,812,0.396484375,0.7707502245903015
final-final,proj-wikitext2-r30-s0,proj-selfdoc-r30-s0,L1.gateup,1,gateup,2048,812,0.396484375,0.7639157772064209
init-init,proj-wikitext2-r30-s0,proj-selfdoc-r30-s0,L1.down,1,down,2048,812,0.396484375,0.8489058017730713
final-final,proj-wikitext2-r30-s0,proj-selfdoc-r30-s0,L1.down,1,down,2048,812,0.396484375,0.843807578086853
init-init,proj-wikitext2-r30-s0,proj-selfdoc-r30-s0,L2.qkv,2,qkv,2048,1275,0.62255859375,0.9076065421104431
final-final,proj-wikitext2-r30-s0,proj-selfdoc-r30-s0,L2.qkv,2,qkv,2048,1275,0.62255859375,0.9052387475967407
init-init,proj-wikitext2-r30-s0,proj-selfdoc-r30-s0,L2.o,2,o,2048,1275,0.62255859375,0.8682032823562622
final-final,proj-wikitext2-r30-s0,proj-selfdoc-r30-s0,L2.o,2,o,2048,1275,0.62255859375,0.8638508915901184
init-init,proj-wikitext2-r30-s0,proj-selfdoc-r30-s0,L2.gateup,2,gateup,2048,812,0.396484375,0.7530755996704102
final-final,proj-wikitext2-r30-s0,proj-selfdoc-r30-s0,L2.gateup,2,gateup,2048,812,0.396484375,0.7471091151237488
init-init,proj-wikitext2-r30-s0,proj-selfdoc-r30-s0,L2.down,2,down,2048,812,0.396484375,0.8550904989242554
final-final,proj-wikitext2-r30-s0,proj-selfdoc-r30-s0,L2.down,2,down,2048,812,0.396484375,0.8494709134101868
init-init,proj-wikitext2-r30-s0,proj-selfdoc-r30-s0,L3.qkv,3,qkv,2048,1275,0.62255859375,0.8959822058677673
final-final,proj-wikitext2-r30-s0,proj-selfdoc-r30-s0,L3.qkv,3,qkv,2048,1275,0.62255859375,0.8937507271766663
init-init,proj-wikitext2-r30-s0,proj-selfdoc-r30-s0,L3.o,3,o,2048,1275,0.62255859375,0.9041915535926819
final-final,proj-wikitext2-r30-s0,proj-selfdoc-r30-s0,L3.o,3,o,2048,1275,0.62255859375,0.8992403745651245
init-init,proj-wikitext2-r30-s0,proj-selfdoc-r30-s0,L3.gateup,3,gateup,2048,812,0.396484375,0.7500731945037842
final-final,proj-wikitext2-r30-s0,proj-selfdoc-r30-s0,L3.gateup,3,gateup,2048,812,0.396484375,0.7442317605018616
init-init,proj-wikitext2-r30-s0,proj-selfdoc-r30-s0,L3.down,3,down,2048,812,0.396484375,0.8534930348396301
final-final,proj-wikitext2-r30-s0,proj-selfdoc-r30-s0,L3.down,3,down,2048,812,0.396484375,0.8483217358589172
init-init,proj-wikitext2-r30-s0,proj-selfdoc-r30-s0,L4.qkv,4,qkv,2048,1275,0.62255859375,0.887511670589447
final-final,proj-wikitext2-r30-s0,proj-selfdoc-r30-s0,L4.qkv,4,qkv,2048,1275,0.62255859375,0.8850564956665039
init-init,proj-wikitext2-r30-s0,proj-selfdoc-r30-s0,L4.o,4,o,2048,1275,0.62255859375,0.8971413373947144
final-final,proj-wikitext2-r30-s0,proj-selfdoc-r30-s0,L4.o,4,o,2048,1275,0.62255859375,0.8929342031478882
init-init,proj-wikitext2-r30-s0,proj-selfdoc-r30-s0,L4.gateup,4,gateup,2048,812,0.396484375,0.7260990142822266
final-final,proj-wikitext2-r30-s0,proj-selfdoc-r30-s0,L4.gateup,4,gateup,2048,812,0.396484375,0.7212023138999939
init-init,proj-wikitext2-r30-s0,proj-selfdoc-r30-s0,L4.down,4,down,2048,812,0.396484375,0.851146936416626
final-final,proj-wikitext2-r30-s0,proj-selfdoc-r30-s0,L4.down,4,down,2048,812,0.396484375,0.846041738986969
init-init,proj-wikitext2-r30-s0,proj-selfdoc-r30-s0,L5.qkv,5,qkv,2048,1275,0.62255859375,0.8882883191108704
final-final,proj-wikitext2-r30-s0,proj-selfdoc-r30-s0,L5.qkv,5,qkv,2048,1275,0.62255859375,0.8855875730514526
init-init,proj-wikitext2-r30-s0,proj-selfdoc-r30-s0,L5.o,5,o,2048,1275,0.62255859375,0.9225543737411499
final-final,proj-wikitext2-r30-s0,proj-selfdoc-r30-s0,L5.o,5,o,2048,1275,0.62255859375,0.9180514812469482
init-init,proj-wikitext2-r30-s0,proj-selfdoc-r30-s0,L5.gateup,5,gateup,2048,812,0.396484375,0.7132861614227295
final-final,proj-wikitext2-r30-s0,proj-selfdoc-r30-s0,L5.gateup,5,gateup,2048,812,0.396484375,0.7083864212036133
init-init,proj-wikitext2-r30-s0,proj-selfdoc-r30-s0,L5.down,5,down,2048,812,0.396484375,0.8552202582359314
final-final,proj-wikitext2-r30-s0,proj-selfdoc-r30-s0,L5.down,5,down,2048,812,0.396484375,0.8502965569496155
init-init,proj-wikitext2-r30-s0,proj-selfdoc-r30-s0,L6.qkv,6,qkv,2048,1275,0.62255859375,0.884780764579773
final-final,proj-wikitext2-r30-s0,proj-selfdoc-r30-s0,L6.qkv,6,qkv,2048,1275,0.62255859375,0.8821432590484619
init-init,proj-wikitext2-r30-s0,proj-selfdoc-r30-s0,L6.o,6,o,2048,1275,0.62255859375,0.9314470291137695
final-final,proj-wikitext2-r30-s0,proj-selfdoc-r30-s0,L6.o,6,o,2048,1275,0.62255859375,0.9272782206535339
init-init,proj-wikitext2-r30-s0,proj-selfdoc-r30-s0,L6.gateup,6,gateup,2048,812,0.396484375,0.7229453921318054
final-final,proj-wikitext2-r30-s0,proj-selfdoc-r30-s0,L6.gateup,6,gateup,2048,812,0.396484375,0.7184287309646606
init-init,proj-wikitext2-r30-s0,proj-selfdoc-r30-s0,L6.down,6,down,2048,812,0.396484375,0.8675414323806763
final-final,proj-wikitext2-r30-s0,proj-selfdoc-r30-s0,L6.down,6,down,2048,812,0.396484375,0.862140417098999
init-init,proj-wikitext2-r30-s0,proj-selfdoc-r30-s0,L7.qkv,7,qkv,2048,1275,0.62255859375,0.8853304982185364
final-final,proj-wikitext2-r30-s0,proj-selfdoc-r30-s0,L7.qkv,7,qkv,2048,1275,0.62255859375,0.8828297257423401
init-init,proj-wikitext2-r30-s0,proj-selfdoc-r30-s0,L7.o,7,o,2048,1275,0.62255859375,0.9243891835212708
final-final,proj-wikitext2-r30-s0,proj-selfdoc-r30-s0,L7.o,7,o,2048,1275,0.62255859375,0.9205142855644226
init-init,proj-wikitext2-r30-s0,proj-selfdoc-r30-s0,L7.gateup,7,gateup,2048,812,0.396484375,0.7193747162818909
final-final,proj-wikitext2-r30-s0,proj-selfdoc-r30-s0,L7.gateup,7,gateup,2048,812,0.396484375,0.7147087454795837
init-init,proj-wikitext2-r30-s0,proj-selfdoc-r30-s0,L7.down,7,down,2048,812,0.396484375,0.8667597770690918
final-final,proj-wikitext2-r30-s0,proj-selfdoc-r30-s0,L7.down,7,down,2048,812,0.396484375,0.8616688251495361
init-init,proj-wikitext2-r30-s0,proj-selfdoc-r30-s0,L8.qkv,8,qkv,2048,1275,0.62255859375,0.883227527141571
final-final,proj-wikitext2-r30-s0,proj-selfdoc-r30-s0,L8.qkv,8,qkv,2048,1275,0.62255859375,0.880345344543457
init-init,proj-wikitext2-r30-s0,proj-selfdoc-r30-s0,L8.o,8,o,2048,1275,0.62255859375,0.9300723671913147
final-final,proj-wikitext2-r30-s0,proj-selfdoc-r30-s0,L8.o,8,o,2048,1275,0.62255859375,0.9261605739593506
init-init,proj-wikitext2-r30-s0,proj-selfdoc-r30-s0,L8.gateup,8,gateup,2048,812,0.396484375,0.7279393672943115
final-final,proj-wikitext2-r30-s0,proj-selfdoc-r30-s0,L8.gateup,8,gateup,2048,812,0.396484375,0.723429799079895
init-init,proj-wikitext2-r30-s0,proj-selfdoc-r30-s0,L8.down,8,down,2048,812,0.396484375,0.8533308506011963
final-final,proj-wikitext2-r30-s0,proj-selfdoc-r30-s0,L8.down,8,down,2048,812,0.396484375,0.847815215587616
init-init,proj-wikitext2-r30-s0,proj-selfdoc-r30-s0,L9.qkv,9,qkv,2048,1275,0.62255859375,0.8780072331428528
final-final,proj-wikitext2-r30-s0,proj-selfdoc-r30-s0,L9.qkv,9,qkv,2048,1275,0.62255859375,0.875430703163147
init-init,proj-wikitext2-r30-s0,proj-selfdoc-r30-s0,L9.o,9,o,2048,1275,0.62255859375,0.925682544708252
final-final,proj-wikitext2-r30-s0,proj-selfdoc-r30-s0,L9.o,9,o,2048,1275,0.62255859375,0.9213317632675171
init-init,proj-wikitext2-r30-s0,proj-selfdoc-r30-s0,L9.gateup,9,gateup,2048,812,0.396484375,0.7332202196121216
final-final,proj-wikitext2-r30-s0,proj-selfdoc-r30-s0,L9.gateup,9,gateup,2048,812,0.396484375,0.7284868955612183
init-init,proj-wikitext2-r30-s0,proj-selfdoc-r30-s0,L9.down,9,down,2048,812,0.396484375,0.8479014039039612
final-final,proj-wikitext2-r30-s0,proj-selfdoc-r30-s0,L9.down,9,down,2048,812,0.396484375,0.8416829109191895
init-init,proj-wikitext2-r30-s0,proj-selfdoc-r30-s0,L10.qkv,10,qkv,2048,1275,0.62255859375,0.8766793608665466
final-final,proj-wikitext2-r30-s0,proj-selfdoc-r30-s0,L10.qkv,10,qkv,2048,1275,0.62255859375,0.8735253810882568
init-init,proj-wikitext2-r30-s0,proj-selfdoc-r30-s0,L10.o,10,o,2048,1275,0.62255859375,0.9238357543945312
final-final,proj-wikitext2-r30-s0,proj-selfdoc-r30-s0,L10.o,10,o,2048,1275,0.62255859375,0.9192783832550049
init-init,proj-wikitext2-r30-s0,proj-selfdoc-r30-s0,L10.gateup,10,gateup,2048,812,0.396484375,0.7118907570838928
final-final,proj-wikitext2-r30-s0,proj-selfdoc-r30-s0,L10.gateup,10,gateup,2048,812,0.396484375,0.7070016860961914
init-init,proj-wikitext2-r30-s0,proj-selfdoc-r30-s0,L10.down,10,down,2048,812,0.396484375,0.8411418795585632
final-final,proj-wikitext2-r30-s0,proj-selfdoc-r30-s0,L10.down,10,down,2048,812,0.396484375,0.834410548210144
init-init,proj-wikitext2-r30-s0,proj-selfdoc-r30-s0,L11.qkv,11,qkv,2048,1275,0.62255859375,0.8661182522773743
final-final,proj-wikitext2-r30-s0,proj-selfdoc-r30-s0,L11.qkv,11,qkv,2048,1275,0.62255859375,0.8634746074676514
init-init,proj-wikitext2-r30-s0,proj-selfdoc-r30-s0,L11.o,11,o,2048,1275,0.62255859375,0.894179105758667
final-final,proj-wikitext2-r30-s0,proj-selfdoc-r30-s0,L11.o,11,o,2048,1275,0.62255859375,0.8892897963523865
init-init,proj-wikitext2-r30-s0,proj-selfdoc-r30-s0,L11.gateup,11,gateup,2048,812,0.396484375,0.7120439410209656
final-final,proj-wikitext2-r30-s0,proj-selfdoc-r30-s0,L11.gateup,11,gateup,2048,812,0.396484375,0.7069081664085388
init-init,proj-wikitext2-r30-s0,proj-selfdoc-r30-s0,L11.down,11,down,2048,812,0.396484375,0.8309465050697327
final-final,proj-wikitext2-r30-s0,proj-selfdoc-r30-s0,L11.down,11,down,2048,812,0.396484375,0.8244410753250122
init-init,proj-wikitext2-r30-s0,proj-selfdoc-r30-s0,L12.qkv,12,qkv,2048,1275,0.62255859375,0.8659311532974243
final-final,proj-wikitext2-r30-s0,proj-selfdoc-r30-s0,L12.qkv,12,qkv,2048,1275,0.62255859375,0.863597571849823
init-init,proj-wikitext2-r30-s0,proj-selfdoc-r30-s0,L12.o,12,o,2048,1275,0.62255859375,0.8716247081756592
final-final,proj-wikitext2-r30-s0,proj-selfdoc-r30-s0,L12.o,12,o,2048,1275,0.62255859375,0.8673569560050964
init-init,proj-wikitext2-r30-s0,proj-selfdoc-r30-s0,L12.gateup,12,gateup,2048,812,0.396484375,0.6948282718658447
final-final,proj-wikitext2-r30-s0,proj-selfdoc-r30-s0,L12.gateup,12,gateup,2048,812,0.396484375,0.6892496943473816
init-init,proj-wikitext2-r30-s0,proj-selfdoc-r30-s0,L12.down,12,down,2048,812,0.396484375,0.8390510082244873
final-final,proj-wikitext2-r30-s0,proj-selfdoc-r30-s0,L12.down,12,down,2048,812,0.396484375,0.8317980766296387
init-init,proj-wikitext2-r30-s0,proj-selfdoc-r30-s0,L13.qkv,13,qkv,2048,1275,0.62255859375,0.8660104274749756
final-final,proj-wikitext2-r30-s0,proj-selfdoc-r30-s0,L13.qkv,13,qkv,2048,1275,0.62255859375,0.86357581615448
init-init,proj-wikitext2-r30-s0,proj-selfdoc-r30-s0,L13.o,13,o,2048,1275,0.62255859375,0.8674507737159729
final-final,proj-wikitext2-r30-s0,proj-selfdoc-r30-s0,L13.o,13,o,2048,1275,0.62255859375,0.863505482673645
init-init,proj-wikitext2-r30-s0,proj-selfdoc-r30-s0,L13.gateup,13,gateup,2048,812,0.396484375,0.693951427936554
final-final,proj-wikitext2-r30-s0,proj-selfdoc-r30-s0,L13.gateup,13,gateup,2048,812,0.396484375,0.6881073117256165
init-init,proj-wikitext2-r30-s0,proj-selfdoc-r30-s0,L13.down,13,down,2048,812,0.396484375,0.8366286158561707
final-final,proj-wikitext2-r30-s0,proj-selfdoc-r30-s0,L13.down,13,down,2048,812,0.396484375,0.8300409913063049
init-init,proj-wikitext2-r30-s0,proj-selfdoc-r30-s0,L14.qkv,14,qkv,2048,1275,0.62255859375,0.8721985816955566
final-final,proj-wikitext2-r30-s0,proj-selfdoc-r30-s0,L14.qkv,14,qkv,2048,1275,0.62255859375,0.8699340224266052
init-init,proj-wikitext2-r30-s0,proj-selfdoc-r30-s0,L14.o,14,o,2048,1275,0.62255859375,0.8829365968704224
final-final,proj-wikitext2-r30-s0,proj-selfdoc-r30-s0,L14.o,14,o,2048,1275,0.62255859375,0.8779426217079163
init-init,proj-wikitext2-r30-s0,proj-selfdoc-r30-s0,L14.gateup,14,gateup,2048,812,0.396484375,0.707884669303894
final-final,proj-wikitext2-r30-s0,proj-selfdoc-r30-s0,L14.gateup,14,gateup,2048,812,0.396484375,0.7024479508399963
init-init,proj-wikitext2-r30-s0,proj-selfdoc-r30-s0,L14.down,14,down,2048,812,0.396484375,0.8329071402549744
final-final,proj-wikitext2-r30-s0,proj-selfdoc-r30-s0,L14.down,14,down,2048,812,0.396484375,0.827069878578186
init-init,proj-wikitext2-r30-s0,proj-selfdoc-r30-s0,L15.qkv,15,qkv,2048,1275,0.62255859375,0.871627688407898
final-final,proj-wikitext2-r30-s0,proj-selfdoc-r30-s0,L15.qkv,15,qkv,2048,1275,0.62255859375,0.8696690797805786
init-init,proj-wikitext2-r30-s0,proj-selfdoc-r30-s0,L15.o,15,o,2048,1275,0.62255859375,0.904674768447876
final-final,proj-wikitext2-r30-s0,proj-selfdoc-r30-s0,L15.o,15,o,2048,1275,0.62255859375,0.900059163570404
init-init,proj-wikitext2-r30-s0,proj-selfdoc-r30-s0,L15.gateup,15,gateup,2048,812,0.396484375,0.7016753554344177
final-final,proj-wikitext2-r30-s0,proj-selfdoc-r30-s0,L15.gateup,15,gateup,2048,812,0.396484375,0.698296844959259
init-init,proj-wikitext2-r30-s0,proj-selfdoc-r30-s0,L15.down,15,down,2048,812,0.396484375,0.8261017799377441
final-final,proj-wikitext2-r30-s0,proj-selfdoc-r30-s0,L15.down,15,down,2048,812,0.396484375,0.8240670561790466
init-init,proj-c4-r30-s0,proj-slimpajama-r30-s0,L0.qkv,0,qkv,2048,1275,0.62255859375,0.9526711702346802
final-final,proj-c4-r30-s0,proj-slimpajama-r30-s0,L0.qkv,0,qkv,2048,1275,0.62255859375,0.9491885900497437
init-init,proj-c4-r30-s0,proj-slimpajama-r30-s0,L0.o,0,o,2048,1275,0.62255859375,0.9403864145278931
final-final,proj-c4-r30-s0,proj-slimpajama-r30-s0,L0.o,0,o,2048,1275,0.62255859375,0.9365381598472595
init-init,proj-c4-r30-s0,proj-slimpajama-r30-s0,L0.gateup,0,gateup,2048,812,0.396484375,0.8384650945663452
final-final,proj-c4-r30-s0,proj-slimpajama-r30-s0,L0.gateup,0,gateup,2048,812,0.396484375,0.8314099907875061
init-init,proj-c4-r30-s0,proj-slimpajama-r30-s0,L0.down,0,down,2048,812,0.396484375,0.8782839179039001
final-final,proj-c4-r30-s0,proj-slimpajama-r30-s0,L0.down,0,down,2048,812,0.396484375,0.8728597164154053
init-init,proj-c4-r30-s0,proj-slimpajama-r30-s0,L1.qkv,1,qkv,2048,1275,0.62255859375,0.9517107009887695
final-final,proj-c4-r30-s0,proj-slimpajama-r30-s0,L1.qkv,1,qkv,2048,1275,0.62255859375,0.9490780234336853
init-init,proj-c4-r30-s0,proj-slimpajama-r30-s0,L1.o,1,o,2048,1275,0.62255859375,0.952948272228241
final-final,proj-c4-r30-s0,proj-slimpajama-r30-s0,L1.o,1,o,2048,1275,0.62255859375,0.9479078650474548
init-init,proj-c4-r30-s0,proj-slimpajama-r30-s0,L1.gateup,1,gateup,2048,812,0.396484375,0.8487862944602966
final-final,proj-c4-r30-s0,proj-slimpajama-r30-s0,L1.gateup,1,gateup,2048,812,0.396484375,0.8412832021713257
init-init,proj-c4-r30-s0,proj-slimpajama-r30-s0,L1.down,1,down,2048,812,0.396484375,0.9066721200942993
final-final,proj-c4-r30-s0,proj-slimpajama-r30-s0,L1.down,1,down,2048,812,0.396484375,0.9014522433280945
init-init,proj-c4-r30-s0,proj-slimpajama-r30-s0,L2.qkv,2,qkv,2048,1275,0.62255859375,0.95029217004776
final-final,proj-c4-r30-s0,proj-slimpajama-r30-s0,L2.qkv,2,qkv,2048,1275,0.62255859375,0.9475516676902771
init-init,proj-c4-r30-s0,proj-slimpajama-r30-s0,L2.o,2,o,2048,1275,0.62255859375,0.928083062171936
final-final,proj-c4-r30-s0,proj-slimpajama-r30-s0,L2.o,2,o,2048,1275,0.62255859375,0.9232833385467529
init-init,proj-c4-r30-s0,proj-slimpajama-r30-s0,L2.gateup,2,gateup,2048,812,0.396484375,0.8469604849815369
final-final,proj-c4-r30-s0,proj-slimpajama-r30-s0,L2.gateup,2,gateup,2048,812,0.396484375,0.84025639295578
init-init,proj-c4-r30-s0,proj-slimpajama-r30-s0,L2.down,2,down,2048,812,0.396484375,0.918351948261261
final-final,proj-c4-r30-s0,proj-slimpajama-r30-s0,L2.down,2,down,2048,812,0.396484375,0.9125086665153503
init-init,proj-c4-r30-s0,proj-slimpajama-r30-s0,L3.qkv,3,qkv,2048,1275,0.62255859375,0.9480948448181152
final-final,proj-c4-r30-s0,proj-slimpajama-r30-s0,L3.qkv,3,qkv,2048,1275,0.62255859375,0.9454156756401062
init-init,proj-c4-r30-s0,proj-slimpajama-r30-s0,L3.o,3,o,2048,1275,0.62255859375,0.9522828459739685
final-final,proj-c4-r30-s0,proj-slimpajama-r30-s0,L3.o,3,o,2048,1275,0.62255859375,0.9468808174133301
init-init,proj-c4-r30-s0,proj-slimpajama-r30-s0,L3.gateup,3,gateup,2048,812,0.396484375,0.8550986647605896
final-final,proj-c4-r30-s0,proj-slimpajama-r30-s0,L3.gateup,3,gateup,2048,812,0.396484375,0.848050057888031
init-init,proj-c4-r30-s0,proj-slimpajama-r30-s0,L3.down,3,down,2048,812,0.396484375,0.921171247959137
final-final,proj-c4-r30-s0,proj-slimpajama-r30-s0,L3.down,3,down,2048,812,0.396484375,0.9155199527740479
init-init,proj-c4-r30-s0,proj-slimpajama-r30-s0,L4.qkv,4,qkv,2048,1275,0.62255859375,0.9454944133758545
final-final,proj-c4-r30-s0,proj-slimpajama-r30-s0,L4.qkv,4,qkv,2048,1275,0.62255859375,0.9425839781761169
init-init,proj-c4-r30-s0,proj-slimpajama-r30-s0,L4.o,4,o,2048,1275,0.62255859375,0.9483633041381836
final-final,proj-c4-r30-s0,proj-slimpajama-r30-s0,L4.o,4,o,2048,1275,0.62255859375,0.9436337351799011
init-init,proj-c4-r30-s0,proj-slimpajama-r30-s0,L4.gateup,4,gateup,2048,812,0.396484375,0.8480043411254883
final-final,proj-c4-r30-s0,proj-slimpajama-r30-s0,L4.gateup,4,gateup,2048,812,0.396484375,0.8416774868965149
init-init,proj-c4-r30-s0,proj-slimpajama-r30-s0,L4.down,4,down,2048,812,0.396484375,0.921870768070221
final-final,proj-c4-r30-s0,proj-slimpajama-r30-s0,L4.down,4,down,2048,812,0.396484375,0.9162154793739319
init-init,proj-c4-r30-s0,proj-slimpajama-r30-s0,L5.qkv,5,qkv,2048,1275,0.62255859375,0.9478030800819397
final-final,proj-c4-r30-s0,proj-slimpajama-r30-s0,L5.qkv,5,qkv,2048,1275,0.62255859375,0.9444530010223389
init-init,proj-c4-r30-s0,proj-slimpajama-r30-s0,L5.o,5,o,2048,1275,0.62255859375,0.9614697098731995
final-final,proj-c4-r30-s0,proj-slimpajama-r30-s0,L5.o,5,o,2048,1275,0.62255859375,0.9564201235771179
init-init,proj-c4-r30-s0,proj-slimpajama-r30-s0,L5.gateup,5,gateup,2048,812,0.396484375,0.8425486087799072
final-final,proj-c4-r30-s0,proj-slimpajama-r30-s0,L5.gateup,5,gateup,2048,812,0.396484375,0.835971474647522
init-init,proj-c4-r30-s0,proj-slimpajama-r30-s0,L5.down,5,down,2048,812,0.396484375,0.9271445274353027
final-final,proj-c4-r30-s0,proj-slimpajama-r30-s0,L5.down,5,down,2048,812,0.396484375,0.9214685559272766
init-init,proj-c4-r30-s0,proj-slimpajama-r30-s0,L6.qkv,6,qkv,2048,1275,0.62255859375,0.94693523645401
final-final,proj-c4-r30-s0,proj-slimpajama-r30-s0,L6.qkv,6,qkv,2048,1275,0.62255859375,0.9434170126914978
init-init,proj-c4-r30-s0,proj-slimpajama-r30-s0,L6.o,6,o,2048,1275,0.62255859375,0.9704741835594177
final-final,proj-c4-r30-s0,proj-slimpajama-r30-s0,L6.o,6,o,2048,1275,0.62255859375,0.9656321406364441
init-init,proj-c4-r30-s0,proj-slimpajama-r30-s0,L6.gateup,6,gateup,2048,812,0.396484375,0.8524090051651001
final-final,proj-c4-r30-s0,proj-slimpajama-r30-s0,L6.gateup,6,gateup,2048,812,0.396484375,0.846111536026001
init-init,proj-c4-r30-s0,proj-slimpajama-r30-s0,L6.down,6,down,2048,812,0.396484375,0.937567949295044
final-final,proj-c4-r30-s0,proj-slimpajama-r30-s0,L6.down,6,down,2048,812,0.396484375,0.9315026998519897
init-init,proj-c4-r30-s0,proj-slimpajama-r30-s0,L7.qkv,7,qkv,2048,1275,0.62255859375,0.9483861923217773
final-final,proj-c4-r30-s0,proj-slimpajama-r30-s0,L7.qkv,7,qkv,2048,1275,0.62255859375,0.9450539946556091
init-init,proj-c4-r30-s0,proj-slimpajama-r30-s0,L7.o,7,o,2048,1275,0.62255859375,0.9621097445487976
final-final,proj-c4-r30-s0,proj-slimpajama-r30-s0,L7.o,7,o,2048,1275,0.62255859375,0.9577848315238953
init-init,proj-c4-r30-s0,proj-slimpajama-r30-s0,L7.gateup,7,gateup,2048,812,0.396484375,0.8508117198944092
final-final,proj-c4-r30-s0,proj-slimpajama-r30-s0,L7.gateup,7,gateup,2048,812,0.396484375,0.844406008720398
init-init,proj-c4-r30-s0,proj-slimpajama-r30-s0,L7.down,7,down,2048,812,0.396484375,0.9388394355773926
final-final,proj-c4-r30-s0,proj-slimpajama-r30-s0,L7.down,7,down,2048,812,0.396484375,0.932961106300354
init-init,proj-c4-r30-s0,proj-slimpajama-r30-s0,L8.qkv,8,qkv,2048,1275,0.62255859375,0.9471455216407776
final-final,proj-c4-r30-s0,proj-slimpajama-r30-s0,L8.qkv,8,qkv,2048,1275,0.62255859375,0.943395733833313
init-init,proj-c4-r30-s0,proj-slimpajama-r30-s0,L8.o,8,o,2048,1275,0.62255859375,0.966046154499054
final-final,proj-c4-r30-s0,proj-slimpajama-r30-s0,L8.o,8,o,2048,1275,0.62255859375,0.9614741206169128
init-init,proj-c4-r30-s0,proj-slimpajama-r30-s0,L8.gateup,8,gateup,2048,812,0.396484375,0.857965886592865
final-final,proj-c4-r30-s0,proj-slimpajama-r30-s0,L8.gateup,8,gateup,2048,812,0.396484375,0.8514326214790344
init-init,proj-c4-r30-s0,proj-slimpajama-r30-s0,L8.down,8,down,2048,812,0.396484375,0.9292148351669312
final-final,proj-c4-r30-s0,proj-slimpajama-r30-s0,L8.down,8,down,2048,812,0.396484375,0.9228450655937195
init-init,proj-c4-r30-s0,proj-slimpajama-r30-s0,L9.qkv,9,qkv,2048,1275,0.62255859375,0.9419621229171753
final-final,proj-c4-r30-s0,proj-slimpajama-r30-s0,L9.qkv,9,qkv,2048,1275,0.62255859375,0.9383357167243958
init-init,proj-c4-r30-s0,proj-slimpajama-r30-s0,L9.o,9,o,2048,1275,0.62255859375,0.9625847339630127
final-final,proj-c4-r30-s0,proj-slimpajama-r30-s0,L9.o,9,o,2048,1275,0.62255859375,0.957459568977356
init-init,proj-c4-r30-s0,proj-slimpajama-r30-s0,L9.gateup,9,gateup,2048,812,0.396484375,0.8572610020637512
final-final,proj-c4-r30-s0,proj-slimpajama-r30-s0,L9.gateup,9,gateup,2048,812,0.396484375,0.8506178855895996
init-init,proj-c4-r30-s0,proj-slimpajama-r30-s0,L9.down,9,down,2048,812,0.396484375,0.9199588298797607
final-final,proj-c4-r30-s0,proj-slimpajama-r30-s0,L9.down,9,down,2048,812,0.396484375,0.9130823016166687
init-init,proj-c4-r30-s0,proj-slimpajama-r30-s0,L10.qkv,10,qkv,2048,1275,0.62255859375,0.9371788501739502
final-final,proj-c4-r30-s0,proj-slimpajama-r30-s0,L10.qkv,10,qkv,2048,1275,0.62255859375,0.9330838322639465
init-init,proj-c4-r30-s0,proj-slimpajama-r30-s0,L10.o,10,o,2048,1275,0.62255859375,0.9602528214454651
final-final,proj-c4-r30-s0,proj-slimpajama-r30-s0,L10.o,10,o,2048,1275,0.62255859375,0.955118715763092
init-init,proj-c4-r30-s0,proj-slimpajama-r30-s0,L10.gateup,10,gateup,2048,812,0.396484375,0.8356951475143433
final-final,proj-c4-r30-s0,proj-slimpajama-r30-s0,L10.gateup,10,gateup,2048,812,0.396484375,0.8288258910179138
init-init,proj-c4-r30-s0,proj-slimpajama-r30-s0,L10.down,10,down,2048,812,0.396484375,0.9131821393966675
final-final,proj-c4-r30-s0,proj-slimpajama-r30-s0,L10.down,10,down,2048,812,0.396484375,0.9054365158081055
init-init,proj-c4-r30-s0,proj-slimpajama-r30-s0,L11.qkv,11,qkv,2048,1275,0.62255859375,0.9289211630821228
final-final,proj-c4-r30-s0,proj-slimpajama-r30-s0,L11.qkv,11,qkv,2048,1275,0.62255859375,0.9251112341880798
init-init,proj-c4-r30-s0,proj-slimpajama-r30-s0,L11.o,11,o,2048,1275,0.62255859375,0.9418032765388489
final-final,proj-c4-r30-s0,proj-slimpajama-r30-s0,L11.o,11,o,2048,1275,0.62255859375,0.9357985854148865
init-init,proj-c4-r30-s0,proj-slimpajama-r30-s0,L11.gateup,11,gateup,2048,812,0.396484375,0.8296124339103699
final-final,proj-c4-r30-s0,proj-slimpajama-r30-s0,L11.gateup,11,gateup,2048,812,0.396484375,0.8222541809082031
init-init,proj-c4-r30-s0,proj-slimpajama-r30-s0,L11.down,11,down,2048,812,0.396484375,0.9030451774597168
final-final,proj-c4-r30-s0,proj-slimpajama-r30-s0,L11.down,11,down,2048,812,0.396484375,0.8956170678138733
init-init,proj-c4-r30-s0,proj-slimpajama-r30-s0,L12.qkv,12,qkv,2048,1275,0.62255859375,0.9277018308639526
final-final,proj-c4-r30-s0,proj-slimpajama-r30-s0,L12.qkv,12,qkv,2048,1275,0.62255859375,0.924256443977356
init-init,proj-c4-r30-s0,proj-slimpajama-r30-s0,L12.o,12,o,2048,1275,0.62255859375,0.9284045696258545
final-final,proj-c4-r30-s0,proj-slimpajama-r30-s0,L12.o,12,o,2048,1275,0.62255859375,0.9231845140457153
init-init,proj-c4-r30-s0,proj-slimpajama-r30-s0,L12.gateup,12,gateup,2048,812,0.396484375,0.8137399554252625
final-final,proj-c4-r30-s0,proj-slimpajama-r30-s0,L12.gateup,12,gateup,2048,812,0.396484375,0.805801510810852
init-init,proj-c4-r30-s0,proj-slimpajama-r30-s0,L12.down,12,down,2048,812,0.396484375,0.9047066569328308
final-final,proj-c4-r30-s0,proj-slimpajama-r30-s0,L12.down,12,down,2048,812,0.396484375,0.8966718912124634
init-init,proj-c4-r30-s0,proj-slimpajama-r30-s0,L13.qkv,13,qkv,2048,1275,0.62255859375,0.925865113735199
final-final,proj-c4-r30-s0,proj-slimpajama-r30-s0,L13.qkv,13,qkv,2048,1275,0.62255859375,0.9221425652503967
init-init,proj-c4-r30-s0,proj-slimpajama-r30-s0,L13.o,13,o,2048,1275,0.62255859375,0.9135026931762695
final-final,proj-c4-r30-s0,proj-slimpajama-r30-s0,L13.o,13,o,2048,1275,0.62255859375,0.9084210395812988
init-init,proj-c4-r30-s0,proj-slimpajama-r30-s0,L13.gateup,13,gateup,2048,812,0.396484375,0.810726523399353
final-final,proj-c4-r30-s0,proj-slimpajama-r30-s0,L13.gateup,13,gateup,2048,812,0.396484375,0.8026635646820068
init-init,proj-c4-r30-s0,proj-slimpajama-r30-s0,L13.down,13,down,2048,812,0.396484375,0.8928280472755432
final-final,proj-c4-r30-s0,proj-slimpajama-r30-s0,L13.down,13,down,2048,812,0.396484375,0.8855600357055664
init-init,proj-c4-r30-s0,proj-slimpajama-r30-s0,L14.qkv,14,qkv,2048,1275,0.62255859375,0.9266067147254944
final-final,proj-c4-r30-s0,proj-slimpajama-r30-s0,L14.qkv,14,qkv,2048,1275,0.62255859375,0.9231454730033875
init-init,proj-c4-r30-s0,proj-slimpajama-r30-s0,L14.o,14,o,2048,1275,0.62255859375,0.9129449725151062
final-final,proj-c4-r30-s0,proj-slimpajama-r30-s0,L14.o,14,o,2048,1275,0.62255859375,0.9070687890052795
init-init,proj-c4-r30-s0,proj-slimpajama-r30-s0,L14.gateup,14,gateup,2048,812,0.396484375,0.8140639662742615
final-final,proj-c4-r30-s0,proj-slimpajama-r30-s0,L14.gateup,14,gateup,2048,812,0.396484375,0.8067144155502319
init-init,proj-c4-r30-s0,proj-slimpajama-r30-s0,L14.down,14,down,2048,812,0.396484375,0.8859121799468994
final-final,proj-c4-r30-s0,proj-slimpajama-r30-s0,L14.down,14,down,2048,812,0.396484375,0.8795457482337952
init-init,proj-c4-r30-s0,proj-slimpajama-r30-s0,L15.qkv,15,qkv,2048,1275,0.62255859375,0.9232737421989441
final-final,proj-c4-r30-s0,proj-slimpajama-r30-s0,L15.qkv,15,qkv,2048,1275,0.62255859375,0.9200436472892761
init-init,proj-c4-r30-s0,proj-slimpajama-r30-s0,L15.o,15,o,2048,1275,0.62255859375,0.9287570714950562
final-final,proj-c4-r30-s0,proj-slimpajama-r30-s0,L15.o,15,o,2048,1275,0.62255859375,0.9233458638191223
init-init,proj-c4-r30-s0,proj-slimpajama-r30-s0,L15.gateup,15,gateup,2048,812,0.396484375,0.8026186227798462
final-final,proj-c4-r30-s0,proj-slimpajama-r30-s0,L15.gateup,15,gateup,2048,812,0.396484375,0.7976932525634766
init-init,proj-c4-r30-s0,proj-slimpajama-r30-s0,L15.down,15,down,2048,812,0.396484375,0.8859373331069946
final-final,proj-c4-r30-s0,proj-slimpajama-r30-s0,L15.down,15,down,2048,812,0.396484375,0.883137583732605
init-init,proj-c4-r30-s0,proj-alpaca-r30-s0,L0.qkv,0,qkv,2048,1275,0.62255859375,0.9246894717216492
final-final,proj-c4-r30-s0,proj-alpaca-r30-s0,L0.qkv,0,qkv,2048,1275,0.62255859375,0.9217863082885742
init-init,proj-c4-r30-s0,proj-alpaca-r30-s0,L0.o,0,o,2048,1275,0.62255859375,0.9344738125801086
final-final,proj-c4-r30-s0,proj-alpaca-r30-s0,L0.o,0,o,2048,1275,0.62255859375,0.9308813810348511
init-init,proj-c4-r30-s0,proj-alpaca-r30-s0,L0.gateup,0,gateup,2048,812,0.396484375,0.7935581803321838
final-final,proj-c4-r30-s0,proj-alpaca-r30-s0,L0.gateup,0,gateup,2048,812,0.396484375,0.7878991365432739
init-init,proj-c4-r30-s0,proj-alpaca-r30-s0,L0.down,0,down,2048,812,0.396484375,0.843917727470398
final-final,proj-c4-r30-s0,proj-alpaca-r30-s0,L0.down,0,down,2048,812,0.396484375,0.8392834663391113
init-init,proj-c4-r30-s0,proj-alpaca-r30-s0,L1.qkv,1,qkv,2048,1275,0.62255859375,0.9242109060287476
final-final,proj-c4-r30-s0,proj-alpaca-r30-s0,L1.qkv,1,qkv,2048,1275,0.62255859375,0.9217013120651245
init-init,proj-c4-r30-s0,proj-alpaca-r30-s0,L1.o,1,o,2048,1275,0.62255859375,0.9272956848144531
final-final,proj-c4-r30-s0,proj-alpaca-r30-s0,L1.o,1,o,2048,1275,0.62255859375,0.9229092597961426
init-init,proj-c4-r30-s0,proj-alpaca-r30-s0,L1.gateup,1,gateup,2048,812,0.396484375,0.8062270283699036
final-final,proj-c4-r30-s0,proj-alpaca-r30-s0,L1.gateup,1,gateup,2048,812,0.396484375,0.8002610802650452
init-init,proj-c4-r30-s0,proj-alpaca-r30-s0,L1.down,1,down,2048,812,0.396484375,0.8565989136695862
final-final,proj-c4-r30-s0,proj-alpaca-r30-s0,L1.down,1,down,2048,812,0.396484375,0.8520262837409973
init-init,proj-c4-r30-s0,proj-alpaca-r30-s0,L2.qkv,2,qkv,2048,1275,0.62255859375,0.917360782623291
final-final,proj-c4-r30-s0,proj-alpaca-r30-s0,L2.qkv,2,qkv,2048,1275,0.62255859375,0.9151142835617065
init-init,proj-c4-r30-s0,proj-alpaca-r30-s0,L2.o,2,o,2048,1275,0.62255859375,0.8930222392082214
final-final,proj-c4-r30-s0,proj-alpaca-r30-s0,L2.o,2,o,2048,1275,0.62255859375,0.8888046741485596
init-init,proj-c4-r30-s0,proj-alpaca-r30-s0,L2.gateup,2,gateup,2048,812,0.396484375,0.7896940112113953
final-final,proj-c4-r30-s0,proj-alpaca-r30-s0,L2.gateup,2,gateup,2048,812,0.396484375,0.7843029499053955
init-init,proj-c4-r30-s0,proj-alpaca-r30-s0,L2.down,2,down,2048,812,0.396484375,0.8618099093437195
final-final,proj-c4-r30-s0,proj-alpaca-r30-s0,L2.down,2,down,2048,812,0.396484375,0.8565981388092041
init-init,proj-c4-r30-s0,proj-alpaca-r30-s0,L3.qkv,3,qkv,2048,1275,0.62255859375,0.9059139490127563
final-final,proj-c4-r30-s0,proj-alpaca-r30-s0,L3.qkv,3,qkv,2048,1275,0.62255859375,0.9036705493927002
init-init,proj-c4-r30-s0,proj-alpaca-r30-s0,L3.o,3,o,2048,1275,0.62255859375,0.9124301671981812
final-final,proj-c4-r30-s0,proj-alpaca-r30-s0,L3.o,3,o,2048,1275,0.62255859375,0.9076623916625977
init-init,proj-c4-r30-s0,proj-alpaca-r30-s0,L3.gateup,3,gateup,2048,812,0.396484375,0.7841736674308777
final-final,proj-c4-r30-s0,proj-alpaca-r30-s0,L3.gateup,3,gateup,2048,812,0.396484375,0.7786517143249512
init-init,proj-c4-r30-s0,proj-alpaca-r30-s0,L3.down,3,down,2048,812,0.396484375,0.8584908246994019
final-final,proj-c4-r30-s0,proj-alpaca-r30-s0,L3.down,3,down,2048,812,0.396484375,0.8534100651741028
init-init,proj-c4-r30-s0,proj-alpaca-r30-s0,L4.qkv,4,qkv,2048,1275,0.62255859375,0.8980544209480286
final-final,proj-c4-r30-s0,proj-alpaca-r30-s0,L4.qkv,4,qkv,2048,1275,0.62255859375,0.8956518173217773
init-init,proj-c4-r30-s0,proj-alpaca-r30-s0,L4.o,4,o,2048,1275,0.62255859375,0.9046552181243896
final-final,proj-c4-r30-s0,proj-alpaca-r30-s0,L4.o,4,o,2048,1275,0.62255859375,0.9006608128547668
init-init,proj-c4-r30-s0,proj-alpaca-r30-s0,L4.gateup,4,gateup,2048,812,0.396484375,0.7645732760429382
final-final,proj-c4-r30-s0,proj-alpaca-r30-s0,L4.gateup,4,gateup,2048,812,0.396484375,0.7596409916877747
init-init,proj-c4-r30-s0,proj-alpaca-r30-s0,L4.down,4,down,2048,812,0.396484375,0.8554834723472595
final-final,proj-c4-r30-s0,proj-alpaca-r30-s0,L4.down,4,down,2048,812,0.396484375,0.8506124019622803
init-init,proj-c4-r30-s0,proj-alpaca-r30-s0,L5.qkv,5,qkv,2048,1275,0.62255859375,0.8979030847549438
final-final,proj-c4-r30-s0,proj-alpaca-r30-s0,L5.qkv,5,qkv,2048,1275,0.62255859375,0.895216166973114
init-init,proj-c4-r30-s0,proj-alpaca-r30-s0,L5.o,5,o,2048,1275,0.62255859375,0.9126357436180115
final-final,proj-c4-r30-s0,proj-alpaca-r30-s0,L5.o,5,o,2048,1275,0.62255859375,0.9084562659263611
init-init,proj-c4-r30-s0,proj-alpaca-r30-s0,L5.gateup,5,gateup,2048,812,0.396484375,0.7437250018119812
final-final,proj-c4-r30-s0,proj-alpaca-r30-s0,L5.gateup,5,gateup,2048,812,0.396484375,0.7389036417007446
init-init,proj-c4-r30-s0,proj-alpaca-r30-s0,L5.down,5,down,2048,812,0.396484375,0.8585423827171326
final-final,proj-c4-r30-s0,proj-alpaca-r30-s0,L5.down,5,down,2048,812,0.396484375,0.8535634279251099
init-init,proj-c4-r30-s0,proj-alpaca-r30-s0,L6.qkv,6,qkv,2048,1275,0.62255859375,0.890877366065979
final-final,proj-c4-r30-s0,proj-alpaca-r30-s0,L6.qkv,6,qkv,2048,1275,0.62255859375,0.8882025480270386
init-init,proj-c4-r30-s0,proj-alpaca-r30-s0,L6.o,6,o,2048,1275,0.62255859375,0.9182611107826233
final-final,proj-c4-r30-s0,proj-alpaca-r30-s0,L6.o,6,o,2048,1275,0.62255859375,0.9143140912055969
init-init,proj-c4-r30-s0,proj-alpaca-r30-s0,L6.gateup,6,gateup,2048,812,0.396484375,0.7477006316184998
final-final,proj-c4-r30-s0,proj-alpaca-r30-s0,L6.gateup,6,gateup,2048,812,0.396484375,0.7431462407112122
init-init,proj-c4-r30-s0,proj-alpaca-r30-s0,L6.down,6,down,2048,812,0.396484375,0.8666204810142517
final-final,proj-c4-r30-s0,proj-alpaca-r30-s0,L6.down,6,down,2048,812,0.396484375,0.8612616658210754
init-init,proj-c4-r30-s0,proj-alpaca-r30-s0,L7.qkv,7,qkv,2048,1275,0.62255859375,0.88892662525177
final-final,proj-c4-r30-s0,proj-alpaca-r30-s0,L7.qkv,7,qkv,2048,1275,0.62255859375,0.8864884972572327
init-init,proj-c4-r30-s0,proj-alpaca-r30-s0,L7.o,7,o,2048,1275,0.62255859375,0.9086610674858093
final-final,proj-c4-r30-s0,proj-alpaca-r30-s0,L7.o,7,o,2048,1275,0.62255859375,0.9050387740135193
init-init,proj-c4-r30-s0,proj-alpaca-r30-s0,L7.gateup,7,gateup,2048,812,0.396484375,0.738287627696991
final-final,proj-c4-r30-s0,proj-alpaca-r30-s0,L7.gateup,7,gateup,2048,812,0.396484375,0.7337417006492615
init-init,proj-c4-r30-s0,proj-alpaca-r30-s0,L7.down,7,down,2048,812,0.396484375,0.8644881844520569
final-final,proj-c4-r30-s0,proj-alpaca-r30-s0,L7.down,7,down,2048,812,0.396484375,0.8593388199806213
init-init,proj-c4-r30-s0,proj-alpaca-r30-s0,L8.qkv,8,qkv,2048,1275,0.62255859375,0.8845651149749756
final-final,proj-c4-r30-s0,proj-alpaca-r30-s0,L8.qkv,8,qkv,2048,1275,0.62255859375,0.8815157413482666
init-init,proj-c4-r30-s0,proj-alpaca-r30-s0,L8.o,8,o,2048,1275,0.62255859375,0.9126231074333191
final-final,proj-c4-r30-s0,proj-alpaca-r30-s0,L8.o,8,o,2048,1275,0.62255859375,0.9088670015335083
init-init,proj-c4-r30-s0,proj-alpaca-r30-s0,L8.gateup,8,gateup,2048,812,0.396484375,0.7443884611129761
final-final,proj-c4-r30-s0,proj-alpaca-r30-s0,L8.gateup,8,gateup,2048,812,0.396484375,0.7400209903717041
init-init,proj-c4-r30-s0,proj-alpaca-r30-s0,L8.down,8,down,2048,812,0.396484375,0.8531090617179871
final-final,proj-c4-r30-s0,proj-alpaca-r30-s0,L8.down,8,down,2048,812,0.396484375,0.8475486040115356
init-init,proj-c4-r30-s0,proj-alpaca-r30-s0,L9.qkv,9,qkv,2048,1275,0.62255859375,0.8841722011566162
final-final,proj-c4-r30-s0,proj-alpaca-r30-s0,L9.qkv,9,qkv,2048,1275,0.62255859375,0.8814581036567688
init-init,proj-c4-r30-s0,proj-alpaca-r30-s0,L9.o,9,o,2048,1275,0.62255859375,0.912746787071228
final-final,proj-c4-r30-s0,proj-alpaca-r30-s0,L9.o,9,o,2048,1275,0.62255859375,0.9086044430732727
init-init,proj-c4-r30-s0,proj-alpaca-r30-s0,L9.gateup,9,gateup,2048,812,0.396484375,0.752939760684967
final-final,proj-c4-r30-s0,proj-alpaca-r30-s0,L9.gateup,9,gateup,2048,812,0.396484375,0.7480013370513916
init-init,proj-c4-r30-s0,proj-alpaca-r30-s0,L9.down,9,down,2048,812,0.396484375,0.8486509919166565
final-final,proj-c4-r30-s0,proj-alpaca-r30-s0,L9.down,9,down,2048,812,0.396484375,0.8426439166069031
init-init,proj-c4-r30-s0,proj-alpaca-r30-s0,L10.qkv,10,qkv,2048,1275,0.62255859375,0.8872374892234802
final-final,proj-c4-r30-s0,proj-alpaca-r30-s0,L10.qkv,10,qkv,2048,1275,0.62255859375,0.8840785026550293
init-init,proj-c4-r30-s0,proj-alpaca-r30-s0,L10.o,10,o,2048,1275,0.62255859375,0.918714165687561
final-final,proj-c4-r30-s0,proj-alpaca-r30-s0,L10.o,10,o,2048,1275,0.62255859375,0.914362907409668
init-init,proj-c4-r30-s0,proj-alpaca-r30-s0,L10.gateup,10,gateup,2048,812,0.396484375,0.7379923462867737
final-final,proj-c4-r30-s0,proj-alpaca-r30-s0,L10.gateup,10,gateup,2048,812,0.396484375,0.7330814003944397
init-init,proj-c4-r30-s0,proj-alpaca-r30-s0,L10.down,10,down,2048,812,0.396484375,0.8482790589332581
final-final,proj-c4-r30-s0,proj-alpaca-r30-s0,L10.down,10,down,2048,812,0.396484375,0.8418974280357361
init-init,proj-c4-r30-s0,proj-alpaca-r30-s0,L11.qkv,11,qkv,2048,1275,0.62255859375,0.8798646330833435
final-final,proj-c4-r30-s0,proj-alpaca-r30-s0,L11.qkv,11,qkv,2048,1275,0.62255859375,0.876842737197876
init-init,proj-c4-r30-s0,proj-alpaca-r30-s0,L11.o,11,o,2048,1275,0.62255859375,0.9045221209526062
final-final,proj-c4-r30-s0,proj-alpaca-r30-s0,L11.o,11,o,2048,1275,0.62255859375,0.8994578123092651
init-init,proj-c4-r30-s0,proj-alpaca-r30-s0,L11.gateup,11,gateup,2048,812,0.396484375,0.7427676320075989
final-final,proj-c4-r30-s0,proj-alpaca-r30-s0,L11.gateup,11,gateup,2048,812,0.396484375,0.7372839450836182
init-init,proj-c4-r30-s0,proj-alpaca-r30-s0,L11.down,11,down,2048,812,0.396484375,0.8461049795150757
final-final,proj-c4-r30-s0,proj-alpaca-r30-s0,L11.down,11,down,2048,812,0.396484375,0.8397079706192017
init-init,proj-c4-r30-s0,proj-alpaca-r30-s0,L12.qkv,12,qkv,2048,1275,0.62255859375,0.8852249979972839
final-final,proj-c4-r30-s0,proj-alpaca-r30-s0,L12.qkv,12,qkv,2048,1275,0.62255859375,0.8823800086975098
init-init,proj-c4-r30-s0,proj-alpaca-r30-s0,L12.o,12,o,2048,1275,0.62255859375,0.8951277136802673
final-final,proj-c4-r30-s0,proj-alpaca-r30-s0,L12.o,12,o,2048,1275,0.62255859375,0.890809178352356
init-init,proj-c4-r30-s0,proj-alpaca-r30-s0,L12.gateup,12,gateup,2048,812,0.396484375,0.736185610294342
final-final,proj-c4-r30-s0,proj-alpaca-r30-s0,L12.gateup,12,gateup,2048,812,0.396484375,0.7305105328559875
init-init,proj-c4-r30-s0,proj-alpaca-r30-s0,L12.down,12,down,2048,812,0.396484375,0.8556147217750549
final-final,proj-c4-r30-s0,proj-alpaca-r30-s0,L12.down,12,down,2048,812,0.396484375,0.8487297892570496
init-init,proj-c4-r30-s0,proj-alpaca-r30-s0,L13.qkv,13,qkv,2048,1275,0.62255859375,0.8868756294250488
final-final,proj-c4-r30-s0,proj-alpaca-r30-s0,L13.qkv,13,qkv,2048,1275,0.62255859375,0.8836523294448853
init-init,proj-c4-r30-s0,proj-alpaca-r30-s0,L13.o,13,o,2048,1275,0.62255859375,0.87712162733078
final-final,proj-c4-r30-s0,proj-alpaca-r30-s0,L13.o,13,o,2048,1275,0.62255859375,0.873343288898468
init-init,proj-c4-r30-s0,proj-alpaca-r30-s0,L13.gateup,13,gateup,2048,812,0.396484375,0.739668607711792
final-final,proj-c4-r30-s0,proj-alpaca-r30-s0,L13.gateup,13,gateup,2048,812,0.396484375,0.7337966561317444
init-init,proj-c4-r30-s0,proj-alpaca-r30-s0,L13.down,13,down,2048,812,0.396484375,0.8551747798919678
final-final,proj-c4-r30-s0,proj-alpaca-r30-s0,L13.down,13,down,2048,812,0.396484375,0.8489540815353394
init-init,proj-c4-r30-s0,proj-alpaca-r30-s0,L14.qkv,14,qkv,2048,1275,0.62255859375,0.8908015489578247
final-final,proj-c4-r30-s0,proj-alpaca-r30-s0,L14.qkv,14,qkv,2048,1275,0.62255859375,0.8882065415382385
init-init,proj-c4-r30-s0,proj-alpaca-r30-s0,L14.o,14,o,2048,1275,0.62255859375,0.8640884160995483
final-final,proj-c4-r30-s0,proj-alpaca-r30-s0,L14.o,14,o,2048,1275,0.62255859375,0.859971284866333
init-init,proj-c4-r30-s0,proj-alpaca-r30-s0,L14.gateup,14,gateup,2048,812,0.396484375,0.7547589540481567
final-final,proj-c4-r30-s0,proj-alpaca-r30-s0,L14.gateup,14,gateup,2048,812,0.396484375,0.7491135001182556
init-init,proj-c4-r30-s0,proj-alpaca-r30-s0,L14.down,14,down,2048,812,0.396484375,0.8492164611816406
final-final,proj-c4-r30-s0,proj-alpaca-r30-s0,L14.down,14,down,2048,812,0.396484375,0.8441581130027771
init-init,proj-c4-r30-s0,proj-alpaca-r30-s0,L15.qkv,15,qkv,2048,1275,0.62255859375,0.8879308104515076
final-final,proj-c4-r30-s0,proj-alpaca-r30-s0,L15.qkv,15,qkv,2048,1275,0.62255859375,0.8855359554290771
init-init,proj-c4-r30-s0,proj-alpaca-r30-s0,L15.o,15,o,2048,1275,0.62255859375,0.8859109878540039
final-final,proj-c4-r30-s0,proj-alpaca-r30-s0,L15.o,15,o,2048,1275,0.62255859375,0.881952166557312
init-init,proj-c4-r30-s0,proj-alpaca-r30-s0,L15.gateup,15,gateup,2048,812,0.396484375,0.7441779971122742
final-final,proj-c4-r30-s0,proj-alpaca-r30-s0,L15.gateup,15,gateup,2048,812,0.396484375,0.7405219674110413
init-init,proj-c4-r30-s0,proj-alpaca-r30-s0,L15.down,15,down,2048,812,0.396484375,0.8417601585388184
final-final,proj-c4-r30-s0,proj-alpaca-r30-s0,L15.down,15,down,2048,812,0.396484375,0.8395962715148926
init-init,proj-c4-r30-s0,proj-selfgen-r30-s0,L0.qkv,0,qkv,2048,1275,0.62255859375,0.9198899865150452
final-final,proj-c4-r30-s0,proj-selfgen-r30-s0,L0.qkv,0,qkv,2048,1275,0.62255859375,0.9165766835212708
init-init,proj-c4-r30-s0,proj-selfgen-r30-s0,L0.o,0,o,2048,1275,0.62255859375,0.913995087146759
final-final,proj-c4-r30-s0,proj-selfgen-r30-s0,L0.o,0,o,2048,1275,0.62255859375,0.9098466038703918
init-init,proj-c4-r30-s0,proj-selfgen-r30-s0,L0.gateup,0,gateup,2048,812,0.396484375,0.7393785715103149
final-final,proj-c4-r30-s0,proj-selfgen-r30-s0,L0.gateup,0,gateup,2048,812,0.396484375,0.7350144982337952
init-init,proj-c4-r30-s0,proj-selfgen-r30-s0,L0.down,0,down,2048,812,0.396484375,0.8335577249526978
final-final,proj-c4-r30-s0,proj-selfgen-r30-s0,L0.down,0,down,2048,812,0.396484375,0.8287385106086731
init-init,proj-c4-r30-s0,proj-selfgen-r30-s0,L1.qkv,1,qkv,2048,1275,0.62255859375,0.9219275712966919
final-final,proj-c4-r30-s0,proj-selfgen-r30-s0,L1.qkv,1,qkv,2048,1275,0.62255859375,0.9190393090248108
init-init,proj-c4-r30-s0,proj-selfgen-r30-s0,L1.o,1,o,2048,1275,0.62255859375,0.9194843173027039
final-final,proj-c4-r30-s0,proj-selfgen-r30-s0,L1.o,1,o,2048,1275,0.62255859375,0.9147319197654724
init-init,proj-c4-r30-s0,proj-selfgen-r30-s0,L1.gateup,1,gateup,2048,812,0.396484375,0.7520818114280701
final-final,proj-c4-r30-s0,proj-selfgen-r30-s0,L1.gateup,1,gateup,2048,812,0.396484375,0.7469330430030823
init-init,proj-c4-r30-s0,proj-selfgen-r30-s0,L1.down,1,down,2048,812,0.396484375,0.8483573794364929
final-final,proj-c4-r30-s0,proj-selfgen-r30-s0,L1.down,1,down,2048,812,0.396484375,0.8437570333480835
init-init,proj-c4-r30-s0,proj-selfgen-r30-s0,L2.qkv,2,qkv,2048,1275,0.62255859375,0.909196138381958
final-final,proj-c4-r30-s0,proj-selfgen-r30-s0,L2.qkv,2,qkv,2048,1275,0.62255859375,0.9064041376113892
init-init,proj-c4-r30-s0,proj-selfgen-r30-s0,L2.o,2,o,2048,1275,0.62255859375,0.8818892240524292
final-final,proj-c4-r30-s0,proj-selfgen-r30-s0,L2.o,2,o,2048,1275,0.62255859375,0.877354085445404
init-init,proj-c4-r30-s0,proj-selfgen-r30-s0,L2.gateup,2,gateup,2048,812,0.396484375,0.7364959120750427
final-final,proj-c4-r30-s0,proj-selfgen-r30-s0,L2.gateup,2,gateup,2048,812,0.396484375,0.7318317294120789
init-init,proj-c4-r30-s0,proj-selfgen-r30-s0,L2.down,2,down,2048,812,0.396484375,0.8471580147743225
final-final,proj-c4-r30-s0,proj-selfgen-r30-s0,L2.down,2,down,2048,812,0.396484375,0.842170000076294
init-init,proj-c4-r30-s0,proj-selfgen-r30-s0,L3.qkv,3,qkv,2048,1275,0.62255859375,0.8942593336105347
final-final,proj-c4-r30-s0,proj-selfgen-r30-s0,L3.qkv,3,qkv,2048,1275,0.62255859375,0.8915290832519531
init-init,proj-c4-r30-s0,proj-selfgen-r30-s0,L3.o,3,o,2048,1275,0.62255859375,0.8958805203437805
final-final,proj-c4-r30-s0,proj-selfgen-r30-s0,L3.o,3,o,2048,1275,0.62255859375,0.8907153606414795
init-init,proj-c4-r30-s0,proj-selfgen-r30-s0,L3.gateup,3,gateup,2048,812,0.396484375,0.7326565384864807
final-final,proj-c4-r30-s0,proj-selfgen-r30-s0,L3.gateup,3,gateup,2048,812,0.396484375,0.7278886437416077
init-init,proj-c4-r30-s0,proj-selfgen-r30-s0,L3.down,3,down,2048,812,0.396484375,0.8410460948944092
final-final,proj-c4-r30-s0,proj-selfgen-r30-s0,L3.down,3,down,2048,812,0.396484375,0.8361983299255371
init-init,proj-c4-r30-s0,proj-selfgen-r30-s0,L4.qkv,4,qkv,2048,1275,0.62255859375,0.8874679207801819
final-final,proj-c4-r30-s0,proj-selfgen-r30-s0,L4.qkv,4,qkv,2048,1275,0.62255859375,0.8846815228462219
init-init,proj-c4-r30-s0,proj-selfgen-r30-s0,L4.o,4,o,2048,1275,0.62255859375,0.881156325340271
final-final,proj-c4-r30-s0,proj-selfgen-r30-s0,L4.o,4,o,2048,1275,0.62255859375,0.87686687707901
init-init,proj-c4-r30-s0,proj-selfgen-r30-s0,L4.gateup,4,gateup,2048,812,0.396484375,0.7116571068763733
final-final,proj-c4-r30-s0,proj-selfgen-r30-s0,L4.gateup,4,gateup,2048,812,0.396484375,0.7076965570449829
init-init,proj-c4-r30-s0,proj-selfgen-r30-s0,L4.down,4,down,2048,812,0.396484375,0.8476073741912842
final-final,proj-c4-r30-s0,proj-selfgen-r30-s0,L4.down,4,down,2048,812,0.396484375,0.8426572680473328
init-init,proj-c4-r30-s0,proj-selfgen-r30-s0,L5.qkv,5,qkv,2048,1275,0.62255859375,0.889916718006134
final-final,proj-c4-r30-s0,proj-selfgen-r30-s0,L5.qkv,5,qkv,2048,1275,0.62255859375,0.8868880271911621
init-init,proj-c4-r30-s0,proj-selfgen-r30-s0,L5.o,5,o,2048,1275,0.62255859375,0.9066045880317688
final-final,proj-c4-r30-s0,proj-selfgen-r30-s0,L5.o,5,o,2048,1275,0.62255859375,0.9019829630851746
init-init,proj-c4-r30-s0,proj-selfgen-r30-s0,L5.gateup,5,gateup,2048,812,0.396484375,0.7024044394493103
final-final,proj-c4-r30-s0,proj-selfgen-r30-s0,L5.gateup,5,gateup,2048,812,0.396484375,0.6982333064079285
init-init,proj-c4-r30-s0,proj-selfgen-r30-s0,L5.down,5,down,2048,812,0.396484375,0.8538116812705994
final-final,proj-c4-r30-s0,proj-selfgen-r30-s0,L5.down,5,down,2048,812,0.396484375,0.8490123152732849
init-init,proj-c4-r30-s0,proj-selfgen-r30-s0,L6.qkv,6,qkv,2048,1275,0.62255859375,0.882581353187561
final-final,proj-c4-r30-s0,proj-selfgen-r30-s0,L6.qkv,6,qkv,2048,1275,0.62255859375,0.8793222308158875
init-init,proj-c4-r30-s0,proj-selfgen-r30-s0,L6.o,6,o,2048,1275,0.62255859375,0.9124932885169983
final-final,proj-c4-r30-s0,proj-selfgen-r30-s0,L6.o,6,o,2048,1275,0.62255859375,0.9079894423484802
init-init,proj-c4-r30-s0,proj-selfgen-r30-s0,L6.gateup,6,gateup,2048,812,0.396484375,0.701700747013092
final-final,proj-c4-r30-s0,proj-selfgen-r30-s0,L6.gateup,6,gateup,2048,812,0.396484375,0.6978808045387268
init-init,proj-c4-r30-s0,proj-selfgen-r30-s0,L6.down,6,down,2048,812,0.396484375,0.860692024230957
final-final,proj-c4-r30-s0,proj-selfgen-r30-s0,L6.down,6,down,2048,812,0.396484375,0.8554226756095886
init-init,proj-c4-r30-s0,proj-selfgen-r30-s0,L7.qkv,7,qkv,2048,1275,0.62255859375,0.8799197673797607
final-final,proj-c4-r30-s0,proj-selfgen-r30-s0,L7.qkv,7,qkv,2048,1275,0.62255859375,0.8769305348396301
init-init,proj-c4-r30-s0,proj-selfgen-r30-s0,L7.o,7,o,2048,1275,0.62255859375,0.9038803577423096
final-final,proj-c4-r30-s0,proj-selfgen-r30-s0,L7.o,7,o,2048,1275,0.62255859375,0.8995737433433533
init-init,proj-c4-r30-s0,proj-selfgen-r30-s0,L7.gateup,7,gateup,2048,812,0.396484375,0.6985862851142883
final-final,proj-c4-r30-s0,proj-selfgen-r30-s0,L7.gateup,7,gateup,2048,812,0.396484375,0.694838285446167
init-init,proj-c4-r30-s0,proj-selfgen-r30-s0,L7.down,7,down,2048,812,0.396484375,0.8513554930686951
final-final,proj-c4-r30-s0,proj-selfgen-r30-s0,L7.down,7,down,2048,812,0.396484375,0.8465299606323242
init-init,proj-c4-r30-s0,proj-selfgen-r30-s0,L8.qkv,8,qkv,2048,1275,0.62255859375,0.8717930316925049
final-final,proj-c4-r30-s0,proj-selfgen-r30-s0,L8.qkv,8,qkv,2048,1275,0.62255859375,0.8686029314994812
init-init,proj-c4-r30-s0,proj-selfgen-r30-s0,L8.o,8,o,2048,1275,0.62255859375,0.9121588468551636
final-final,proj-c4-r30-s0,proj-selfgen-r30-s0,L8.o,8,o,2048,1275,0.62255859375,0.9075774550437927
init-init,proj-c4-r30-s0,proj-selfgen-r30-s0,L8.gateup,8,gateup,2048,812,0.396484375,0.7041726112365723
final-final,proj-c4-r30-s0,proj-selfgen-r30-s0,L8.gateup,8,gateup,2048,812,0.396484375,0.7004601955413818
init-init,proj-c4-r30-s0,proj-selfgen-r30-s0,L8.down,8,down,2048,812,0.396484375,0.8373134732246399
final-final,proj-c4-r30-s0,proj-selfgen-r30-s0,L8.down,8,down,2048,812,0.396484375,0.8328389525413513
init-init,proj-c4-r30-s0,proj-selfgen-r30-s0,L9.qkv,9,qkv,2048,1275,0.62255859375,0.866399347782135
final-final,proj-c4-r30-s0,proj-selfgen-r30-s0,L9.qkv,9,qkv,2048,1275,0.62255859375,0.8638206720352173
init-init,proj-c4-r30-s0,proj-selfgen-r30-s0,L9.o,9,o,2048,1275,0.62255859375,0.9064158797264099
final-final,proj-c4-r30-s0,proj-selfgen-r30-s0,L9.o,9,o,2048,1275,0.62255859375,0.9017727375030518
init-init,proj-c4-r30-s0,proj-selfgen-r30-s0,L9.gateup,9,gateup,2048,812,0.396484375,0.7092496752738953
final-final,proj-c4-r30-s0,proj-selfgen-r30-s0,L9.gateup,9,gateup,2048,812,0.396484375,0.7052994966506958
init-init,proj-c4-r30-s0,proj-selfgen-r30-s0,L9.down,9,down,2048,812,0.396484375,0.832651674747467
final-final,proj-c4-r30-s0,proj-selfgen-r30-s0,L9.down,9,down,2048,812,0.396484375,0.8275653123855591
init-init,proj-c4-r30-s0,proj-selfgen-r30-s0,L10.qkv,10,qkv,2048,1275,0.62255859375,0.8678597807884216
final-final,proj-c4-r30-s0,proj-selfgen-r30-s0,L10.qkv,10,qkv,2048,1275,0.62255859375,0.8648597002029419
init-init,proj-c4-r30-s0,proj-selfgen-r30-s0,L10.o,10,o,2048,1275,0.62255859375,0.9113354086875916
final-final,proj-c4-r30-s0,proj-selfgen-r30-s0,L10.o,10,o,2048,1275,0.62255859375,0.9064385890960693
init-init,proj-c4-r30-s0,proj-selfgen-r30-s0,L10.gateup,10,gateup,2048,812,0.396484375,0.6964520215988159
final-final,proj-c4-r30-s0,proj-selfgen-r30-s0,L10.gateup,10,gateup,2048,812,0.396484375,0.6923753023147583
init-init,proj-c4-r30-s0,proj-selfgen-r30-s0,L10.down,10,down,2048,812,0.396484375,0.8325352072715759
final-final,proj-c4-r30-s0,proj-selfgen-r30-s0,L10.down,10,down,2048,812,0.396484375,0.8267911076545715
init-init,proj-c4-r30-s0,proj-selfgen-r30-s0,L11.qkv,11,qkv,2048,1275,0.62255859375,0.854748010635376
final-final,proj-c4-r30-s0,proj-selfgen-r30-s0,L11.qkv,11,qkv,2048,1275,0.62255859375,0.8517537713050842
init-init,proj-c4-r30-s0,proj-selfgen-r30-s0,L11.o,11,o,2048,1275,0.62255859375,0.8818707466125488
final-final,proj-c4-r30-s0,proj-selfgen-r30-s0,L11.o,11,o,2048,1275,0.62255859375,0.8772619962692261
init-init,proj-c4-r30-s0,proj-selfgen-r30-s0,L11.gateup,11,gateup,2048,812,0.396484375,0.6992506980895996
final-final,proj-c4-r30-s0,proj-selfgen-r30-s0,L11.gateup,11,gateup,2048,812,0.396484375,0.6952625513076782
init-init,proj-c4-r30-s0,proj-selfgen-r30-s0,L11.down,11,down,2048,812,0.396484375,0.8328405022621155
final-final,proj-c4-r30-s0,proj-selfgen-r30-s0,L11.down,11,down,2048,812,0.396484375,0.8271626234054565
init-init,proj-c4-r30-s0,proj-selfgen-r30-s0,L12.qkv,12,qkv,2048,1275,0.62255859375,0.8651846051216125
final-final,proj-c4-r30-s0,proj-selfgen-r30-s0,L12.qkv,12,qkv,2048,1275,0.62255859375,0.8622518181800842
init-init,proj-c4-r30-s0,proj-selfgen-r30-s0,L12.o,12,o,2048,1275,0.62255859375,0.8597066402435303
final-final,proj-c4-r30-s0,proj-selfgen-r30-s0,L12.o,12,o,2048,1275,0.62255859375,0.8555818796157837
init-init,proj-c4-r30-s0,proj-selfgen-r30-s0,L12.gateup,12,gateup,2048,812,0.396484375,0.6932309865951538
final-final,proj-c4-r30-s0,proj-selfgen-r30-s0,L12.gateup,12,gateup,2048,812,0.396484375,0.6885510683059692
init-init,proj-c4-r30-s0,proj-selfgen-r30-s0,L12.down,12,down,2048,812,0.396484375,0.8450700640678406
final-final,proj-c4-r30-s0,proj-selfgen-r30-s0,L12.down,12,down,2048,812,0.396484375,0.838937520980835
init-init,proj-c4-r30-s0,proj-selfgen-r30-s0,L13.qkv,13,qkv,2048,1275,0.62255859375,0.8653352856636047
final-final,proj-c4-r30-s0,proj-selfgen-r30-s0,L13.qkv,13,qkv,2048,1275,0.62255859375,0.862212598323822
init-init,proj-c4-r30-s0,proj-selfgen-r30-s0,L13.o,13,o,2048,1275,0.62255859375,0.8260537385940552
final-final,proj-c4-r30-s0,proj-selfgen-r30-s0,L13.o,13,o,2048,1275,0.62255859375,0.8228310346603394
init-init,proj-c4-r30-s0,proj-selfgen-r30-s0,L13.gateup,13,gateup,2048,812,0.396484375,0.6846814751625061
final-final,proj-c4-r30-s0,proj-selfgen-r30-s0,L13.gateup,13,gateup,2048,812,0.396484375,0.6800960898399353
init-init,proj-c4-r30-s0,proj-selfgen-r30-s0,L13.down,13,down,2048,812,0.396484375,0.8373695015907288
final-final,proj-c4-r30-s0,proj-selfgen-r30-s0,L13.down,13,down,2048,812,0.396484375,0.831700325012207
init-init,proj-c4-r30-s0,proj-selfgen-r30-s0,L14.qkv,14,qkv,2048,1275,0.62255859375,0.8747357130050659
final-final,proj-c4-r30-s0,proj-selfgen-r30-s0,L14.qkv,14,qkv,2048,1275,0.62255859375,0.872044563293457
init-init,proj-c4-r30-s0,proj-selfgen-r30-s0,L14.o,14,o,2048,1275,0.62255859375,0.8547797799110413
final-final,proj-c4-r30-s0,proj-selfgen-r30-s0,L14.o,14,o,2048,1275,0.62255859375,0.8501423597335815
init-init,proj-c4-r30-s0,proj-selfgen-r30-s0,L14.gateup,14,gateup,2048,812,0.396484375,0.6939911842346191
final-final,proj-c4-r30-s0,proj-selfgen-r30-s0,L14.gateup,14,gateup,2048,812,0.396484375,0.6897650361061096
init-init,proj-c4-r30-s0,proj-selfgen-r30-s0,L14.down,14,down,2048,812,0.396484375,0.8293552994728088
final-final,proj-c4-r30-s0,proj-selfgen-r30-s0,L14.down,14,down,2048,812,0.396484375,0.8245792984962463
init-init,proj-c4-r30-s0,proj-selfgen-r30-s0,L15.qkv,15,qkv,2048,1275,0.62255859375,0.869941771030426
final-final,proj-c4-r30-s0,proj-selfgen-r30-s0,L15.qkv,15,qkv,2048,1275,0.62255859375,0.8674758672714233
init-init,proj-c4-r30-s0,proj-selfgen-r30-s0,L15.o,15,o,2048,1275,0.62255859375,0.8632156252861023
final-final,proj-c4-r30-s0,proj-selfgen-r30-s0,L15.o,15,o,2048,1275,0.62255859375,0.8592497706413269
init-init,proj-c4-r30-s0,proj-selfgen-r30-s0,L15.gateup,15,gateup,2048,812,0.396484375,0.6746495366096497
final-final,proj-c4-r30-s0,proj-selfgen-r30-s0,L15.gateup,15,gateup,2048,812,0.396484375,0.6722655296325684
init-init,proj-c4-r30-s0,proj-selfgen-r30-s0,L15.down,15,down,2048,812,0.396484375,0.8115629553794861
final-final,proj-c4-r30-s0,proj-selfgen-r30-s0,L15.down,15,down,2048,812,0.396484375,0.8096614480018616
init-init,proj-c4-r30-s0,proj-selfdoc-r30-s0,L0.qkv,0,qkv,2048,1275,0.62255859375,0.9474654197692871
final-final,proj-c4-r30-s0,proj-selfdoc-r30-s0,L0.qkv,0,qkv,2048,1275,0.62255859375,0.9439002871513367
init-init,proj-c4-r30-s0,proj-selfdoc-r30-s0,L0.o,0,o,2048,1275,0.62255859375,0.9257421493530273
final-final,proj-c4-r30-s0,proj-selfdoc-r30-s0,L0.o,0,o,2048,1275,0.62255859375,0.9220365881919861
init-init,proj-c4-r30-s0,proj-selfdoc-r30-s0,L0.gateup,0,gateup,2048,812,0.396484375,0.8272691965103149
final-final,proj-c4-r30-s0,proj-selfdoc-r30-s0,L0.gateup,0,gateup,2048,812,0.396484375,0.8200101852416992
init-init,proj-c4-r30-s0,proj-selfdoc-r30-s0,L0.down,0,down,2048,812,0.396484375,0.8713428974151611
final-final,proj-c4-r30-s0,proj-selfdoc-r30-s0,L0.down,0,down,2048,812,0.396484375,0.8658828735351562
init-init,proj-c4-r30-s0,proj-selfdoc-r30-s0,L1.qkv,1,qkv,2048,1275,0.62255859375,0.9421353936195374
final-final,proj-c4-r30-s0,proj-selfdoc-r30-s0,L1.qkv,1,qkv,2048,1275,0.62255859375,0.9396184682846069
init-init,proj-c4-r30-s0,proj-selfdoc-r30-s0,L1.o,1,o,2048,1275,0.62255859375,0.9406678676605225
final-final,proj-c4-r30-s0,proj-selfdoc-r30-s0,L1.o,1,o,2048,1275,0.62255859375,0.935853898525238
init-init,proj-c4-r30-s0,proj-selfdoc-r30-s0,L1.gateup,1,gateup,2048,812,0.396484375,0.8325846195220947
final-final,proj-c4-r30-s0,proj-selfdoc-r30-s0,L1.gateup,1,gateup,2048,812,0.396484375,0.8249704837799072
init-init,proj-c4-r30-s0,proj-selfdoc-r30-s0,L1.down,1,down,2048,812,0.396484375,0.8939471244812012
final-final,proj-c4-r30-s0,proj-selfdoc-r30-s0,L1.down,1,down,2048,812,0.396484375,0.8887847661972046
init-init,proj-c4-r30-s0,proj-selfdoc-r30-s0,L2.qkv,2,qkv,2048,1275,0.62255859375,0.9375334978103638
final-final,proj-c4-r30-s0,proj-selfdoc-r30-s0,L2.qkv,2,qkv,2048,1275,0.62255859375,0.934985339641571
init-init,proj-c4-r30-s0,proj-selfdoc-r30-s0,L2.o,2,o,2048,1275,0.62255859375,0.9008298516273499
final-final,proj-c4-r30-s0,proj-selfdoc-r30-s0,L2.o,2,o,2048,1275,0.62255859375,0.8964056372642517
init-init,proj-c4-r30-s0,proj-selfdoc-r30-s0,L2.gateup,2,gateup,2048,812,0.396484375,0.8199889659881592
final-final,proj-c4-r30-s0,proj-selfdoc-r30-s0,L2.gateup,2,gateup,2048,812,0.396484375,0.8134312033653259
init-init,proj-c4-r30-s0,proj-selfdoc-r30-s0,L2.down,2,down,2048,812,0.396484375,0.9014988541603088
final-final,proj-c4-r30-s0,proj-selfdoc-r30-s0,L2.down,2,down,2048,812,0.396484375,0.8957229256629944
init-init,proj-c4-r30-s0,proj-selfdoc-r30-s0,L3.qkv,3,qkv,2048,1275,0.62255859375,0.9324772953987122
final-final,proj-c4-r30-s0,proj-selfdoc-r30-s0,L3.qkv,3,qkv,2048,1275,0.62255859375,0.9300158619880676
init-init,proj-c4-r30-s0,proj-selfdoc-r30-s0,L3.o,3,o,2048,1275,0.62255859375,0.9382414817810059
final-final,proj-c4-r30-s0,proj-selfdoc-r30-s0,L3.o,3,o,2048,1275,0.62255859375,0.9329630136489868
init-init,proj-c4-r30-s0,proj-selfdoc-r30-s0,L3.gateup,3,gateup,2048,812,0.396484375,0.8231541514396667
final-final,proj-c4-r30-s0,proj-selfdoc-r30-s0,L3.gateup,3,gateup,2048,812,0.396484375,0.8163841962814331
init-init,proj-c4-r30-s0,proj-selfdoc-r30-s0,L3.down,3,down,2048,812,0.396484375,0.9033518433570862
final-final,proj-c4-r30-s0,proj-selfdoc-r30-s0,L3.down,3,down,2048,812,0.396484375,0.8977370858192444
init-init,proj-c4-r30-s0,proj-selfdoc-r30-s0,L4.qkv,4,qkv,2048,1275,0.62255859375,0.9288120269775391
final-final,proj-c4-r30-s0,proj-selfdoc-r30-s0,L4.qkv,4,qkv,2048,1275,0.62255859375,0.9261117577552795
init-init,proj-c4-r30-s0,proj-selfdoc-r30-s0,L4.o,4,o,2048,1275,0.62255859375,0.9312862753868103
final-final,proj-c4-r30-s0,proj-selfdoc-r30-s0,L4.o,4,o,2048,1275,0.62255859375,0.9266980290412903
init-init,proj-c4-r30-s0,proj-selfdoc-r30-s0,L4.gateup,4,gateup,2048,812,0.396484375,0.8104446530342102
final-final,proj-c4-r30-s0,proj-selfdoc-r30-s0,L4.gateup,4,gateup,2048,812,0.396484375,0.8043071627616882
init-init,proj-c4-r30-s0,proj-selfdoc-r30-s0,L4.down,4,down,2048,812,0.396484375,0.9027010798454285
final-final,proj-c4-r30-s0,proj-selfdoc-r30-s0,L4.down,4,down,2048,812,0.396484375,0.8971033692359924
init-init,proj-c4-r30-s0,proj-selfdoc-r30-s0,L5.qkv,5,qkv,2048,1275,0.62255859375,0.9297099113464355
final-final,proj-c4-r30-s0,proj-selfdoc-r30-s0,L5.qkv,5,qkv,2048,1275,0.62255859375,0.9265235066413879
init-init,proj-c4-r30-s0,proj-selfdoc-r30-s0,L5.o,5,o,2048,1275,0.62255859375,0.9462193250656128
final-final,proj-c4-r30-s0,proj-selfdoc-r30-s0,L5.o,5,o,2048,1275,0.62255859375,0.9414362907409668
init-init,proj-c4-r30-s0,proj-selfdoc-r30-s0,L5.gateup,5,gateup,2048,812,0.396484375,0.7994497418403625
final-final,proj-c4-r30-s0,proj-selfdoc-r30-s0,L5.gateup,5,gateup,2048,812,0.396484375,0.793224573135376
init-init,proj-c4-r30-s0,proj-selfdoc-r30-s0,L5.down,5,down,2048,812,0.396484375,0.9051964282989502
final-final,proj-c4-r30-s0,proj-selfdoc-r30-s0,L5.down,5,down,2048,812,0.396484375,0.8996319770812988
init-init,proj-c4-r30-s0,proj-selfdoc-r30-s0,L6.qkv,6,qkv,2048,1275,0.62255859375,0.925901472568512
final-final,proj-c4-r30-s0,proj-selfdoc-r30-s0,L6.qkv,6,qkv,2048,1275,0.62255859375,0.9226658940315247
init-init,proj-c4-r30-s0,proj-selfdoc-r30-s0,L6.o,6,o,2048,1275,0.62255859375,0.9577510356903076
final-final,proj-c4-r30-s0,proj-selfdoc-r30-s0,L6.o,6,o,2048,1275,0.62255859375,0.9530892968177795
init-init,proj-c4-r30-s0,proj-selfdoc-r30-s0,L6.gateup,6,gateup,2048,812,0.396484375,0.8059441447257996
final-final,proj-c4-r30-s0,proj-selfdoc-r30-s0,L6.gateup,6,gateup,2048,812,0.396484375,0.8000848889350891
init-init,proj-c4-r30-s0,proj-selfdoc-r30-s0,L6.down,6,down,2048,812,0.396484375,0.913055419921875
final-final,proj-c4-r30-s0,proj-selfdoc-r30-s0,L6.down,6,down,2048,812,0.396484375,0.9070267081260681
init-init,proj-c4-r30-s0,proj-selfdoc-r30-s0,L7.qkv,7,qkv,2048,1275,0.62255859375,0.9253760576248169
final-final,proj-c4-r30-s0,proj-selfdoc-r30-s0,L7.qkv,7,qkv,2048,1275,0.62255859375,0.9223881363868713
init-init,proj-c4-r30-s0,proj-selfdoc-r30-s0,L7.o,7,o,2048,1275,0.62255859375,0.9524403214454651
final-final,proj-c4-r30-s0,proj-selfdoc-r30-s0,L7.o,7,o,2048,1275,0.62255859375,0.9481989741325378
init-init,proj-c4-r30-s0,proj-selfdoc-r30-s0,L7.gateup,7,gateup,2048,812,0.396484375,0.8007017374038696
final-final,proj-c4-r30-s0,proj-selfdoc-r30-s0,L7.gateup,7,gateup,2048,812,0.396484375,0.7947046160697937
init-init,proj-c4-r30-s0,proj-selfdoc-r30-s0,L7.down,7,down,2048,812,0.396484375,0.912388026714325
final-final,proj-c4-r30-s0,proj-selfdoc-r30-s0,L7.down,7,down,2048,812,0.396484375,0.9067239165306091
init-init,proj-c4-r30-s0,proj-selfdoc-r30-s0,L8.qkv,8,qkv,2048,1275,0.62255859375,0.9229815602302551
final-final,proj-c4-r30-s0,proj-selfdoc-r30-s0,L8.qkv,8,qkv,2048,1275,0.62255859375,0.9194119572639465
init-init,proj-c4-r30-s0,proj-selfdoc-r30-s0,L8.o,8,o,2048,1275,0.62255859375,0.9544506072998047
final-final,proj-c4-r30-s0,proj-selfdoc-r30-s0,L8.o,8,o,2048,1275,0.62255859375,0.9499642848968506
init-init,proj-c4-r30-s0,proj-selfdoc-r30-s0,L8.gateup,8,gateup,2048,812,0.396484375,0.805317759513855
final-final,proj-c4-r30-s0,proj-selfdoc-r30-s0,L8.gateup,8,gateup,2048,812,0.396484375,0.7994682192802429
init-init,proj-c4-r30-s0,proj-selfdoc-r30-s0,L8.down,8,down,2048,812,0.396484375,0.9008758664131165
final-final,proj-c4-r30-s0,proj-selfdoc-r30-s0,L8.down,8,down,2048,812,0.396484375,0.8947547674179077
init-init,proj-c4-r30-s0,proj-selfdoc-r30-s0,L9.qkv,9,qkv,2048,1275,0.62255859375,0.9182640314102173
final-final,proj-c4-r30-s0,proj-selfdoc-r30-s0,L9.qkv,9,qkv,2048,1275,0.62255859375,0.9150286316871643
init-init,proj-c4-r30-s0,proj-selfdoc-r30-s0,L9.o,9,o,2048,1275,0.62255859375,0.9519883394241333
final-final,proj-c4-r30-s0,proj-selfdoc-r30-s0,L9.o,9,o,2048,1275,0.62255859375,0.9469586610794067
init-init,proj-c4-r30-s0,proj-selfdoc-r30-s0,L9.gateup,9,gateup,2048,812,0.396484375,0.8045058250427246
final-final,proj-c4-r30-s0,proj-selfdoc-r30-s0,L9.gateup,9,gateup,2048,812,0.396484375,0.7985331416130066
init-init,proj-c4-r30-s0,proj-selfdoc-r30-s0,L9.down,9,down,2048,812,0.396484375,0.8955150842666626
final-final,proj-c4-r30-s0,proj-selfdoc-r30-s0,L9.down,9,down,2048,812,0.396484375,0.888670802116394
init-init,proj-c4-r30-s0,proj-selfdoc-r30-s0,L10.qkv,10,qkv,2048,1275,0.62255859375,0.9150786995887756
final-final,proj-c4-r30-s0,proj-selfdoc-r30-s0,L10.qkv,10,qkv,2048,1275,0.62255859375,0.9112462401390076
init-init,proj-c4-r30-s0,proj-selfdoc-r30-s0,L10.o,10,o,2048,1275,0.62255859375,0.943255603313446
final-final,proj-c4-r30-s0,proj-selfdoc-r30-s0,L10.o,10,o,2048,1275,0.62255859375,0.9381730556488037
init-init,proj-c4-r30-s0,proj-selfdoc-r30-s0,L10.gateup,10,gateup,2048,812,0.396484375,0.7846840620040894
final-final,proj-c4-r30-s0,proj-selfdoc-r30-s0,L10.gateup,10,gateup,2048,812,0.396484375,0.7782019376754761
init-init,proj-c4-r30-s0,proj-selfdoc-r30-s0,L10.down,10,down,2048,812,0.396484375,0.8895830512046814
final-final,proj-c4-r30-s0,proj-selfdoc-r30-s0,L10.down,10,down,2048,812,0.396484375,0.8820182681083679
init-init,proj-c4-r30-s0,proj-selfdoc-r30-s0,L11.qkv,11,qkv,2048,1275,0.62255859375,0.9073625206947327
final-final,proj-c4-r30-s0,proj-selfdoc-r30-s0,L11.qkv,11,qkv,2048,1275,0.62255859375,0.9037668108940125
init-init,proj-c4-r30-s0,proj-selfdoc-r30-s0,L11.o,11,o,2048,1275,0.62255859375,0.9204869270324707
final-final,proj-c4-r30-s0,proj-selfdoc-r30-s0,L11.o,11,o,2048,1275,0.62255859375,0.9148906469345093
init-init,proj-c4-r30-s0,proj-selfdoc-r30-s0,L11.gateup,11,gateup,2048,812,0.396484375,0.7841140627861023
final-final,proj-c4-r30-s0,proj-selfdoc-r30-s0,L11.gateup,11,gateup,2048,812,0.396484375,0.7774221897125244
init-init,proj-c4-r30-s0,proj-selfdoc-r30-s0,L11.down,11,down,2048,812,0.396484375,0.8831297159194946
final-final,proj-c4-r30-s0,proj-selfdoc-r30-s0,L11.down,11,down,2048,812,0.396484375,0.8758639693260193
init-init,proj-c4-r30-s0,proj-selfdoc-r30-s0,L12.qkv,12,qkv,2048,1275,0.62255859375,0.9096381068229675
final-final,proj-c4-r30-s0,proj-selfdoc-r30-s0,L12.qkv,12,qkv,2048,1275,0.62255859375,0.9062310457229614
init-init,proj-c4-r30-s0,proj-selfdoc-r30-s0,L12.o,12,o,2048,1275,0.62255859375,0.9022526144981384
final-final,proj-c4-r30-s0,proj-selfdoc-r30-s0,L12.o,12,o,2048,1275,0.62255859375,0.8972715735435486
init-init,proj-c4-r30-s0,proj-selfdoc-r30-s0,L12.gateup,12,gateup,2048,812,0.396484375,0.7694979310035706
final-final,proj-c4-r30-s0,proj-selfdoc-r30-s0,L12.gateup,12,gateup,2048,812,0.396484375,0.7621779441833496
init-init,proj-c4-r30-s0,proj-selfdoc-r30-s0,L12.down,12,down,2048,812,0.396484375,0.8896275758743286
final-final,proj-c4-r30-s0,proj-selfdoc-r30-s0,L12.down,12,down,2048,812,0.396484375,0.8816927075386047
init-init,proj-c4-r30-s0,proj-selfdoc-r30-s0,L13.qkv,13,qkv,2048,1275,0.62255859375,0.9093906879425049
final-final,proj-c4-r30-s0,proj-selfdoc-r30-s0,L13.qkv,13,qkv,2048,1275,0.62255859375,0.9056876301765442
init-init,proj-c4-r30-s0,proj-selfdoc-r30-s0,L13.o,13,o,2048,1275,0.62255859375,0.8950813412666321
final-final,proj-c4-r30-s0,proj-selfdoc-r30-s0,L13.o,13,o,2048,1275,0.62255859375,0.8902900815010071
init-init,proj-c4-r30-s0,proj-selfdoc-r30-s0,L13.gateup,13,gateup,2048,812,0.396484375,0.7712444067001343
final-final,proj-c4-r30-s0,proj-selfdoc-r30-s0,L13.gateup,13,gateup,2048,812,0.396484375,0.7637423872947693
init-init,proj-c4-r30-s0,proj-selfdoc-r30-s0,L13.down,13,down,2048,812,0.396484375,0.8846406936645508
final-final,proj-c4-r30-s0,proj-selfdoc-r30-s0,L13.down,13,down,2048,812,0.396484375,0.8774380683898926
init-init,proj-c4-r30-s0,proj-selfdoc-r30-s0,L14.qkv,14,qkv,2048,1275,0.62255859375,0.9149532914161682
final-final,proj-c4-r30-s0,proj-selfdoc-r30-s0,L14.qkv,14,qkv,2048,1275,0.62255859375,0.9117540717124939
init-init,proj-c4-r30-s0,proj-selfdoc-r30-s0,L14.o,14,o,2048,1275,0.62255859375,0.9077099561691284
final-final,proj-c4-r30-s0,proj-selfdoc-r30-s0,L14.o,14,o,2048,1275,0.62255859375,0.9019145369529724
init-init,proj-c4-r30-s0,proj-selfdoc-r30-s0,L14.gateup,14,gateup,2048,812,0.396484375,0.7860101461410522
final-final,proj-c4-r30-s0,proj-selfdoc-r30-s0,L14.gateup,14,gateup,2048,812,0.396484375,0.7788918614387512
init-init,proj-c4-r30-s0,proj-selfdoc-r30-s0,L14.down,14,down,2048,812,0.396484375,0.8794219493865967
final-final,proj-c4-r30-s0,proj-selfdoc-r30-s0,L14.down,14,down,2048,812,0.396484375,0.8731074333190918
init-init,proj-c4-r30-s0,proj-selfdoc-r30-s0,L15.qkv,15,qkv,2048,1275,0.62255859375,0.914067268371582
final-final,proj-c4-r30-s0,proj-selfdoc-r30-s0,L15.qkv,15,qkv,2048,1275,0.62255859375,0.9111682176589966
init-init,proj-c4-r30-s0,proj-selfdoc-r30-s0,L15.o,15,o,2048,1275,0.62255859375,0.9255772233009338
final-final,proj-c4-r30-s0,proj-selfdoc-r30-s0,L15.o,15,o,2048,1275,0.62255859375,0.9202197790145874
init-init,proj-c4-r30-s0,proj-selfdoc-r30-s0,L15.gateup,15,gateup,2048,812,0.396484375,0.7780227661132812
final-final,proj-c4-r30-s0,proj-selfdoc-r30-s0,L15.gateup,15,gateup,2048,812,0.396484375,0.7735467553138733
init-init,proj-c4-r30-s0,proj-selfdoc-r30-s0,L15.down,15,down,2048,812,0.396484375,0.8783797025680542
final-final,proj-c4-r30-s0,proj-selfdoc-r30-s0,L15.down,15,down,2048,812,0.396484375,0.8759974241256714
init-init,proj-slimpajama-r30-s0,proj-alpaca-r30-s0,L0.qkv,0,qkv,2048,1275,0.62255859375,0.9110516309738159
final-final,proj-slimpajama-r30-s0,proj-alpaca-r30-s0,L0.qkv,0,qkv,2048,1275,0.62255859375,0.9079254865646362
init-init,proj-slimpajama-r30-s0,proj-alpaca-r30-s0,L0.o,0,o,2048,1275,0.62255859375,0.9301263689994812
final-final,proj-slimpajama-r30-s0,proj-alpaca-r30-s0,L0.o,0,o,2048,1275,0.62255859375,0.9263157844543457
init-init,proj-slimpajama-r30-s0,proj-alpaca-r30-s0,L0.gateup,0,gateup,2048,812,0.396484375,0.752966046333313
final-final,proj-slimpajama-r30-s0,proj-alpaca-r30-s0,L0.gateup,0,gateup,2048,812,0.396484375,0.7472612261772156
init-init,proj-slimpajama-r30-s0,proj-alpaca-r30-s0,L0.down,0,down,2048,812,0.396484375,0.8209246397018433
final-final,proj-slimpajama-r30-s0,proj-alpaca-r30-s0,L0.down,0,down,2048,812,0.396484375,0.8162159323692322
init-init,proj-slimpajama-r30-s0,proj-alpaca-r30-s0,L1.qkv,1,qkv,2048,1275,0.62255859375,0.914827287197113
final-final,proj-slimpajama-r30-s0,proj-alpaca-r30-s0,L1.qkv,1,qkv,2048,1275,0.62255859375,0.9122732877731323
init-init,proj-slimpajama-r30-s0,proj-alpaca-r30-s0,L1.o,1,o,2048,1275,0.62255859375,0.9194138646125793
final-final,proj-slimpajama-r30-s0,proj-alpaca-r30-s0,L1.o,1,o,2048,1275,0.62255859375,0.9149444699287415
init-init,proj-slimpajama-r30-s0,proj-alpaca-r30-s0,L1.gateup,1,gateup,2048,812,0.396484375,0.7757100462913513
final-final,proj-slimpajama-r30-s0,proj-alpaca-r30-s0,L1.gateup,1,gateup,2048,812,0.396484375,0.769627571105957
init-init,proj-slimpajama-r30-s0,proj-alpaca-r30-s0,L1.down,1,down,2048,812,0.396484375,0.8447571992874146
final-final,proj-slimpajama-r30-s0,proj-alpaca-r30-s0,L1.down,1,down,2048,812,0.396484375,0.8401036858558655
init-init,proj-slimpajama-r30-s0,proj-alpaca-r30-s0,L2.qkv,2,qkv,2048,1275,0.62255859375,0.9108260273933411
final-final,proj-slimpajama-r30-s0,proj-alpaca-r30-s0,L2.qkv,2,qkv,2048,1275,0.62255859375,0.9084474444389343
init-init,proj-slimpajama-r30-s0,proj-alpaca-r30-s0,L2.o,2,o,2048,1275,0.62255859375,0.8899742364883423
final-final,proj-slimpajama-r30-s0,proj-alpaca-r30-s0,L2.o,2,o,2048,1275,0.62255859375,0.8856070041656494
init-init,proj-slimpajama-r30-s0,proj-alpaca-r30-s0,L2.gateup,2,gateup,2048,812,0.396484375,0.770697295665741
final-final,proj-slimpajama-r30-s0,proj-alpaca-r30-s0,L2.gateup,2,gateup,2048,812,0.396484375,0.7652252316474915
init-init,proj-slimpajama-r30-s0,proj-alpaca-r30-s0,L2.down,2,down,2048,812,0.396484375,0.8521789312362671
final-final,proj-slimpajama-r30-s0,proj-alpaca-r30-s0,L2.down,2,down,2048,812,0.396484375,0.8470645546913147
init-init,proj-slimpajama-r30-s0,proj-alpaca-r30-s0,L3.qkv,3,qkv,2048,1275,0.62255859375,0.9010278582572937
final-final,proj-slimpajama-r30-s0,proj-alpaca-r30-s0,L3.qkv,3,qkv,2048,1275,0.62255859375,0.8987690210342407
init-init,proj-slimpajama-r30-s0,proj-alpaca-r30-s0,L3.o,3,o,2048,1275,0.62255859375,0.908255934715271
final-final,proj-slimpajama-r30-s0,proj-alpaca-r30-s0,L3.o,3,o,2048,1275,0.62255859375,0.9035140872001648
init-init,proj-slimpajama-r30-s0,proj-alpaca-r30-s0,L3.gateup,3,gateup,2048,812,0.396484375,0.7697269916534424
final-final,proj-slimpajama-r30-s0,proj-alpaca-r30-s0,L3.gateup,3,gateup,2048,812,0.396484375,0.7643483877182007
init-init,proj-slimpajama-r30-s0,proj-alpaca-r30-s0,L3.down,3,down,2048,812,0.396484375,0.8524007201194763
final-final,proj-slimpajama-r30-s0,proj-alpaca-r30-s0,L3.down,3,down,2048,812,0.396484375,0.8476216793060303
init-init,proj-slimpajama-r30-s0,proj-alpaca-r30-s0,L4.qkv,4,qkv,2048,1275,0.62255859375,0.8952236175537109
final-final,proj-slimpajama-r30-s0,proj-alpaca-r30-s0,L4.qkv,4,qkv,2048,1275,0.62255859375,0.8928728699684143
init-init,proj-slimpajama-r30-s0,proj-alpaca-r30-s0,L4.o,4,o,2048,1275,0.62255859375,0.9046635627746582
final-final,proj-slimpajama-r30-s0,proj-alpaca-r30-s0,L4.o,4,o,2048,1275,0.62255859375,0.9007116556167603
init-init,proj-slimpajama-r30-s0,proj-alpaca-r30-s0,L4.gateup,4,gateup,2048,812,0.396484375,0.7541806697845459
final-final,proj-slimpajama-r30-s0,proj-alpaca-r30-s0,L4.gateup,4,gateup,2048,812,0.396484375,0.7494261860847473
init-init,proj-slimpajama-r30-s0,proj-alpaca-r30-s0,L4.down,4,down,2048,812,0.396484375,0.8509989380836487
final-final,proj-slimpajama-r30-s0,proj-alpaca-r30-s0,L4.down,4,down,2048,812,0.396484375,0.8463321328163147
init-init,proj-slimpajama-r30-s0,proj-alpaca-r30-s0,L5.qkv,5,qkv,2048,1275,0.62255859375,0.8975183963775635
final-final,proj-slimpajama-r30-s0,proj-alpaca-r30-s0,L5.qkv,5,qkv,2048,1275,0.62255859375,0.8948508501052856
init-init,proj-slimpajama-r30-s0,proj-alpaca-r30-s0,L5.o,5,o,2048,1275,0.62255859375,0.9169837236404419
final-final,proj-slimpajama-r30-s0,proj-alpaca-r30-s0,L5.o,5,o,2048,1275,0.62255859375,0.9127740263938904
init-init,proj-slimpajama-r30-s0,proj-alpaca-r30-s0,L5.gateup,5,gateup,2048,812,0.396484375,0.7385393381118774
final-final,proj-slimpajama-r30-s0,proj-alpaca-r30-s0,L5.gateup,5,gateup,2048,812,0.396484375,0.7338683009147644
init-init,proj-slimpajama-r30-s0,proj-alpaca-r30-s0,L5.down,5,down,2048,812,0.396484375,0.8560685515403748
final-final,proj-slimpajama-r30-s0,proj-alpaca-r30-s0,L5.down,5,down,2048,812,0.396484375,0.8514044880867004
init-init,proj-slimpajama-r30-s0,proj-alpaca-r30-s0,L6.qkv,6,qkv,2048,1275,0.62255859375,0.8915496468544006
final-final,proj-slimpajama-r30-s0,proj-alpaca-r30-s0,L6.qkv,6,qkv,2048,1275,0.62255859375,0.8888800144195557
init-init,proj-slimpajama-r30-s0,proj-alpaca-r30-s0,L6.o,6,o,2048,1275,0.62255859375,0.9203566908836365
final-final,proj-slimpajama-r30-s0,proj-alpaca-r30-s0,L6.o,6,o,2048,1275,0.62255859375,0.9164686799049377
init-init,proj-slimpajama-r30-s0,proj-alpaca-r30-s0,L6.gateup,6,gateup,2048,812,0.396484375,0.7451932430267334
final-final,proj-slimpajama-r30-s0,proj-alpaca-r30-s0,L6.gateup,6,gateup,2048,812,0.396484375,0.7409866452217102
init-init,proj-slimpajama-r30-s0,proj-alpaca-r30-s0,L6.down,6,down,2048,812,0.396484375,0.8669931292533875
final-final,proj-slimpajama-r30-s0,proj-alpaca-r30-s0,L6.down,6,down,2048,812,0.396484375,0.8621127009391785
init-init,proj-slimpajama-r30-s0,proj-alpaca-r30-s0,L7.qkv,7,qkv,2048,1275,0.62255859375,0.8912497758865356
final-final,proj-slimpajama-r30-s0,proj-alpaca-r30-s0,L7.qkv,7,qkv,2048,1275,0.62255859375,0.8887871503829956
init-init,proj-slimpajama-r30-s0,proj-alpaca-r30-s0,L7.o,7,o,2048,1275,0.62255859375,0.9140617251396179
final-final,proj-slimpajama-r30-s0,proj-alpaca-r30-s0,L7.o,7,o,2048,1275,0.62255859375,0.9104583263397217
init-init,proj-slimpajama-r30-s0,proj-alpaca-r30-s0,L7.gateup,7,gateup,2048,812,0.396484375,0.7400410175323486
final-final,proj-slimpajama-r30-s0,proj-alpaca-r30-s0,L7.gateup,7,gateup,2048,812,0.396484375,0.7357906103134155
init-init,proj-slimpajama-r30-s0,proj-alpaca-r30-s0,L7.down,7,down,2048,812,0.396484375,0.86454838514328
final-final,proj-slimpajama-r30-s0,proj-alpaca-r30-s0,L7.down,7,down,2048,812,0.396484375,0.8598198890686035
init-init,proj-slimpajama-r30-s0,proj-alpaca-r30-s0,L8.qkv,8,qkv,2048,1275,0.62255859375,0.8867239356040955
final-final,proj-slimpajama-r30-s0,proj-alpaca-r30-s0,L8.qkv,8,qkv,2048,1275,0.62255859375,0.8839187026023865
init-init,proj-slimpajama-r30-s0,proj-alpaca-r30-s0,L8.o,8,o,2048,1275,0.62255859375,0.9139941334724426
final-final,proj-slimpajama-r30-s0,proj-alpaca-r30-s0,L8.o,8,o,2048,1275,0.62255859375,0.9103718400001526
init-init,proj-slimpajama-r30-s0,proj-alpaca-r30-s0,L8.gateup,8,gateup,2048,812,0.396484375,0.7442411780357361
final-final,proj-slimpajama-r30-s0,proj-alpaca-r30-s0,L8.gateup,8,gateup,2048,812,0.396484375,0.7401650547981262
init-init,proj-slimpajama-r30-s0,proj-alpaca-r30-s0,L8.down,8,down,2048,812,0.396484375,0.8512586355209351
final-final,proj-slimpajama-r30-s0,proj-alpaca-r30-s0,L8.down,8,down,2048,812,0.396484375,0.8459957242012024
init-init,proj-slimpajama-r30-s0,proj-alpaca-r30-s0,L9.qkv,9,qkv,2048,1275,0.62255859375,0.8846591711044312
final-final,proj-slimpajama-r30-s0,proj-alpaca-r30-s0,L9.qkv,9,qkv,2048,1275,0.62255859375,0.8820503950119019
init-init,proj-slimpajama-r30-s0,proj-alpaca-r30-s0,L9.o,9,o,2048,1275,0.62255859375,0.9159746170043945
final-final,proj-slimpajama-r30-s0,proj-alpaca-r30-s0,L9.o,9,o,2048,1275,0.62255859375,0.9119740724563599
init-init,proj-slimpajama-r30-s0,proj-alpaca-r30-s0,L9.gateup,9,gateup,2048,812,0.396484375,0.7519407868385315
final-final,proj-slimpajama-r30-s0,proj-alpaca-r30-s0,L9.gateup,9,gateup,2048,812,0.396484375,0.7474787831306458
init-init,proj-slimpajama-r30-s0,proj-alpaca-r30-s0,L9.down,9,down,2048,812,0.396484375,0.8434203863143921
final-final,proj-slimpajama-r30-s0,proj-alpaca-r30-s0,L9.down,9,down,2048,812,0.396484375,0.8378080725669861
init-init,proj-slimpajama-r30-s0,proj-alpaca-r30-s0,L10.qkv,10,qkv,2048,1275,0.62255859375,0.8844700455665588
final-final,proj-slimpajama-r30-s0,proj-alpaca-r30-s0,L10.qkv,10,qkv,2048,1275,0.62255859375,0.8814606070518494
init-init,proj-slimpajama-r30-s0,proj-alpaca-r30-s0,L10.o,10,o,2048,1275,0.62255859375,0.9192888140678406
final-final,proj-slimpajama-r30-s0,proj-alpaca-r30-s0,L10.o,10,o,2048,1275,0.62255859375,0.9150201678276062
init-init,proj-slimpajama-r30-s0,proj-alpaca-r30-s0,L10.gateup,10,gateup,2048,812,0.396484375,0.730681300163269
final-final,proj-slimpajama-r30-s0,proj-alpaca-r30-s0,L10.gateup,10,gateup,2048,812,0.396484375,0.72626793384552
init-init,proj-slimpajama-r30-s0,proj-alpaca-r30-s0,L10.down,10,down,2048,812,0.396484375,0.8405030965805054
final-final,proj-slimpajama-r30-s0,proj-alpaca-r30-s0,L10.down,10,down,2048,812,0.396484375,0.83428555727005
init-init,proj-slimpajama-r30-s0,proj-alpaca-r30-s0,L11.qkv,11,qkv,2048,1275,0.62255859375,0.8739330172538757
final-final,proj-slimpajama-r30-s0,proj-alpaca-r30-s0,L11.qkv,11,qkv,2048,1275,0.62255859375,0.8710824251174927
init-init,proj-slimpajama-r30-s0,proj-alpaca-r30-s0,L11.o,11,o,2048,1275,0.62255859375,0.897441565990448
final-final,proj-slimpajama-r30-s0,proj-alpaca-r30-s0,L11.o,11,o,2048,1275,0.62255859375,0.892668604850769
init-init,proj-slimpajama-r30-s0,proj-alpaca-r30-s0,L11.gateup,11,gateup,2048,812,0.396484375,0.7291595339775085
final-final,proj-slimpajama-r30-s0,proj-alpaca-r30-s0,L11.gateup,11,gateup,2048,812,0.396484375,0.724219024181366
init-init,proj-slimpajama-r30-s0,proj-alpaca-r30-s0,L11.down,11,down,2048,812,0.396484375,0.835285484790802
final-final,proj-slimpajama-r30-s0,proj-alpaca-r30-s0,L11.down,11,down,2048,812,0.396484375,0.829241156578064
init-init,proj-slimpajama-r30-s0,proj-alpaca-r30-s0,L12.qkv,12,qkv,2048,1275,0.62255859375,0.8768408894538879
final-final,proj-slimpajama-r30-s0,proj-alpaca-r30-s0,L12.qkv,12,qkv,2048,1275,0.62255859375,0.8743981719017029
init-init,proj-slimpajama-r30-s0,proj-alpaca-r30-s0,L12.o,12,o,2048,1275,0.62255859375,0.891232967376709
final-final,proj-slimpajama-r30-s0,proj-alpaca-r30-s0,L12.o,12,o,2048,1275,0.62255859375,0.8870652318000793
init-init,proj-slimpajama-r30-s0,proj-alpaca-r30-s0,L12.gateup,12,gateup,2048,812,0.396484375,0.719569206237793
final-final,proj-slimpajama-r30-s0,proj-alpaca-r30-s0,L12.gateup,12,gateup,2048,812,0.396484375,0.7140917778015137
init-init,proj-slimpajama-r30-s0,proj-alpaca-r30-s0,L12.down,12,down,2048,812,0.396484375,0.8437538743019104
final-final,proj-slimpajama-r30-s0,proj-alpaca-r30-s0,L12.down,12,down,2048,812,0.396484375,0.837166428565979
init-init,proj-slimpajama-r30-s0,proj-alpaca-r30-s0,L13.qkv,13,qkv,2048,1275,0.62255859375,0.876627504825592
final-final,proj-slimpajama-r30-s0,proj-alpaca-r30-s0,L13.qkv,13,qkv,2048,1275,0.62255859375,0.874047577381134
init-init,proj-slimpajama-r30-s0,proj-alpaca-r30-s0,L13.o,13,o,2048,1275,0.62255859375,0.8699324727058411
final-final,proj-slimpajama-r30-s0,proj-alpaca-r30-s0,L13.o,13,o,2048,1275,0.62255859375,0.8663000464439392
init-init,proj-slimpajama-r30-s0,proj-alpaca-r30-s0,L13.gateup,13,gateup,2048,812,0.396484375,0.7183371782302856
final-final,proj-slimpajama-r30-s0,proj-alpaca-r30-s0,L13.gateup,13,gateup,2048,812,0.396484375,0.7128281593322754
init-init,proj-slimpajama-r30-s0,proj-alpaca-r30-s0,L13.down,13,down,2048,812,0.396484375,0.8398685455322266
final-final,proj-slimpajama-r30-s0,proj-alpaca-r30-s0,L13.down,13,down,2048,812,0.396484375,0.8337346315383911
init-init,proj-slimpajama-r30-s0,proj-alpaca-r30-s0,L14.qkv,14,qkv,2048,1275,0.62255859375,0.8803865909576416
final-final,proj-slimpajama-r30-s0,proj-alpaca-r30-s0,L14.qkv,14,qkv,2048,1275,0.62255859375,0.8780200481414795
init-init,proj-slimpajama-r30-s0,proj-alpaca-r30-s0,L14.o,14,o,2048,1275,0.62255859375,0.8523195385932922
final-final,proj-slimpajama-r30-s0,proj-alpaca-r30-s0,L14.o,14,o,2048,1275,0.62255859375,0.8484504818916321
init-init,proj-slimpajama-r30-s0,proj-alpaca-r30-s0,L14.gateup,14,gateup,2048,812,0.396484375,0.728380560874939
final-final,proj-slimpajama-r30-s0,proj-alpaca-r30-s0,L14.gateup,14,gateup,2048,812,0.396484375,0.7232069969177246
init-init,proj-slimpajama-r30-s0,proj-alpaca-r30-s0,L14.down,14,down,2048,812,0.396484375,0.8339240550994873
final-final,proj-slimpajama-r30-s0,proj-alpaca-r30-s0,L14.down,14,down,2048,812,0.396484375,0.8288070559501648
init-init,proj-slimpajama-r30-s0,proj-alpaca-r30-s0,L15.qkv,15,qkv,2048,1275,0.62255859375,0.8775396347045898
final-final,proj-slimpajama-r30-s0,proj-alpaca-r30-s0,L15.qkv,15,qkv,2048,1275,0.62255859375,0.8752113580703735
init-init,proj-slimpajama-r30-s0,proj-alpaca-r30-s0,L15.o,15,o,2048,1275,0.62255859375,0.8718464374542236
final-final,proj-slimpajama-r30-s0,proj-alpaca-r30-s0,L15.o,15,o,2048,1275,0.62255859375,0.8679803013801575
init-init,proj-slimpajama-r30-s0,proj-alpaca-r30-s0,L15.gateup,15,gateup,2048,812,0.396484375,0.7165659666061401
final-final,proj-slimpajama-r30-s0,proj-alpaca-r30-s0,L15.gateup,15,gateup,2048,812,0.396484375,0.7130011320114136
init-init,proj-slimpajama-r30-s0,proj-alpaca-r30-s0,L15.down,15,down,2048,812,0.396484375,0.8276419639587402
final-final,proj-slimpajama-r30-s0,proj-alpaca-r30-s0,L15.down,15,down,2048,812,0.396484375,0.825140655040741
init-init,proj-slimpajama-r30-s0,proj-selfgen-r30-s0,L0.qkv,0,qkv,2048,1275,0.62255859375,0.9512350559234619
final-final,proj-slimpajama-r30-s0,proj-selfgen-r30-s0,L0.qkv,0,qkv,2048,1275,0.62255859375,0.9469962120056152
init-init,proj-slimpajama-r30-s0,proj-selfgen-r30-s0,L0.o,0,o,2048,1275,0.62255859375,0.9412620663642883
final-final,proj-slimpajama-r30-s0,proj-selfgen-r30-s0,L0.o,0,o,2048,1275,0.62255859375,0.9365423917770386
init-init,proj-slimpajama-r30-s0,proj-selfgen-r30-s0,L0.gateup,0,gateup,2048,812,0.396484375,0.8038536906242371
final-final,proj-slimpajama-r30-s0,proj-selfgen-r30-s0,L0.gateup,0,gateup,2048,812,0.396484375,0.7977716326713562
init-init,proj-slimpajama-r30-s0,proj-selfgen-r30-s0,L0.down,0,down,2048,812,0.396484375,0.8662673234939575
final-final,proj-slimpajama-r30-s0,proj-selfgen-r30-s0,L0.down,0,down,2048,812,0.396484375,0.8609365224838257
init-init,proj-slimpajama-r30-s0,proj-selfgen-r30-s0,L1.qkv,1,qkv,2048,1275,0.62255859375,0.9468328356742859
final-final,proj-slimpajama-r30-s0,proj-selfgen-r30-s0,L1.qkv,1,qkv,2048,1275,0.62255859375,0.9436584711074829
init-init,proj-slimpajama-r30-s0,proj-selfgen-r30-s0,L1.o,1,o,2048,1275,0.62255859375,0.9428335428237915
final-final,proj-slimpajama-r30-s0,proj-selfgen-r30-s0,L1.o,1,o,2048,1275,0.62255859375,0.9375808835029602
init-init,proj-slimpajama-r30-s0,proj-selfgen-r30-s0,L1.gateup,1,gateup,2048,812,0.396484375,0.797199547290802
final-final,proj-slimpajama-r30-s0,proj-selfgen-r30-s0,L1.gateup,1,gateup,2048,812,0.396484375,0.7910091280937195
init-init,proj-slimpajama-r30-s0,proj-selfgen-r30-s0,L1.down,1,down,2048,812,0.396484375,0.869479775428772
final-final,proj-slimpajama-r30-s0,proj-selfgen-r30-s0,L1.down,1,down,2048,812,0.396484375,0.8646668791770935
init-init,proj-slimpajama-r30-s0,proj-selfgen-r30-s0,L2.qkv,2,qkv,2048,1275,0.62255859375,0.9303861260414124
final-final,proj-slimpajama-r30-s0,proj-selfgen-r30-s0,L2.qkv,2,qkv,2048,1275,0.62255859375,0.927334189414978
init-init,proj-slimpajama-r30-s0,proj-selfgen-r30-s0,L2.o,2,o,2048,1275,0.62255859375,0.9218314290046692
final-final,proj-slimpajama-r30-s0,proj-selfgen-r30-s0,L2.o,2,o,2048,1275,0.62255859375,0.9166618585586548
init-init,proj-slimpajama-r30-s0,proj-selfgen-r30-s0,L2.gateup,2,gateup,2048,812,0.396484375,0.7743491530418396
final-final,proj-slimpajama-r30-s0,proj-selfgen-r30-s0,L2.gateup,2,gateup,2048,812,0.396484375,0.7692532539367676
init-init,proj-slimpajama-r30-s0,proj-selfgen-r30-s0,L2.down,2,down,2048,812,0.396484375,0.86529541015625
final-final,proj-slimpajama-r30-s0,proj-selfgen-r30-s0,L2.down,2,down,2048,812,0.396484375,0.8603928685188293
init-init,proj-slimpajama-r30-s0,proj-selfgen-r30-s0,L3.qkv,3,qkv,2048,1275,0.62255859375,0.9144625067710876
final-final,proj-slimpajama-r30-s0,proj-selfgen-r30-s0,L3.qkv,3,qkv,2048,1275,0.62255859375,0.9115557670593262
init-init,proj-slimpajama-r30-s0,proj-selfgen-r30-s0,L3.o,3,o,2048,1275,0.62255859375,0.9150429964065552
final-final,proj-slimpajama-r30-s0,proj-selfgen-r30-s0,L3.o,3,o,2048,1275,0.62255859375,0.9096788763999939
init-init,proj-slimpajama-r30-s0,proj-selfgen-r30-s0,L3.gateup,3,gateup,2048,812,0.396484375,0.7694677710533142
final-final,proj-slimpajama-r30-s0,proj-selfgen-r30-s0,L3.gateup,3,gateup,2048,812,0.396484375,0.7645377516746521
init-init,proj-slimpajama-r30-s0,proj-selfgen-r30-s0,L3.down,3,down,2048,812,0.396484375,0.8587257266044617
final-final,proj-slimpajama-r30-s0,proj-selfgen-r30-s0,L3.down,3,down,2048,812,0.396484375,0.8540351390838623
init-init,proj-slimpajama-r30-s0,proj-selfgen-r30-s0,L4.qkv,4,qkv,2048,1275,0.62255859375,0.9087468981742859
final-final,proj-slimpajama-r30-s0,proj-selfgen-r30-s0,L4.qkv,4,qkv,2048,1275,0.62255859375,0.9058231711387634
init-init,proj-slimpajama-r30-s0,proj-selfgen-r30-s0,L4.o,4,o,2048,1275,0.62255859375,0.9011682271957397
final-final,proj-slimpajama-r30-s0,proj-selfgen-r30-s0,L4.o,4,o,2048,1275,0.62255859375,0.8968127369880676
init-init,proj-slimpajama-r30-s0,proj-selfgen-r30-s0,L4.gateup,4,gateup,2048,812,0.396484375,0.749468982219696
final-final,proj-slimpajama-r30-s0,proj-selfgen-r30-s0,L4.gateup,4,gateup,2048,812,0.396484375,0.7452799677848816
init-init,proj-slimpajama-r30-s0,proj-selfgen-r30-s0,L4.down,4,down,2048,812,0.396484375,0.864169716835022
final-final,proj-slimpajama-r30-s0,proj-selfgen-r30-s0,L4.down,4,down,2048,812,0.396484375,0.859480619430542
init-init,proj-slimpajama-r30-s0,proj-selfgen-r30-s0,L5.qkv,5,qkv,2048,1275,0.62255859375,0.9109523296356201
final-final,proj-slimpajama-r30-s0,proj-selfgen-r30-s0,L5.qkv,5,qkv,2048,1275,0.62255859375,0.9077437520027161
init-init,proj-slimpajama-r30-s0,proj-selfgen-r30-s0,L5.o,5,o,2048,1275,0.62255859375,0.9212136268615723
final-final,proj-slimpajama-r30-s0,proj-selfgen-r30-s0,L5.o,5,o,2048,1275,0.62255859375,0.9165882468223572
init-init,proj-slimpajama-r30-s0,proj-selfgen-r30-s0,L5.gateup,5,gateup,2048,812,0.396484375,0.7444444298744202
final-final,proj-slimpajama-r30-s0,proj-selfgen-r30-s0,L5.gateup,5,gateup,2048,812,0.396484375,0.7401018142700195
init-init,proj-slimpajama-r30-s0,proj-selfgen-r30-s0,L5.down,5,down,2048,812,0.396484375,0.8718560934066772
final-final,proj-slimpajama-r30-s0,proj-selfgen-r30-s0,L5.down,5,down,2048,812,0.396484375,0.8673142194747925
init-init,proj-slimpajama-r30-s0,proj-selfgen-r30-s0,L6.qkv,6,qkv,2048,1275,0.62255859375,0.9033088088035583
final-final,proj-slimpajama-r30-s0,proj-selfgen-r30-s0,L6.qkv,6,qkv,2048,1275,0.62255859375,0.8999420404434204
init-init,proj-slimpajama-r30-s0,proj-selfgen-r30-s0,L6.o,6,o,2048,1275,0.62255859375,0.9257413148880005
final-final,proj-slimpajama-r30-s0,proj-selfgen-r30-s0,L6.o,6,o,2048,1275,0.62255859375,0.9213960766792297
init-init,proj-slimpajama-r30-s0,proj-selfgen-r30-s0,L6.gateup,6,gateup,2048,812,0.396484375,0.7439920902252197
final-final,proj-slimpajama-r30-s0,proj-selfgen-r30-s0,L6.gateup,6,gateup,2048,812,0.396484375,0.7398552894592285
init-init,proj-slimpajama-r30-s0,proj-selfgen-r30-s0,L6.down,6,down,2048,812,0.396484375,0.8774720430374146
final-final,proj-slimpajama-r30-s0,proj-selfgen-r30-s0,L6.down,6,down,2048,812,0.396484375,0.8726256489753723
init-init,proj-slimpajama-r30-s0,proj-selfgen-r30-s0,L7.qkv,7,qkv,2048,1275,0.62255859375,0.8994171023368835
final-final,proj-slimpajama-r30-s0,proj-selfgen-r30-s0,L7.qkv,7,qkv,2048,1275,0.62255859375,0.8962094187736511
init-init,proj-slimpajama-r30-s0,proj-selfgen-r30-s0,L7.o,7,o,2048,1275,0.62255859375,0.9186988472938538
final-final,proj-slimpajama-r30-s0,proj-selfgen-r30-s0,L7.o,7,o,2048,1275,0.62255859375,0.9144483208656311
init-init,proj-slimpajama-r30-s0,proj-selfgen-r30-s0,L7.gateup,7,gateup,2048,812,0.396484375,0.7411470413208008
final-final,proj-slimpajama-r30-s0,proj-selfgen-r30-s0,L7.gateup,7,gateup,2048,812,0.396484375,0.7373602390289307
init-init,proj-slimpajama-r30-s0,proj-selfgen-r30-s0,L7.down,7,down,2048,812,0.396484375,0.8679338693618774
final-final,proj-slimpajama-r30-s0,proj-selfgen-r30-s0,L7.down,7,down,2048,812,0.396484375,0.8635842204093933
init-init,proj-slimpajama-r30-s0,proj-selfgen-r30-s0,L8.qkv,8,qkv,2048,1275,0.62255859375,0.8907968401908875
final-final,proj-slimpajama-r30-s0,proj-selfgen-r30-s0,L8.qkv,8,qkv,2048,1275,0.62255859375,0.8878631591796875
init-init,proj-slimpajama-r30-s0,proj-selfgen-r30-s0,L8.o,8,o,2048,1275,0.62255859375,0.9259369373321533
final-final,proj-slimpajama-r30-s0,proj-selfgen-r30-s0,L8.o,8,o,2048,1275,0.62255859375,0.9216268062591553
init-init,proj-slimpajama-r30-s0,proj-selfgen-r30-s0,L8.gateup,8,gateup,2048,812,0.396484375,0.7436702251434326
final-final,proj-slimpajama-r30-s0,proj-selfgen-r30-s0,L8.gateup,8,gateup,2048,812,0.396484375,0.7399765253067017
init-init,proj-slimpajama-r30-s0,proj-selfgen-r30-s0,L8.down,8,down,2048,812,0.396484375,0.8565965890884399
final-final,proj-slimpajama-r30-s0,proj-selfgen-r30-s0,L8.down,8,down,2048,812,0.396484375,0.8524133563041687
init-init,proj-slimpajama-r30-s0,proj-selfgen-r30-s0,L9.qkv,9,qkv,2048,1275,0.62255859375,0.8895440697669983
final-final,proj-slimpajama-r30-s0,proj-selfgen-r30-s0,L9.qkv,9,qkv,2048,1275,0.62255859375,0.8869196772575378
init-init,proj-slimpajama-r30-s0,proj-selfgen-r30-s0,L9.o,9,o,2048,1275,0.62255859375,0.9238641858100891
final-final,proj-slimpajama-r30-s0,proj-selfgen-r30-s0,L9.o,9,o,2048,1275,0.62255859375,0.9193071126937866
init-init,proj-slimpajama-r30-s0,proj-selfgen-r30-s0,L9.gateup,9,gateup,2048,812,0.396484375,0.7551518678665161
final-final,proj-slimpajama-r30-s0,proj-selfgen-r30-s0,L9.gateup,9,gateup,2048,812,0.396484375,0.7512149810791016
init-init,proj-slimpajama-r30-s0,proj-selfgen-r30-s0,L9.down,9,down,2048,812,0.396484375,0.8527958393096924
final-final,proj-slimpajama-r30-s0,proj-selfgen-r30-s0,L9.down,9,down,2048,812,0.396484375,0.8481770753860474
init-init,proj-slimpajama-r30-s0,proj-selfgen-r30-s0,L10.qkv,10,qkv,2048,1275,0.62255859375,0.8918876051902771
final-final,proj-slimpajama-r30-s0,proj-selfgen-r30-s0,L10.qkv,10,qkv,2048,1275,0.62255859375,0.8887473940849304
init-init,proj-slimpajama-r30-s0,proj-selfgen-r30-s0,L10.o,10,o,2048,1275,0.62255859375,0.931120753288269
final-final,proj-slimpajama-r30-s0,proj-selfgen-r30-s0,L10.o,10,o,2048,1275,0.62255859375,0.9263587594032288
init-init,proj-slimpajama-r30-s0,proj-selfgen-r30-s0,L10.gateup,10,gateup,2048,812,0.396484375,0.747171938419342
final-final,proj-slimpajama-r30-s0,proj-selfgen-r30-s0,L10.gateup,10,gateup,2048,812,0.396484375,0.7430731058120728
init-init,proj-slimpajama-r30-s0,proj-selfgen-r30-s0,L10.down,10,down,2048,812,0.396484375,0.8557794690132141
final-final,proj-slimpajama-r30-s0,proj-selfgen-r30-s0,L10.down,10,down,2048,812,0.396484375,0.8502347469329834
init-init,proj-slimpajama-r30-s0,proj-selfgen-r30-s0,L11.qkv,11,qkv,2048,1275,0.62255859375,0.8808339238166809
final-final,proj-slimpajama-r30-s0,proj-selfgen-r30-s0,L11.qkv,11,qkv,2048,1275,0.62255859375,0.8778079748153687
init-init,proj-slimpajama-r30-s0,proj-selfgen-r30-s0,L11.o,11,o,2048,1275,0.62255859375,0.903633177280426
final-final,proj-slimpajama-r30-s0,proj-selfgen-r30-s0,L11.o,11,o,2048,1275,0.62255859375,0.8989990949630737
init-init,proj-slimpajama-r30-s0,proj-selfgen-r30-s0,L11.gateup,11,gateup,2048,812,0.396484375,0.7504594922065735
final-final,proj-slimpajama-r30-s0,proj-selfgen-r30-s0,L11.gateup,11,gateup,2048,812,0.396484375,0.7460480332374573
init-init,proj-slimpajama-r30-s0,proj-selfgen-r30-s0,L11.down,11,down,2048,812,0.396484375,0.856084942817688
final-final,proj-slimpajama-r30-s0,proj-selfgen-r30-s0,L11.down,11,down,2048,812,0.396484375,0.8505412936210632
init-init,proj-slimpajama-r30-s0,proj-selfgen-r30-s0,L12.qkv,12,qkv,2048,1275,0.62255859375,0.8897426128387451
final-final,proj-slimpajama-r30-s0,proj-selfgen-r30-s0,L12.qkv,12,qkv,2048,1275,0.62255859375,0.8869927525520325
init-init,proj-slimpajama-r30-s0,proj-selfgen-r30-s0,L12.o,12,o,2048,1275,0.62255859375,0.8864187598228455
final-final,proj-slimpajama-r30-s0,proj-selfgen-r30-s0,L12.o,12,o,2048,1275,0.62255859375,0.8820832371711731
init-init,proj-slimpajama-r30-s0,proj-selfgen-r30-s0,L12.gateup,12,gateup,2048,812,0.396484375,0.7417713403701782
final-final,proj-slimpajama-r30-s0,proj-selfgen-r30-s0,L12.gateup,12,gateup,2048,812,0.396484375,0.7366050481796265
init-init,proj-slimpajama-r30-s0,proj-selfgen-r30-s0,L12.down,12,down,2048,812,0.396484375,0.8646193742752075
final-final,proj-slimpajama-r30-s0,proj-selfgen-r30-s0,L12.down,12,down,2048,812,0.396484375,0.8584776520729065
init-init,proj-slimpajama-r30-s0,proj-selfgen-r30-s0,L13.qkv,13,qkv,2048,1275,0.62255859375,0.8881050944328308
final-final,proj-slimpajama-r30-s0,proj-selfgen-r30-s0,L13.qkv,13,qkv,2048,1275,0.62255859375,0.8853498101234436
init-init,proj-slimpajama-r30-s0,proj-selfgen-r30-s0,L13.o,13,o,2048,1275,0.62255859375,0.8573721051216125
final-final,proj-slimpajama-r30-s0,proj-selfgen-r30-s0,L13.o,13,o,2048,1275,0.62255859375,0.8537605404853821
init-init,proj-slimpajama-r30-s0,proj-selfgen-r30-s0,L13.gateup,13,gateup,2048,812,0.396484375,0.7316999435424805
final-final,proj-slimpajama-r30-s0,proj-selfgen-r30-s0,L13.gateup,13,gateup,2048,812,0.396484375,0.7266983985900879
init-init,proj-slimpajama-r30-s0,proj-selfgen-r30-s0,L13.down,13,down,2048,812,0.396484375,0.8566186428070068
final-final,proj-slimpajama-r30-s0,proj-selfgen-r30-s0,L13.down,13,down,2048,812,0.396484375,0.8508060574531555
init-init,proj-slimpajama-r30-s0,proj-selfgen-r30-s0,L14.qkv,14,qkv,2048,1275,0.62255859375,0.8957555890083313
final-final,proj-slimpajama-r30-s0,proj-selfgen-r30-s0,L14.qkv,14,qkv,2048,1275,0.62255859375,0.8929564952850342
init-init,proj-slimpajama-r30-s0,proj-selfgen-r30-s0,L14.o,14,o,2048,1275,0.62255859375,0.8777689933776855
final-final,proj-slimpajama-r30-s0,proj-selfgen-r30-s0,L14.o,14,o,2048,1275,0.62255859375,0.8729335069656372
init-init,proj-slimpajama-r30-s0,proj-selfgen-r30-s0,L14.gateup,14,gateup,2048,812,0.396484375,0.7336273789405823
final-final,proj-slimpajama-r30-s0,proj-selfgen-r30-s0,L14.gateup,14,gateup,2048,812,0.396484375,0.7290787100791931
init-init,proj-slimpajama-r30-s0,proj-selfgen-r30-s0,L14.down,14,down,2048,812,0.396484375,0.8508591055870056
final-final,proj-slimpajama-r30-s0,proj-selfgen-r30-s0,L14.down,14,down,2048,812,0.396484375,0.8457368612289429
init-init,proj-slimpajama-r30-s0,proj-selfgen-r30-s0,L15.qkv,15,qkv,2048,1275,0.62255859375,0.8898575901985168
final-final,proj-slimpajama-r30-s0,proj-selfgen-r30-s0,L15.qkv,15,qkv,2048,1275,0.62255859375,0.8871292471885681
init-init,proj-slimpajama-r30-s0,proj-selfgen-r30-s0,L15.o,15,o,2048,1275,0.62255859375,0.8739422559738159
final-final,proj-slimpajama-r30-s0,proj-selfgen-r30-s0,L15.o,15,o,2048,1275,0.62255859375,0.8697683215141296
init-init,proj-slimpajama-r30-s0,proj-selfgen-r30-s0,L15.gateup,15,gateup,2048,812,0.396484375,0.7136697769165039
final-final,proj-slimpajama-r30-s0,proj-selfgen-r30-s0,L15.gateup,15,gateup,2048,812,0.396484375,0.7109893560409546
init-init,proj-slimpajama-r30-s0,proj-selfgen-r30-s0,L15.down,15,down,2048,812,0.396484375,0.8353100419044495
final-final,proj-slimpajama-r30-s0,proj-selfgen-r30-s0,L15.down,15,down,2048,812,0.396484375,0.8331218361854553
init-init,proj-slimpajama-r30-s0,proj-selfdoc-r30-s0,L0.qkv,0,qkv,2048,1275,0.62255859375,0.9679364562034607
final-final,proj-slimpajama-r30-s0,proj-selfdoc-r30-s0,L0.qkv,0,qkv,2048,1275,0.62255859375,0.9638723134994507
init-init,proj-slimpajama-r30-s0,proj-selfdoc-r30-s0,L0.o,0,o,2048,1275,0.62255859375,0.9562166929244995
final-final,proj-slimpajama-r30-s0,proj-selfdoc-r30-s0,L0.o,0,o,2048,1275,0.62255859375,0.9519088864326477
init-init,proj-slimpajama-r30-s0,proj-selfdoc-r30-s0,L0.gateup,0,gateup,2048,812,0.396484375,0.8677375316619873
final-final,proj-slimpajama-r30-s0,proj-selfdoc-r30-s0,L0.gateup,0,gateup,2048,812,0.396484375,0.8596965670585632
init-init,proj-slimpajama-r30-s0,proj-selfdoc-r30-s0,L0.down,0,down,2048,812,0.396484375,0.8985518217086792
final-final,proj-slimpajama-r30-s0,proj-selfdoc-r30-s0,L0.down,0,down,2048,812,0.396484375,0.8927544355392456
init-init,proj-slimpajama-r30-s0,proj-selfdoc-r30-s0,L1.qkv,1,qkv,2048,1275,0.62255859375,0.96285080909729
final-final,proj-slimpajama-r30-s0,proj-selfdoc-r30-s0,L1.qkv,1,qkv,2048,1275,0.62255859375,0.9601713418960571
init-init,proj-slimpajama-r30-s0,proj-selfdoc-r30-s0,L1.o,1,o,2048,1275,0.62255859375,0.9633164405822754
final-final,proj-slimpajama-r30-s0,proj-selfdoc-r30-s0,L1.o,1,o,2048,1275,0.62255859375,0.9580983519554138
init-init,proj-slimpajama-r30-s0,proj-selfdoc-r30-s0,L1.gateup,1,gateup,2048,812,0.396484375,0.87319415807724
final-final,proj-slimpajama-r30-s0,proj-selfdoc-r30-s0,L1.gateup,1,gateup,2048,812,0.396484375,0.8646782636642456
init-init,proj-slimpajama-r30-s0,proj-selfdoc-r30-s0,L1.down,1,down,2048,812,0.396484375,0.9165098071098328
final-final,proj-slimpajama-r30-s0,proj-selfdoc-r30-s0,L1.down,1,down,2048,812,0.396484375,0.9111654758453369
init-init,proj-slimpajama-r30-s0,proj-selfdoc-r30-s0,L2.qkv,2,qkv,2048,1275,0.62255859375,0.9602946043014526
final-final,proj-slimpajama-r30-s0,proj-selfdoc-r30-s0,L2.qkv,2,qkv,2048,1275,0.62255859375,0.9574881196022034
init-init,proj-slimpajama-r30-s0,proj-selfdoc-r30-s0,L2.o,2,o,2048,1275,0.62255859375,0.9403902292251587
final-final,proj-slimpajama-r30-s0,proj-selfdoc-r30-s0,L2.o,2,o,2048,1275,0.62255859375,0.9353670477867126
init-init,proj-slimpajama-r30-s0,proj-selfdoc-r30-s0,L2.gateup,2,gateup,2048,812,0.396484375,0.8691783547401428
final-final,proj-slimpajama-r30-s0,proj-selfdoc-r30-s0,L2.gateup,2,gateup,2048,812,0.396484375,0.8617696166038513
init-init,proj-slimpajama-r30-s0,proj-selfdoc-r30-s0,L2.down,2,down,2048,812,0.396484375,0.921524703502655
final-final,proj-slimpajama-r30-s0,proj-selfdoc-r30-s0,L2.down,2,down,2048,812,0.396484375,0.9157734513282776
init-init,proj-slimpajama-r30-s0,proj-selfdoc-r30-s0,L3.qkv,3,qkv,2048,1275,0.62255859375,0.955148458480835
final-final,proj-slimpajama-r30-s0,proj-selfdoc-r30-s0,L3.qkv,3,qkv,2048,1275,0.62255859375,0.9525114893913269
init-init,proj-slimpajama-r30-s0,proj-selfdoc-r30-s0,L3.o,3,o,2048,1275,0.62255859375,0.9553325772285461
final-final,proj-slimpajama-r30-s0,proj-selfdoc-r30-s0,L3.o,3,o,2048,1275,0.62255859375,0.9499055743217468
init-init,proj-slimpajama-r30-s0,proj-selfdoc-r30-s0,L3.gateup,3,gateup,2048,812,0.396484375,0.8698089718818665
final-final,proj-slimpajama-r30-s0,proj-selfdoc-r30-s0,L3.gateup,3,gateup,2048,812,0.396484375,0.8624950051307678
init-init,proj-slimpajama-r30-s0,proj-selfdoc-r30-s0,L3.down,3,down,2048,812,0.396484375,0.9218470454216003
final-final,proj-slimpajama-r30-s0,proj-selfdoc-r30-s0,L3.down,3,down,2048,812,0.396484375,0.916434645652771
init-init,proj-slimpajama-r30-s0,proj-selfdoc-r30-s0,L4.qkv,4,qkv,2048,1275,0.62255859375,0.9515158534049988
final-final,proj-slimpajama-r30-s0,proj-selfdoc-r30-s0,L4.qkv,4,qkv,2048,1275,0.62255859375,0.9487478733062744
init-init,proj-slimpajama-r30-s0,proj-selfdoc-r30-s0,L4.o,4,o,2048,1275,0.62255859375,0.9497649669647217
final-final,proj-slimpajama-r30-s0,proj-selfdoc-r30-s0,L4.o,4,o,2048,1275,0.62255859375,0.9451039433479309
init-init,proj-slimpajama-r30-s0,proj-selfdoc-r30-s0,L4.gateup,4,gateup,2048,812,0.396484375,0.8559792637825012
final-final,proj-slimpajama-r30-s0,proj-selfdoc-r30-s0,L4.gateup,4,gateup,2048,812,0.396484375,0.8495693206787109
init-init,proj-slimpajama-r30-s0,proj-selfdoc-r30-s0,L4.down,4,down,2048,812,0.396484375,0.9206959009170532
final-final,proj-slimpajama-r30-s0,proj-selfdoc-r30-s0,L4.down,4,down,2048,812,0.396484375,0.9154118895530701
init-init,proj-slimpajama-r30-s0,proj-selfdoc-r30-s0,L5.qkv,5,qkv,2048,1275,0.62255859375,0.9527010321617126
final-final,proj-slimpajama-r30-s0,proj-selfdoc-r30-s0,L5.qkv,5,qkv,2048,1275,0.62255859375,0.949420154094696
init-init,proj-slimpajama-r30-s0,proj-selfdoc-r30-s0,L5.o,5,o,2048,1275,0.62255859375,0.9600837826728821
final-final,proj-slimpajama-r30-s0,proj-selfdoc-r30-s0,L5.o,5,o,2048,1275,0.62255859375,0.9552565813064575
init-init,proj-slimpajama-r30-s0,proj-selfdoc-r30-s0,L5.gateup,5,gateup,2048,812,0.396484375,0.8493750095367432
final-final,proj-slimpajama-r30-s0,proj-selfdoc-r30-s0,L5.gateup,5,gateup,2048,812,0.396484375,0.8427550792694092
init-init,proj-slimpajama-r30-s0,proj-selfdoc-r30-s0,L5.down,5,down,2048,812,0.396484375,0.9246079325675964
final-final,proj-slimpajama-r30-s0,proj-selfdoc-r30-s0,L5.down,5,down,2048,812,0.396484375,0.9193679094314575
init-init,proj-slimpajama-r30-s0,proj-selfdoc-r30-s0,L6.qkv,6,qkv,2048,1275,0.62255859375,0.949446976184845
final-final,proj-slimpajama-r30-s0,proj-selfdoc-r30-s0,L6.qkv,6,qkv,2048,1275,0.62255859375,0.9461018443107605
init-init,proj-slimpajama-r30-s0,proj-selfdoc-r30-s0,L6.o,6,o,2048,1275,0.62255859375,0.965972363948822
final-final,proj-slimpajama-r30-s0,proj-selfdoc-r30-s0,L6.o,6,o,2048,1275,0.62255859375,0.9614695906639099
init-init,proj-slimpajama-r30-s0,proj-selfdoc-r30-s0,L6.gateup,6,gateup,2048,812,0.396484375,0.854360044002533
final-final,proj-slimpajama-r30-s0,proj-selfdoc-r30-s0,L6.gateup,6,gateup,2048,812,0.396484375,0.8483197093009949
init-init,proj-slimpajama-r30-s0,proj-selfdoc-r30-s0,L6.down,6,down,2048,812,0.396484375,0.9310298562049866
final-final,proj-slimpajama-r30-s0,proj-selfdoc-r30-s0,L6.down,6,down,2048,812,0.396484375,0.9254756569862366
init-init,proj-slimpajama-r30-s0,proj-selfdoc-r30-s0,L7.qkv,7,qkv,2048,1275,0.62255859375,0.94821697473526
final-final,proj-slimpajama-r30-s0,proj-selfdoc-r30-s0,L7.qkv,7,qkv,2048,1275,0.62255859375,0.9450830817222595
init-init,proj-slimpajama-r30-s0,proj-selfdoc-r30-s0,L7.o,7,o,2048,1275,0.62255859375,0.9614535570144653
final-final,proj-slimpajama-r30-s0,proj-selfdoc-r30-s0,L7.o,7,o,2048,1275,0.62255859375,0.9573537707328796
init-init,proj-slimpajama-r30-s0,proj-selfdoc-r30-s0,L7.gateup,7,gateup,2048,812,0.396484375,0.8502773642539978
final-final,proj-slimpajama-r30-s0,proj-selfdoc-r30-s0,L7.gateup,7,gateup,2048,812,0.396484375,0.8443072438240051
init-init,proj-slimpajama-r30-s0,proj-selfdoc-r30-s0,L7.down,7,down,2048,812,0.396484375,0.9297094345092773
final-final,proj-slimpajama-r30-s0,proj-selfdoc-r30-s0,L7.down,7,down,2048,812,0.396484375,0.9245176911354065
init-init,proj-slimpajama-r30-s0,proj-selfdoc-r30-s0,L8.qkv,8,qkv,2048,1275,0.62255859375,0.9451326727867126
final-final,proj-slimpajama-r30-s0,proj-selfdoc-r30-s0,L8.qkv,8,qkv,2048,1275,0.62255859375,0.9417767524719238
init-init,proj-slimpajama-r30-s0,proj-selfdoc-r30-s0,L8.o,8,o,2048,1275,0.62255859375,0.9635677933692932
final-final,proj-slimpajama-r30-s0,proj-selfdoc-r30-s0,L8.o,8,o,2048,1275,0.62255859375,0.9593643546104431
init-init,proj-slimpajama-r30-s0,proj-selfdoc-r30-s0,L8.gateup,8,gateup,2048,812,0.396484375,0.8515335917472839
final-final,proj-slimpajama-r30-s0,proj-selfdoc-r30-s0,L8.gateup,8,gateup,2048,812,0.396484375,0.8456856608390808
init-init,proj-slimpajama-r30-s0,proj-selfdoc-r30-s0,L8.down,8,down,2048,812,0.396484375,0.9223669767379761
final-final,proj-slimpajama-r30-s0,proj-selfdoc-r30-s0,L8.down,8,down,2048,812,0.396484375,0.9166620373725891
init-init,proj-slimpajama-r30-s0,proj-selfdoc-r30-s0,L9.qkv,9,qkv,2048,1275,0.62255859375,0.9448772668838501
final-final,proj-slimpajama-r30-s0,proj-selfdoc-r30-s0,L9.qkv,9,qkv,2048,1275,0.62255859375,0.9415875673294067
init-init,proj-slimpajama-r30-s0,proj-selfdoc-r30-s0,L9.o,9,o,2048,1275,0.62255859375,0.964332103729248
final-final,proj-slimpajama-r30-s0,proj-selfdoc-r30-s0,L9.o,9,o,2048,1275,0.62255859375,0.9595558643341064
init-init,proj-slimpajama-r30-s0,proj-selfdoc-r30-s0,L9.gateup,9,gateup,2048,812,0.396484375,0.8590261340141296
final-final,proj-slimpajama-r30-s0,proj-selfdoc-r30-s0,L9.gateup,9,gateup,2048,812,0.396484375,0.8528955578804016
init-init,proj-slimpajama-r30-s0,proj-selfdoc-r30-s0,L9.down,9,down,2048,812,0.396484375,0.9176962375640869
final-final,proj-slimpajama-r30-s0,proj-selfdoc-r30-s0,L9.down,9,down,2048,812,0.396484375,0.9113452434539795
init-init,proj-slimpajama-r30-s0,proj-selfdoc-r30-s0,L10.qkv,10,qkv,2048,1275,0.62255859375,0.9416155219078064
final-final,proj-slimpajama-r30-s0,proj-selfdoc-r30-s0,L10.qkv,10,qkv,2048,1275,0.62255859375,0.9376844763755798
init-init,proj-slimpajama-r30-s0,proj-selfdoc-r30-s0,L10.o,10,o,2048,1275,0.62255859375,0.959923267364502
final-final,proj-slimpajama-r30-s0,proj-selfdoc-r30-s0,L10.o,10,o,2048,1275,0.62255859375,0.9549770951271057
init-init,proj-slimpajama-r30-s0,proj-selfdoc-r30-s0,L10.gateup,10,gateup,2048,812,0.396484375,0.845024824142456
final-final,proj-slimpajama-r30-s0,proj-selfdoc-r30-s0,L10.gateup,10,gateup,2048,812,0.396484375,0.8383836150169373
init-init,proj-slimpajama-r30-s0,proj-selfdoc-r30-s0,L10.down,10,down,2048,812,0.396484375,0.914289653301239
final-final,proj-slimpajama-r30-s0,proj-selfdoc-r30-s0,L10.down,10,down,2048,812,0.396484375,0.9070529341697693
init-init,proj-slimpajama-r30-s0,proj-selfdoc-r30-s0,L11.qkv,11,qkv,2048,1275,0.62255859375,0.935102641582489
final-final,proj-slimpajama-r30-s0,proj-selfdoc-r30-s0,L11.qkv,11,qkv,2048,1275,0.62255859375,0.931549072265625
init-init,proj-slimpajama-r30-s0,proj-selfdoc-r30-s0,L11.o,11,o,2048,1275,0.62255859375,0.9420093297958374
final-final,proj-slimpajama-r30-s0,proj-selfdoc-r30-s0,L11.o,11,o,2048,1275,0.62255859375,0.9363172054290771
init-init,proj-slimpajama-r30-s0,proj-selfdoc-r30-s0,L11.gateup,11,gateup,2048,812,0.396484375,0.8435718417167664
final-final,proj-slimpajama-r30-s0,proj-selfdoc-r30-s0,L11.gateup,11,gateup,2048,812,0.396484375,0.8364112377166748
init-init,proj-slimpajama-r30-s0,proj-selfdoc-r30-s0,L11.down,11,down,2048,812,0.396484375,0.9060491323471069
final-final,proj-slimpajama-r30-s0,proj-selfdoc-r30-s0,L11.down,11,down,2048,812,0.396484375,0.8990296721458435
init-init,proj-slimpajama-r30-s0,proj-selfdoc-r30-s0,L12.qkv,12,qkv,2048,1275,0.62255859375,0.9349567890167236
final-final,proj-slimpajama-r30-s0,proj-selfdoc-r30-s0,L12.qkv,12,qkv,2048,1275,0.62255859375,0.9317796230316162
init-init,proj-slimpajama-r30-s0,proj-selfdoc-r30-s0,L12.o,12,o,2048,1275,0.62255859375,0.9292888045310974
final-final,proj-slimpajama-r30-s0,proj-selfdoc-r30-s0,L12.o,12,o,2048,1275,0.62255859375,0.9241313934326172
init-init,proj-slimpajama-r30-s0,proj-selfdoc-r30-s0,L12.gateup,12,gateup,2048,812,0.396484375,0.828238308429718
final-final,proj-slimpajama-r30-s0,proj-selfdoc-r30-s0,L12.gateup,12,gateup,2048,812,0.396484375,0.8199769258499146
init-init,proj-slimpajama-r30-s0,proj-selfdoc-r30-s0,L12.down,12,down,2048,812,0.396484375,0.9105559587478638
final-final,proj-slimpajama-r30-s0,proj-selfdoc-r30-s0,L12.down,12,down,2048,812,0.396484375,0.9026630520820618
init-init,proj-slimpajama-r30-s0,proj-selfdoc-r30-s0,L13.qkv,13,qkv,2048,1275,0.62255859375,0.9330621957778931
final-final,proj-slimpajama-r30-s0,proj-selfdoc-r30-s0,L13.qkv,13,qkv,2048,1275,0.62255859375,0.929821789264679
init-init,proj-slimpajama-r30-s0,proj-selfdoc-r30-s0,L13.o,13,o,2048,1275,0.62255859375,0.9229475855827332
final-final,proj-slimpajama-r30-s0,proj-selfdoc-r30-s0,L13.o,13,o,2048,1275,0.62255859375,0.9179194569587708
init-init,proj-slimpajama-r30-s0,proj-selfdoc-r30-s0,L13.gateup,13,gateup,2048,812,0.396484375,0.8252983689308167
final-final,proj-slimpajama-r30-s0,proj-selfdoc-r30-s0,L13.gateup,13,gateup,2048,812,0.396484375,0.8170344829559326
init-init,proj-slimpajama-r30-s0,proj-selfdoc-r30-s0,L13.down,13,down,2048,812,0.396484375,0.9046358466148376
final-final,proj-slimpajama-r30-s0,proj-selfdoc-r30-s0,L13.down,13,down,2048,812,0.396484375,0.8973769545555115
init-init,proj-slimpajama-r30-s0,proj-selfdoc-r30-s0,L14.qkv,14,qkv,2048,1275,0.62255859375,0.9365273714065552
final-final,proj-slimpajama-r30-s0,proj-selfdoc-r30-s0,L14.qkv,14,qkv,2048,1275,0.62255859375,0.9333280324935913
init-init,proj-slimpajama-r30-s0,proj-selfdoc-r30-s0,L14.o,14,o,2048,1275,0.62255859375,0.9255826473236084
final-final,proj-slimpajama-r30-s0,proj-selfdoc-r30-s0,L14.o,14,o,2048,1275,0.62255859375,0.919537365436554
init-init,proj-slimpajama-r30-s0,proj-selfdoc-r30-s0,L14.gateup,14,gateup,2048,812,0.396484375,0.8293776512145996
final-final,proj-slimpajama-r30-s0,proj-selfdoc-r30-s0,L14.gateup,14,gateup,2048,812,0.396484375,0.8218798637390137
init-init,proj-slimpajama-r30-s0,proj-selfdoc-r30-s0,L14.down,14,down,2048,812,0.396484375,0.9018768072128296
final-final,proj-slimpajama-r30-s0,proj-selfdoc-r30-s0,L14.down,14,down,2048,812,0.396484375,0.8953142166137695
init-init,proj-slimpajama-r30-s0,proj-selfdoc-r30-s0,L15.qkv,15,qkv,2048,1275,0.62255859375,0.9333387017250061
final-final,proj-slimpajama-r30-s0,proj-selfdoc-r30-s0,L15.qkv,15,qkv,2048,1275,0.62255859375,0.930272102355957
init-init,proj-slimpajama-r30-s0,proj-selfdoc-r30-s0,L15.o,15,o,2048,1275,0.62255859375,0.9331754446029663
final-final,proj-slimpajama-r30-s0,proj-selfdoc-r30-s0,L15.o,15,o,2048,1275,0.62255859375,0.9276920557022095
init-init,proj-slimpajama-r30-s0,proj-selfdoc-r30-s0,L15.gateup,15,gateup,2048,812,0.396484375,0.8187127709388733
final-final,proj-slimpajama-r30-s0,proj-selfdoc-r30-s0,L15.gateup,15,gateup,2048,812,0.396484375,0.8138582706451416
init-init,proj-slimpajama-r30-s0,proj-selfdoc-r30-s0,L15.down,15,down,2048,812,0.396484375,0.9002645015716553
final-final,proj-slimpajama-r30-s0,proj-selfdoc-r30-s0,L15.down,15,down,2048,812,0.396484375,0.897549569606781
init-init,proj-alpaca-r30-s0,proj-selfgen-r30-s0,L0.qkv,0,qkv,2048,1275,0.62255859375,0.883878767490387
final-final,proj-alpaca-r30-s0,proj-selfgen-r30-s0,L0.qkv,0,qkv,2048,1275,0.62255859375,0.8811130523681641
init-init,proj-alpaca-r30-s0,proj-selfgen-r30-s0,L0.o,0,o,2048,1275,0.62255859375,0.9135828018188477
final-final,proj-alpaca-r30-s0,proj-selfgen-r30-s0,L0.o,0,o,2048,1275,0.62255859375,0.9096336960792542
init-init,proj-alpaca-r30-s0,proj-selfgen-r30-s0,L0.gateup,0,gateup,2048,812,0.396484375,0.6762840747833252
final-final,proj-alpaca-r30-s0,proj-selfgen-r30-s0,L0.gateup,0,gateup,2048,812,0.396484375,0.6730127334594727
init-init,proj-alpaca-r30-s0,proj-selfgen-r30-s0,L0.down,0,down,2048,812,0.396484375,0.7905970811843872
final-final,proj-alpaca-r30-s0,proj-selfgen-r30-s0,L0.down,0,down,2048,812,0.396484375,0.7863770723342896
init-init,proj-alpaca-r30-s0,proj-selfgen-r30-s0,L1.qkv,1,qkv,2048,1275,0.62255859375,0.8964363932609558
final-final,proj-alpaca-r30-s0,proj-selfgen-r30-s0,L1.qkv,1,qkv,2048,1275,0.62255859375,0.8936768174171448
init-init,proj-alpaca-r30-s0,proj-selfgen-r30-s0,L1.o,1,o,2048,1275,0.62255859375,0.8936946392059326
final-final,proj-alpaca-r30-s0,proj-selfgen-r30-s0,L1.o,1,o,2048,1275,0.62255859375,0.8895461559295654
init-init,proj-alpaca-r30-s0,proj-selfgen-r30-s0,L1.gateup,1,gateup,2048,812,0.396484375,0.7056485414505005
final-final,proj-alpaca-r30-s0,proj-selfgen-r30-s0,L1.gateup,1,gateup,2048,812,0.396484375,0.7016051411628723
init-init,proj-alpaca-r30-s0,proj-selfgen-r30-s0,L1.down,1,down,2048,812,0.396484375,0.8062523603439331
final-final,proj-alpaca-r30-s0,proj-selfgen-r30-s0,L1.down,1,down,2048,812,0.396484375,0.8021868467330933
init-init,proj-alpaca-r30-s0,proj-selfgen-r30-s0,L2.qkv,2,qkv,2048,1275,0.62255859375,0.8844711184501648
final-final,proj-alpaca-r30-s0,proj-selfgen-r30-s0,L2.qkv,2,qkv,2048,1275,0.62255859375,0.8821134567260742
init-init,proj-alpaca-r30-s0,proj-selfgen-r30-s0,L2.o,2,o,2048,1275,0.62255859375,0.8705024123191833
final-final,proj-alpaca-r30-s0,proj-selfgen-r30-s0,L2.o,2,o,2048,1275,0.62255859375,0.8662316799163818
init-init,proj-alpaca-r30-s0,proj-selfgen-r30-s0,L2.gateup,2,gateup,2048,812,0.396484375,0.6935958862304688
final-final,proj-alpaca-r30-s0,proj-selfgen-r30-s0,L2.gateup,2,gateup,2048,812,0.396484375,0.6897575259208679
init-init,proj-alpaca-r30-s0,proj-selfgen-r30-s0,L2.down,2,down,2048,812,0.396484375,0.8085060715675354
final-final,proj-alpaca-r30-s0,proj-selfgen-r30-s0,L2.down,2,down,2048,812,0.396484375,0.8040933609008789
init-init,proj-alpaca-r30-s0,proj-selfgen-r30-s0,L3.qkv,3,qkv,2048,1275,0.62255859375,0.8674155473709106
final-final,proj-alpaca-r30-s0,proj-selfgen-r30-s0,L3.qkv,3,qkv,2048,1275,0.62255859375,0.8650396466255188
init-init,proj-alpaca-r30-s0,proj-selfgen-r30-s0,L3.o,3,o,2048,1275,0.62255859375,0.8719329833984375
final-final,proj-alpaca-r30-s0,proj-selfgen-r30-s0,L3.o,3,o,2048,1275,0.62255859375,0.8674149513244629
init-init,proj-alpaca-r30-s0,proj-selfgen-r30-s0,L3.gateup,3,gateup,2048,812,0.396484375,0.6944605708122253
final-final,proj-alpaca-r30-s0,proj-selfgen-r30-s0,L3.gateup,3,gateup,2048,812,0.396484375,0.690611720085144
init-init,proj-alpaca-r30-s0,proj-selfgen-r30-s0,L3.down,3,down,2048,812,0.396484375,0.8050249814987183
final-final,proj-alpaca-r30-s0,proj-selfgen-r30-s0,L3.down,3,down,2048,812,0.396484375,0.800752580165863
init-init,proj-alpaca-r30-s0,proj-selfgen-r30-s0,L4.qkv,4,qkv,2048,1275,0.62255859375,0.8637855052947998
final-final,proj-alpaca-r30-s0,proj-selfgen-r30-s0,L4.qkv,4,qkv,2048,1275,0.62255859375,0.8613699674606323
init-init,proj-alpaca-r30-s0,proj-selfgen-r30-s0,L4.o,4,o,2048,1275,0.62255859375,0.8600761890411377
final-final,proj-alpaca-r30-s0,proj-selfgen-r30-s0,L4.o,4,o,2048,1275,0.62255859375,0.8564051985740662
init-init,proj-alpaca-r30-s0,proj-selfgen-r30-s0,L4.gateup,4,gateup,2048,812,0.396484375,0.6812554001808167
final-final,proj-alpaca-r30-s0,proj-selfgen-r30-s0,L4.gateup,4,gateup,2048,812,0.396484375,0.677866518497467
init-init,proj-alpaca-r30-s0,proj-selfgen-r30-s0,L4.down,4,down,2048,812,0.396484375,0.8101477026939392
final-final,proj-alpaca-r30-s0,proj-selfgen-r30-s0,L4.down,4,down,2048,812,0.396484375,0.8059802055358887
init-init,proj-alpaca-r30-s0,proj-selfgen-r30-s0,L5.qkv,5,qkv,2048,1275,0.62255859375,0.8691676259040833
final-final,proj-alpaca-r30-s0,proj-selfgen-r30-s0,L5.qkv,5,qkv,2048,1275,0.62255859375,0.8665649890899658
init-init,proj-alpaca-r30-s0,proj-selfgen-r30-s0,L5.o,5,o,2048,1275,0.62255859375,0.8806403279304504
final-final,proj-alpaca-r30-s0,proj-selfgen-r30-s0,L5.o,5,o,2048,1275,0.62255859375,0.8767783045768738
init-init,proj-alpaca-r30-s0,proj-selfgen-r30-s0,L5.gateup,5,gateup,2048,812,0.396484375,0.6708784103393555
final-final,proj-alpaca-r30-s0,proj-selfgen-r30-s0,L5.gateup,5,gateup,2048,812,0.396484375,0.6675692796707153
init-init,proj-alpaca-r30-s0,proj-selfgen-r30-s0,L5.down,5,down,2048,812,0.396484375,0.8176515698432922
final-final,proj-alpaca-r30-s0,proj-selfgen-r30-s0,L5.down,5,down,2048,812,0.396484375,0.8135632276535034
init-init,proj-alpaca-r30-s0,proj-selfgen-r30-s0,L6.qkv,6,qkv,2048,1275,0.62255859375,0.8595737218856812
final-final,proj-alpaca-r30-s0,proj-selfgen-r30-s0,L6.qkv,6,qkv,2048,1275,0.62255859375,0.8568595051765442
init-init,proj-alpaca-r30-s0,proj-selfgen-r30-s0,L6.o,6,o,2048,1275,0.62255859375,0.8878052234649658
final-final,proj-alpaca-r30-s0,proj-selfgen-r30-s0,L6.o,6,o,2048,1275,0.62255859375,0.8840376138687134
init-init,proj-alpaca-r30-s0,proj-selfgen-r30-s0,L6.gateup,6,gateup,2048,812,0.396484375,0.6720777153968811
final-final,proj-alpaca-r30-s0,proj-selfgen-r30-s0,L6.gateup,6,gateup,2048,812,0.396484375,0.6689180731773376
init-init,proj-alpaca-r30-s0,proj-selfgen-r30-s0,L6.down,6,down,2048,812,0.396484375,0.825679361820221
final-final,proj-alpaca-r30-s0,proj-selfgen-r30-s0,L6.down,6,down,2048,812,0.396484375,0.821284830570221
init-init,proj-alpaca-r30-s0,proj-selfgen-r30-s0,L7.qkv,7,qkv,2048,1275,0.62255859375,0.8569911122322083
final-final,proj-alpaca-r30-s0,proj-selfgen-r30-s0,L7.qkv,7,qkv,2048,1275,0.62255859375,0.8545718193054199
init-init,proj-alpaca-r30-s0,proj-selfgen-r30-s0,L7.o,7,o,2048,1275,0.62255859375,0.8865036964416504
final-final,proj-alpaca-r30-s0,proj-selfgen-r30-s0,L7.o,7,o,2048,1275,0.62255859375,0.8829480409622192
init-init,proj-alpaca-r30-s0,proj-selfgen-r30-s0,L7.gateup,7,gateup,2048,812,0.396484375,0.6707223057746887
final-final,proj-alpaca-r30-s0,proj-selfgen-r30-s0,L7.gateup,7,gateup,2048,812,0.396484375,0.6676886081695557
init-init,proj-alpaca-r30-s0,proj-selfgen-r30-s0,L7.down,7,down,2048,812,0.396484375,0.8151785135269165
final-final,proj-alpaca-r30-s0,proj-selfgen-r30-s0,L7.down,7,down,2048,812,0.396484375,0.8110613226890564
init-init,proj-alpaca-r30-s0,proj-selfgen-r30-s0,L8.qkv,8,qkv,2048,1275,0.62255859375,0.8484535813331604
final-final,proj-alpaca-r30-s0,proj-selfgen-r30-s0,L8.qkv,8,qkv,2048,1275,0.62255859375,0.8457289338111877
init-init,proj-alpaca-r30-s0,proj-selfgen-r30-s0,L8.o,8,o,2048,1275,0.62255859375,0.8867837190628052
final-final,proj-alpaca-r30-s0,proj-selfgen-r30-s0,L8.o,8,o,2048,1275,0.62255859375,0.8829631805419922
init-init,proj-alpaca-r30-s0,proj-selfgen-r30-s0,L8.gateup,8,gateup,2048,812,0.396484375,0.6700260639190674
final-final,proj-alpaca-r30-s0,proj-selfgen-r30-s0,L8.gateup,8,gateup,2048,812,0.396484375,0.6672214269638062
init-init,proj-alpaca-r30-s0,proj-selfgen-r30-s0,L8.down,8,down,2048,812,0.396484375,0.7970282435417175
final-final,proj-alpaca-r30-s0,proj-selfgen-r30-s0,L8.down,8,down,2048,812,0.396484375,0.7931585907936096
init-init,proj-alpaca-r30-s0,proj-selfgen-r30-s0,L9.qkv,9,qkv,2048,1275,0.62255859375,0.8439589142799377
final-final,proj-alpaca-r30-s0,proj-selfgen-r30-s0,L9.qkv,9,qkv,2048,1275,0.62255859375,0.8417452573776245
init-init,proj-alpaca-r30-s0,proj-selfgen-r30-s0,L9.o,9,o,2048,1275,0.62255859375,0.8899710774421692
final-final,proj-alpaca-r30-s0,proj-selfgen-r30-s0,L9.o,9,o,2048,1275,0.62255859375,0.886084258556366
init-init,proj-alpaca-r30-s0,proj-selfgen-r30-s0,L9.gateup,9,gateup,2048,812,0.396484375,0.6772478818893433
final-final,proj-alpaca-r30-s0,proj-selfgen-r30-s0,L9.gateup,9,gateup,2048,812,0.396484375,0.6740256547927856
init-init,proj-alpaca-r30-s0,proj-selfgen-r30-s0,L9.down,9,down,2048,812,0.396484375,0.789933979511261
final-final,proj-alpaca-r30-s0,proj-selfgen-r30-s0,L9.down,9,down,2048,812,0.396484375,0.7853938341140747
init-init,proj-alpaca-r30-s0,proj-selfgen-r30-s0,L10.qkv,10,qkv,2048,1275,0.62255859375,0.8462599515914917
final-final,proj-alpaca-r30-s0,proj-selfgen-r30-s0,L10.qkv,10,qkv,2048,1275,0.62255859375,0.8437159061431885
init-init,proj-alpaca-r30-s0,proj-selfgen-r30-s0,L10.o,10,o,2048,1275,0.62255859375,0.8929331302642822
final-final,proj-alpaca-r30-s0,proj-selfgen-r30-s0,L10.o,10,o,2048,1275,0.62255859375,0.8889307379722595
init-init,proj-alpaca-r30-s0,proj-selfgen-r30-s0,L10.gateup,10,gateup,2048,812,0.396484375,0.6582149267196655
final-final,proj-alpaca-r30-s0,proj-selfgen-r30-s0,L10.gateup,10,gateup,2048,812,0.396484375,0.6551323533058167
init-init,proj-alpaca-r30-s0,proj-selfgen-r30-s0,L10.down,10,down,2048,812,0.396484375,0.7907907366752625
final-final,proj-alpaca-r30-s0,proj-selfgen-r30-s0,L10.down,10,down,2048,812,0.396484375,0.785939633846283
init-init,proj-alpaca-r30-s0,proj-selfgen-r30-s0,L11.qkv,11,qkv,2048,1275,0.62255859375,0.8307538628578186
final-final,proj-alpaca-r30-s0,proj-selfgen-r30-s0,L11.qkv,11,qkv,2048,1275,0.62255859375,0.8284858465194702
init-init,proj-alpaca-r30-s0,proj-selfgen-r30-s0,L11.o,11,o,2048,1275,0.62255859375,0.8609777092933655
final-final,proj-alpaca-r30-s0,proj-selfgen-r30-s0,L11.o,11,o,2048,1275,0.62255859375,0.8569967746734619
init-init,proj-alpaca-r30-s0,proj-selfgen-r30-s0,L11.gateup,11,gateup,2048,812,0.396484375,0.6560447812080383
final-final,proj-alpaca-r30-s0,proj-selfgen-r30-s0,L11.gateup,11,gateup,2048,812,0.396484375,0.6528615355491638
init-init,proj-alpaca-r30-s0,proj-selfgen-r30-s0,L11.down,11,down,2048,812,0.396484375,0.7960919141769409
final-final,proj-alpaca-r30-s0,proj-selfgen-r30-s0,L11.down,11,down,2048,812,0.396484375,0.7911005616188049
init-init,proj-alpaca-r30-s0,proj-selfgen-r30-s0,L12.qkv,12,qkv,2048,1275,0.62255859375,0.8402025699615479
final-final,proj-alpaca-r30-s0,proj-selfgen-r30-s0,L12.qkv,12,qkv,2048,1275,0.62255859375,0.8380885124206543
init-init,proj-alpaca-r30-s0,proj-selfgen-r30-s0,L12.o,12,o,2048,1275,0.62255859375,0.8447495102882385
final-final,proj-alpaca-r30-s0,proj-selfgen-r30-s0,L12.o,12,o,2048,1275,0.62255859375,0.8412808179855347
init-init,proj-alpaca-r30-s0,proj-selfgen-r30-s0,L12.gateup,12,gateup,2048,812,0.396484375,0.6537147760391235
final-final,proj-alpaca-r30-s0,proj-selfgen-r30-s0,L12.gateup,12,gateup,2048,812,0.396484375,0.6500792503356934
init-init,proj-alpaca-r30-s0,proj-selfgen-r30-s0,L12.down,12,down,2048,812,0.396484375,0.8100833296775818
final-final,proj-alpaca-r30-s0,proj-selfgen-r30-s0,L12.down,12,down,2048,812,0.396484375,0.8046895861625671
init-init,proj-alpaca-r30-s0,proj-selfgen-r30-s0,L13.qkv,13,qkv,2048,1275,0.62255859375,0.8402106165885925
final-final,proj-alpaca-r30-s0,proj-selfgen-r30-s0,L13.qkv,13,qkv,2048,1275,0.62255859375,0.8378751873970032
init-init,proj-alpaca-r30-s0,proj-selfgen-r30-s0,L13.o,13,o,2048,1275,0.62255859375,0.799694836139679
final-final,proj-alpaca-r30-s0,proj-selfgen-r30-s0,L13.o,13,o,2048,1275,0.62255859375,0.7973699569702148
init-init,proj-alpaca-r30-s0,proj-selfgen-r30-s0,L13.gateup,13,gateup,2048,812,0.396484375,0.6470088958740234
final-final,proj-alpaca-r30-s0,proj-selfgen-r30-s0,L13.gateup,13,gateup,2048,812,0.396484375,0.6433656811714172
init-init,proj-alpaca-r30-s0,proj-selfgen-r30-s0,L13.down,13,down,2048,812,0.396484375,0.8063358068466187
final-final,proj-alpaca-r30-s0,proj-selfgen-r30-s0,L13.down,13,down,2048,812,0.396484375,0.8013075590133667
init-init,proj-alpaca-r30-s0,proj-selfgen-r30-s0,L14.qkv,14,qkv,2048,1275,0.62255859375,0.8487861752510071
final-final,proj-alpaca-r30-s0,proj-selfgen-r30-s0,L14.qkv,14,qkv,2048,1275,0.62255859375,0.8467990756034851
init-init,proj-alpaca-r30-s0,proj-selfgen-r30-s0,L14.o,14,o,2048,1275,0.62255859375,0.7962316870689392
final-final,proj-alpaca-r30-s0,proj-selfgen-r30-s0,L14.o,14,o,2048,1275,0.62255859375,0.7932583093643188
init-init,proj-alpaca-r30-s0,proj-selfgen-r30-s0,L14.gateup,14,gateup,2048,812,0.396484375,0.6575230360031128
final-final,proj-alpaca-r30-s0,proj-selfgen-r30-s0,L14.gateup,14,gateup,2048,812,0.396484375,0.6541144847869873
init-init,proj-alpaca-r30-s0,proj-selfgen-r30-s0,L14.down,14,down,2048,812,0.396484375,0.7961223721504211
final-final,proj-alpaca-r30-s0,proj-selfgen-r30-s0,L14.down,14,down,2048,812,0.396484375,0.7921310067176819
init-init,proj-alpaca-r30-s0,proj-selfgen-r30-s0,L15.qkv,15,qkv,2048,1275,0.62255859375,0.8427642583847046
final-final,proj-alpaca-r30-s0,proj-selfgen-r30-s0,L15.qkv,15,qkv,2048,1275,0.62255859375,0.8409677147865295
init-init,proj-alpaca-r30-s0,proj-selfgen-r30-s0,L15.o,15,o,2048,1275,0.62255859375,0.8065060973167419
final-final,proj-alpaca-r30-s0,proj-selfgen-r30-s0,L15.o,15,o,2048,1275,0.62255859375,0.8038605451583862
init-init,proj-alpaca-r30-s0,proj-selfgen-r30-s0,L15.gateup,15,gateup,2048,812,0.396484375,0.6339329481124878
final-final,proj-alpaca-r30-s0,proj-selfgen-r30-s0,L15.gateup,15,gateup,2048,812,0.396484375,0.6321014165878296
init-init,proj-alpaca-r30-s0,proj-selfgen-r30-s0,L15.down,15,down,2048,812,0.396484375,0.7737516760826111
final-final,proj-alpaca-r30-s0,proj-selfgen-r30-s0,L15.down,15,down,2048,812,0.396484375,0.7720178365707397
init-init,proj-alpaca-r30-s0,proj-selfdoc-r30-s0,L0.qkv,0,qkv,2048,1275,0.62255859375,0.9161012172698975
final-final,proj-alpaca-r30-s0,proj-selfdoc-r30-s0,L0.qkv,0,qkv,2048,1275,0.62255859375,0.9127437472343445
init-init,proj-alpaca-r30-s0,proj-selfdoc-r30-s0,L0.o,0,o,2048,1275,0.62255859375,0.9319322109222412
final-final,proj-alpaca-r30-s0,proj-selfdoc-r30-s0,L0.o,0,o,2048,1275,0.62255859375,0.9280072450637817
init-init,proj-alpaca-r30-s0,proj-selfdoc-r30-s0,L0.gateup,0,gateup,2048,812,0.396484375,0.7678513526916504
final-final,proj-alpaca-r30-s0,proj-selfdoc-r30-s0,L0.gateup,0,gateup,2048,812,0.396484375,0.7613101601600647
init-init,proj-alpaca-r30-s0,proj-selfdoc-r30-s0,L0.down,0,down,2048,812,0.396484375,0.8370001912117004
final-final,proj-alpaca-r30-s0,proj-selfdoc-r30-s0,L0.down,0,down,2048,812,0.396484375,0.8319291472434998
init-init,proj-alpaca-r30-s0,proj-selfdoc-r30-s0,L1.qkv,1,qkv,2048,1275,0.62255859375,0.9213675856590271
final-final,proj-alpaca-r30-s0,proj-selfdoc-r30-s0,L1.qkv,1,qkv,2048,1275,0.62255859375,0.9187957644462585
init-init,proj-alpaca-r30-s0,proj-selfdoc-r30-s0,L1.o,1,o,2048,1275,0.62255859375,0.9199722409248352
final-final,proj-alpaca-r30-s0,proj-selfdoc-r30-s0,L1.o,1,o,2048,1275,0.62255859375,0.9155469536781311
init-init,proj-alpaca-r30-s0,proj-selfdoc-r30-s0,L1.gateup,1,gateup,2048,812,0.396484375,0.7926857471466064
final-final,proj-alpaca-r30-s0,proj-selfdoc-r30-s0,L1.gateup,1,gateup,2048,812,0.396484375,0.7859029173851013
init-init,proj-alpaca-r30-s0,proj-selfdoc-r30-s0,L1.down,1,down,2048,812,0.396484375,0.8541611433029175
final-final,proj-alpaca-r30-s0,proj-selfdoc-r30-s0,L1.down,1,down,2048,812,0.396484375,0.8493927121162415
init-init,proj-alpaca-r30-s0,proj-selfdoc-r30-s0,L2.qkv,2,qkv,2048,1275,0.62255859375,0.9155930280685425
final-final,proj-alpaca-r30-s0,proj-selfdoc-r30-s0,L2.qkv,2,qkv,2048,1275,0.62255859375,0.9132769107818604
init-init,proj-alpaca-r30-s0,proj-selfdoc-r30-s0,L2.o,2,o,2048,1275,0.62255859375,0.8914154171943665
final-final,proj-alpaca-r30-s0,proj-selfdoc-r30-s0,L2.o,2,o,2048,1275,0.62255859375,0.8870082497596741
init-init,proj-alpaca-r30-s0,proj-selfdoc-r30-s0,L2.gateup,2,gateup,2048,812,0.396484375,0.7822698354721069
final-final,proj-alpaca-r30-s0,proj-selfdoc-r30-s0,L2.gateup,2,gateup,2048,812,0.396484375,0.7762929797172546
init-init,proj-alpaca-r30-s0,proj-selfdoc-r30-s0,L2.down,2,down,2048,812,0.396484375,0.8596472144126892
final-final,proj-alpaca-r30-s0,proj-selfdoc-r30-s0,L2.down,2,down,2048,812,0.396484375,0.8543263673782349
init-init,proj-alpaca-r30-s0,proj-selfdoc-r30-s0,L3.qkv,3,qkv,2048,1275,0.62255859375,0.9048604965209961
final-final,proj-alpaca-r30-s0,proj-selfdoc-r30-s0,L3.qkv,3,qkv,2048,1275,0.62255859375,0.9026505947113037
init-init,proj-alpaca-r30-s0,proj-selfdoc-r30-s0,L3.o,3,o,2048,1275,0.62255859375,0.9108673334121704
final-final,proj-alpaca-r30-s0,proj-selfdoc-r30-s0,L3.o,3,o,2048,1275,0.62255859375,0.906117856502533
init-init,proj-alpaca-r30-s0,proj-selfdoc-r30-s0,L3.gateup,3,gateup,2048,812,0.396484375,0.777667224407196
final-final,proj-alpaca-r30-s0,proj-selfdoc-r30-s0,L3.gateup,3,gateup,2048,812,0.396484375,0.771758496761322
init-init,proj-alpaca-r30-s0,proj-selfdoc-r30-s0,L3.down,3,down,2048,812,0.396484375,0.859815776348114
final-final,proj-alpaca-r30-s0,proj-selfdoc-r30-s0,L3.down,3,down,2048,812,0.396484375,0.8548007607460022
init-init,proj-alpaca-r30-s0,proj-selfdoc-r30-s0,L4.qkv,4,qkv,2048,1275,0.62255859375,0.9001990556716919
final-final,proj-alpaca-r30-s0,proj-selfdoc-r30-s0,L4.qkv,4,qkv,2048,1275,0.62255859375,0.897855281829834
init-init,proj-alpaca-r30-s0,proj-selfdoc-r30-s0,L4.o,4,o,2048,1275,0.62255859375,0.903659999370575
final-final,proj-alpaca-r30-s0,proj-selfdoc-r30-s0,L4.o,4,o,2048,1275,0.62255859375,0.8997334241867065
init-init,proj-alpaca-r30-s0,proj-selfdoc-r30-s0,L4.gateup,4,gateup,2048,812,0.396484375,0.7643731832504272
final-final,proj-alpaca-r30-s0,proj-selfdoc-r30-s0,L4.gateup,4,gateup,2048,812,0.396484375,0.7591904997825623
init-init,proj-alpaca-r30-s0,proj-selfdoc-r30-s0,L4.down,4,down,2048,812,0.396484375,0.8566483855247498
final-final,proj-alpaca-r30-s0,proj-selfdoc-r30-s0,L4.down,4,down,2048,812,0.396484375,0.8518078923225403
init-init,proj-alpaca-r30-s0,proj-selfdoc-r30-s0,L5.qkv,5,qkv,2048,1275,0.62255859375,0.9017007350921631
final-final,proj-alpaca-r30-s0,proj-selfdoc-r30-s0,L5.qkv,5,qkv,2048,1275,0.62255859375,0.8990275263786316
init-init,proj-alpaca-r30-s0,proj-selfdoc-r30-s0,L5.o,5,o,2048,1275,0.62255859375,0.914199709892273
final-final,proj-alpaca-r30-s0,proj-selfdoc-r30-s0,L5.o,5,o,2048,1275,0.62255859375,0.9101715683937073
init-init,proj-alpaca-r30-s0,proj-selfdoc-r30-s0,L5.gateup,5,gateup,2048,812,0.396484375,0.745363712310791
final-final,proj-alpaca-r30-s0,proj-selfdoc-r30-s0,L5.gateup,5,gateup,2048,812,0.396484375,0.7404695749282837
init-init,proj-alpaca-r30-s0,proj-selfdoc-r30-s0,L5.down,5,down,2048,812,0.396484375,0.8587584495544434
final-final,proj-alpaca-r30-s0,proj-selfdoc-r30-s0,L5.down,5,down,2048,812,0.396484375,0.8539939522743225
init-init,proj-alpaca-r30-s0,proj-selfdoc-r30-s0,L6.qkv,6,qkv,2048,1275,0.62255859375,0.8931041359901428
final-final,proj-alpaca-r30-s0,proj-selfdoc-r30-s0,L6.qkv,6,qkv,2048,1275,0.62255859375,0.8904759287834167
init-init,proj-alpaca-r30-s0,proj-selfdoc-r30-s0,L6.o,6,o,2048,1275,0.62255859375,0.9200855493545532
final-final,proj-alpaca-r30-s0,proj-selfdoc-r30-s0,L6.o,6,o,2048,1275,0.62255859375,0.9162980318069458
init-init,proj-alpaca-r30-s0,proj-selfdoc-r30-s0,L6.gateup,6,gateup,2048,812,0.396484375,0.747337818145752
final-final,proj-alpaca-r30-s0,proj-selfdoc-r30-s0,L6.gateup,6,gateup,2048,812,0.396484375,0.7429173588752747
init-init,proj-alpaca-r30-s0,proj-selfdoc-r30-s0,L6.down,6,down,2048,812,0.396484375,0.8660876750946045
final-final,proj-alpaca-r30-s0,proj-selfdoc-r30-s0,L6.down,6,down,2048,812,0.396484375,0.8610161542892456
init-init,proj-alpaca-r30-s0,proj-selfdoc-r30-s0,L7.qkv,7,qkv,2048,1275,0.62255859375,0.8909602761268616
final-final,proj-alpaca-r30-s0,proj-selfdoc-r30-s0,L7.qkv,7,qkv,2048,1275,0.62255859375,0.8886910080909729
init-init,proj-alpaca-r30-s0,proj-selfdoc-r30-s0,L7.o,7,o,2048,1275,0.62255859375,0.9164144992828369
final-final,proj-alpaca-r30-s0,proj-selfdoc-r30-s0,L7.o,7,o,2048,1275,0.62255859375,0.9129076600074768
init-init,proj-alpaca-r30-s0,proj-selfdoc-r30-s0,L7.gateup,7,gateup,2048,812,0.396484375,0.7399396896362305
final-final,proj-alpaca-r30-s0,proj-selfdoc-r30-s0,L7.gateup,7,gateup,2048,812,0.396484375,0.7355412840843201
init-init,proj-alpaca-r30-s0,proj-selfdoc-r30-s0,L7.down,7,down,2048,812,0.396484375,0.8632111549377441
final-final,proj-alpaca-r30-s0,proj-selfdoc-r30-s0,L7.down,7,down,2048,812,0.396484375,0.8584243655204773
init-init,proj-alpaca-r30-s0,proj-selfdoc-r30-s0,L8.qkv,8,qkv,2048,1275,0.62255859375,0.8860296010971069
final-final,proj-alpaca-r30-s0,proj-selfdoc-r30-s0,L8.qkv,8,qkv,2048,1275,0.62255859375,0.8831498622894287
init-init,proj-alpaca-r30-s0,proj-selfdoc-r30-s0,L8.o,8,o,2048,1275,0.62255859375,0.9154035449028015
final-final,proj-alpaca-r30-s0,proj-selfdoc-r30-s0,L8.o,8,o,2048,1275,0.62255859375,0.9117717742919922
init-init,proj-alpaca-r30-s0,proj-selfdoc-r30-s0,L8.gateup,8,gateup,2048,812,0.396484375,0.7410871982574463
final-final,proj-alpaca-r30-s0,proj-selfdoc-r30-s0,L8.gateup,8,gateup,2048,812,0.396484375,0.7369546890258789
init-init,proj-alpaca-r30-s0,proj-selfdoc-r30-s0,L8.down,8,down,2048,812,0.396484375,0.847537100315094
final-final,proj-alpaca-r30-s0,proj-selfdoc-r30-s0,L8.down,8,down,2048,812,0.396484375,0.842298686504364
init-init,proj-alpaca-r30-s0,proj-selfdoc-r30-s0,L9.qkv,9,qkv,2048,1275,0.62255859375,0.8835464119911194
final-final,proj-alpaca-r30-s0,proj-selfdoc-r30-s0,L9.qkv,9,qkv,2048,1275,0.62255859375,0.8810490965843201
init-init,proj-alpaca-r30-s0,proj-selfdoc-r30-s0,L9.o,9,o,2048,1275,0.62255859375,0.9177069067955017
final-final,proj-alpaca-r30-s0,proj-selfdoc-r30-s0,L9.o,9,o,2048,1275,0.62255859375,0.9136841297149658
init-init,proj-alpaca-r30-s0,proj-selfdoc-r30-s0,L9.gateup,9,gateup,2048,812,0.396484375,0.7468999624252319
final-final,proj-alpaca-r30-s0,proj-selfdoc-r30-s0,L9.gateup,9,gateup,2048,812,0.396484375,0.742327094078064
init-init,proj-alpaca-r30-s0,proj-selfdoc-r30-s0,L9.down,9,down,2048,812,0.396484375,0.8409147262573242
final-final,proj-alpaca-r30-s0,proj-selfdoc-r30-s0,L9.down,9,down,2048,812,0.396484375,0.8349788188934326
init-init,proj-alpaca-r30-s0,proj-selfdoc-r30-s0,L10.qkv,10,qkv,2048,1275,0.62255859375,0.884182333946228
final-final,proj-alpaca-r30-s0,proj-selfdoc-r30-s0,L10.qkv,10,qkv,2048,1275,0.62255859375,0.8811511993408203
init-init,proj-alpaca-r30-s0,proj-selfdoc-r30-s0,L10.o,10,o,2048,1275,0.62255859375,0.9146409630775452
final-final,proj-alpaca-r30-s0,proj-selfdoc-r30-s0,L10.o,10,o,2048,1275,0.62255859375,0.9103584289550781
init-init,proj-alpaca-r30-s0,proj-selfdoc-r30-s0,L10.gateup,10,gateup,2048,812,0.396484375,0.7238165140151978
final-final,proj-alpaca-r30-s0,proj-selfdoc-r30-s0,L10.gateup,10,gateup,2048,812,0.396484375,0.7192018628120422
init-init,proj-alpaca-r30-s0,proj-selfdoc-r30-s0,L10.down,10,down,2048,812,0.396484375,0.8388267159461975
final-final,proj-alpaca-r30-s0,proj-selfdoc-r30-s0,L10.down,10,down,2048,812,0.396484375,0.8324213624000549
init-init,proj-alpaca-r30-s0,proj-selfdoc-r30-s0,L11.qkv,11,qkv,2048,1275,0.62255859375,0.8730781674385071
final-final,proj-alpaca-r30-s0,proj-selfdoc-r30-s0,L11.qkv,11,qkv,2048,1275,0.62255859375,0.8703632354736328
init-init,proj-alpaca-r30-s0,proj-selfdoc-r30-s0,L11.o,11,o,2048,1275,0.62255859375,0.8918372392654419
final-final,proj-alpaca-r30-s0,proj-selfdoc-r30-s0,L11.o,11,o,2048,1275,0.62255859375,0.8871481418609619
init-init,proj-alpaca-r30-s0,proj-selfdoc-r30-s0,L11.gateup,11,gateup,2048,812,0.396484375,0.722622275352478
final-final,proj-alpaca-r30-s0,proj-selfdoc-r30-s0,L11.gateup,11,gateup,2048,812,0.396484375,0.7173768281936646
init-init,proj-alpaca-r30-s0,proj-selfdoc-r30-s0,L11.down,11,down,2048,812,0.396484375,0.8376857042312622
final-final,proj-alpaca-r30-s0,proj-selfdoc-r30-s0,L11.down,11,down,2048,812,0.396484375,0.8313964009284973
init-init,proj-alpaca-r30-s0,proj-selfdoc-r30-s0,L12.qkv,12,qkv,2048,1275,0.62255859375,0.8770674467086792
final-final,proj-alpaca-r30-s0,proj-selfdoc-r30-s0,L12.qkv,12,qkv,2048,1275,0.62255859375,0.874603807926178
init-init,proj-alpaca-r30-s0,proj-selfdoc-r30-s0,L12.o,12,o,2048,1275,0.62255859375,0.8845333456993103
final-final,proj-alpaca-r30-s0,proj-selfdoc-r30-s0,L12.o,12,o,2048,1275,0.62255859375,0.8802980184555054
init-init,proj-alpaca-r30-s0,proj-selfdoc-r30-s0,L12.gateup,12,gateup,2048,812,0.396484375,0.7144133448600769
final-final,proj-alpaca-r30-s0,proj-selfdoc-r30-s0,L12.gateup,12,gateup,2048,812,0.396484375,0.7087966203689575
init-init,proj-alpaca-r30-s0,proj-selfdoc-r30-s0,L12.down,12,down,2048,812,0.396484375,0.8471826910972595
final-final,proj-alpaca-r30-s0,proj-selfdoc-r30-s0,L12.down,12,down,2048,812,0.396484375,0.8401744961738586
init-init,proj-alpaca-r30-s0,proj-selfdoc-r30-s0,L13.qkv,13,qkv,2048,1275,0.62255859375,0.8768420219421387
final-final,proj-alpaca-r30-s0,proj-selfdoc-r30-s0,L13.qkv,13,qkv,2048,1275,0.62255859375,0.8740172982215881
init-init,proj-alpaca-r30-s0,proj-selfdoc-r30-s0,L13.o,13,o,2048,1275,0.62255859375,0.8576093316078186
final-final,proj-alpaca-r30-s0,proj-selfdoc-r30-s0,L13.o,13,o,2048,1275,0.62255859375,0.854196310043335
init-init,proj-alpaca-r30-s0,proj-selfdoc-r30-s0,L13.gateup,13,gateup,2048,812,0.396484375,0.7140535712242126
final-final,proj-alpaca-r30-s0,proj-selfdoc-r30-s0,L13.gateup,13,gateup,2048,812,0.396484375,0.7081665992736816
init-init,proj-alpaca-r30-s0,proj-selfdoc-r30-s0,L13.down,13,down,2048,812,0.396484375,0.8455612063407898
final-final,proj-alpaca-r30-s0,proj-selfdoc-r30-s0,L13.down,13,down,2048,812,0.396484375,0.8391508460044861
init-init,proj-alpaca-r30-s0,proj-selfdoc-r30-s0,L14.qkv,14,qkv,2048,1275,0.62255859375,0.8827295899391174
final-final,proj-alpaca-r30-s0,proj-selfdoc-r30-s0,L14.qkv,14,qkv,2048,1275,0.62255859375,0.8804228901863098
init-init,proj-alpaca-r30-s0,proj-selfdoc-r30-s0,L14.o,14,o,2048,1275,0.62255859375,0.851667046546936
final-final,proj-alpaca-r30-s0,proj-selfdoc-r30-s0,L14.o,14,o,2048,1275,0.62255859375,0.8477891087532043
init-init,proj-alpaca-r30-s0,proj-selfdoc-r30-s0,L14.gateup,14,gateup,2048,812,0.396484375,0.7302250266075134
final-final,proj-alpaca-r30-s0,proj-selfdoc-r30-s0,L14.gateup,14,gateup,2048,812,0.396484375,0.7246852517127991
init-init,proj-alpaca-r30-s0,proj-selfdoc-r30-s0,L14.down,14,down,2048,812,0.396484375,0.8381209969520569
final-final,proj-alpaca-r30-s0,proj-selfdoc-r30-s0,L14.down,14,down,2048,812,0.396484375,0.8328332901000977
init-init,proj-alpaca-r30-s0,proj-selfdoc-r30-s0,L15.qkv,15,qkv,2048,1275,0.62255859375,0.8806841373443604
final-final,proj-alpaca-r30-s0,proj-selfdoc-r30-s0,L15.qkv,15,qkv,2048,1275,0.62255859375,0.8785108923912048
init-init,proj-alpaca-r30-s0,proj-selfdoc-r30-s0,L15.o,15,o,2048,1275,0.62255859375,0.8685988783836365
final-final,proj-alpaca-r30-s0,proj-selfdoc-r30-s0,L15.o,15,o,2048,1275,0.62255859375,0.8647792339324951
init-init,proj-alpaca-r30-s0,proj-selfdoc-r30-s0,L15.gateup,15,gateup,2048,812,0.396484375,0.7175548672676086
final-final,proj-alpaca-r30-s0,proj-selfdoc-r30-s0,L15.gateup,15,gateup,2048,812,0.396484375,0.7139443755149841
init-init,proj-alpaca-r30-s0,proj-selfdoc-r30-s0,L15.down,15,down,2048,812,0.396484375,0.8299580812454224
final-final,proj-alpaca-r30-s0,proj-selfdoc-r30-s0,L15.down,15,down,2048,812,0.396484375,0.8277804851531982
init-init,proj-selfgen-r30-s0,proj-selfdoc-r30-s0,L0.qkv,0,qkv,2048,1275,0.62255859375,0.9673802852630615
final-final,proj-selfgen-r30-s0,proj-selfdoc-r30-s0,L0.qkv,0,qkv,2048,1275,0.62255859375,0.9630062580108643
init-init,proj-selfgen-r30-s0,proj-selfdoc-r30-s0,L0.o,0,o,2048,1275,0.62255859375,0.9635444283485413
final-final,proj-selfgen-r30-s0,proj-selfdoc-r30-s0,L0.o,0,o,2048,1275,0.62255859375,0.9586115479469299
init-init,proj-selfgen-r30-s0,proj-selfdoc-r30-s0,L0.gateup,0,gateup,2048,812,0.396484375,0.8542420268058777
final-final,proj-selfgen-r30-s0,proj-selfdoc-r30-s0,L0.gateup,0,gateup,2048,812,0.396484375,0.8479588627815247
init-init,proj-selfgen-r30-s0,proj-selfdoc-r30-s0,L0.down,0,down,2048,812,0.396484375,0.910747766494751
final-final,proj-selfgen-r30-s0,proj-selfdoc-r30-s0,L0.down,0,down,2048,812,0.396484375,0.9051209688186646
init-init,proj-selfgen-r30-s0,proj-selfdoc-r30-s0,L1.qkv,1,qkv,2048,1275,0.62255859375,0.9678938388824463
final-final,proj-selfgen-r30-s0,proj-selfdoc-r30-s0,L1.qkv,1,qkv,2048,1275,0.62255859375,0.9645766019821167
init-init,proj-selfgen-r30-s0,proj-selfdoc-r30-s0,L1.o,1,o,2048,1275,0.62255859375,0.9589663743972778
final-final,proj-selfgen-r30-s0,proj-selfdoc-r30-s0,L1.o,1,o,2048,1275,0.62255859375,0.9536305069923401
init-init,proj-selfgen-r30-s0,proj-selfdoc-r30-s0,L1.gateup,1,gateup,2048,812,0.396484375,0.8494120240211487
final-final,proj-selfgen-r30-s0,proj-selfdoc-r30-s0,L1.gateup,1,gateup,2048,812,0.396484375,0.8424622416496277
init-init,proj-selfgen-r30-s0,proj-selfdoc-r30-s0,L1.down,1,down,2048,812,0.396484375,0.905178964138031
final-final,proj-selfgen-r30-s0,proj-selfdoc-r30-s0,L1.down,1,down,2048,812,0.396484375,0.9001019597053528
init-init,proj-selfgen-r30-s0,proj-selfdoc-r30-s0,L2.qkv,2,qkv,2048,1275,0.62255859375,0.952685534954071
final-final,proj-selfgen-r30-s0,proj-selfdoc-r30-s0,L2.qkv,2,qkv,2048,1275,0.62255859375,0.9495578408241272
init-init,proj-selfgen-r30-s0,proj-selfdoc-r30-s0,L2.o,2,o,2048,1275,0.62255859375,0.9484891891479492
final-final,proj-selfgen-r30-s0,proj-selfdoc-r30-s0,L2.o,2,o,2048,1275,0.62255859375,0.9430621862411499
init-init,proj-selfgen-r30-s0,proj-selfdoc-r30-s0,L2.gateup,2,gateup,2048,812,0.396484375,0.8277494311332703
final-final,proj-selfgen-r30-s0,proj-selfdoc-r30-s0,L2.gateup,2,gateup,2048,812,0.396484375,0.8220125436782837
init-init,proj-selfgen-r30-s0,proj-selfdoc-r30-s0,L2.down,2,down,2048,812,0.396484375,0.8995163440704346
final-final,proj-selfgen-r30-s0,proj-selfdoc-r30-s0,L2.down,2,down,2048,812,0.396484375,0.8944308757781982
init-init,proj-selfgen-r30-s0,proj-selfdoc-r30-s0,L3.qkv,3,qkv,2048,1275,0.62255859375,0.940781831741333
final-final,proj-selfgen-r30-s0,proj-selfdoc-r30-s0,L3.qkv,3,qkv,2048,1275,0.62255859375,0.9377720952033997
init-init,proj-selfgen-r30-s0,proj-selfdoc-r30-s0,L3.o,3,o,2048,1275,0.62255859375,0.9390188455581665
final-final,proj-selfgen-r30-s0,proj-selfdoc-r30-s0,L3.o,3,o,2048,1275,0.62255859375,0.9335077404975891
init-init,proj-selfgen-r30-s0,proj-selfdoc-r30-s0,L3.gateup,3,gateup,2048,812,0.396484375,0.8307123184204102
final-final,proj-selfgen-r30-s0,proj-selfdoc-r30-s0,L3.gateup,3,gateup,2048,812,0.396484375,0.8250228762626648
init-init,proj-selfgen-r30-s0,proj-selfdoc-r30-s0,L3.down,3,down,2048,812,0.396484375,0.8952522277832031
final-final,proj-selfgen-r30-s0,proj-selfdoc-r30-s0,L3.down,3,down,2048,812,0.396484375,0.8904659152030945
init-init,proj-selfgen-r30-s0,proj-selfdoc-r30-s0,L4.qkv,4,qkv,2048,1275,0.62255859375,0.9392698407173157
final-final,proj-selfgen-r30-s0,proj-selfdoc-r30-s0,L4.qkv,4,qkv,2048,1275,0.62255859375,0.9361625909805298
init-init,proj-selfgen-r30-s0,proj-selfdoc-r30-s0,L4.o,4,o,2048,1275,0.62255859375,0.9246695637702942
final-final,proj-selfgen-r30-s0,proj-selfdoc-r30-s0,L4.o,4,o,2048,1275,0.62255859375,0.9201599955558777
init-init,proj-selfgen-r30-s0,proj-selfdoc-r30-s0,L4.gateup,4,gateup,2048,812,0.396484375,0.8206919431686401
final-final,proj-selfgen-r30-s0,proj-selfdoc-r30-s0,L4.gateup,4,gateup,2048,812,0.396484375,0.8155412077903748
init-init,proj-selfgen-r30-s0,proj-selfdoc-r30-s0,L4.down,4,down,2048,812,0.396484375,0.9026116132736206
final-final,proj-selfgen-r30-s0,proj-selfdoc-r30-s0,L4.down,4,down,2048,812,0.396484375,0.8977054953575134
init-init,proj-selfgen-r30-s0,proj-selfdoc-r30-s0,L5.qkv,5,qkv,2048,1275,0.62255859375,0.9427859783172607
final-final,proj-selfgen-r30-s0,proj-selfdoc-r30-s0,L5.qkv,5,qkv,2048,1275,0.62255859375,0.9393094778060913
init-init,proj-selfgen-r30-s0,proj-selfdoc-r30-s0,L5.o,5,o,2048,1275,0.62255859375,0.9438740611076355
final-final,proj-selfgen-r30-s0,proj-selfdoc-r30-s0,L5.o,5,o,2048,1275,0.62255859375,0.9391793012619019
init-init,proj-selfgen-r30-s0,proj-selfdoc-r30-s0,L5.gateup,5,gateup,2048,812,0.396484375,0.8225918412208557
final-final,proj-selfgen-r30-s0,proj-selfdoc-r30-s0,L5.gateup,5,gateup,2048,812,0.396484375,0.8171908259391785
init-init,proj-selfgen-r30-s0,proj-selfdoc-r30-s0,L5.down,5,down,2048,812,0.396484375,0.9108294248580933
final-final,proj-selfgen-r30-s0,proj-selfdoc-r30-s0,L5.down,5,down,2048,812,0.396484375,0.9061333537101746
init-init,proj-selfgen-r30-s0,proj-selfdoc-r30-s0,L6.qkv,6,qkv,2048,1275,0.62255859375,0.9373831748962402
final-final,proj-selfgen-r30-s0,proj-selfdoc-r30-s0,L6.qkv,6,qkv,2048,1275,0.62255859375,0.9337907433509827
init-init,proj-selfgen-r30-s0,proj-selfdoc-r30-s0,L6.o,6,o,2048,1275,0.62255859375,0.9432826042175293
final-final,proj-selfgen-r30-s0,proj-selfdoc-r30-s0,L6.o,6,o,2048,1275,0.62255859375,0.9387854337692261
init-init,proj-selfgen-r30-s0,proj-selfdoc-r30-s0,L6.gateup,6,gateup,2048,812,0.396484375,0.8208255767822266
final-final,proj-selfgen-r30-s0,proj-selfdoc-r30-s0,L6.gateup,6,gateup,2048,812,0.396484375,0.8158175349235535
init-init,proj-selfgen-r30-s0,proj-selfdoc-r30-s0,L6.down,6,down,2048,812,0.396484375,0.9150636792182922
final-final,proj-selfgen-r30-s0,proj-selfdoc-r30-s0,L6.down,6,down,2048,812,0.396484375,0.9099829196929932
init-init,proj-selfgen-r30-s0,proj-selfdoc-r30-s0,L7.qkv,7,qkv,2048,1275,0.62255859375,0.9340368509292603
final-final,proj-selfgen-r30-s0,proj-selfdoc-r30-s0,L7.qkv,7,qkv,2048,1275,0.62255859375,0.9307107925415039
init-init,proj-selfgen-r30-s0,proj-selfdoc-r30-s0,L7.o,7,o,2048,1275,0.62255859375,0.9366278052330017
final-final,proj-selfgen-r30-s0,proj-selfdoc-r30-s0,L7.o,7,o,2048,1275,0.62255859375,0.9324268102645874
init-init,proj-selfgen-r30-s0,proj-selfdoc-r30-s0,L7.gateup,7,gateup,2048,812,0.396484375,0.819420576095581
final-final,proj-selfgen-r30-s0,proj-selfdoc-r30-s0,L7.gateup,7,gateup,2048,812,0.396484375,0.8147695660591125
init-init,proj-selfgen-r30-s0,proj-selfdoc-r30-s0,L7.down,7,down,2048,812,0.396484375,0.9084887504577637
final-final,proj-selfgen-r30-s0,proj-selfdoc-r30-s0,L7.down,7,down,2048,812,0.396484375,0.9038913249969482
init-init,proj-selfgen-r30-s0,proj-selfdoc-r30-s0,L8.qkv,8,qkv,2048,1275,0.62255859375,0.9276573061943054
final-final,proj-selfgen-r30-s0,proj-selfdoc-r30-s0,L8.qkv,8,qkv,2048,1275,0.62255859375,0.9242313504219055
init-init,proj-selfgen-r30-s0,proj-selfdoc-r30-s0,L8.o,8,o,2048,1275,0.62255859375,0.9445837140083313
final-final,proj-selfgen-r30-s0,proj-selfdoc-r30-s0,L8.o,8,o,2048,1275,0.62255859375,0.9401266574859619
init-init,proj-selfgen-r30-s0,proj-selfdoc-r30-s0,L8.gateup,8,gateup,2048,812,0.396484375,0.8242332339286804
final-final,proj-selfgen-r30-s0,proj-selfdoc-r30-s0,L8.gateup,8,gateup,2048,812,0.396484375,0.8195832371711731
init-init,proj-selfgen-r30-s0,proj-selfdoc-r30-s0,L8.down,8,down,2048,812,0.396484375,0.9014182686805725
final-final,proj-selfgen-r30-s0,proj-selfdoc-r30-s0,L8.down,8,down,2048,812,0.396484375,0.897026777267456
init-init,proj-selfgen-r30-s0,proj-selfdoc-r30-s0,L9.qkv,9,qkv,2048,1275,0.62255859375,0.9280769228935242
final-final,proj-selfgen-r30-s0,proj-selfdoc-r30-s0,L9.qkv,9,qkv,2048,1275,0.62255859375,0.9249582290649414
init-init,proj-selfgen-r30-s0,proj-selfdoc-r30-s0,L9.o,9,o,2048,1275,0.62255859375,0.9422788023948669
final-final,proj-selfgen-r30-s0,proj-selfdoc-r30-s0,L9.o,9,o,2048,1275,0.62255859375,0.937648594379425
init-init,proj-selfgen-r30-s0,proj-selfdoc-r30-s0,L9.gateup,9,gateup,2048,812,0.396484375,0.8333602547645569
final-final,proj-selfgen-r30-s0,proj-selfdoc-r30-s0,L9.gateup,9,gateup,2048,812,0.396484375,0.8282136917114258
init-init,proj-selfgen-r30-s0,proj-selfdoc-r30-s0,L9.down,9,down,2048,812,0.396484375,0.9025630950927734
final-final,proj-selfgen-r30-s0,proj-selfdoc-r30-s0,L9.down,9,down,2048,812,0.396484375,0.897389829158783
init-init,proj-selfgen-r30-s0,proj-selfdoc-r30-s0,L10.qkv,10,qkv,2048,1275,0.62255859375,0.9322618842124939
final-final,proj-selfgen-r30-s0,proj-selfdoc-r30-s0,L10.qkv,10,qkv,2048,1275,0.62255859375,0.9283927083015442
init-init,proj-selfgen-r30-s0,proj-selfdoc-r30-s0,L10.o,10,o,2048,1275,0.62255859375,0.9494008421897888
final-final,proj-selfgen-r30-s0,proj-selfdoc-r30-s0,L10.o,10,o,2048,1275,0.62255859375,0.9443987011909485
init-init,proj-selfgen-r30-s0,proj-selfdoc-r30-s0,L10.gateup,10,gateup,2048,812,0.396484375,0.8307936787605286
final-final,proj-selfgen-r30-s0,proj-selfdoc-r30-s0,L10.gateup,10,gateup,2048,812,0.396484375,0.8251768350601196
init-init,proj-selfgen-r30-s0,proj-selfdoc-r30-s0,L10.down,10,down,2048,812,0.396484375,0.9072558879852295
final-final,proj-selfgen-r30-s0,proj-selfdoc-r30-s0,L10.down,10,down,2048,812,0.396484375,0.9013151526451111
init-init,proj-selfgen-r30-s0,proj-selfdoc-r30-s0,L11.qkv,11,qkv,2048,1275,0.62255859375,0.9262526631355286
final-final,proj-selfgen-r30-s0,proj-selfdoc-r30-s0,L11.qkv,11,qkv,2048,1275,0.62255859375,0.922702968120575
init-init,proj-selfgen-r30-s0,proj-selfdoc-r30-s0,L11.o,11,o,2048,1275,0.62255859375,0.9354122281074524
final-final,proj-selfgen-r30-s0,proj-selfdoc-r30-s0,L11.o,11,o,2048,1275,0.62255859375,0.9302418231964111
init-init,proj-selfgen-r30-s0,proj-selfdoc-r30-s0,L11.gateup,11,gateup,2048,812,0.396484375,0.8362197875976562
final-final,proj-selfgen-r30-s0,proj-selfdoc-r30-s0,L11.gateup,11,gateup,2048,812,0.396484375,0.830256998538971
init-init,proj-selfgen-r30-s0,proj-selfdoc-r30-s0,L11.down,11,down,2048,812,0.396484375,0.907485842704773
final-final,proj-selfgen-r30-s0,proj-selfdoc-r30-s0,L11.down,11,down,2048,812,0.396484375,0.9015318155288696
init-init,proj-selfgen-r30-s0,proj-selfdoc-r30-s0,L12.qkv,12,qkv,2048,1275,0.62255859375,0.9346644878387451
final-final,proj-selfgen-r30-s0,proj-selfdoc-r30-s0,L12.qkv,12,qkv,2048,1275,0.62255859375,0.9312839508056641
init-init,proj-selfgen-r30-s0,proj-selfdoc-r30-s0,L12.o,12,o,2048,1275,0.62255859375,0.9263631701469421
final-final,proj-selfgen-r30-s0,proj-selfdoc-r30-s0,L12.o,12,o,2048,1275,0.62255859375,0.9214234948158264
init-init,proj-selfgen-r30-s0,proj-selfdoc-r30-s0,L12.gateup,12,gateup,2048,812,0.396484375,0.829822838306427
final-final,proj-selfgen-r30-s0,proj-selfdoc-r30-s0,L12.gateup,12,gateup,2048,812,0.396484375,0.8229557275772095
init-init,proj-selfgen-r30-s0,proj-selfdoc-r30-s0,L12.down,12,down,2048,812,0.396484375,0.9144060015678406
final-final,proj-selfgen-r30-s0,proj-selfdoc-r30-s0,L12.down,12,down,2048,812,0.396484375,0.9077870845794678
init-init,proj-selfgen-r30-s0,proj-selfdoc-r30-s0,L13.qkv,13,qkv,2048,1275,0.62255859375,0.9317001700401306
final-final,proj-selfgen-r30-s0,proj-selfdoc-r30-s0,L13.qkv,13,qkv,2048,1275,0.62255859375,0.9281740188598633
init-init,proj-selfgen-r30-s0,proj-selfdoc-r30-s0,L13.o,13,o,2048,1275,0.62255859375,0.8934640288352966
final-final,proj-selfgen-r30-s0,proj-selfdoc-r30-s0,L13.o,13,o,2048,1275,0.62255859375,0.8892895579338074
init-init,proj-selfgen-r30-s0,proj-selfdoc-r30-s0,L13.gateup,13,gateup,2048,812,0.396484375,0.8205158710479736
final-final,proj-selfgen-r30-s0,proj-selfdoc-r30-s0,L13.gateup,13,gateup,2048,812,0.396484375,0.8138278722763062
init-init,proj-selfgen-r30-s0,proj-selfdoc-r30-s0,L13.down,13,down,2048,812,0.396484375,0.9095700979232788
final-final,proj-selfgen-r30-s0,proj-selfdoc-r30-s0,L13.down,13,down,2048,812,0.396484375,0.9032906889915466
init-init,proj-selfgen-r30-s0,proj-selfdoc-r30-s0,L14.qkv,14,qkv,2048,1275,0.62255859375,0.9363413453102112
final-final,proj-selfgen-r30-s0,proj-selfdoc-r30-s0,L14.qkv,14,qkv,2048,1275,0.62255859375,0.9331091046333313
init-init,proj-selfgen-r30-s0,proj-selfdoc-r30-s0,L14.o,14,o,2048,1275,0.62255859375,0.9056635499000549
final-final,proj-selfgen-r30-s0,proj-selfdoc-r30-s0,L14.o,14,o,2048,1275,0.62255859375,0.9003520011901855
init-init,proj-selfgen-r30-s0,proj-selfdoc-r30-s0,L14.gateup,14,gateup,2048,812,0.396484375,0.8175740838050842
final-final,proj-selfgen-r30-s0,proj-selfdoc-r30-s0,L14.gateup,14,gateup,2048,812,0.396484375,0.8118862509727478
init-init,proj-selfgen-r30-s0,proj-selfdoc-r30-s0,L14.down,14,down,2048,812,0.396484375,0.9047762155532837
final-final,proj-selfgen-r30-s0,proj-selfdoc-r30-s0,L14.down,14,down,2048,812,0.396484375,0.899429202079773
init-init,proj-selfgen-r30-s0,proj-selfdoc-r30-s0,L15.qkv,15,qkv,2048,1275,0.62255859375,0.9294390082359314
final-final,proj-selfgen-r30-s0,proj-selfdoc-r30-s0,L15.qkv,15,qkv,2048,1275,0.62255859375,0.9264721274375916
init-init,proj-selfgen-r30-s0,proj-selfdoc-r30-s0,L15.o,15,o,2048,1275,0.62255859375,0.8987006545066833
final-final,proj-selfgen-r30-s0,proj-selfdoc-r30-s0,L15.o,15,o,2048,1275,0.62255859375,0.8942606449127197
init-init,proj-selfgen-r30-s0,proj-selfdoc-r30-s0,L15.gateup,15,gateup,2048,812,0.396484375,0.7965790033340454
final-final,proj-selfgen-r30-s0,proj-selfdoc-r30-s0,L15.gateup,15,gateup,2048,812,0.396484375,0.7935178875923157
init-init,proj-selfgen-r30-s0,proj-selfdoc-r30-s0,L15.down,15,down,2048,812,0.396484375,0.8875060081481934
final-final,proj-selfgen-r30-s0,proj-selfdoc-r30-s0,L15.down,15,down,2048,812,0.396484375,0.8856250643730164
