model,run,done,gpu,mode,source,ratio,alloc,seed,n_train,n_val,lr,epochs,batch_size,seqlen,drop_p,lam_ort,untied,alloc_from,selfgen_path,realized_ratio,trainable_params,merge_check_kl,best_val_kl,best_epoch,epochs_run,init_val_kl,t_alloc_s,mem_alloc_gb,t_calibration_s,mem_calibration_gb,t_eval_final_s,mem_eval_final_gb,t_grams_s,mem_grams_gb,t_train_s,mem_train_gb,final_ppl_c4,final_ppl_wikitext2,final_pplstream_c4,final_pplstream_wikitext2,final_sp_arxiv,final_sp_book,final_sp_c4,final_sp_cc,final_sp_github,final_sp_stack,final_sp_wiki,final_sp_geo,t_eval_init_s,mem_eval_init_gb,init_ppl_c4,init_ppl_wikitext2,init_pplstream_c4,init_pplstream_wikitext2,init_sp_arxiv,init_sp_book,init_sp_c4,init_sp_cc,init_sp_github,init_sp_stack,init_sp_wiki,init_sp_geo,init_zs_arc_challenge_acc,init_zs_arc_challenge_acc_se,init_zs_arc_challenge_acc_norm,init_zs_arc_challenge_acc_norm_se,init_zs_arc_easy_acc,init_zs_arc_easy_acc_se,init_zs_arc_easy_acc_norm,init_zs_arc_easy_acc_norm_se,init_zs_boolq_acc,init_zs_boolq_acc_se,init_zs_hellaswag_acc,init_zs_hellaswag_acc_se,init_zs_hellaswag_acc_norm,init_zs_hellaswag_acc_norm_se,init_zs_openbookqa_acc,init_zs_openbookqa_acc_se,init_zs_openbookqa_acc_norm,init_zs_openbookqa_acc_norm_se,init_zs_piqa_acc,init_zs_piqa_acc_se,init_zs_piqa_acc_norm,init_zs_piqa_acc_norm_se,init_zs_winogrande_acc,init_zs_winogrande_acc_se,init_zs_mean_acc,init_zs_mean_mixed,init_kl_alpaca,init_kl_c4,init_kl_selfgen,init_kl_slimpajama,init_kl_wikitext2,final_zs_arc_challenge_acc,final_zs_arc_challenge_acc_se,final_zs_arc_challenge_acc_norm,final_zs_arc_challenge_acc_norm_se,final_zs_arc_easy_acc,final_zs_arc_easy_acc_se,final_zs_arc_easy_acc_norm,final_zs_arc_easy_acc_norm_se,final_zs_boolq_acc,final_zs_boolq_acc_se,final_zs_hellaswag_acc,final_zs_hellaswag_acc_se,final_zs_hellaswag_acc_norm,final_zs_hellaswag_acc_norm_se,final_zs_openbookqa_acc,final_zs_openbookqa_acc_se,final_zs_openbookqa_acc_norm,final_zs_openbookqa_acc_norm_se,final_zs_piqa_acc,final_zs_piqa_acc_se,final_zs_piqa_acc_norm,final_zs_piqa_acc_norm_se,final_zs_winogrande_acc,final_zs_winogrande_acc_se,final_zs_mean_acc,final_zs_mean_mixed,final_kl_alpaca,final_kl_c4,final_kl_selfgen,final_kl_slimpajama,final_kl_wikitext2
llama-3.1-8b,pilot-proj-c4-r30-lr1e-4,True,NVIDIA A100-SXM4-80GB,proj,c4,0.3,uniform,0,512,32,0.0001,8,8,2048,0.05,0.05,False,,,0.3001708984375,1104936960.0,0.0006736340001225471,0.5867538405582309,7.0,8.0,3.1865424709394574,0.01,14.99,7.73,14.96,401.91,44.5,726.09,26.97,3960.49,60.35,18.413822929737556,19.04480412955415,21554.51523102622,37387.69359987554,53.470957109613295,21.973177019468274,19.63444316446839,17.443619691035494,30.421077257635407,44.791590835110924,99.12110634560996,34.16649756152537,,,,,,,,,,,,,,,,,,,,,,,,,,,,,,,,,,,,,,,,,,,,,,,,,,,,,,,,,,,,,,,,,,,,,,,,,,,,
llama-3.1-8b,pilot-proj-c4-r30-lr1e-5,True,NVIDIA A100-SXM4-80GB,proj,c4,0.3,uniform,0,512,32,1e-05,8,8,2048,0.05,0.05,False,,,0.3001708984375,1104936960.0,0.0009543020278215408,0.5917440794873983,7.0,8.0,3.177875105291605,0.01,14.97,7.95,14.96,400.99,56.89,726.38,26.97,7144.04,60.3,18.593684197886315,21.281311341429976,955042.1457687354,1873019.3566929777,66.04189721390317,22.500438330965626,19.804290041748576,17.70258399629561,39.14009773043276,51.60645517797572,87.3719493361797,36.83111930055473,,,,,,,,,,,,,,,,,,,,,,,,,,,,,,,,,,,,,,,,,,,,,,,,,,,,,,,,,,,,,,,,,,,,,,,,,,,,
llama-3.1-8b,pilot-proj-c4-r30-lr3e-5,True,NVIDIA A100-SXM4-80GB,proj,c4,0.3,uniform,0,512,32,3e-05,8,8,2048,0.05,0.05,False,,,0.3001708984375,1104936960.0,0.0008369607967324555,0.5747492213267833,7.0,8.0,3.1865424709394574,0.01,14.99,7.55,14.96,402.47,44.5,729.1,26.97,3950.49,60.35,18.209009208877315,20.857357842455365,233987.79926632083,769364.1074888908,55.82899464450709,21.761658908777832,19.41766736352744,17.298430274961095,34.95265517296857,47.3094485854985,84.36834799902434,34.393822989248655,,,,,,,,,,,,,,,,,,,,,,,,,,,,,,,,,,,,,,,,,,,,,,,,,,,,,,,,,,,,,,,,,,,,,,,,,,,,
llama-3.1-8b,pilot-proj-c4-r30-lr3e-6,True,NVIDIA A100-SXM4-80GB,proj,c4,0.3,uniform,0,512,32,3e-06,8,8,2048,0.05,0.05,False,,,0.3001708984375,1104936960.0,0.0009506986243650317,0.6137952005956322,7.0,8.0,3.177875105291605,0.01,14.97,7.56,14.96,401.96,56.89,729.33,26.97,7168.22,60.3,19.013304203027804,22.551062600611267,463009.49804561166,762155.3680124913,93.93744794406639,23.527188797404374,20.416884190707123,18.259860233952228,55.49279607485209,61.44273614220936,100.64690858072035,43.24289466061931,,,,,,,,,,,,,,,,,,,,,,,,,,,,,,,,,,,,,,,,,,,,,,,,,,,,,,,,,,,,,,,,,,,,,,,,,,,,
llama-3.1-8b,proj-alpaca-r30-s0,True,NVIDIA H100,proj,alpaca,0.3,uniform,0,512,32,3e-05,8,8,2048,0.05,0.05,False,,,0.3001708984375,1104936960.0,0.0004943797830492258,0.1498404634767212,7.0,8.0,0.8531673948746175,0.01,14.99,0.57,14.96,822.63,56.84,364.66,26.99,3971.43,60.27,25.71916884316896,31.0189837738536,48913.50492738696,57768.52787443029,13.648274921304033,23.859304085679213,27.345173519440852,23.551400094972525,6.707530313967245,16.445909095643394,365.77030412230783,26.19442356962536,817.13,37.17,252.4141800104814,584.5345179422243,162991.8370191653,235546.36545676968,2988.9735802395085,233.077039169411,260.6558332321083,259.48824036105435,3607.8731424804287,591.2239637734054,20799.239309366105,1111.0946655598225,0.22696245733788395,0.012240491536132965,0.2619453924914676,0.012849054826857987,0.468013468013468,0.010238767643185735,0.4305555555555556,0.010160345396860079,0.6097859327217126,0.008531643526263285,0.29127663811989646,0.004534221350046416,0.3293168691495718,0.0046900470217194215,0.17,0.016815633531393464,0.278,0.020055833888070865,0.6229597388465724,0.011307569752543913,0.6196953210010882,0.011326620892570301,0.5564325177584846,0.013962694907620256,0.4207758218282883,0.44081879838255433,0.91335519682616,3.1360247023403645,2.607447611168027,3.466440310701728,4.495715174823999,0.36177474402730375,0.014041957945037995,0.39590443686006827,0.01429122839353657,0.6881313131313131,0.009505823345817531,0.6725589225589226,0.009629415859100505,0.7045871559633028,0.007979479946630268,0.46016729735112527,0.004973922192982424,0.6088428599880502,0.004870121051762574,0.266,0.019780559675655396,0.378,0.02170655082451827,0.7328618063112078,0.010323440492612343,0.736126224156692,0.010282996367695665,0.6250986582478295,0.013605544523788008,0.5483744250045832,0.5887311796821236,0.16112647287081927,0.898921612650156,1.0124018867500126,0.9641314358450472,1.5557502135634422
llama-3.1-8b,proj-c4-r30-s0,True,NVIDIA H100,proj,c4,0.3,uniform,0,512,32,3e-05,8,8,2048,0.05,0.05,False,,,0.3001708984375,1104936960.0,0.0008883023983798921,0.5747492213267833,7.0,8.0,3.1865424709394574,0.01,14.99,6.9,14.96,819.19,53.66,363.71,26.99,3975.85,60.28,18.207364739011698,20.84274709817808,233858.45617137713,767711.7819763588,55.79059073092,21.772085743418533,19.415405008568825,17.304096587915037,34.92174140319722,47.310735088629315,84.17600649830572,34.378407510723214,812.73,37.17,272.4803091563357,545.731960886412,326299.6663606829,476211.8344648413,13278.733978890867,256.4901501696275,258.50172714958546,270.02093318686246,140933.99778683556,5921.30189487059,21485.914229584836,3300.08410518827,0.18430034129692832,0.01133051793303744,0.2295221843003413,0.012288926760890708,0.3228114478114478,0.009593950220366663,0.31565656565656564,0.009537019245566315,0.6162079510703364,0.008505584729104822,0.29247161919936265,0.00453968076414204,0.3309101772555268,0.004695791340502553,0.146,0.015807205175834907,0.284,0.020186703693570774,0.5984766050054406,0.011437324373397841,0.5875952121871599,0.011485407152743092,0.5390686661404893,0.014009521680980411,0.38561951864628646,0.4147086795157742,3.1316831298172474,3.1369645837694407,2.9231204092502594,3.671038379892707,4.456411007791758,0.3302047781569966,0.013743085603760337,0.35409556313993173,0.013975454122756538,0.6275252525252525,0.009920469215736045,0.5787037037037037,0.010131882498192881,0.717737003058104,0.0078723099043498,0.48287193786098387,0.004986852842576648,0.6549492133041227,0.0047441328253914885,0.26,0.019635965529725526,0.368,0.021588982568353548,0.7448313384113167,0.010171571592521887,0.7415669205658324,0.010213971636773348,0.6416732438831886,0.013476581172567522,0.5435490791279775,0.579532235379269,0.9023831197991967,0.5725996741093695,1.1631575343199074,0.7592614288441837,1.1935176374390721
llama-3.1-8b,proj-selfdoc-r30-s0,True,NVIDIA H100,proj,selfdoc,0.3,uniform,0,512,32,3e-05,8,8,2048,0.05,0.05,False,,out/calib/llama-3.1-8b/selfdoc-T1.0-s0.pt,0.3001708984375,1104936960.0,0.0006613924633711576,0.4834959575673565,7.0,8.0,2.50406364351511,0.01,14.99,0.23,14.96,820.28,53.66,364.57,26.99,3980.94,60.28,18.500398889735646,13.991999414274696,75952.26453171874,123830.52479502768,5.940480093354181,20.507379182812183,20.246992218391707,16.634551490499437,3.1213307402305093,9.566231911665438,19.870657111521,11.355322241554699,818.62,37.17,154.08041861703032,186.67763515799425,194463.0163376558,306938.22129984095,190.21524001019088,147.93440972599842,160.84557423780967,136.20918319949254,93.19014223313381,122.58952604485472,1149.8804098630353,187.3395329744709,0.18771331058020477,0.011411001314155208,0.23037542662116042,0.012304928418747618,0.3287037037037037,0.009638903167022173,0.3186026936026936,0.009560775507673373,0.6232415902140673,0.008475244400491348,0.280920135431189,0.004485300194072218,0.3089026090420235,0.0046109661223782995,0.146,0.015807205175834907,0.258,0.019586711785215868,0.5772578890097932,0.01152572136157213,0.5663764961915125,0.011562571737707117,0.5193370165745856,0.014041972733713017,0.3804533779305062,0.40354797603514897,1.6307130232453346,2.646850071847439,1.4219325492158532,2.8051125817000866,3.36729658767581,0.3395904436860068,0.013839039762820082,0.386518771331058,0.01423008476191056,0.6641414141414141,0.009691180932083652,0.63510101010101,0.009878157021155564,0.7152905198776759,0.007892866159005661,0.448814977096196,0.004963567029129133,0.5965943039235212,0.00489578210778632,0.236,0.01900869962208476,0.352,0.02138004238594605,0.7241566920565833,0.010427805502729186,0.7236126224156693,0.010434162388275511,0.6424625098658248,0.013470007443920773,0.5386366509605287,0.5787971053592512,0.3055988848209381,0.6098519582301378,0.3927128540817648,0.6225164569914341,0.7812279909849167
llama-3.1-8b,proj-slimpajama-r30-s0,True,NVIDIA H100,proj,slimpajama,0.3,uniform,0,512,32,3e-05,8,8,2048,0.05,0.05,False,,,0.3001708984375,1104936960.0,0.0007771633681841195,0.6094163439702243,5.0,8.0,2.9166829576715827,0.01,14.99,1.19,14.96,820.85,53.66,363.84,26.99,3974.26,60.27,19.71876576004427,17.831139979344012,50114.793777292245,223397.68026868,6.099186517943438,17.767242060753038,20.081942568901784,16.36088971012741,3.6247330334720274,11.070789111575623,28.83068635879696,12.241386037797467,817.31,37.17,212.17635086311714,364.4937590354222,252090.11569927985,780709.9533014199,354.16645098128527,133.33171766386022,212.80260099137777,160.97874230871383,1132.1224493030027,521.4616956983688,4300.217612584406,456.1108170041367,0.2030716723549488,0.011755899303705644,0.23890784982935154,0.012461071376316715,0.3186026936026936,0.009560775507673373,0.30723905723905726,0.009466688832475192,0.6198776758409786,0.008489990918989063,0.27942640908185623,0.00447800332652832,0.3111929894443338,0.004620353433075491,0.14,0.015533272840269705,0.264,0.01973288558592215,0.5718171926006529,0.011544859155318712,0.5701849836779108,0.01155032226869392,0.5445935280189423,0.013996485037729767,0.38248416735715324,0.40799944057865345,2.3001546636223793,2.9295291155576706,2.399063251912594,3.1802008002996445,4.06606337428093,0.33532423208191126,0.013796182947785536,0.34812286689419797,0.013921008595179299,0.6363636363636364,0.00987084934601158,0.5854377104377104,0.010108889212447719,0.7244648318042813,0.007814293389790922,0.46355307707627963,0.004976507121076201,0.6247759410476,0.004831911860478841,0.248,0.019332342821239124,0.362,0.02151366252758236,0.7181719260065288,0.010496675231258095,0.720348204570185,0.010471899530306519,0.6416732438831886,0.013476581172567522,0.5382215638879752,0.5724032569481662,0.38221721490845084,0.6401575594209135,0.9313749386928976,0.6180889308452606,1.0320486593991518
llama-3.1-8b,proj-wikitext2-r30-s0,True,NVIDIA A100-SXM4-80GB,proj,wikitext2,0.3,uniform,0,512,32,3e-05,8,8,2048,0.05,0.05,False,,,0.3001708984375,1104936960.0,0.0007089034770615399,0.4897217733087018,7.0,8.0,3.0427419673651457,0.01,14.97,5.46,14.96,1356.98,53.62,726.21,26.97,7138.38,60.23,40.95047030096431,10.016356189816083,18739.68710378139,17243.545445430093,102.61200545312062,45.06115692590917,41.591226016428266,31.196093315841853,376.9292296607497,175.77645107862796,310.4815155862978,103.05077057091528,1344.26,37.15,733.2391077123608,129.97966059257956,61935.424939542914,112609.33876935786,15138.025454132354,487.1744089102574,663.607688766328,484.1357772314226,199270.1042655167,13584.874956703357,12693.73494943398,5029.5758003381725,0.19539249146757678,0.011586907189952898,0.2380546075085324,0.012445770028026118,0.3181818181818182,0.009557408782506306,0.31776094276094274,0.009554033064443069,0.3782874617737003,0.008482001133931097,0.27962557259510057,0.0044789797955071394,0.3075084644493129,0.004605187195197643,0.154,0.016158285192455334,0.272,0.019920483209566107,0.5745375408052231,0.011535468840824452,0.5538628944504896,0.011597936590301249,0.5201262825572218,0.014041096664344348,0.34573588105437725,0.3696572362143143,4.812192417681217,4.2291100434958935,3.891215518116951,4.594693388789892,2.9627448096871376,0.31569965870307165,0.01358257109581519,0.3455631399317406,0.013896938461145866,0.6266835016835017,0.009925009142802761,0.5723905723905723,0.010151683397430673,0.6755351681957187,0.008188424271775619,0.4277036446922924,0.0049373450818680515,0.5808603863772157,0.004924098711864293,0.254,0.01948659680164342,0.38,0.021728881438701678,0.6920565832426551,0.010770892367463548,0.6844396082698585,0.010843119201758775,0.6424625098658248,0.013470007443920773,0.519163009483295,0.5544644835758472,1.5189515706151724,1.452820005826652,1.5328967794775963,1.5984434690326452,0.4354024175554514
llama-3.2-1b,factors-c4-r50-s0-lr1e-4,True,NVIDIA A100-SXM4-40GB,factors,c4,0.5,uniform,0,512,32,0.0001,8,8,2048,0.05,0.05,False,,,0.500067349137931,486473728.0,,1.108095582574606,6.0,8.0,5.32902792468667,0.01,2.31,8.29,2.3,260.62,16.49,85.98,5.41,1055.34,24.12,47.15165468279014,69.01608898661036,774.9706849065319,2750.2390053868025,208.55327635841832,59.257227974896814,47.83949705349365,46.77880129592471,171.10972370490362,175.19340641604532,766.1227074782162,130.22603928285895,266.27,17.48,3422.863545130773,11074.843354810806,36187.083181671085,66048.3641934227,27223.634826291294,2316.4248942799422,2990.8341771020964,3299.945668829957,452674.667464469,20857.777679745803,141637.7073901635,18807.3705707889,0.18430034129692832,0.01133051793303744,0.2380546075085324,0.012445770028026118,0.26304713804713803,0.009034514898865944,0.26136363636363635,0.009015838366608263,0.3782874617737003,0.008482001133931097,0.26000796654052977,0.004377421493297842,0.2582154949213304,0.004367586801776807,0.132,0.015152927850580223,0.268,0.019827714859587477,0.5168661588683352,0.011659185184878962,0.5201305767138193,0.011656365410780507,0.48382004735595896,0.014045126130978676,0.3169041591260844,0.34398168923385397,6.389531522989273,5.206222198903561,4.304829776287079,5.976469025015831,6.872352957725525,0.2167235494880546,0.012040156713481203,0.2380546075085324,0.012445770028026118,0.4086700336700337,0.010087174498762844,0.3691077441077441,0.009901987410242688,0.5568807339449541,0.008688282882073791,0.30033857797251545,0.004574683373821224,0.3413662617008564,0.00473198981656398,0.16,0.016411540980502393,0.28,0.020099950647503192,0.6142546245919478,0.011357166777524,0.6066376496191512,0.011397418546689315,0.5067087608524072,0.014051220692330247,0.3947966115028447,0.4141079653905208,1.6637962982058525,1.1336962599307299,1.505832264199853,1.4283124171197414,1.9186912067234516
llama-3.2-1b,factors-c4-r50-s0-lr1e-5,True,NVIDIA A100-SXM4-40GB,factors,c4,0.5,uniform,0,512,32,1e-05,8,8,2048,0.05,0.05,False,,,0.500067349137931,486473728.0,,1.165958933532238,4.0,8.0,5.32902792468667,0.01,2.31,8.34,2.3,275.27,16.49,85.52,5.41,1049.81,24.12,49.44831372660455,73.64972411875192,20489.635648565083,45556.0070143688,210.17752545170265,64.31145689618455,50.54745573584517,49.65603382896888,233.92806845987897,204.85856866498253,592.9513207794344,138.2247849765537,260.42,17.48,3422.863545130773,11074.843354810806,36187.083181671085,66048.3641934227,27223.634826291294,2316.4248942799422,2990.8341771020964,3299.945668829957,452674.667464469,20857.777679745803,141637.7073901635,18807.3705707889,0.18430034129692832,0.01133051793303744,0.2380546075085324,0.012445770028026118,0.26304713804713803,0.009034514898865944,0.26136363636363635,0.009015838366608263,0.3782874617737003,0.008482001133931097,0.26000796654052977,0.004377421493297842,0.2582154949213304,0.004367586801776807,0.132,0.015152927850580223,0.268,0.019827714859587477,0.5168661588683352,0.011659185184878962,0.5201305767138193,0.011656365410780507,0.48382004735595896,0.014045126130978676,0.3169041591260844,0.34398168923385397,6.389531522989273,5.206222198903561,4.304829776287079,5.976469025015831,6.872352957725525,0.19880546075085323,0.011662850198175603,0.2226962457337884,0.012158314774829888,0.38552188552188554,0.00998725000462902,0.3543771043771044,0.009815004030251541,0.5944954128440367,0.008587459055441725,0.2996415056761601,0.004571647137441422,0.33718382792272455,0.004717820714968522,0.156,0.016243636028391108,0.256,0.019536923574747664,0.6044613710554951,0.011408384494565105,0.6011969532100109,0.011424390545037256,0.5035516969218626,0.014052131146915852,0.39178247611004186,0.4099287487156468,1.7063447274267673,1.1820259150117636,1.481202282011509,1.491287024691701,1.9623198136687279
llama-3.2-1b,factors-selfgen-r50-s0-lr1e-4,True,NVIDIA H100,factors,selfgen,0.5,uniform,0,512,32,0.0001,8,8,2048,0.05,0.05,False,,out/calib/llama-3.2-1b/selfgen-T1.0-s0.pt,0.500067349137931,486473728.0,,0.7474726806394756,7.0,8.0,2.2316181659698486,0.01,2.33,0.01,2.3,159.54,16.54,44.97,5.43,613.88,24.15,66.02880408315666,63.634529475047046,9183276517.36538,2187262968.104397,18.87875012102205,69.25033708256332,70.0852394349898,61.12827036078343,12.637882095015954,38.69983269874098,211.98268639071728,47.9252006239924,166.93,17.51,475.76079056373476,456.483693506067,5380.774381655065,8024.165221778839,222.7025625466884,378.67983965309566,488.41370124159045,390.15190223018556,178.59774645929366,229.57338054760388,2345.4079285953585,396.6738316894651,0.19112627986348124,0.011490055292778533,0.22781569965870307,0.012256708602326964,0.2996632996632997,0.009400228586206167,0.289983164983165,0.009310840970769086,0.5067278287461774,0.008744263273827439,0.2640908185620394,0.0043994691682725275,0.27504481179047996,0.004456242601950599,0.118,0.014441922942480794,0.26,0.019635965529725526,0.5402611534276387,0.011627942981817204,0.5282916213275299,0.0116471341727495,0.4980268350434096,0.014052376259225643,0.34541374504372085,0.36941285164992355,3.1964468583464622,3.395341917872429,2.1914073675870895,3.5861424431204796,3.684484750032425,0.20563139931740615,0.01181074526074251,0.2226962457337884,0.012158314774829888,0.3691077441077441,0.009901987410242688,0.33375420875420875,0.009676065683575515,0.6180428134556575,0.008497851998427269,0.27982473610834496,0.00447995516985338,0.29346743676558457,0.004544201359074637,0.142,0.01562563024781025,0.274,0.019966103540279518,0.573993471164309,0.011537375448519308,0.5718171926006529,0.011544859155318712,0.5114443567482242,0.014048804199859391,0.385720645843098,0.4036031791511595,1.4629563428461552,1.478280883282423,0.733794298954308,1.5857073739171028,1.7995694428682327
llama-3.2-1b,factors-selfgen-r50-s0-lr1e-5,True,NVIDIA A100-SXM4-40GB,factors,selfgen,0.5,uniform,0,512,32,1e-05,8,8,2048,0.05,0.05,False,,out/calib/llama-3.2-1b/selfgen-T1.0-s0.pt,0.500067349137931,486473728.0,,0.6624488607048988,7.0,8.0,2.2261965703219175,0.01,2.31,0.01,2.3,264.24,16.49,85.62,5.41,1054.81,24.12,59.52753326249126,52.469558598282575,2993.0417981726864,5970.014453814607,14.95099123005186,65.35430804993037,63.82707386112072,55.475774692547304,8.024160655552791,30.371057239448774,155.59157265453032,38.749951132719524,255.23,17.48,472.5809102988724,453.93761729400575,5339.04834030362,7942.933911861505,220.0927244052632,376.1380927483424,485.601388993382,386.0052214978224,175.9572127306564,227.4719377055543,2340.271929633683,393.21717207521715,0.18771331058020477,0.011411001314155208,0.22610921501706485,0.012224202097063337,0.2984006734006734,0.009388855914040308,0.29292929292929293,0.009338583737393507,0.500611620795107,0.00874504843369544,0.26289583748257317,0.004393066760916671,0.2727544313881697,0.004444654076551038,0.12,0.014547276256845676,0.258,0.019586711785215868,0.5418933623503809,0.011624803747232276,0.5272034820457019,0.01164854526242911,0.4940805051302289,0.014051500838485925,0.34365647281988115,0.3673840781865093,3.1908649653196335,3.390524484217167,2.188629899173975,3.5779079645872116,3.679442673921585,0.1962457337883959,0.011606019881416319,0.2158703071672355,0.012022975360030762,0.36447811447811446,0.009875729282482447,0.3463804713804714,0.009763542075695658,0.6128440366972477,0.008519429207594192,0.2832105158334993,0.004496369742132491,0.3036247759410476,0.004588827958775004,0.146,0.015807205175834907,0.276,0.02001121929807355,0.5919477693144722,0.011466872778651143,0.5788900979325353,0.011519701059151354,0.5011838989739542,0.014052446290528871,0.3851300098693834,0.40497051258464173,1.1407710034400225,1.3843802474439144,0.6524977926164865,1.4703866057097912,1.605029921978712
llama-3.2-1b,factors-wikitext2-r50-s0-lr1e-4,True,NVIDIA A100-SXM4-80GB,factors,wikitext2,0.5,uniform,0,512,32,0.0001,8,8,2048,0.05,0.05,False,,,0.500067349137931,486473728.0,,0.8957045478746295,7.0,8.0,6.0757529735565186,0.01,2.31,6.95,2.3,246.7,16.49,84.07,5.41,1015.55,24.12,112.64404247494831,23.010919562504405,12405.513902802577,5078.491457717195,460.7741127745703,111.24934766383925,109.37804887569341,84.54710452662607,1023.4501468595504,540.4560827474274,849.1379195749759,300.7678414409689,262.77,17.48,10903.218655011482,4716.309677167313,21493.385252187607,20034.26051407501,13931.744722807252,7839.329127576305,9851.364436679434,7310.39724155904,319113.69270447013,31465.73478382773,166780.97828246318,27903.874803821727,0.20648464163822525,0.01182886561900235,0.25170648464163825,0.012682496334042911,0.25673400673400676,0.008963590834042483,0.2718855218855219,0.009129795867310605,0.3779816513761468,0.008480656964585113,0.25941047600079664,0.004374153847826732,0.26199960167297354,0.004388237557526529,0.15,0.0159847121351649,0.252,0.019435727282249564,0.5125136017410229,0.011662170084916882,0.5114254624591947,0.011662778026451529,0.5280189423835833,0.014030404213405703,0.3273061885533974,0.3507168092027227,8.015386924147606,6.50169038772583,4.987969554960728,6.869619384407997,6.240475237369537,0.1962457337883959,0.011606019881416319,0.25170648464163825,0.012682496334042911,0.3766835016835017,0.00994284807747616,0.36195286195286197,0.009860991466688474,0.4382262996941896,0.008678056241208749,0.284106751643099,0.0045006622946981685,0.3011352320254929,0.004578137949298278,0.168,0.01673655354154187,0.264,0.01973288558592215,0.5642002176278563,0.011569259195486755,0.5511425462459195,0.011604638382510322,0.5256511444356748,0.014033980956108428,0.3647305212675311,0.3848306527136825,2.599323056638241,2.088459063321352,1.9880920425057411,2.2993303947150707,0.8056960925459862
llama-3.2-1b,factors-wikitext2-r50-s0-lr1e-5,True,NVIDIA A100-SXM4-80GB,factors,wikitext2,0.5,uniform,0,512,32,1e-05,8,8,2048,0.05,0.05,False,,,0.500067349137931,486473728.0,,0.9721842743456364,5.0,8.0,6.0757529735565186,0.01,2.31,7.02,2.3,247.65,16.49,84.12,5.41,1014.09,24.12,110.24993934986153,24.97587663174943,25465.623780409827,32646.93772434397,555.7989520880053,104.8365675825937,107.07546855769316,81.67494866376624,1779.0839755811844,628.7571925049107,1082.1796079764486,347.9008159029137,263.27,17.48,10903.218655011482,4716.309677167313,21493.385252187607,20034.26051407501,13931.744722807252,7839.329127576305,9851.364436679434,7310.39724155904,319113.69270447013,31465.73478382773,166780.97828246318,27903.874803821727,0.20648464163822525,0.01182886561900235,0.25170648464163825,0.012682496334042911,0.25673400673400676,0.008963590834042483,0.2718855218855219,0.009129795867310605,0.3779816513761468,0.008480656964585113,0.25941047600079664,0.004374153847826732,0.26199960167297354,0.004388237557526529,0.15,0.0159847121351649,0.252,0.019435727282249564,0.5125136017410229,0.011662170084916882,0.5114254624591947,0.011662778026451529,0.5280189423835833,0.014030404213405703,0.3273061885533974,0.3507168092027227,8.015386924147606,6.50169038772583,4.987969554960728,6.869619384407997,6.240475237369537,0.20136518771331058,0.011718927477444347,0.24573378839590443,0.012581033453730187,0.3581649831649832,0.009838331651452004,0.34764309764309764,0.009771868846831044,0.37920489296636084,0.008486012137246443,0.2835092611033659,0.004497803024345454,0.30651264688309104,0.0046010291884587915,0.172,0.01689386887634749,0.276,0.02001121929807355,0.5685527747551686,0.011555657298864519,0.5522306855277476,0.011601999796866942,0.5224940805051302,0.014038257824059859,0.3550415971726171,0.37568845598876166,2.384922057390213,2.068292800337076,2.048110943287611,2.283023126423359,0.8833967130631208
llama-3.2-1b,none-alpaca-r30-s0,True,NVIDIA A100-SXM4-80GB,none,alpaca,0.3,uniform,0,512,32,0.001,8,8,2048,0.05,0.05,False,,,0.3001582704741379,,,,,,,0.01,2.31,0.56,2.3,,,84.02,5.41,,,,,,,,,,,,,,,252.06,17.61,686.6053361599846,1301.6382933236373,863.643100128312,1537.1247931016806,1898.0211509718415,557.0157363081873,666.3169098066032,568.5234689022739,1353.8513819868,831.732774178895,17822.09958072095,1346.795421085212,0.19880546075085323,0.011662850198175603,0.22440273037542663,0.012191404938603725,0.32407407407407407,0.009603728850095139,0.3106060606060606,0.009495260551195664,0.3819571865443425,0.008497851998427269,0.2682732523401713,0.004421551307678948,0.28161720772754434,0.0044886843979798155,0.124,0.014754096608517476,0.25,0.019384310743640384,0.5527747551686616,0.011600659443293037,0.5522306855277476,0.011601999796866942,0.5098658247829518,0.014049749833367674,0.3371072219515792,0.3586685279377248,2.088939145207405,3.6972851380705833,3.0796942338347435,4.036237254738808,4.768605813384056,,,,,,,,,,,,,,,,,,,,,,,,,,,,,,,
llama-3.2-1b,none-alpaca-r50-s0,True,NVIDIA A100-SXM4-40GB,none,alpaca,0.5,uniform,0,512,32,0.001,8,8,2048,0.05,0.05,False,,,0.500067349137931,,,,,,,0.01,2.31,0.73,2.3,,,86.12,5.41,,,,,,,,,,,,,,,260.65,15.8,2320.665282001404,3876.797246926467,2473.022859205851,3989.8632307642733,5738.02494049432,1989.1418267096076,2261.3824881115165,2034.1730145996537,24191.41076444928,4476.286312342418,44547.307831914906,5914.81976957385,0.19795221843003413,0.011643990971573369,0.2431740614334471,0.012536554144587002,0.265993265993266,0.009066789565615746,0.2668350168350168,0.009075915859266983,0.3782874617737003,0.008482001133931097,0.25941047600079664,0.004374153847826732,0.2619000199163513,0.004387699525854858,0.128,0.014955913837590627,0.266,0.019780559675655396,0.529923830250272,0.011644913435420134,0.5190424374319913,0.011657360703051524,0.5177584846093133,0.014043619596174988,0.32533224815105466,0.35042821171426003,4.096628464758396,4.902514487504959,3.908722497522831,5.371122419834137,5.8951243460178375,,,,,,,,,,,,,,,,,,,,,,,,,,,,,,,
llama-3.2-1b,none-c4-r30-s0,True,NVIDIA A100-SXM4-80GB,none,c4,0.3,uniform,0,512,32,0.001,8,8,2048,0.05,0.05,False,,,0.3001582704741379,,,,,,,0.01,2.31,7.63,2.3,,,84.13,5.41,,,,,,,,,,,,,,,250.25,17.61,459.78777266120227,860.9871601406728,509.5085071815371,933.249823447505,2973.211749814972,441.2003702134114,434.72582454434604,369.25267951757513,17467.961044197946,2820.706556466612,10512.359775846398,1954.7902455236742,0.19795221843003413,0.011643990971573369,0.22525597269624573,0.012207839995407479,0.27904040404040403,0.009203588704032725,0.26557239057239057,0.00906221062697191,0.4400611620795107,0.008681991497133532,0.2650866361282613,0.004404772735765836,0.2727544313881697,0.004444654076551038,0.132,0.015152927850580223,0.258,0.019586711785215868,0.5342763873775843,0.011638380213532395,0.5331882480957563,0.011640096923563308,0.49013417521704816,0.014049749833367674,0.3340787118961203,0.35499519714987443,3.9752520844340324,3.31976131349802,2.9604694172739983,3.7859613969922066,4.383744493126869,,,,,,,,,,,,,,,,,,,,,,,,,,,,,,,
llama-3.2-1b,none-c4-r30-s0-docbos-oblique,True,NVIDIA H100,none,c4,0.3,uniform,0,512,32,0.001,8,8,2048,0.05,0.05,False,,,0.3001582704741379,,,,,,,0.01,2.33,6.9,2.3,,,44.85,5.43,,,,,,,,,,,,,,,156.4,17.64,175.0026747686408,339.0884882629522,186.27668309784858,363.58619213165264,1795.2184270417079,193.50217256247944,182.24714602405055,158.80679161690998,3353.615972708022,1150.343447727039,5058.106355708216,792.413161005219,0.19539249146757678,0.011586907189952898,0.22781569965870307,0.012256708602326964,0.3371212121212121,0.009700146509129844,0.32323232323232326,0.009597218642045435,0.553822629969419,0.00869424067381452,0.2907787293367855,0.004531935391507312,0.32154949213304124,0.004661165425662165,0.118,0.014441922942480794,0.248,0.019332342821239124,0.5859630032644179,0.011492118481417717,0.5783460282916213,0.011521722161800405,0.5280189423835833,0.014030404213405703,0.37272814407757066,0.3972550165240988,2.7753752321004868,2.4009397104382515,2.312547232955694,2.8170339055359364,3.457707867026329,,,,,,,,,,,,,,,,,,,,,,,,,,,,,,,
llama-3.2-1b,none-c4-r50-s0,True,NVIDIA H100,none,c4,0.5,uniform,0,512,32,0.001,8,8,2048,0.05,0.05,False,,,0.500067349137931,,,,,,,0.01,2.33,6.84,2.3,,,44.91,5.43,,,,,,,,,,,,,,,157.78,15.82,1884.6661036239557,3614.9958380193016,2313.7693115236616,4601.453621854513,11228.340859679003,1682.1109014887145,1863.950727740609,1482.3820789429515,89274.89307215615,8910.515859580297,38501.078575071726,7695.530331034319,0.21160409556313994,0.011935916358632793,0.24232081911262798,0.012521593295800071,0.265993265993266,0.009066789565615746,0.257996632996633,0.00897797000520329,0.3782874617737003,0.008482001133931097,0.25941047600079664,0.004374153847826732,0.26548496315475006,0.004406886100685947,0.14,0.015533272840269705,0.26,0.019635965529725526,0.5418933623503809,0.011624803747232276,0.5076169749727966,0.011664470424044771,0.5209155485398579,0.014040185494212997,0.331157744317306,0.34751748579290936,5.955453395843506,4.675035588443279,4.127006150782108,5.2382955104112625,5.824345588684082,,,,,,,,,,,,,,,,,,,,,,,,,,,,,,,
llama-3.2-1b,none-c4-r50-s0-docbos-oblique,True,NVIDIA H100,none,c4,0.5,uniform,0,512,32,0.001,8,8,2048,0.05,0.05,False,,,0.500067349137931,,,,,,,0.01,2.33,6.88,2.3,,,44.88,5.43,,,,,,,,,,,,,,,154.4,15.82,691.188066501706,1407.8017767698746,777.2170751597827,1569.547538748877,5946.804375880341,808.3939488802921,685.1089040612753,630.5157234087001,37510.76547947767,4863.522497344342,14592.258536513955,3424.9634753873484,0.18088737201365188,0.011248574467407037,0.23720136518771331,0.01243039982926071,0.2857744107744108,0.009270380606981266,0.273989898989899,0.00915180590154416,0.3782874617737003,0.008482001133931097,0.2636924915355507,0.004397339661695592,0.26797450707030473,0.004419990741915965,0.116,0.014335236237885723,0.258,0.019586711785215868,0.5424374319912949,0.011623729421517952,0.5261153427638737,0.01164990085426341,0.5074980268350434,0.014050905521228646,0.3249395992748075,0.34986665751721924,4.98419351875782,3.7180640920996666,3.1551055386662483,4.270888909697533,4.862187042832375,,,,,,,,,,,,,,,,,,,,,,,,,,,,,,,
llama-3.2-1b,none-selfdoc-r30-s0,True,NVIDIA H100,none,selfdoc,0.3,uniform,0,512,32,0.001,8,8,2048,0.05,0.05,False,,out/calib/llama-3.2-1b/selfdoc-T1.0-s0.pt,0.3001582704741379,,,,,,,0.01,2.33,0.21,2.3,,,44.93,5.43,,,,,,,,,,,,,,,156.3,17.64,591.3188054711379,899.2330965152028,622.1966770025427,863.8502959488617,264.93882017776946,519.7952475285078,589.7572564760571,469.8329353085578,342.32996690773143,381.39065474581406,2680.8403300397176,539.8089501653775,0.20819112627986347,0.011864866118448116,0.23037542662116042,0.012304928418747618,0.27230639730639733,0.009134218447652479,0.2676767676767677,0.009085000147099275,0.6211009174311927,0.008484678718565153,0.26488747261501694,0.004403714327379578,0.2722565226050587,0.004442115268581242,0.132,0.015152927850580223,0.264,0.01973288558592215,0.5402611534276387,0.011627942981817204,0.5261153427638737,0.01164990085426341,0.5169692186266772,0.014044390401613116,0.3651023265266838,0.38549917081781865,3.20590990036726,3.6180867850780487,2.57198379188776,3.845774307847023,4.435526512563229,,,,,,,,,,,,,,,,,,,,,,,,,,,,,,,
llama-3.2-1b,none-selfdoc-r50-s0,True,NVIDIA H100,none,selfdoc,0.5,uniform,0,512,32,0.001,8,8,2048,0.05,0.05,False,,out/calib/llama-3.2-1b/selfdoc-T1.0-s0.pt,0.500067349137931,,,,,,,0.01,2.33,1.08,2.3,,,44.91,5.43,,,,,,,,,,,,,,,176.51,15.82,1947.6489915712418,3129.025796213483,2166.945502650196,3420.581068195422,1694.4275733415911,1754.4746395508032,1983.5703221726142,1583.802886288435,5052.226933760334,1642.5034493407422,12928.672162884293,2683.456485003028,0.20819112627986347,0.011864866118448116,0.2354948805460751,0.01239945185500478,0.2596801346801347,0.008996990428562134,0.257996632996633,0.00897797000520329,0.3782874617737003,0.008482001133931097,0.25761800438159727,0.004364287353415334,0.2610037841067516,0.0043828441286430965,0.13,0.015055009352810992,0.272,0.019920483209566107,0.5397170837867247,0.011628961491718543,0.5179542981501633,0.011658300623287121,0.4956590370955012,0.014051956064076884,0.3241646925710745,0.3454851563812606,5.38630610704422,4.7204779535532,3.469313435256481,5.100879982113838,5.682661950588226,,,,,,,,,,,,,,,,,,,,,,,,,,,,,,,
llama-3.2-1b,none-selfgen-r30-s0,True,NVIDIA H100,none,selfgen,0.3,uniform,0,512,32,0.001,8,8,2048,0.05,0.05,False,,out/calib/llama-3.2-1b/selfgen-T1.0-s0.pt,0.3001582704741379,,,,,,,0.01,2.33,0.01,2.3,,,44.87,5.43,,,,,,,,,,,,,,,156.63,17.64,130.96051248118692,102.16391192841178,138.04973554223713,106.3551805366145,25.966918686746986,128.83372953104646,139.57772182484408,113.99117825441701,12.505491981931714,55.07400277757805,381.6524456255316,75.50556717114368,0.19112627986348124,0.011490055292778533,0.20648464163822525,0.01182886561900235,0.35942760942760943,0.009845958893373748,0.3442760942760943,0.009749495321590905,0.5788990825688073,0.008635491562221534,0.27833100975901215,0.0044726131485085556,0.3018323043218482,0.004581147247963146,0.122,0.01465132494504475,0.248,0.019332342821239124,0.5707290533188248,0.01154851547125808,0.559847660500544,0.011581954727227383,0.5138121546961326,0.014047122916440271,0.3734750270905525,0.3933074197145217,1.6864569708704948,2.1653596870601177,1.153967646881938,2.2366606518626213,2.2433826997876167,,,,,,,,,,,,,,,,,,,,,,,,,,,,,,,
llama-3.2-1b,none-selfgen-r50-s0,True,NVIDIA A100-SXM4-40GB,none,selfgen,0.5,uniform,0,512,32,0.001,8,8,2048,0.05,0.05,False,,out/calib/llama-3.2-1b/selfgen-T1.0-s0.pt,0.500067349137931,,,,,,,0.01,2.31,0.02,2.3,,,85.6,5.41,,,,,,,,,,,,,,,259.69,15.8,410.12290786074,378.5118984842131,441.01416126802565,409.8606048677629,147.3266152961954,349.02649834628335,430.5253718773695,324.16792170502845,110.40445563070784,235.72065495965342,1966.7629503717537,323.06662436596247,0.18344709897610922,0.011310170179554583,0.22013651877133106,0.01210812488346088,0.2946127946127946,0.009354224395837286,0.2904040404040404,0.009314833302936464,0.4896024464831804,0.008743163931556297,0.26618203545110536,0.004410573431837509,0.28072097191794465,0.004484330827465928,0.122,0.01465132494504475,0.26,0.019635965529725526,0.5484221980413493,0.011610989358814248,0.5255712731229597,0.01165055784457337,0.4940805051302289,0.014051500838485925,0.3426210112421097,0.36578796511852646,3.2030224055051804,3.2696772441267967,1.9189499504864216,3.4624886214733124,3.557183191180229,,,,,,,,,,,,,,,,,,,,,,,,,,,,,,,
llama-3.2-1b,none-slimpajama-r30-s0,True,NVIDIA A100-SXM4-80GB,none,slimpajama,0.3,uniform,0,512,32,0.001,8,8,2048,0.05,0.05,False,,,0.3001582704741379,,,,,,,0.01,2.31,1.38,2.3,,,84.05,5.41,,,,,,,,,,,,,,,251.23,17.61,628.45579254339,979.5627812658313,672.1366044080858,1036.259325717425,195.48694750346405,517.2012503246581,602.4841037535136,465.28131514976917,364.95940654582193,473.11430375020655,3968.592429380196,569.4680753034959,0.20051194539249148,0.011700318050499469,0.23378839590443687,0.01236822537850722,0.273989898989899,0.00915180590154416,0.26936026936026936,0.009103043207756808,0.6103975535168196,0.008529228894936226,0.2636924915355507,0.004397339661695592,0.26996614220274845,0.004430346234650288,0.148,0.01589645856125128,0.256,0.019536923574747664,0.5282916213275299,0.0116471341727495,0.5272034820457019,0.01164854526242911,0.4988161010260458,0.014052446290528871,0.3605285159697624,0.38079027772228885,3.7944246381521225,3.6588080301880836,2.8512018471956253,3.8746343925595284,4.509903125464916,,,,,,,,,,,,,,,,,,,,,,,,,,,,,,,
llama-3.2-1b,none-slimpajama-r50-s0,True,NVIDIA A100-SXM4-40GB,none,slimpajama,0.5,uniform,0,512,32,0.001,8,8,2048,0.05,0.05,False,,,0.500067349137931,,,,,,,0.01,2.31,1.69,2.3,,,85.51,5.41,,,,,,,,,,,,,,,254.43,15.8,1448.1376893208592,2719.835306392929,1740.7049266295437,3401.4482139099828,2156.9028785843643,1340.595688756508,1452.3754512447338,1154.74997354794,8580.634381114973,2110.2988392981956,13464.480563726587,2747.66658911483,0.20648464163822525,0.01182886561900235,0.24744027303754265,0.01261035266329266,0.2601010101010101,0.009001718541079735,0.2680976430976431,0.009089526578213825,0.3782874617737003,0.008482001133931097,0.25851424019119695,0.004369232540126326,0.26379207329217286,0.004397872471854581,0.136,0.015345323649758309,0.268,0.019827714859587477,0.5244831338411317,0.011651830225710194,0.5038084874863983,0.011665485744747022,0.5067087608524072,0.014051220692330247,0.3243684640568102,0.34801924279140917,5.367788732051849,4.443123646080494,3.4335239231586456,4.851871103048325,5.558869808912277,,,,,,,,,,,,,,,,,,,,,,,,,,,,,,,
llama-3.2-1b,none-wikitext2-r30-s0,True,NVIDIA A100-SXM4-40GB,none,wikitext2,0.3,uniform,0,512,32,0.001,8,8,2048,0.05,0.05,False,,,0.3001582704741379,,,,,,,0.01,2.31,6.29,2.3,,,85.67,5.41,,,,,,,,,,,,,,,261.48,17.61,1175.6586188735998,373.4250403531883,1372.0475778900936,451.8755717336076,5475.92417751053,832.0067565330576,1036.110744936542,741.791317732952,31959.043351510656,5053.233621555748,12678.233622185297,3554.551996465652,0.20392491467576793,0.011774262478702316,0.23890784982935154,0.012461071376316715,0.2777777777777778,0.009190779909650122,0.27441077441077444,0.0091561771222447,0.3782874617737003,0.008482001133931097,0.2650866361282613,0.004404772735765836,0.27365066719776937,0.0044492062959226135,0.13,0.015055009352810992,0.268,0.019827714859587477,0.5310119695321001,0.011643363511107561,0.5206746463547334,0.011655846995729838,0.5098658247829518,0.014049749833367674,0.32799351209579414,0.35197103204989727,5.061649486422539,4.307249523699284,3.5137785226106644,4.668844476342201,3.534757785499096,,,,,,,,,,,,,,,,,,,,,,,,,,,,,,,
llama-3.2-1b,none-wikitext2-r50-s0,True,NVIDIA H100,none,wikitext2,0.5,uniform,0,512,32,0.001,8,8,2048,0.05,0.05,False,,,0.500067349137931,,,,,,,0.01,2.33,5.7,2.3,,,44.85,5.43,,,,,,,,,,,,,,,158.64,15.82,5185.337775959153,2026.2439537192906,7181.2592326419735,2559.0777326028224,10368.444687296455,4340.928392650756,4619.772064487163,3383.57658285625,133424.8905769499,16763.256099039052,53511.85773784016,13557.860198374437,0.19112627986348124,0.011490055292778533,0.2354948805460751,0.01239945185500478,0.2617845117845118,0.009020523527210056,0.2777777777777778,0.009190779909650122,0.3782874617737003,0.008482001133931097,0.2584146584345748,0.0043686842556263684,0.26837283409679347,0.0044220709272121735,0.146,0.015807205175834907,0.266,0.019780559675655396,0.5266594124047879,0.01164922999434743,0.5070729053318824,0.011664656918146136,0.5185477505919495,0.014042813708888347,0.3258314392647151,0.35022194430259695,6.707276716828346,5.703521713614464,4.406319573521614,6.163560196757317,5.307353243231773,,,,,,,,,,,,,,,,,,,,,,,,,,,,,,,
llama-3.2-1b,pilot-proj-c4-r50-lr1e-3-e8,True,NVIDIA H100,proj,c4,0.5,uniform,0,512,32,0.001,8,8,2048,0.05,0.05,False,,,0.500067349137931,174391296.0,0.0005444292910397053,1.4626548327505589,7.0,8.0,5.34005543589592,0.01,2.33,6.96,2.3,46.05,21.06,44.89,5.43,817.89,19.84,66.59022531034289,105.19837021291413,2036.0861824917663,6008.2839257594305,390.98124039584883,81.14169926130037,68.65495021505042,67.91483968167066,402.0196464332907,288.30163596047447,953.9028350790645,207.12550612021653,,,,,,,,,,,,,,,,,,,,,,,,,,,,,,,,,,,,,,,,,,,,,,,,,,,,,,,,,,,,,,,,,,,,,,,,2.3255888409912586,1.464339841157198,,1.8209488205611706,2.318062223494053
llama-3.2-1b,pilot-proj-c4-r50-lr1e-4-e8,True,NVIDIA A100-SXM4-80GB,proj,c4,0.5,uniform,0,512,32,0.0001,8,8,2048,0.05,0.05,False,,,0.500067349137931,174391296.0,0.0012040291912853718,1.0802236003801227,7.0,8.0,5.333997376263142,0.01,2.31,7.71,2.3,75.58,21.01,84.01,5.41,1367.06,19.79,45.19965258923742,64.87904509362541,6533.326154823619,14505.819677694042,151.40058214864962,58.49266381750433,46.293921371655706,44.977044925196985,120.32811488824305,150.29493774981765,499.51499238430637,107.561707898476,,,,,,,,,,,,,,,,,,,,,,,,,,,,,,,,,,,,,,,,,,,,,,,,,,,,,,,,,,,,,,,,,,,,,,,,1.6159766241908073,1.0929071363061666,,1.370665417984128,1.8384010419249535
llama-3.2-1b,pilot-proj-c4-r50-lr3e-4-e8,True,NVIDIA A100-SXM4-80GB,proj,c4,0.5,uniform,0,512,32,0.0003,8,8,2048,0.05,0.05,False,,,0.500067349137931,174391296.0,0.0009622238576412201,1.0925033558160067,6.0,8.0,5.333997376263142,0.01,2.31,7.62,2.3,75.59,21.01,83.98,5.41,1365.76,19.79,45.944040636922225,67.83921278804125,849.0938198609609,2170.564605195597,175.1434368987156,58.441063897586716,47.00577504409828,45.647294294423716,132.91823549896253,154.04435787609944,583.9604011330961,114.78862594984687,,,,,,,,,,,,,,,,,,,,,,,,,,,,,,,,,,,,,,,,,,,,,,,,,,,,,,,,,,,,,,,,,,,,,,,,1.6485472917556763,1.1099007036536932,,1.4065592121332884,1.890367567539215
llama-3.2-1b,pilot-proj-c4-r50-lr3e-5-e8,True,NVIDIA A100-SXM4-80GB,proj,c4,0.5,uniform,0,512,32,3e-05,8,8,2048,0.05,0.05,False,,,0.500067349137931,174391296.0,0.001268601045012474,1.1647547259926796,6.0,8.0,5.333997376263142,0.01,2.31,7.64,2.3,75.82,21.01,84.11,5.41,1370.73,19.79,48.98248502501026,71.05737828229113,13268.748485782684,28391.9621562954,205.11950173180927,63.93391370439755,50.394529926563436,49.133377618205415,223.2096907286764,197.48367472386846,552.2967282552785,134.36110544939305,,,,,,,,,,,,,,,,,,,,,,,,,,,,,,,,,,,,,,,,,,,,,,,,,,,,,,,,,,,,,,,,,,,,,,,,1.6910717189311981,1.1746787540614605,,1.475909261032939,1.925166841596365
llama-3.2-1b,proj-alpaca-r30-s0,True,NVIDIA H200,proj,alpaca,0.3,uniform,0,512,32,0.0001,8,8,2048,0.05,0.05,False,,,0.3001582704741379,136773632.0,0.000747503770980984,0.27496727486141026,7.0,8.0,1.8005337826907635,0.01,2.31,0.72,2.3,246.33,29.66,85.54,5.41,1306.55,18.62,45.411853140591326,66.4875623337124,25599.38806139914,70362.77488903163,29.326717667423445,42.462730789895765,48.033687734406115,42.892115153636475,12.382548765293798,33.145790120123095,882.6700843135798,51.25631403880698,244.79,27.88,702.4218732321069,1695.2557746369043,45961.882227365575,82939.0934141297,3907.5756276520847,696.5379564655266,704.3306928052742,642.9615965049867,6748.1360891838385,1472.3680238046893,54379.06037498133,2531.333640913475,0.20819112627986347,0.011864866118448116,0.22610921501706485,0.012224202097063337,0.32196969696969696,0.009587386696300255,0.31313131313131315,0.009516303879309282,0.37767584097859325,0.008479309208281648,0.27066321449910374,0.004433943894764314,0.27833100975901215,0.0044726131485085556,0.122,0.01465132494504475,0.242,0.019173085678337164,0.5533188248095756,0.011599305042744871,0.558215451577802,0.011586482494310319,0.4988161010260458,0.014052446290528871,0.33609068636612555,0.35632556164140444,1.906564049422741,3.7002418264746666,3.391561806201935,4.184860065579414,5.073347881436348,0.2627986348122867,0.012862523175351397,0.28071672354948807,0.013131238126975468,0.5260942760942761,0.010245801990240031,0.49452861952861954,0.010259169228615106,0.5128440366972477,0.00874216916942716,0.34256124278032263,0.004735962781136343,0.41545508862776337,0.004917931778592766,0.188,0.01749067888034626,0.282,0.020143572847290726,0.6637649619151251,0.01102234670897027,0.6588683351468988,0.011061289443962698,0.5335438042620363,0.014020826677598101,0.4328009937944706,0.4539938011160077,0.29689523903653026,1.0963453073054552,1.1710343286395073,1.2306753601878881,1.8203794844448566
llama-3.2-1b,proj-alpaca-r50-s0,True,NVIDIA A100-SXM4-40GB,proj,alpaca,0.5,uniform,0,512,32,0.0001,8,8,2048,0.05,0.05,False,,,0.500067349137931,174391296.0,0.0007507519330829382,0.45398396579548717,7.0,8.0,4.558989644050598,0.01,2.31,0.76,2.3,242.78,28.65,85.88,5.41,1411.47,19.8,76.69863789185715,137.4068150175912,21126.938337978703,26346.18990881675,70.08596143809957,71.45501170529525,80.28069935462507,74.93587881046182,27.76502119302905,62.1898056018962,1835.2501924673209,99.3402640074372,249.89,26.38,8335.786127940555,12529.053774000444,21775.651978369435,36481.03138595288,45445.109300706645,9376.901446141283,7272.044992210452,7981.799672624346,314721.51506889996,12019.905084657816,1169574.000405272,37759.19467049739,0.19965870307167236,0.01168162575688869,0.23122866894197952,0.01232085883477234,0.2706228956228956,0.009116466166404035,0.2706228956228956,0.009116466166404035,0.3782874617737003,0.008482001133931097,0.2620991834295957,0.0043887752982100766,0.2613025293766182,0.0043844652190712236,0.13,0.015055009352810992,0.252,0.019435727282249564,0.530467899891186,0.011644145418355097,0.5228509249183896,0.011653634832401168,0.494869771112865,0.014051745961790525,0.3237151307002736,0.3444517502494926,4.631077870726585,6.0456671714782715,5.514525771141052,6.6942256689071655,7.146956115961075,0.21160409556313994,0.011935916358632793,0.23378839590443687,0.01236822537850722,0.4595959595959596,0.010226230740889176,0.4318181818181818,0.01016394535227177,0.5122324159021406,0.008742437504570485,0.2997410874327823,0.004572081656965447,0.33190599482174865,0.004699350653695806,0.168,0.01673655354154187,0.262,0.019684688820194637,0.6120783460282916,0.011368965300027503,0.6218715995647442,0.011313980666854472,0.5248618784530387,0.01403510288362781,0.39830196899647896,0.4169254952091844,0.4828934380784631,1.6033405140042305,1.5538277551531792,1.7742926627397537,2.562771797180176
llama-3.2-1b,proj-alpaca-r50-s0-klalloc,True,NVIDIA A100-SXM4-80GB,proj,alpaca,0.5,kl,0,512,32,0.0001,8,8,2048,0.05,0.05,False,,,0.5000168372844828,128335872.0,0.0008373408927582204,0.4373521972447634,7.0,8.0,2.020991949364543,702.17,13.97,0.56,2.3,175.11,17.72,84.03,5.41,1122.76,17.93,69.87584545077131,113.99870725835818,22505.715445359092,40348.70266020782,58.26967429648714,66.46117996243086,73.28960921217768,66.7434660061298,21.713290151869195,53.01473944984991,1402.5087984223997,84.43033706686488,174.13,16.02,1252.9904793747608,4183.444371466613,39553.583489284625,52074.37421078899,28814.83560900427,864.1301306288283,1273.4298124542138,1172.4738176673281,54342.06905217034,3738.8423542397386,160614.49765484722,7398.3193790696205,0.2030716723549488,0.011755899303705644,0.2354948805460751,0.01239945185500478,0.3421717171717172,0.009735236771958604,0.33880471380471383,0.009711980224301807,0.39541284403669724,0.008551600109082961,0.26249751045608444,0.004390923353200343,0.27365066719776937,0.0044492062959226135,0.126,0.01485561775078758,0.262,0.019684688820194637,0.5663764961915125,0.011562571737707117,0.544069640914037,0.011620422647622046,0.4925019731649566,0.014050905521228646,0.3411474590537024,0.363133531380607,2.0994225256145,4.258617341518402,3.6770846843719482,4.796948693692684,6.04061022400856,0.2295221843003413,0.012288926760890708,0.2440273037542662,0.012551447627856151,0.47685185185185186,0.010248782484554448,0.44486531986531985,0.01019721669035638,0.6039755351681957,0.008553881336813417,0.30342561242780325,0.004587978625582241,0.34405496912965544,0.004740882120999777,0.158,0.0163280498045799,0.256,0.019536923574747664,0.6294885745375408,0.01126782647544784,0.6202393906420022,0.011323483504715666,0.5122336227308603,0.014048278820405729,0.416213911573799,0.4321994487557571,0.4658231297507882,1.5035520158708096,1.437699519097805,1.6759714670479298,2.380753606557846
llama-3.2-1b,proj-alpaca-r50-s1,True,NVIDIA A100-SXM4-40GB,proj,alpaca,0.5,uniform,1,512,32,0.0001,8,8,2048,0.05,0.05,False,,,0.500067349137931,174391296.0,0.0007555545307695866,0.4668283583596349,7.0,8.0,4.65819575637579,0.01,2.31,0.69,2.3,257.53,19.75,85.76,5.41,1411.39,19.8,76.98315683712528,138.7425266516034,12081.264570094023,19626.543709504163,89.84070864789662,70.730607066087,80.81022642985573,74.37301783707214,29.80484900694558,62.39797830267369,1618.1713518656238,102.00815455558616,278.82,17.48,7937.86913285814,12052.452810976505,25946.227588376976,33056.561446862106,28803.611040525404,9837.816038296682,7093.9050116423905,7503.146339937453,144868.85456890208,9673.506005419029,586146.0874532419,27660.67323009903,0.2030716723549488,0.011755899303705644,0.24061433447098976,0.012491468532390682,0.273989898989899,0.00915180590154416,0.2718855218855219,0.009129795867310605,0.3782874617737003,0.008482001133931097,0.26000796654052977,0.004377421493297842,0.26160127464648475,0.004386083683839967,0.132,0.015152927850580223,0.248,0.019332342821239124,0.5386289445048966,0.011630956681145891,0.530467899891186,0.011644145418355097,0.49329123914759276,0.014051220692330247,0.32561102618736676,0.3463068188307822,4.638647794723511,6.00201877951622,5.439308866858482,6.585021212697029,7.125447928905487,0.21331058020477817,0.011970971742326334,0.2551194539249147,0.012739038695202038,0.4562289562289562,0.0102203943837221,0.42887205387205385,0.01015544065290014,0.5058103975535169,0.008744464477761674,0.29944234216291576,0.004570777326263939,0.33061143198566023,0.004694718918225928,0.166,0.016656616876531173,0.266,0.019780559675655396,0.5990206746463548,0.011434766962108364,0.6158868335146899,0.011348160741479063,0.5114443567482242,0.014048804199859391,0.393036758220678,0.41624921822843713,0.48511230666190386,1.6071073524653912,1.5532054156064987,1.799318540841341,2.578415669500828
llama-3.2-1b,proj-alpaca-r50-s2,True,NVIDIA A100-SXM4-80GB,proj,alpaca,0.5,uniform,2,512,32,0.0001,8,8,2048,0.05,0.05,False,,,0.500067349137931,174391296.0,0.0007640486001037061,0.48320900183171034,7.0,8.0,4.52699526026845,0.01,2.31,0.57,2.3,251.23,19.75,84.21,5.41,1370.42,19.8,77.48953482449362,138.67187564948767,32962.423246571474,44636.581127044316,67.25625703084471,71.37830567183839,79.86570106816554,74.31607024003361,28.1565087158536,60.504486783002285,2111.0145785839386,100.3492722541778,249.12,17.48,6356.9362899299895,10673.258321615343,27816.45289688925,34961.12661231964,27268.74556450605,6385.493645478304,5464.07908002447,6181.859228144043,159631.57739559998,8730.2295634321,431442.5428532787,23124.931311089524,0.19880546075085323,0.011662850198175603,0.24488054607508533,0.012566273985131313,0.2807239057239057,0.009220526174711252,0.27946127946127947,0.009207838142597383,0.3782874617737003,0.008482001133931097,0.2613025293766182,0.0043844652190712236,0.26309500099581756,0.004394136724172891,0.132,0.015152927850580223,0.244,0.019226734893614636,0.529379760609358,0.01164566756505079,0.529923830250272,0.011644913435420134,0.4996053670086819,0.01405248130604961,0.3257292121775882,0.3484647836521195,4.462407737970352,5.795807808637619,5.270312964916229,6.37735091149807,6.959548503160477,0.2158703071672355,0.012022975360030762,0.2525597269624573,0.012696728980207687,0.45664983164983164,0.010221149650118147,0.4276094276094276,0.010151683397430673,0.5737003058103975,0.008649531625805543,0.3013343955387373,0.004578999029128332,0.33170683130850426,0.004698640688271016,0.15,0.0159847121351649,0.262,0.019684688820194637,0.6120783460282916,0.011368965300027503,0.6207834602829162,0.011320331012905267,0.5343330702446725,0.014019317531542567,0.4062808937770237,0.4289561174597679,0.4883527150377631,1.6153771318495274,1.5893422029912472,1.7905750572681427,2.5770095884799957
llama-3.2-1b,proj-c4-r30-s0,True,NVIDIA A100-SXM4-40GB,proj,c4,0.3,uniform,0,512,32,0.0001,8,8,2048,0.05,0.05,False,,,0.3001582704741379,136773632.0,0.0011962562566623092,0.7076300675980747,7.0,8.0,3.6459442488849163,0.01,2.31,8.31,2.3,260.56,29.66,85.87,5.41,1302.82,18.62,30.897584350703166,37.770701335241995,2539.4795886021293,8954.678428064793,85.76150732573137,38.55091097015994,32.39572530490966,29.7310284257882,58.212600655504204,93.78827458385193,240.65094023659816,63.545169585249596,249.21,27.88,629.2953563331723,2277.148758982227,18994.17946919877,51345.83924103589,6523.303808878165,606.9399292083561,604.4371773588309,544.0562196620743,90617.61267057838,5088.7032157867825,37444.356846451825,4184.92585822248,0.189419795221843,0.011450705115910722,0.24061433447098976,0.012491468532390682,0.2836700336700337,0.009249781691140506,0.265993265993266,0.009066789565615746,0.3782874617737003,0.008482001133931097,0.2681736705835491,0.004421031403685433,0.2746464847639912,0.004454237797448281,0.12,0.014547276256845676,0.262,0.019684688820194637,0.5359085963003264,0.011635700809215522,0.5337323177366703,0.01163924552241405,0.5059194948697711,0.014051500838485923,0.3259112932027462,0.3515990513726269,4.819367989897728,3.555865563452244,3.388688750565052,4.231554783880711,5.329981356859207,0.23208191126279865,0.012336718284948816,0.257679180887372,0.012780770562768334,0.47095959595959597,0.010242463826395433,0.4208754208754209,0.010130502164066243,0.5749235474006116,0.008646316159373297,0.3451503684524995,0.004744456628455279,0.41983668591913964,0.004925233680511615,0.196,0.017770751227744897,0.29,0.020313179231745138,0.6588683351468988,0.011061289443962698,0.6528835690968444,0.011107104993127916,0.5398579321231255,0.014007765428365244,0.4311202414779328,0.4508651909003592,1.0480923242866993,0.730556458234787,1.1488343607634306,0.9577244743704796,1.3208179660141468
llama-3.2-1b,proj-c4-r30-s0-docbos,True,NVIDIA A100-SXM4-40GB,proj,c4,0.3,uniform,0,512,32,0.0001,8,8,2048,0.05,0.05,False,,,0.3001582704741379,136773632.0,0.0011102911084890366,0.6261293939314783,7.0,8.0,2.16383895650506,0.01,2.31,8.32,2.3,274.43,20.76,85.57,5.41,1304.47,18.62,31.176251353938916,37.98697345107025,10433.784579232615,24641.034243636477,81.69254919941369,38.77889751391899,33.131944401650216,29.992336585086953,61.17968535703231,88.54765420995665,274.39004860680166,64.56941129567481,263.01,18.99,114.59723783171603,304.49900271445165,934.0048191869898,3522.6063954475167,2318.6946316805916,165.03862046077512,116.27264436801191,114.60188945565409,10941.657584803375,1646.9356451454744,5154.59883937582,898.7443136435338,0.1962457337883959,0.011606019881416319,0.22610921501706485,0.012224202097063337,0.3421717171717172,0.009735236771958604,0.3287037037037037,0.009638903167022173,0.6155963302752293,0.008508133844703804,0.293168691495718,0.0045428479356060215,0.32971519617606054,0.004691488813032036,0.132,0.015152927850580223,0.254,0.01948659680164342,0.5908596300326442,0.011471593460443175,0.5854189336235038,0.011494326682255095,0.5256511444356748,0.014033980956108428,0.3850990353141971,0.40931350331874816,2.59173721447587,1.9724093899130821,2.531979139894247,2.452008116990328,3.3870553597807884,0.2363481228668942,0.012414960524301884,0.2593856655290102,0.012808273573927224,0.4764309764309764,0.010248378585554071,0.414983164983165,0.010110383151961213,0.5978593272171254,0.008575926383211172,0.3482374029077873,0.0047543805549295475,0.42401911969727146,0.0049318319537995335,0.19,0.01756180041075899,0.304,0.02059164957122494,0.6545157780195865,0.011094802893617885,0.6566920565832427,0.011078175207348986,0.531965272296764,0.014023739221166408,0.4336224113913048,0.45555780090093984,1.0869367979466915,0.7365915961563587,1.023397034034133,0.9641923438757658,1.3236461505293846
llama-3.2-1b,proj-c4-r50-s0,True,NVIDIA A100-SXM4-40GB,proj,c4,0.5,uniform,0,512,32,0.0001,8,8,2048,0.05,0.05,False,,,0.500067349137931,174391296.0,0.0011661151656880975,1.0801294315606356,7.0,8.0,5.333997376263142,0.01,2.31,8.31,2.3,244.79,28.65,85.81,5.41,1411.88,19.8,45.31631959043153,62.70503057228935,5269.042450860103,12045.627819415844,156.93651158729583,58.649276839888536,46.306180416950745,45.0910703092376,122.39544053337328,150.93358921650278,505.2308261762913,108.70537537003027,249.63,26.38,3422.863545130773,11074.843354810806,36187.083181671085,66048.3641934227,27223.634826291294,2316.4248942799422,2990.8341771020964,3299.945668829957,452674.667464469,20857.777679745803,141637.7073901635,18807.3705707889,0.18430034129692832,0.01133051793303744,0.2380546075085324,0.012445770028026118,0.26304713804713803,0.009034514898865944,0.26136363636363635,0.009015838366608263,0.3782874617737003,0.008482001133931097,0.26000796654052977,0.004377421493297842,0.2582154949213304,0.004367586801776807,0.132,0.015152927850580223,0.268,0.019827714859587477,0.5168661588683352,0.011659185184878962,0.5201305767138193,0.011656365410780507,0.48382004735595896,0.014045126130978676,0.3169041591260844,0.34398168923385397,6.389531522989273,5.206222198903561,4.304829776287079,5.976469025015831,6.872352957725525,0.2150170648464164,0.012005717634133543,0.2363481228668942,0.012414960524301884,0.3952020202020202,0.010031894052791137,0.3602693602693603,0.00985100258473252,0.5581039755351682,0.008685806399014721,0.29944234216291576,0.004570777326263939,0.3413662617008564,0.00473198981656398,0.166,0.016656616876531173,0.274,0.019966103540279518,0.6104461371055495,0.011377657455130346,0.6017410228509249,0.011421759697789035,0.5059194948697711,0.014051500838485923,0.39287586210312014,0.4111068911561393,1.6029597409069538,1.0941606350243092,1.3830514829605818,1.373246332630515,1.811094880104065
llama-3.2-1b,proj-c4-r50-s0-docbos,True,NVIDIA H100,proj,c4,0.5,uniform,0,512,32,0.0001,8,8,2048,0.05,0.05,False,,,0.500067349137931,174391296.0,0.0011117826215922832,0.9701974727213383,6.0,8.0,3.8979296386241913,0.01,2.33,6.91,2.3,159.02,19.79,44.88,5.43,818.54,19.84,45.231942071167275,61.514799474811035,10300.904888563873,15655.778052344267,150.06444064711988,58.0162518011909,47.06573965043351,44.88621120073665,121.58761723193757,151.03262981332645,525.5972278951472,108.54463349386243,155.89,17.51,717.2759496144214,2602.422531907237,7159.039107046089,14963.777423404345,8012.460661686682,951.1947171721249,723.3411110566744,736.5819961174027,66001.7279294557,7771.2419341163795,19331.447227857854,4548.249093816155,0.18771331058020477,0.011411001314155208,0.24061433447098976,0.012491468532390682,0.28745791245791247,0.009286682281593564,0.2798821548821549,0.009212077524656682,0.3785932721712538,0.00848334171802464,0.2645887273451504,0.004402124555058566,0.27325234017128064,0.004447185883327611,0.116,0.014335236237885723,0.264,0.01973288558592215,0.5500544069640914,0.011607220837980133,0.530467899891186,0.011644145418355097,0.5027624309392266,0.014052271211616401,0.3267385800654056,0.3527960617894417,5.1495798379182816,3.804735951125622,3.6107283756136894,4.379639394581318,5.4605028331279755,0.20648464163822525,0.01182886561900235,0.23976109215017063,0.012476304127453939,0.40446127946127947,0.010070746648278901,0.351010101010101,0.009793703885101085,0.6143730886850153,0.008513189460768343,0.303823939454292,0.004589676274078948,0.3444532961561442,0.004742185169264781,0.16,0.016411540980502393,0.264,0.01973288558592215,0.6147986942328618,0.011354179751257222,0.6164309031556039,0.011345128734116208,0.5169692186266772,0.014044390401613116,0.40298726601405016,0.4209996713976732,1.5823503322899342,1.0936646703630686,1.3155461326241493,1.3729701694101095,1.8004351146519184
llama-3.2-1b,proj-c4-r50-s0-initselfdoc,True,NVIDIA A100-SXM4-40GB,proj,c4,0.5,uniform,0,512,32,0.0001,8,8,2048,0.05,0.05,False,,,0.500067349137931,174391296.0,0.0011851608287543058,1.1309208823367953,7.0,8.0,5.8344899863004684,0.01,2.31,8.35,2.3,263.61,19.75,86.0,5.41,1409.87,19.8,46.87595859272796,49.38341003415975,5239.935668766609,11240.44907690402,24.74982028763183,58.241993783004894,48.46427202241816,45.130214540623236,14.928035652421153,39.18091214354086,229.59532718677423,45.81023482504594,257.55,17.48,4818.8998721374755,9889.009402458225,19660.237189078962,29845.16926494201,4176.761708548926,4369.158252453775,5018.962343721533,3963.889488146191,18620.768361871065,4131.428298942171,47784.05039509277,7499.814684216428,0.20392491467576793,0.011774262478702316,0.24232081911262798,0.012521593295800071,0.25841750841750843,0.008982741341291388,0.25547138047138046,0.008949113551665389,0.3782874617737003,0.008482001133931097,0.2570205138418642,0.004360977256058395,0.2581159131647082,0.004367037632204837,0.132,0.015152927850580223,0.274,0.019966103540279518,0.5255712731229597,0.01165055784457337,0.5081610446137106,0.01166427011224428,0.4972375690607735,0.014052271211616401,0.321779891556082,0.3447991697424144,6.032844915986061,5.6882613599300385,3.8296562805771828,6.077027514576912,6.914813831448555,0.19795221843003413,0.011643990971573369,0.22866894197952217,0.012272853582540892,0.4074074074074074,0.010082326627832896,0.35858585858585856,0.009840882301225278,0.5180428134556575,0.00873935933670023,0.2944632543318064,0.004548695749620993,0.32662816172077275,0.004680215003395497,0.148,0.01589645856125128,0.266,0.019780559675655396,0.6055495103373232,0.011402931101558359,0.6044613710554951,0.011408384494565105,0.5090765588003157,0.014050170094497657,0.38292739468036346,0.4016376722282317,0.944187119603157,1.1368896048516035,1.053635973483324,1.283078607171774,1.5668635964393616
llama-3.2-1b,proj-c4-r50-s0-klalloc,True,NVIDIA H100,proj,c4,0.5,kl,0,512,32,0.0001,8,8,2048,0.05,0.05,False,,,0.5000042093211207,135843840.0,0.001306443358771503,1.0486721517518163,7.0,8.0,3.466032836586237,396.68,14.0,6.86,2.3,104.93,18.04,44.85,5.43,665.56,18.26,43.633746768726496,63.23461900798809,13623.740516825175,29139.39785795487,144.16103461686336,55.88553550823093,45.24623532762057,43.26226173877333,119.03102386958051,133.48732739165578,402.84419362692813,100.13417582450766,103.62,16.21,528.376845164937,1339.7893081133636,62165.58894611019,97331.46477514575,11095.22295309093,703.2443021065022,512.807598978252,576.0367406107589,81839.63949534002,7766.031386656791,19092.28304456806,4317.558486699834,0.1962457337883959,0.011606019881416319,0.2380546075085324,0.012445770028026118,0.30976430976430974,0.009488172851903585,0.2824074074074074,0.00923730340347929,0.3785932721712538,0.00848334171802464,0.2656841266679944,0.0044079410588747725,0.2729535949014141,0.004445667638734267,0.158,0.0163280498045799,0.256,0.019536923574747664,0.5603917301414582,0.011580417248656388,0.5424374319912949,0.011623729421517952,0.489344909234412,0.014049294536290372,0.33686058310968914,0.3513987461734735,4.511216923594475,3.457548588514328,3.217641405761242,4.07439911365509,4.864654503762722,0.19965870307167236,0.01168162575688869,0.2363481228668942,0.012414960524301884,0.4276094276094276,0.010151683397430673,0.3867845117845118,0.009993308355371001,0.6076452599388379,0.00853998383816761,0.3028281218880701,0.004585424513011512,0.353415654252141,0.004770534055840884,0.18,0.017198592476314237,0.29,0.020313179231745138,0.6158868335146899,0.011348160741479063,0.6213275299238302,0.011317163404517102,0.5193370165745856,0.014041972733713017,0.4075664803710405,0.4306940136201144,1.4642115198075771,1.062740445137024,1.3555311113595963,1.3360100854188204,1.8016987554728985
llama-3.2-1b,proj-c4-r50-s0-n1024,True,NVIDIA A100-SXM4-80GB,proj,c4,0.5,uniform,0,1024,32,0.0001,8,8,2048,0.05,0.05,False,,,0.500067349137931,174391296.0,0.0010946269612759352,1.1613311106339097,7.0,8.0,5.38378793746233,0.01,2.31,8.07,2.3,250.37,19.75,133.45,5.41,1367.6,19.8,42.36097718255522,53.71384531983855,11690.118994837216,17342.484499320017,118.4988620438946,55.52373827235283,43.79623484064526,42.26007708920753,86.75935328285418,126.0458024953265,417.52206324306877,91.95671268936073,248.24,17.48,3185.5586444065516,12291.35274286502,31126.1291855615,42757.92131198111,30886.07458078068,2240.631792553178,2895.9831520860553,2890.9676765992062,500569.36681751895,19859.631659258273,153253.67571601784,18965.928945775548,0.19283276450511946,0.01152905546566343,0.2508532423208191,0.012668198621315347,0.26052188552188554,0.00900643589033641,0.2609427609427609,0.009011142493235922,0.3782874617737003,0.008482001133931097,0.26110336586337385,0.0043833847840387945,0.2568213503286198,0.004359871519639379,0.128,0.014955913837590627,0.26,0.019635965529725526,0.5223068552774756,0.011654208652596384,0.5239390642002176,0.01165244562107948,0.47513812154696133,0.01403510288362781,0.31688435064121656,0.3437117144447256,6.325701326131821,5.116888664662838,4.232214510440826,5.844061091542244,6.984234198927879,0.21160409556313994,0.011935916358632793,0.2363481228668942,0.012414960524301884,0.40404040404040403,0.010069061649549571,0.36784511784511786,0.009894923464455033,0.5357798165137615,0.008722635482200935,0.30023899621589323,0.004574250396870965,0.3412666799442342,0.00473165722890688,0.158,0.0163280498045799,0.274,0.019966103540279518,0.6109902067464635,0.0113747749744473,0.6104461371055495,0.011377657455130346,0.5209155485398579,0.014040185494212997,0.3916527239456457,0.41237163183077363,1.4567456878721714,1.0385574363172054,1.273847946897149,1.3082722835242748,1.6528223231434822
llama-3.2-1b,proj-c4-r50-s0-n128,True,NVIDIA H100,proj,c4,0.5,uniform,0,128,32,0.0001,8,8,2048,0.05,0.05,False,,,0.500067349137931,174391296.0,0.00117958162445575,1.2671578424051404,7.0,8.0,5.007900878787041,0.01,2.33,6.58,2.3,157.24,19.79,28.87,5.43,817.85,19.84,54.505903684487514,94.14353833035666,7905.636711917471,15064.906125353282,294.6516170025051,68.32255381179151,54.933863813592694,53.63876558387245,338.59142895008534,240.04903267924803,851.8015336467168,170.02034096162564,156.38,17.51,2655.346357410767,8097.449338365985,48891.79599942956,66414.65086144506,26495.15014263063,1552.2030467841357,2344.6014978933194,2446.160853054161,390683.82659180043,18612.406507645028,175115.9446953683,16258.81710323197,0.197098976109215,0.011625047669880649,0.24658703071672355,0.012595726268789992,0.257996632996633,0.00897797000520329,0.255050505050505,0.008944265906130788,0.3782874617737003,0.008482001133931097,0.2605058753236407,0.004380136468544087,0.25980880302728543,0.004376333451909717,0.13,0.015055009352810992,0.268,0.019827714859587477,0.515233949945593,0.011660408257153443,0.514145810663765,0.011661154475524689,0.49329123914759276,0.014051220692330247,0.31891630504233925,0.3450244071970817,6.30609093606472,4.943214930593967,4.160837106406689,5.709063306450844,6.5944527089595795,0.19880546075085323,0.011662850198175603,0.22098976109215018,0.012124929206818241,0.38636363636363635,0.009991296778159724,0.35942760942760943,0.009845958893373748,0.41498470948012234,0.008617716361921567,0.29705238000398326,0.004560259083197043,0.33051185022903806,0.004694360968929053,0.156,0.016243636028391108,0.272,0.019920483209566107,0.6033732317736671,0.011413778810510448,0.6055495103373232,0.011402931101558359,0.510655090765588,0.014049294536290372,0.36674778701969285,0.38773121876169014,1.7376245222985744,1.2840163726359606,1.5984777212142944,1.5755581818521023,2.2230483889579773
llama-3.2-1b,proj-c4-r50-s0-n256,True,NVIDIA H100,proj,c4,0.5,uniform,0,256,32,0.0001,8,8,2048,0.05,0.05,False,,,0.500067349137931,174391296.0,0.001813247799873352,1.5165869677439332,6.0,8.0,5.588229201734066,0.01,2.33,6.71,2.3,157.24,19.79,34.28,5.43,817.36,19.84,49.58156892484039,78.6270417642812,7590.961048671322,15818.255447509022,235.8281691449823,62.03629658128172,49.62692289956267,48.425081408980255,183.0325445808616,184.5265856911046,617.1489010129515,132.91449739781757,156.43,17.51,2919.045100634315,12378.527807767949,30646.33413704094,42513.72901415348,29159.41379601868,1740.294911836252,2644.472244654087,2671.1483925198672,451752.3627990446,18073.422096973132,185315.806060034,17691.147098701094,0.19027303754266212,0.011470424179225763,0.24573378839590443,0.012581033453730187,0.25252525252525254,0.008914948991495836,0.255050505050505,0.008944265906130788,0.3782874617737003,0.008482001133931097,0.2592113124875523,0.0043730622833767965,0.2574188408683529,0.0043631851720466585,0.134,0.01524969200385453,0.264,0.01973288558592215,0.530467899891186,0.011644145418355097,0.5195865070729053,0.01165686997928841,0.48855564325177586,0.014048804199859391,0.319045801067447,0.3440903923447349,6.335747733712196,5.053960405290127,4.282991647720337,5.7775687128305435,6.961040794849396,0.1945392491467577,0.011567709174648689,0.21843003412969283,0.012074291605700917,0.3872053872053872,0.009995312065890286,0.35648148148148145,0.00982804654450452,0.5051987767584097,0.008744582253526267,0.3000398327026489,0.0045733836721588515,0.33608842859988053,0.0047140416525985815,0.17,0.016815633531393464,0.266,0.019780559675655396,0.6039173014145811,0.011411089031912588,0.6011969532100109,0.011424390545037256,0.510655090765588,0.014049294536290372,0.38165080542762464,0.39915010927786626,1.6523935720324516,1.187346775084734,1.490927591919899,1.4554594494402409,2.0256976038217545
llama-3.2-1b,proj-c4-r50-s0-n4096,True,NVIDIA A100-SXM4-40GB,proj,c4,0.5,uniform,0,4096,32,0.0001,8,8,2048,0.05,0.05,False,,,0.500067349137931,174391296.0,0.0010403653141111135,1.0069300523027778,7.0,8.0,4.9777419194579124,0.01,2.31,11.61,2.3,262.93,16.34,437.82,5.41,1413.26,19.79,40.38274955866033,48.93326262918861,6193.945721052433,10278.854764764099,86.52086742889094,51.75447182367904,41.63261981671277,40.137695324206085,53.82959892296321,95.8741554153903,335.69685960222245,74.68724040476806,265.17,13.69,2571.4602358326656,11238.393950879292,29700.045704600867,38432.247677362364,26023.52270070896,2076.2795058799675,2391.5348530556103,2447.560912445181,480546.57798371627,17769.124348141453,184343.50034671306,17475.9840100002,0.1885665529010239,0.011430897647675749,0.2431740614334471,0.012536554144587002,0.26262626262626265,0.009029861776763957,0.26136363636363635,0.009015838366608263,0.3782874617737003,0.008482001133931097,0.2613025293766182,0.0043844652190712236,0.25642302330213107,0.004357656485438901,0.136,0.015345323649758309,0.266,0.019780559675655396,0.5261153427638737,0.01164990085426341,0.5206746463547334,0.011655846995729838,0.48382004735595896,0.014045126130978676,0.31953117097106254,0.34424898236908674,6.276894122362137,4.91821900755167,4.113420836627483,5.683814600110054,6.876657545566559,0.19795221843003413,0.011643990971573369,0.22696245733788395,0.012240491536132965,0.3998316498316498,0.010051788039412915,0.3569023569023569,0.009830630210347113,0.4902140672782875,0.008743379884697146,0.29904401513642703,0.004569034613332453,0.3355905198167696,0.004712314511950987,0.156,0.016243636028391108,0.27,0.019874354831287473,0.6196953210010882,0.011326620892570301,0.6137105549510338,0.011360138833823712,0.526440410418311,0.014032823874407293,0.38416824029939967,0.4028314809578061,1.3106921054422855,0.9962952379137278,1.1636995188891888,1.2384295985102654,1.5589928291738033
llama-3.2-1b,proj-c4-r50-s0-n64,True,NVIDIA A100-SXM4-40GB,proj,c4,0.5,uniform,0,64,32,0.0001,8,8,2048,0.05,0.05,False,,,0.500067349137931,174391296.0,0.0010951280128210783,1.3769899141043425,7.0,8.0,5.018818374723196,0.01,2.31,7.77,2.3,258.23,19.75,41.52,5.41,1410.44,19.8,61.82111329641566,113.93507292252077,8738.083010323286,44843.42979468021,384.84875056738053,77.50462119295814,62.682660983433685,61.00157743945151,512.9063075143894,283.6960461848836,1019.1158884014424,208.12166658475923,257.13,17.48,2480.9479554997283,7309.823102474832,36318.24205897848,42061.01441402355,37071.76211541573,2145.2563841431925,2214.3622417373185,2829.9296764676883,595762.533674486,24588.98276192109,154477.75280890334,19641.525054591708,0.20648464163822525,0.01182886561900235,0.23720136518771331,0.01243039982926071,0.2668350168350168,0.009075915859266983,0.257996632996633,0.00897797000520329,0.3782874617737003,0.008482001133931097,0.2597092212706632,0.004375788991216637,0.26020713005377416,0.004378508362084079,0.15,0.0159847121351649,0.252,0.019435727282249564,0.5228509249183896,0.011653634832401168,0.5223068552774756,0.011654208652596384,0.5090765588003157,0.014050170094497657,0.3276062607480444,0.34529657201280173,6.310812264680862,4.836964152753353,4.3483560383319855,5.7567984610795975,6.476551666855812,0.189419795221843,0.011450705115910722,0.24232081911262798,0.012521593295800071,0.3480639730639731,0.00977462760025901,0.33164983164983164,0.00966073378092379,0.45749235474006117,0.008713394787842593,0.2892850029874527,0.004525037849178785,0.3185620394343756,0.004649665273890785,0.154,0.016158285192455334,0.262,0.019684688820194637,0.5990206746463548,0.011434766962108364,0.5935799782372143,0.01145968265012375,0.500394632991318,0.01405248130604961,0.3625252048072861,0.38657137945220416,1.92400636151433,1.4148706644773483,1.7161926329135895,1.7251319885253906,2.4495100155472755
llama-3.2-1b,proj-c4-r50-s0-nobos,True,NVIDIA A100-SXM4-40GB,proj,c4,0.5,uniform,0,512,32,0.0001,8,8,2048,0.05,0.05,False,,,0.500067349137931,174391296.0,0.0011314337607473135,1.1012796135619283,7.0,8.0,5.579086884856224,0.01,2.31,8.34,2.3,259.7,19.75,85.65,5.41,1411.09,19.8,46.737338246908735,68.54395358717848,46.39047820076108,68.0972725518696,174.03359508479653,59.13083770074948,47.549892595632265,46.35583614976445,170.57046789206615,165.37689232070798,534.9200909768874,119.2170524405288,258.08,17.48,2865.7640349930657,10877.913822381912,4010.1081339756715,13734.473382625145,27374.95491866234,2093.423493216379,2524.2187603017956,2915.197481268994,451013.3655631154,21128.407797757944,205201.00709639673,18782.298368776654,0.197098976109215,0.011625047669880649,0.2440273037542662,0.012551447627856151,0.2706228956228956,0.009116466166404035,0.2622053872053872,0.009025197991724937,0.3782874617737003,0.008482001133931097,0.25781716789484166,0.0043653883515635365,0.2575184226249751,0.004363736410689568,0.122,0.01465132494504475,0.25,0.019384310743640384,0.5223068552774756,0.011654208652596384,0.5059847660500544,0.011664988455853316,0.4996053670086819,0.01405248130604961,0.3211055319552586,0.3425183869167236,6.459412664175034,5.017323561012745,4.867502942681313,5.748508915305138,6.881041005253792,0.20136518771331058,0.011718927477444347,0.22696245733788395,0.012240491536132965,0.37542087542087543,0.009936218527114224,0.35353535353535354,0.00980972894815166,0.5795107033639144,0.00863377533246365,0.2978490340569608,0.004563781707377336,0.3323043218482374,0.004700767741735271,0.154,0.016158285192455334,0.274,0.019966103540279518,0.6153427638737758,0.011351177743205479,0.602829162132753,0.011416453840790413,0.5177584846093133,0.014043619596174988,0.39160672129116436,0.4124143546896365,1.6436275206506252,1.131196018308401,1.4472489189356565,1.4122942071408033,1.8907841071486473
llama-3.2-1b,proj-c4-r50-s1,True,NVIDIA A100-SXM4-40GB,proj,c4,0.5,uniform,1,512,32,0.0001,8,8,2048,0.05,0.05,False,,,0.500067349137931,174391296.0,0.0011582092847675085,1.1184823289513588,7.0,8.0,4.8424355164170265,0.01,2.31,8.37,2.3,275.57,19.75,85.75,5.41,1411.52,19.8,45.56540438432612,60.42749318844543,9739.922385919685,27481.137635993284,141.44386720882312,56.688723364711564,46.10940727308827,44.34240947174443,91.6332141100691,125.50520906665052,414.3461612437292,96.53417473794931,256.86,17.48,2211.0866719304768,8314.793613045947,16930.41053659762,29534.999686959054,25444.24479930979,1742.2132321741644,1993.5682460851062,2073.254958155044,366531.0920432047,15153.7626996739,125408.31438429345,14387.665502846772,0.1962457337883959,0.011606019881416319,0.23890784982935154,0.012461071376316715,0.2529461279461279,0.00891986273916551,0.25925925925925924,0.008992251535805688,0.3782874617737003,0.008482001133931097,0.2608046205935073,0.00438176194155244,0.25731925911173076,0.004362633637374433,0.124,0.014754096608517476,0.264,0.01973288558592215,0.5179542981501633,0.011658300623287121,0.5174102285092492,0.011658749823107507,0.49329123914759276,0.014051220692330247,0.31764706877135535,0.3440678996615548,6.2550661116838455,4.783877976238728,4.018331371247768,5.57152983546257,6.585430800914764,0.1962457337883959,0.011606019881416319,0.22866894197952217,0.012272853582540892,0.39814814814814814,0.01004466237465343,0.3569023569023569,0.009830630210347113,0.4856269113149847,0.008741441023423975,0.30173272256522604,0.0045807181159924805,0.34495120493925513,0.004743808792037672,0.148,0.01589645856125128,0.264,0.01973288558592215,0.6039173014145811,0.011411089031912588,0.6169749727965179,0.01134208170908282,0.5351223362273086,0.014017773120881639,0.38125616477980634,0.4046066748799922,1.4786648117005825,1.1076485496014357,1.329638035967946,1.350070908665657,1.7632051408290863
llama-3.2-1b,proj-c4-r50-s2,True,NVIDIA H100,proj,c4,0.5,uniform,2,512,32,0.0001,8,8,2048,0.05,0.05,False,,,0.500067349137931,174391296.0,0.0010825227946043015,1.2579212496057153,7.0,8.0,4.94421860948205,0.01,2.33,6.87,2.3,157.76,19.79,44.85,5.43,821.44,19.84,45.078228591699954,59.91436845803862,7539.563907125395,14105.216730304532,168.97164341445122,56.87695088318654,45.61605539210104,44.26529166776588,112.84912187800467,143.4758281328314,404.1892090301906,103.47312065824771,156.51,17.51,2256.1129590170895,10014.720472112675,43737.70890200917,76928.3951293248,26118.291272594764,1857.3059245021307,2095.321339738447,2014.7120328173266,407148.00495153153,17373.16121134204,151082.01852952247,15539.890912104187,0.19368600682593856,0.011548425409978568,0.23720136518771331,0.01243039982926071,0.26557239057239057,0.00906221062697191,0.2609427609427609,0.009011142493235922,0.3782874617737003,0.008482001133931097,0.25941047600079664,0.004374153847826732,0.25871340370444135,0.004370328224831643,0.15,0.0159847121351649,0.26,0.019635965529725526,0.529379760609358,0.01164566756505079,0.5250272034820457,0.011651200967623562,0.505130228887135,0.014051745961790525,0.3259237606670456,0.34647177485397096,6.083267614245415,4.78563915938139,3.972598798573017,5.557492449879646,6.764341816306114,0.20477815699658702,0.011792544338513443,0.22525597269624573,0.012207839995407479,0.3956228956228956,0.01003374139343112,0.35269360269360267,0.009804420599378624,0.4804281345565749,0.00873835268296191,0.2997410874327823,0.004572081656965447,0.34266082453694485,0.004736292355716382,0.152,0.016071982367911835,0.268,0.019827714859587477,0.6120783460282916,0.011368965300027503,0.6169749727965179,0.01134208170908282,0.526440410418311,0.014032823874407293,0.38158414729363466,0.40177913109974245,1.5094484984874725,1.1113930232822895,1.3626769129186869,1.3669944629073143,1.752650711685419
llama-3.2-1b,proj-selfdoc-r30-s0,True,NVIDIA A100-SXM4-40GB,proj,selfdoc,0.3,uniform,0,512,32,0.0001,8,8,2048,0.05,0.05,False,,out/calib/llama-3.2-1b/selfdoc-T1.0-s0.pt,0.3001582704741379,136773632.0,0.0010407902300357819,0.670560353435576,6.0,8.0,3.992960724979639,0.01,2.33,0.21,2.3,152.8,29.7,45.26,5.43,752.06,18.66,32.28770657002276,27.687502762608585,4343.042670665843,7803.711198937466,9.687857638876327,36.80801274965733,34.493779063384316,29.704546468152657,4.831328394712491,16.986548297969616,55.6387611577144,20.771554323917357,150.62,27.9,852.8100526344217,1676.2700163311652,13058.516074787758,22762.29028574081,602.141103227568,633.1112793028458,847.7660747846164,638.7737826596293,2191.311940718078,785.7025958884723,11218.212719227302,1218.4634344816932,0.20392491467576793,0.011774262478702316,0.2440273037542662,0.012551447627856151,0.2962962962962963,0.009369711585684086,0.27314814814814814,0.009143032718360162,0.5431192660550459,0.008712475433089348,0.26319458275243973,0.004394671271021473,0.26777534355706034,0.004418948941099601,0.124,0.014754096608517476,0.26,0.019635965529725526,0.5315560391730142,0.011642567710878958,0.5375408052230686,0.011632896120570703,0.4964483030781373,0.014052131146915853,0.3512199145758145,0.37457988140224663,3.940908119082451,3.8414590805768967,3.081218898296356,4.237692326307297,5.038240849971771,0.2090443686006826,0.011882746987406408,0.25597269624573377,0.012753013241244613,0.4718013468013468,0.010243454104071733,0.4313973063973064,0.010162752847747605,0.5972477064220183,0.008578054401368341,0.32513443537143993,0.004674677287148671,0.39095797649870545,0.004869677330801213,0.182,0.017272773297730436,0.272,0.019920483209566107,0.6447225244831338,0.011166464269528218,0.6496191512513602,0.011131277554681629,0.5074980268350434,0.014050905521228646,0.41963548693052355,0.4435275519500239,0.5516232587397099,0.7808653693646193,0.5618929574266076,0.852266363799572,0.9933975469321012
llama-3.2-1b,proj-selfdoc-r50-s0,True,NVIDIA A100-SXM4-40GB,proj,selfdoc,0.5,uniform,0,512,32,0.0001,8,8,2048,0.05,0.05,False,,out/calib/llama-3.2-1b/selfdoc-T1.0-s0.pt,0.500067349137931,174391296.0,0.0010150216985493898,0.9646346773952246,7.0,8.0,5.603004522621632,0.01,2.33,0.21,2.3,148.4,28.69,44.96,5.43,821.94,19.84,48.18072251665902,45.17285742744499,4482.314342207471,5758.360838678605,14.739727646350756,55.045664357400945,50.56763056028211,44.89910587486575,7.018131939287397,25.33426680980046,110.16101067676063,32.224259820666404,146.99,26.4,4809.886900221907,9900.408565831583,19652.93228626743,29890.5283523256,4125.159981052925,4404.7671199725755,5014.461849037971,3979.872124848674,18414.569438400893,4107.758179185533,48225.260655696795,7490.309197873505,0.20392491467576793,0.011774262478702316,0.24232081911262798,0.012521593295800071,0.25841750841750843,0.008982741341291388,0.25547138047138046,0.008949113551665389,0.3782874617737003,0.008482001133931097,0.2570205138418642,0.004360977256058395,0.2581159131647082,0.004367037632204837,0.132,0.015152927850580223,0.274,0.019966103540279518,0.5255712731229597,0.01165055784457337,0.5081610446137106,0.01166427011224428,0.4972375690607735,0.014052271211616401,0.321779891556082,0.3447991697424144,6.031864017248154,5.6882470697164536,3.8362224251031876,6.076791688799858,6.912159562110901,0.2090443686006826,0.011882746987406408,0.22696245733788395,0.012240491536132965,0.3968855218855219,0.010039236800583027,0.36574074074074076,0.009882988069418874,0.6,0.00856836898590492,0.29038040231029677,0.004530101869973359,0.3200557657837084,0.004655442766599499,0.146,0.015807205175834907,0.258,0.019586711785215868,0.5990206746463548,0.011434766962108364,0.5957562568008705,0.011449891763007486,0.5059194948697711,0.014051500838485923,0.39246435175894673,0.4103478165047107,0.9157993867993355,1.1685512717813253,0.7626719269901514,1.2579538971185684,1.4728511571884155
llama-3.2-1b,proj-selfdoc-r50-s0-fresh4096,True,NVIDIA H100,proj,selfdoc,0.5,uniform,0,4096,32,0.0001,8,8,2048,0.05,0.05,False,,out/calib/llama-3.2-1b/selfdoc-T1.0-s0-big.pt,0.500067349137931,174391296.0,0.0009138506138697267,0.953299923799932,7.0,8.0,5.649256102740765,0.01,2.33,0.96,2.3,157.88,19.8,193.32,5.43,819.23,19.84,46.452350165015154,42.935127434935126,5508.458422654277,8143.916245871356,13.400963766429491,54.33522305160606,48.71764988158624,43.03164679159788,6.070926190583948,23.021927026436142,96.7481341867576,29.753153381403838,156.42,17.51,4506.489601734096,8283.723621887813,24039.684526226898,50309.44570020432,3169.7524165106506,4281.995752383336,4642.457378812052,3436.1229731036865,14455.417457817912,3326.3825408021726,28166.5135037586,6039.931555323736,0.20136518771331058,0.011718927477444347,0.24146757679180889,0.012506564839739446,0.26052188552188554,0.00900643589033641,0.25841750841750843,0.008982741341291388,0.3782874617737003,0.008482001133931097,0.2582154949213304,0.004367586801776807,0.25781716789484166,0.0043653883515635365,0.144,0.015716934945725784,0.286,0.020229346329177604,0.5255712731229597,0.01165055784457337,0.5059847660500544,0.011664988455853316,0.489344909234412,0.014049294536290372,0.3224723160410855,0.3453313414517608,6.009277731180191,5.608936056494713,3.742220312356949,5.976204201579094,6.6616992354393005,0.18771331058020477,0.011411001314155208,0.2150170648464164,0.012005717634133543,0.39436026936026936,0.010028176038392816,0.36784511784511786,0.009894923464455033,0.5678899082568807,0.008664067354619397,0.2885879306910974,0.004521798577922026,0.31089424417446726,0.004619136497359903,0.156,0.016243636028391108,0.264,0.01973288558592215,0.6022850924918389,0.011419114133117261,0.5919477693144722,0.011466872778651143,0.5027624309392266,0.014052271211616401,0.38565699175993107,0.40290807648236876,0.8428863789886236,1.1355688460171223,0.723519466817379,1.2058596685528755,1.4181342981755733
llama-3.2-1b,proj-selfdoc-r50-s0-initc4,True,NVIDIA A100-SXM4-80GB,proj,selfdoc,0.5,uniform,0,512,32,0.0001,8,8,2048,0.05,0.05,False,,out/calib/llama-3.2-1b/selfdoc-T1.0-s0.pt,0.500067349137931,174391296.0,0.0010561415692791343,1.121353805065155,7.0,8.0,6.508379518985748,0.01,2.31,0.22,2.3,250.2,19.75,91.64,5.41,1366.49,19.8,46.67219174938496,50.971791363071006,5840.430266863758,10506.771244156913,22.386215870926016,54.97346257381086,48.97819578513221,44.53575759445782,10.21661412692631,33.91655310888851,179.81613669506092,40.11823557705952,248.07,17.48,3422.863545130773,11074.843354810806,36187.083181671085,66048.3641934227,27223.634826291294,2316.4248942799422,2990.8341771020964,3299.945668829957,452674.667464469,20857.777679745803,141637.7073901635,18807.3705707889,0.18430034129692832,0.01133051793303744,0.2380546075085324,0.012445770028026118,0.26304713804713803,0.009034514898865944,0.26136363636363635,0.009015838366608263,0.3782874617737003,0.008482001133931097,0.26000796654052977,0.004377421493297842,0.2582154949213304,0.004367586801776807,0.132,0.015152927850580223,0.268,0.019827714859587477,0.5168661588683352,0.011659185184878962,0.5201305767138193,0.011656365410780507,0.48382004735595896,0.014045126130978676,0.3169041591260844,0.34398168923385397,6.389531522989273,5.206222198903561,4.304829776287079,5.976469025015831,6.872352957725525,0.19027303754266212,0.011470424179225763,0.23037542662116042,0.012304928418747618,0.39141414141414144,0.010014917532627792,0.3501683501683502,0.00978829541009327,0.518348623853211,0.008739164562341665,0.29595698068113924,0.0045553883717562894,0.3284206333399721,0.004686789042445583,0.158,0.0163280498045799,0.266,0.019780559675655396,0.6153427638737758,0.011351177743205479,0.6033732317736671,0.011413778810510448,0.5177584846093133,0.014043619596174988,0.3838705759963204,0.40206353576652487,1.0181745290756226,1.1377960611134768,0.8847586717456579,1.254853704944253,1.5907578989863396
llama-3.2-1b,proj-selfdoc-r50-s0-klalloc,True,NVIDIA A100-SXM4-40GB,proj,selfdoc,0.5,kl,0,512,32,0.0001,8,8,2048,0.05,0.05,False,,out/calib/llama-3.2-1b/selfdoc-T1.0-s0.pt,0.5,127008768.0,0.001161383930593729,0.9400731353089213,6.0,8.0,2.975504048168659,742.48,13.97,1.12,2.3,191.74,17.4,85.64,5.41,1153.55,17.8,46.4392604925665,44.351038926144305,8555.117832841064,14127.869610052649,14.158443543944248,52.52230648111816,49.461824249429625,43.26042199279805,6.694221978881908,24.262111966891492,93.57094223932816,30.4337661971016,184.82,15.72,330.07446685276636,521.3816691848849,22438.34160263475,35734.75207773913,607.2703537287765,392.0466539181504,344.3943692765137,340.8783165369296,749.6480168683918,355.88788972680794,2219.9637438342197,556.6163544537212,0.1766211604095563,0.011144042769316423,0.22525597269624573,0.012207839995407479,0.3223905723905724,0.009590672908157372,0.30934343434343436,0.009484615220606778,0.4813455657492355,0.008738966510013277,0.26419040031866164,0.00440000082274176,0.2788289185421231,0.004475067344626854,0.134,0.01524969200385453,0.26,0.019635965529725526,0.5549510337323177,0.011595157509775814,0.5348204570184983,0.011637500993816005,0.5295974743488555,0.014027843827840017,0.35187088670702843,0.3741702603854846,3.3307294324040413,3.0402980148792267,2.1282820999622345,3.3592158257961273,3.9277323186397552,0.1945392491467577,0.011567709174648689,0.2363481228668942,0.012414960524301884,0.4036195286195286,0.010067368960348095,0.3787878787878788,0.009953737656542215,0.6211009174311927,0.008484678718565153,0.28828918542123083,0.004520406331084315,0.3201553475403306,0.004655825980892352,0.152,0.016071982367911835,0.244,0.019226734893614636,0.6066376496191512,0.011397418546689315,0.6120783460282916,0.011368965300027503,0.5248618784530387,0.01403510288362781,0.39872120124155713,0.4196189273010895,0.9012457076460123,1.1374196726828814,0.7581979166716337,1.2240461576730013,1.4477505199611187
llama-3.2-1b,proj-selfdoc-r50-s0-n1024,True,NVIDIA A100-SXM4-80GB,proj,selfdoc,0.5,uniform,0,1024,32,0.0001,8,8,2048,0.05,0.05,False,,out/calib/llama-3.2-1b/selfdoc-T1.0-s0.pt,0.500067349137931,174391296.0,0.0009187167743220925,0.8865789333358407,7.0,8.0,5.405617281794548,0.01,2.31,0.35,2.3,249.93,19.75,133.36,5.41,1365.84,19.8,46.89181887818785,43.6171833321371,3788.6225960532643,5736.939836167387,13.932228099797435,54.04396761687852,49.41292240615365,43.435917416149294,6.497402619749983,23.88750128682882,93.83759917138676,30.316413266082847,248.43,17.48,4147.551808983413,8854.039447527955,20304.192274839883,35297.59583460734,4569.614674755195,3956.444498042458,4276.137467123805,3296.669149881477,15443.86265254646,3629.51697161193,42353.525942716915,6698.41865484418,0.197098976109215,0.011625047669880649,0.2380546075085324,0.012445770028026118,0.25925925925925924,0.008992251535805688,0.2588383838383838,0.008987501845757919,0.3782874617737003,0.008482001133931097,0.2583150766779526,0.004368135676213571,0.25712009559848636,0.004361529679492765,0.138,0.015439843831953423,0.274,0.019966103540279518,0.5266594124047879,0.01164922999434743,0.514145810663765,0.011661154475524689,0.4956590370955012,0.014051956064076884,0.32189703190291663,0.34515791378262417,5.840202525258064,5.527733638882637,3.8048620596528053,5.930680692195892,6.740165501832962,0.20477815699658702,0.011792544338513443,0.2354948805460751,0.01239945185500478,0.39057239057239057,0.010011059112064303,0.36195286195286197,0.009860991466688474,0.5565749235474006,0.00868889366131818,0.2927703644692292,0.004541039698730025,0.3188607847042422,0.004650825168905154,0.138,0.015439843831953423,0.244,0.019226734893614636,0.5968443960826986,0.011444908701768758,0.6001088139281828,0.011429608127857762,0.5011838989739542,0.014052446290528871,0.3829605900917515,0.402596594807531,0.8665462993085384,1.1451309602707624,0.7352642212063074,1.2203710563480854,1.4324100092053413
llama-3.2-1b,proj-selfdoc-r50-s0-n128,True,NVIDIA H100,proj,selfdoc,0.5,uniform,0,128,32,0.0001,8,8,2048,0.05,0.05,False,,out/calib/llama-3.2-1b/selfdoc-T1.0-s0.pt,0.500067349137931,174391296.0,0.0009819901315495372,1.0919244084507227,7.0,8.0,5.655926540493965,0.01,2.33,0.24,2.3,157.63,19.8,28.94,5.43,818.06,19.84,55.855616639782646,58.36521097622584,11464.36363086119,21857.654464931253,18.4097375417606,63.12764003124907,58.31065836876004,52.55262693711678,10.025530516301288,32.24556844742962,165.93662466574696,40.887436495648046,156.61,17.51,4203.751544579474,9467.838718099929,44527.69777075669,84480.45752553137,5379.117296688375,3583.0054296389503,4513.621381811193,3690.0323539965143,34372.36744238917,5048.095092652824,75848.47832218815,8841.837278463765,0.19795221843003413,0.011643990971573369,0.23720136518771331,0.01243039982926071,0.26641414141414144,0.009071357971078843,0.2601010101010101,0.009001718541079735,0.37889908256880733,0.008484678718565153,0.2586138219478192,0.004369780529824453,0.25542720573590916,0.004352098082984506,0.132,0.015152927850580223,0.28,0.020099950647503192,0.5331882480957563,0.011640096923563308,0.5087051142546246,0.011664055982032772,0.5067087608524072,0.014051220692330247,0.3248251819012808,0.346720362671496,5.868181452155113,5.519768834114075,4.056058846414089,6.044205769896507,6.883957549929619,0.2150170648464164,0.012005717634133543,0.23122866894197952,0.01232085883477234,0.3851010101010101,0.009985214798737322,0.35353535353535354,0.00980972894815166,0.5584097859327217,0.008685178933161834,0.285700059749054,0.00450823959450406,0.308105954989046,0.004607669909915267,0.134,0.01524969200385453,0.256,0.019536923574747664,0.5914036996735582,0.011469240387245224,0.5826985854189336,0.011505151244333338,0.4925019731649566,0.014050905521228646,0.38030479906681675,0.397497188854713,1.1113520748913288,1.3145162612199783,0.8889730088412762,1.4196289218962193,1.734306514263153
llama-3.2-1b,proj-selfdoc-r50-s0-n256,True,NVIDIA A100-SXM4-80GB,proj,selfdoc,0.5,uniform,0,256,32,0.0001,8,8,2048,0.05,0.05,False,,out/calib/llama-3.2-1b/selfdoc-T1.0-s0.pt,0.500067349137931,174391296.0,0.0010354232508689165,1.01075569819659,7.0,8.0,5.467267453670502,0.01,2.31,0.18,2.3,250.33,19.75,59.46,5.41,1371.42,19.8,51.31115938096642,49.56374084876472,6068.275736982226,10548.334507439607,16.856534213713445,58.92573874762274,53.51289066137615,48.27821277508598,8.049384545609552,29.180015882436784,130.95295532676778,36.037071281449954,248.43,17.48,3953.257157049052,7492.098419742714,24624.001334941386,33600.84455323154,3408.351391137911,3926.073096270426,4312.292705377155,3091.311364111428,12255.906618291165,3381.931454066087,27232.830775620383,5724.11180922652,0.20648464163822525,0.01182886561900235,0.24232081911262798,0.012521593295800071,0.2609427609427609,0.009011142493235922,0.257996632996633,0.00897797000520329,0.3782874617737003,0.008482001133931097,0.2590121489743079,0.004371969542814812,0.25712009559848636,0.004361529679492765,0.132,0.015152927850580223,0.272,0.019920483209566107,0.5321001088139282,0.011641758014820223,0.5130576713819369,0.011661845375886444,0.5074980268350434,0.014050905521228646,0.3251893069968523,0.3468972439569183,5.9098342806100845,5.511480197310448,3.764129228889942,5.822241172194481,6.683566331863403,0.20051194539249148,0.011700318050499469,0.23464163822525597,0.01238387356076873,0.3867845117845118,0.009993308355371001,0.35858585858585856,0.009840882301225278,0.5788990825688073,0.008635491562221534,0.2900816570404302,0.004528723951878536,0.3147779326827325,0.004634782156128723,0.146,0.015807205175834907,0.254,0.01948659680164342,0.5914036996735582,0.011469240387245224,0.5854189336235038,0.011494326682255095,0.5122336227308603,0.014048278820405729,0.38655921702723706,0.40550815263100265,0.9847359303385019,1.2320364229381084,0.8227589819580317,1.328762050718069,1.5669532008469105
llama-3.2-1b,proj-selfdoc-r50-s0-n64,True,NVIDIA H100,proj,selfdoc,0.5,uniform,0,64,32,0.0001,8,8,2048,0.05,0.05,False,,out/calib/llama-3.2-1b/selfdoc-T1.0-s0.pt,0.500067349137931,174391296.0,0.0009558930760249496,1.2742057628929615,7.0,8.0,5.41131416708231,0.01,2.33,0.24,2.3,157.68,19.79,26.45,5.43,818.05,19.84,61.576006232686794,64.29877459655316,3787.538696814006,9161.01679771503,18.923249921608193,72.72026723428357,63.674966437106725,58.74328033829485,11.967577902978576,35.1662334710149,242.35188004379043,47.2398042006885,156.53,17.51,2669.6322307954288,5109.446395610262,56180.11000968266,85861.72638578895,2712.9006856090136,2831.0569180777347,2822.1399800825034,2371.4517579929343,16144.829408285224,2841.664361748459,37315.096286973065,5085.71837398032,0.19539249146757678,0.011586907189952898,0.24573378839590443,0.012581033453730187,0.25757575757575757,0.008973187820215046,0.2680976430976431,0.009089526578213825,0.3782874617737003,0.008482001133931097,0.2575184226249751,0.004363736410689568,0.2552280422226648,0.004350982826580739,0.138,0.015439843831953423,0.256,0.019536923574747664,0.5261153427638737,0.01164990085426341,0.5092491838955386,0.011663828032649192,0.5011838989739542,0.014052446290528871,0.3220104821685483,0.3448257169084865,5.63514219224453,5.059853941202164,3.8412212431430817,5.517256394028664,6.203135162591934,0.21160409556313994,0.011935916358632793,0.22781569965870307,0.012256708602326964,0.3712121212121212,0.009913599001845763,0.35185185185185186,0.009799078929868853,0.46636085626911317,0.008725240861131085,0.28380800637323245,0.004499233874427458,0.3040231029675364,0.004590523572058383,0.134,0.01524969200385453,0.264,0.01973288558592215,0.5783460282916213,0.011521722161800405,0.573993471164309,0.011537375448519308,0.5138121546961326,0.014047122916440271,0.3655918946293372,0.38597959094394946,1.2199595533311367,1.4116007424890995,0.9734101556241512,1.513538084924221,1.8394996970891953
llama-3.2-1b,proj-selfdoc-r50-s1,True,NVIDIA H100,proj,selfdoc,0.5,uniform,1,512,32,0.0001,8,8,2048,0.05,0.05,False,,out/calib/llama-3.2-1b/selfdoc-T1.0-s1.pt,0.500067349137931,174391296.0,0.0010489723645150661,0.9837626218795776,7.0,8.0,5.801191385835409,0.01,2.33,0.31,2.3,157.66,19.8,44.98,5.43,821.84,19.84,48.75439511418039,46.49792301873264,4477.6831085253125,7309.33347502057,15.086570797274181,56.61109125766212,50.63785008693391,45.08411621198135,6.8301306802158175,25.218286691745963,106.25302640455568,32.173379592603176,156.72,17.51,4215.338794356742,9964.813087692142,13717.375043569748,23109.142933304858,3984.1626595145917,5633.816194178597,4361.690458032832,3689.7047683351875,15076.205508733858,3214.7369581598923,43731.07440471337,6927.450076492918,0.20477815699658702,0.011792544338513443,0.24061433447098976,0.012491468532390682,0.2558922558922559,0.008953950243013958,0.257996632996633,0.00897797000520329,0.3782874617737003,0.008482001133931097,0.2584146584345748,0.0043686842556263684,0.2599083847839076,0.004376877619233649,0.148,0.01589645856125128,0.272,0.019920483209566107,0.529379760609358,0.01164566756505079,0.5163220892274211,0.011659606710151597,0.5019731649565904,0.014052376259225643,0.3252464940947238,0.34672886688703464,5.958967924118042,5.525582492351532,3.666624814271927,6.003356143832207,6.858562305569649,0.19197952218430034,0.01150959890659822,0.2167235494880546,0.012040156713481203,0.4090909090909091,0.010088775152615642,0.3712121212121212,0.009913599001845763,0.57217125382263,0.008653474894637223,0.2898824935271858,0.00452780401625394,0.31338378809002193,0.004629209184813568,0.156,0.016243636028391108,0.278,0.020055833888070865,0.602829162132753,0.011416453840790413,0.5957562568008705,0.011449891763007486,0.5248618784530387,0.01403510288362781,0.39240217417297385,0.41030126398096245,0.8965473435819149,1.1706005185842514,0.7722848802804947,1.2393155191093683,1.4882332347333431
llama-3.2-1b,proj-selfdoc-r50-s2,True,NVIDIA A100-SXM4-80GB,proj,selfdoc,0.5,uniform,2,512,32,0.0001,8,8,2048,0.05,0.05,False,,out/calib/llama-3.2-1b/selfdoc-T1.0-s2.pt,0.500067349137931,174391296.0,0.0010540714720264077,0.9435761710628867,7.0,8.0,5.547681272029877,0.01,2.31,0.3,2.3,249.91,19.75,84.02,5.41,1366.47,19.8,48.78626093177938,45.381469017940255,6669.372519535276,18136.386909009005,14.0899315909046,55.981579526226014,50.94786753948782,45.037653710943296,6.85693927790553,24.8047053921431,96.30963186183187,31.332753150980892,248.05,17.48,4751.118655173729,8917.333382850977,17528.821855415827,32515.58749498635,3225.475725370169,5660.825513053488,4873.12834352167,4043.690945139512,15401.561796514914,3403.281264206588,41421.17444097216,6947.373114568979,0.20563139931740615,0.01181074526074251,0.2431740614334471,0.012536554144587002,0.2622053872053872,0.009025197991724937,0.25715488215488214,0.008968394768971894,0.3782874617737003,0.008482001133931097,0.25562636924915355,0.004353212146198103,0.2575184226249751,0.004363736410689568,0.142,0.01562563024781025,0.282,0.020143572847290726,0.5228509249183896,0.011653634832401168,0.5114254624591947,0.011662778026451529,0.48224151539068666,0.014043619596174988,0.32126329397924624,0.34454311511955515,6.128210961818695,5.700454667210579,3.834291897714138,6.122051164507866,6.736866965889931,0.19283276450511946,0.01152905546566343,0.23378839590443687,0.01236822537850722,0.398989898989899,0.010048240683798788,0.3661616161616162,0.009885391390947702,0.5296636085626911,0.008729651343606093,0.2887870942043418,0.004522725412557139,0.312885879306911,0.0046272070731709644,0.16,0.016411540980502393,0.258,0.019586711785215868,0.6011969532100109,0.011424390545037256,0.5919477693144722,0.011466872778651143,0.5248618784530387,0.01403510288362781,0.38519031398930015,0.40247273538616657,0.9007311929017305,1.1751611307263374,0.7679920885711908,1.2554948031902313,1.4681480564177036
llama-3.2-1b,proj-selfgen-r30-s0,True,NVIDIA A100-SXM4-40GB,proj,selfgen,0.3,uniform,0,512,32,0.0001,8,8,2048,0.05,0.05,False,,out/calib/llama-3.2-1b/selfgen-T1.0-s0.pt,0.3001582704741379,136773632.0,0.0008486505248583853,0.4726071933982894,7.0,8.0,1.1881809178739786,0.01,2.31,0.02,2.3,249.66,29.66,86.1,5.41,1304.3,18.62,38.39101603534157,31.880911865949656,5961.5887784114,5662.626444757342,10.116581339230489,42.82924342566425,41.46938378355737,35.19199247257686,5.40409722633994,19.956313105750088,93.73514335239716,25.16560417311441,247.72,27.88,110.01862729877918,91.25419498031441,846.6204668806467,1298.7040523217872,25.21615844181225,120.36800896813206,114.41413868724014,98.37795650453727,13.23134785698181,48.43084862870805,386.6837394300764,70.27600765762826,0.19539249146757678,0.011586907189952898,0.22013651877133106,0.01210812488346088,0.369949494949495,0.00990665626602126,0.35353535353535354,0.00980972894815166,0.6180428134556575,0.008497851998427269,0.27912766381198967,0.004476536569056845,0.2980481975702051,0.0045646597750764175,0.124,0.014754096608517476,0.256,0.019536923574747664,0.5745375408052231,0.011535468840824452,0.5642002176278563,0.011569259195486755,0.4909234411996843,0.014050170094497657,0.3788533493842324,0.40012664888001254,1.6240786723792553,1.993793811649084,1.150248708203435,2.0765456706285477,2.1302249282598495,0.2030716723549488,0.011755899303705644,0.23293515358361774,0.012352507042617355,0.45496632996632996,0.010218084454602478,0.40404040404040403,0.010069061649549571,0.6192660550458715,0.00849262556165625,0.3110934076877116,0.004619948037223216,0.3602867954590719,0.0047910240045880665,0.188,0.01749067888034626,0.276,0.02001121929807355,0.6082698585418934,0.011389038597720108,0.6147986942328618,0.011354179751257222,0.516179952644041,0.014045126130978676,0.4144067537486852,0.4319295792865526,0.7304774112999439,0.9524152968078852,0.45885362289845943,1.024058636277914,1.1201933547854424
llama-3.2-1b,proj-selfgen-r50-s0,True,NVIDIA A100-SXM4-40GB,proj,selfgen,0.5,uniform,0,512,32,0.0001,8,8,2048,0.05,0.05,False,,out/calib/llama-3.2-1b/selfgen-T1.0-s0.pt,0.500067349137931,174391296.0,0.000804972427431494,0.6642435269895941,7.0,8.0,2.2235005386173725,0.01,2.31,0.02,2.3,243.28,28.65,86.1,5.41,1409.68,19.8,59.27434278607424,53.183002703961265,4101.494264082102,5960.862623342884,14.917240971814996,64.89158443633833,63.767237248744834,55.124219155980185,8.094821379288552,30.503736954731664,162.0935285244097,38.957568863573464,242.95,26.38,472.5809102988724,453.93761729400575,5339.04834030362,7942.933911861505,220.0927244052632,376.1380927483424,485.601388993382,386.0052214978224,175.9572127306564,227.4719377055543,2340.271929633683,393.21717207521715,0.18771331058020477,0.011411001314155208,0.22610921501706485,0.012224202097063337,0.2984006734006734,0.009388855914040308,0.29292929292929293,0.009338583737393507,0.500611620795107,0.00874504843369544,0.26289583748257317,0.004393066760916671,0.2727544313881697,0.004444654076551038,0.12,0.014547276256845676,0.258,0.019586711785215868,0.5418933623503809,0.011624803747232276,0.5272034820457019,0.01164854526242911,0.4940805051302289,0.014051500838485925,0.34365647281988115,0.3673840781865093,3.1908649653196335,3.390524484217167,2.188629899173975,3.5779079645872116,3.679442673921585,0.18686006825938567,0.0113910156496944,0.21416382252559726,0.011988383205966574,0.37037037037037035,0.009908978578665758,0.351010101010101,0.009793703885101085,0.6122324159021407,0.008521900328013834,0.28201553475403307,0.004490612245335525,0.3013343955387373,0.004578999029128332,0.138,0.015439843831953423,0.278,0.020055833888070865,0.5778019586507073,0.01152372892677764,0.573449401523395,0.01153926777682101,0.5209155485398579,0.014040185494212997,0.3840279852109279,0.407300812148547,1.2006547804921865,1.382025483995676,0.6506695402786136,1.4690135680139065,1.6229719407856464
llama-3.2-1b,proj-selfgen-r50-s0-klalloc,True,NVIDIA H100,proj,selfgen,0.5,kl,0,512,32,0.0001,8,8,2048,0.05,0.05,False,,out/calib/llama-3.2-1b/selfgen-T1.0-s0.pt,0.5000105233028017,150005760.0,0.0008026988944038749,0.6303933581802994,7.0,8.0,1.4252867656759918,396.68,14.0,0.85,2.3,107.74,18.04,44.95,5.43,693.58,18.77,55.22345817478637,49.24323307126797,167.89073034889475,261.1453378248358,14.574029849432677,59.333673867022824,59.624021979944374,51.3308882846348,7.545488568299632,28.704429817081532,127.43641765337375,35.64055006780205,107.26,16.04,195.46027390803386,214.80894992910623,775.0827549035913,1450.0766466883863,109.62943798882901,279.78980221943743,201.92878845996066,191.17809897137926,54.440371988593476,110.65665386543948,703.2731868800113,174.95117956402785,0.19112627986348124,0.011490055292778533,0.22184300341296928,0.012141659068148035,0.32996632996632996,0.009648311574241064,0.32154882154882153,0.00958409157564073,0.6039755351681957,0.008553881336813417,0.2664807807209719,0.004412149415717716,0.2808205536745668,0.004484815647064684,0.138,0.015439843831953423,0.254,0.01948659680164342,0.559847660500544,0.011581954727227383,0.5473340587595212,0.01161343165087302,0.5272296764009471,0.01403163162982771,0.3738037518029243,0.39382166413786024,2.3928070440888405,2.5385396480560303,1.3536685314029455,2.7098312750458717,3.0066038444638252,0.18344709897610922,0.011310170179554583,0.21928327645051193,0.012091245787615647,0.38846801346801346,0.010001276044485077,0.36069023569023567,0.009853512108416932,0.6217125382262997,0.008482001133931097,0.28540131447918743,0.004506824094333299,0.30611431985660226,0.0045993589209096805,0.144,0.015716934945725784,0.276,0.02001121929807355,0.5908596300326442,0.011471593460443175,0.5701849836779108,0.01155032226869392,0.5280189423835833,0.014030404213405703,0.39170107679511956,0.41171489946930623,1.1231636330485344,1.3083295971155167,0.6170214703306556,1.4060247093439102,1.5497218891978264
llama-3.2-1b,proj-selfgen-r50-s1,True,NVIDIA A100-SXM4-40GB,proj,selfgen,0.5,uniform,1,512,32,0.0001,8,8,2048,0.05,0.05,False,,out/calib/llama-3.2-1b/selfgen-T1.0-s1.pt,0.500067349137931,174391296.0,0.000691597699187696,0.6015734421089292,7.0,8.0,2.2624100679531693,0.01,2.31,0.11,2.3,258.34,19.75,86.6,5.41,1411.48,19.8,56.757254576742405,52.58458708978022,5220.236015897117,8622.991161183762,15.918368873344976,61.44855403136703,60.74100124866446,52.257798812307115,8.146879693830991,30.16060840164248,161.51887501783008,38.404792656676754,279.36,17.48,463.938944504245,476.9510443277294,5633.3684684036925,7779.293517495161,229.87348704859266,375.1834292738984,487.8744919102957,376.833000828571,215.56455974623253,261.4631987354691,2756.05930951178,423.98675993515155,0.18088737201365188,0.011248574467407037,0.2175767918088737,0.012057262020972428,0.3005050505050505,0.009407763090599448,0.2984006734006734,0.009388855914040308,0.5807339449541284,0.008630302070999095,0.2645887273451504,0.004402124555058566,0.2765385381398128,0.0044637210713193536,0.122,0.01465132494504475,0.264,0.01973288558592215,0.5337323177366703,0.01163924552241405,0.5163220892274211,0.011659606710151597,0.47671665351223363,0.0140372413095736,0.3513091522952693,0.37575552729187756,3.2229431197047234,3.358164295554161,2.16606355458498,3.5680680200457573,3.7322985753417015,0.19795221843003413,0.011643990971573369,0.22781569965870307,0.012256708602326964,0.3653198653198653,0.009880576614806942,0.34595959595959597,0.009760749624427722,0.5871559633027523,0.008611172430473008,0.2818163712407887,0.004489648865081343,0.3016331408086039,0.004580288728195655,0.126,0.01485561775078758,0.25,0.019384310743640384,0.5897714907508161,0.011476256036359241,0.5832426550598476,0.011503015163618171,0.5067087608524072,0.014051220692330247,0.3792463814138091,0.40035940223455857,1.0698749795556068,1.337719738483429,0.6260556587949395,1.4371186196804047,1.6016921810805798
llama-3.2-1b,proj-selfgen-r50-s2,True,NVIDIA A100-SXM4-80GB,proj,selfgen,0.5,uniform,2,512,32,0.0001,8,8,2048,0.05,0.05,False,,out/calib/llama-3.2-1b/selfgen-T1.0-s2.pt,0.500067349137931,174391296.0,0.0008397859055548906,0.6817883264739066,7.0,8.0,2.1921851206570864,0.01,2.31,0.09,2.3,250.64,19.75,84.1,5.41,1368.06,19.8,61.900014263766,57.00442964498464,20998.399832190345,21365.67746473263,16.453110589206208,67.99785092932261,68.07610002506115,57.30349419742007,9.971495288869619,32.44692066314314,165.8545277940837,42.09453595374877,249.24,17.48,517.6046308552708,546.3330261967249,7961.579546727669,9718.261046293397,240.68974646188673,428.81886542000433,551.234756262513,426.45096350848223,264.7372543921162,260.0867989646877,3128.4645627397185,472.0943741649779,0.18344709897610922,0.011310170179554583,0.21843003412969283,0.012074291605700917,0.2937710437710438,0.009346423298166614,0.2904040404040404,0.009314833302936464,0.6018348623853211,0.008561755594317414,0.26160127464648475,0.004386083683839967,0.2762397928699462,0.004462230363982168,0.128,0.014955913837590627,0.276,0.02001121929807355,0.5408052230685527,0.011626910523588394,0.5212187159956474,0.011655314732288771,0.4988161010260458,0.014052446290528871,0.3583250862676511,0.38327764954438487,3.3722666278481483,3.479996420443058,2.23619993776083,3.693766176700592,3.842872768640518,0.18430034129692832,0.01133051793303744,0.21416382252559726,0.011988383205966574,0.3779461279461279,0.009949405744045473,0.34553872053872053,0.009757948730670471,0.6051987767584098,0.008549304887647652,0.2795259908384784,0.004478491697891533,0.29555865365465045,0.004553609405747011,0.136,0.015345323649758309,0.278,0.020055833888070865,0.5843307943416758,0.011498699770894833,0.5892274211099021,0.011478565556775618,0.5153906866614049,0.014045826789783585,0.3832418168347179,0.40615401160695497,1.2365146093070507,1.429680522531271,0.6756522264331579,1.522622637450695,1.6646334119141102
llama-3.2-1b,proj-selfgenT0.7-r50-s0,True,NVIDIA A100-SXM4-40GB,proj,selfgen,0.5,uniform,0,512,32,0.0001,8,8,2048,0.05,0.05,False,,out/calib/llama-3.2-1b/selfgen-T0.7-s0.pt,0.500067349137931,174391296.0,0.0002714508445933461,0.3764994255034253,7.0,8.0,1.232357075670734,0.01,2.31,1.01,2.3,259.25,19.75,86.01,5.41,1410.85,19.8,124.35824236838266,122.66998487220712,36912.15665371101,78319.06194025808,23.26082105815846,145.13898700376464,132.77055734185328,114.10292297582822,12.452911432719299,46.223461394426,632.6913491990217,78.656257123459,264.03,17.48,1129.7984521199849,1423.2399771597097,5155.318953673031,6703.925669220524,335.0816936400516,1126.6167156053903,1161.910100741878,997.8262221790616,280.67501016941776,362.93593375747673,12941.150218158955,924.4429875690114,0.19795221843003413,0.011643990971573369,0.24061433447098976,0.012491468532390682,0.2878787878787879,0.009290733161670239,0.2849326599326599,0.009262170695590556,0.553822629969419,0.00869424067381452,0.26160127464648475,0.004386083683839967,0.2647878908583947,0.0044031846913420375,0.128,0.014955913837590627,0.256,0.019536923574747664,0.544613710554951,0.011619292444156876,0.5136017410228509,0.011661506839823792,0.5169692186266772,0.014044390401613116,0.3558339771580506,0.37581835355442733,3.7850794792175293,4.217095300555229,2.6602356545627117,4.502420142292976,4.868949010968208,0.19880546075085323,0.011662850198175603,0.21416382252559726,0.011988383205966574,0.3434343434343434,0.009743817368960092,0.3333333333333333,0.009673016668133489,0.6103975535168196,0.008529228894936226,0.2765385381398128,0.0044637210713193536,0.28868751244771956,0.004522262128177374,0.144,0.015716934945725784,0.238,0.019064072958198387,0.5696409140369967,0.011552114834700413,0.558759521218716,0.011584987344513383,0.5224940805051302,0.014038257824059859,0.38075869862627937,0.3951194033639022,1.5484756827354431,2.104096308350563,1.379639282822609,2.2043437138199806,2.4426638036966324
llama-3.2-1b,proj-selfgenT1.3-r50-s0,True,NVIDIA A100-SXM4-80GB,proj,selfgen,0.5,uniform,0,512,32,0.0001,8,8,2048,0.05,0.05,False,,out/calib/llama-3.2-1b/selfgen-T1.3-s0.pt,0.500067349137931,174391296.0,0.000527134514413774,0.15513066505081952,7.0,8.0,1.336680962704122,0.01,2.31,0.1,2.3,251.54,19.75,84.25,5.41,1372.14,19.8,131.40875658431324,120.11177967646297,4698.258754066025,9072.532317608526,41.20346134744231,142.0953213135784,139.8203953178339,124.54056457627188,21.622186727846973,66.40714360325164,194.13485232558656,83.54965863696161,249.8,17.48,1775.5614483718382,2047.5902607782562,5233.8673687328055,18496.335134793004,1530.7518698221838,1976.1755707987068,1902.247210888396,1632.0133642869337,5583.299618888945,2526.400637272977,2871.494041110351,2336.701043483846,0.1962457337883959,0.011606019881416319,0.24488054607508533,0.012566273985131313,0.27441077441077444,0.0091561771222447,0.2702020202020202,0.009112002229119622,0.3782874617737003,0.008482001133931097,0.26160127464648475,0.004386083683839967,0.26399123680541725,0.004398937225038117,0.128,0.014955913837590627,0.276,0.02001121929807355,0.5255712731229597,0.01165055784457337,0.5233949945593036,0.01165304715592769,0.4972375690607735,0.014052271211616401,0.32305058382901264,0.35057054692518574,6.162788271903992,4.688250839710236,2.731623724102974,5.077863708138466,5.165108844637871,0.18003412969283278,0.01122785672905012,0.21416382252559726,0.011988383205966574,0.32996632996632996,0.009648311574241064,0.31986531986531985,0.009570821820573666,0.5752293577981651,0.008645503833361193,0.27126070503883687,0.0044370166009568435,0.2840071698864768,0.004500186424444058,0.138,0.015439843831953423,0.262,0.019684688820194637,0.5799782372143635,0.011515615810587429,0.5652883569096845,0.011565943814308907,0.510655090765588,0.014049294536290372,0.36930340721087374,0.39017273110726164,2.34180124104023,2.150685880333185,0.9968766905367374,2.2573709301650524,2.409134216606617
llama-3.2-1b,proj-slimpajama-r30-s0,True,NVIDIA A100-SXM4-40GB,proj,slimpajama,0.3,uniform,0,512,32,0.0001,8,8,2048,0.05,0.05,False,,,0.3001582704741379,136773632.0,0.0011190214427188039,0.7965616146102548,6.0,8.0,4.374959249049425,0.01,2.33,1.25,2.3,151.47,29.7,44.8,5.43,751.53,18.66,34.09651293112135,33.17968898668028,3728.0262574927483,8058.920386580656,9.404593561708522,32.058422016301066,34.71536829096209,28.530427603622922,5.38946288233906,20.179230496506577,61.824934718998115,21.328526594551764,152.12,27.9,1049.7393870076585,2253.4805962876308,22715.151255143835,36361.76835308739,431.8973043108609,578.1567113205937,959.4977163147946,726.1264709591588,2755.737029795053,1096.2868412939026,23044.31635116497,1428.0519665404327,0.19027303754266212,0.011470424179225763,0.24573378839590443,0.012581033453730187,0.28535353535353536,0.009266280584997674,0.27146464646464646,0.00912536297036068,0.40244648318042814,0.008576992126012645,0.26618203545110536,0.004410573431837509,0.26548496315475006,0.004406886100685947,0.132,0.015152927850580223,0.258,0.019586711785215868,0.5391730141458106,0.011629966056957037,0.5348204570184983,0.011637500993816005,0.4980268350434096,0.014052376259225643,0.33049356295956445,0.353711024751091,4.603127866983414,4.05856116861105,3.3258357122540474,4.412219770252705,5.451722547411919,0.19112627986348124,0.011490055292778533,0.2363481228668942,0.012414960524301884,0.4562289562289562,0.0102203943837221,0.4095117845117845,0.010090368160989927,0.6036697247706422,0.008555016706540264,0.33260306711810395,0.004701828071992556,0.40151364270065726,0.004892026457294488,0.19,0.01756180041075899,0.282,0.020143572847290726,0.6343852013057671,0.01123657167900628,0.6245919477693145,0.011297839589776652,0.531965272296764,0.014023739221166408,0.4199969287976736,0.4413714992737224,0.6330948900431395,0.8163773845881224,0.9178647454828024,0.8320195190608501,1.1812567822635174
llama-3.2-1b,proj-slimpajama-r50-s0,True,NVIDIA A100-SXM4-80GB,proj,slimpajama,0.5,uniform,0,512,32,0.0001,8,8,2048,0.05,0.05,False,,,0.500067349137931,174391296.0,0.00107584020588547,1.2072885781526566,7.0,8.0,5.467183016240597,0.01,2.33,1.26,2.3,149.68,28.69,44.9,5.43,821.87,19.84,51.520686901719074,59.63005817991511,6131.882123546795,13815.20247690111,13.868326268082942,49.143856811080376,51.6207128367994,43.57956118032656,8.2762351839279,31.64341164347527,123.25099047820844,33.71216691800214,147.1,26.4,3002.546461059529,6364.4355783354795,17537.22424206363,35785.437422383395,3395.744177861906,1954.829613780234,2813.811140161987,2135.5421942303374,43542.11750255058,4904.112366889116,46948.89629340352,6313.605972246163,0.1885665529010239,0.011430897647675749,0.24573378839590443,0.012581033453730187,0.2647306397306397,0.009053021086174166,0.2596801346801347,0.008996990428562134,0.3782874617737003,0.008482001133931097,0.2584146584345748,0.0043686842556263684,0.26399123680541725,0.004398937225038117,0.13,0.015055009352810992,0.266,0.019780559675655396,0.5184983677910773,0.01165783758381818,0.515233949945593,0.011660408257153443,0.5019731649565904,0.014052376259225643,0.32006726365537236,0.3472713909367629,5.847940236330032,5.090567424893379,3.912736088037491,5.603024050593376,6.388339936733246,0.19112627986348124,0.011490055292778533,0.2235494880546075,0.012174896631202666,0.37584175084175087,0.009938436373170647,0.35353535353535354,0.00980972894815166,0.5740061162079511,0.00864873283294889,0.2914758016331408,0.004535133886462065,0.3185620394343756,0.004649665273890785,0.144,0.015716934945725784,0.25,0.019384310743640384,0.5832426550598476,0.011503015163618171,0.5794341675734495,0.011517665611282623,0.5074980268350434,0.014050905521228646,0.38102723292017354,0.40094074166296867,1.04892273619771,1.2310683205723763,1.1908241845667362,1.2617366705089808,1.7646519429981709
llama-3.2-1b,proj-slimpajama-r50-s0-initwikitext2,True,NVIDIA A100-SXM4-80GB,proj,slimpajama,0.5,uniform,0,512,32,0.0001,8,8,2048,0.05,0.05,False,,,0.500067349137931,174391296.0,0.0011735076550394297,1.2831371948122978,7.0,8.0,6.783057354390621,0.01,2.31,1.39,2.3,251.12,19.75,90.1,5.41,1372.55,19.8,55.78849809197228,35.84391975445219,10309.150911954584,15238.988163119762,18.406347992440764,52.61038686103594,55.557624778666224,44.91740832656731,11.802474945063215,43.57555529387931,169.6034174598064,41.466042243947065,249.1,17.48,10903.218655011482,4716.309677167313,21493.385252187607,20034.26051407501,13931.744722807252,7839.329127576305,9851.364436679434,7310.39724155904,319113.69270447013,31465.73478382773,166780.97828246318,27903.874803821727,0.20648464163822525,0.01182886561900235,0.25170648464163825,0.012682496334042911,0.25673400673400676,0.008963590834042483,0.2718855218855219,0.009129795867310605,0.3779816513761468,0.008480656964585113,0.25941047600079664,0.004374153847826732,0.26199960167297354,0.004388237557526529,0.15,0.0159847121351649,0.252,0.019435727282249564,0.5125136017410229,0.011662170084916882,0.5114254624591947,0.011662778026451529,0.5280189423835833,0.014030404213405703,0.3273061885533974,0.3507168092027227,8.015386924147606,6.50169038772583,4.987969554960728,6.869619384407997,6.240475237369537,0.1825938566552901,0.011289730684564906,0.23037542662116042,0.012304928418747618,0.3766835016835017,0.00994284807747616,0.35774410774410775,0.009835772757343311,0.6140672782874618,0.008514444495863416,0.28908583947420835,0.004524113671259499,0.3148775144393547,0.004635178371109752,0.166,0.016656616876531173,0.27,0.019874354831287473,0.5919477693144722,0.011466872778651143,0.5810663764961915,0.01151147311999497,0.5177584846093133,0.014043619596174988,0.3911623900034639,0.4122698840282271,1.2368967793881893,1.308857198804617,1.313538646325469,1.3438447378575802,1.2345593981444836
llama-3.2-1b,proj-slimpajama-r50-s0-klalloc,True,NVIDIA A100-SXM4-80GB,proj,slimpajama,0.5,kl,0,512,32,0.0001,8,8,2048,0.05,0.05,False,,,0.5000105233028017,134801408.0,0.001295961905270815,1.2038237508386374,7.0,8.0,3.799443770200014,702.67,13.97,1.36,2.3,178.16,17.85,84.09,5.41,1150.77,18.17,51.177890228527794,63.49571202565914,16062.637437747575,28960.21517662367,13.970940046215599,50.255602464954784,51.00930075729472,42.79805970469201,8.432650458980495,31.078583315933077,115.81359142930764,33.415858966914875,176.0,16.07,617.7145434807829,955.2701814522877,34893.995231943016,78024.28070322593,648.6156494680406,489.5658606364139,597.4039189589313,499.75822558481303,3183.575333478184,1101.6847244705305,5421.726937727361,1087.8333797261314,0.18430034129692832,0.01133051793303744,0.23464163822525597,0.01238387356076873,0.3101851851851852,0.009491721291998401,0.29545454545454547,0.0093619871265564,0.37920489296636084,0.008486012137246443,0.2647878908583947,0.0044031846913420375,0.27544313881696875,0.004458242960556496,0.136,0.015345323649758309,0.25,0.019384310743640384,0.5511425462459195,0.011604638382510322,0.5195865070729053,0.01165686997928841,0.510655090765588,0.014049294536290372,0.3337537067597681,0.3521408304716606,4.040501922369003,3.611830562353134,3.0006379038095474,3.91692253947258,4.528515070676804,0.1962457337883959,0.011606019881416319,0.2295221843003413,0.012288926760890708,0.4116161616161616,0.010098218646714813,0.39015151515151514,0.010009118166667455,0.4941896024464832,0.008744464477761674,0.29247161919936265,0.00453968076414204,0.32573192591117306,0.004676898861978937,0.168,0.01673655354154187,0.27,0.019874354831287473,0.5859630032644179,0.011492118481417717,0.5930359085963003,0.011462093919190149,0.5082872928176796,0.01405055532282417,0.3795390590189287,0.4015597756033561,1.029380887746811,1.2154039926826954,1.2041957266628742,1.2595170587301254,1.8017575107514858
llama-3.2-1b,proj-slimpajama-r50-s1,True,NVIDIA A100-SXM4-40GB,proj,slimpajama,0.5,uniform,1,512,32,0.0001,8,8,2048,0.05,0.05,False,,,0.500067349137931,174391296.0,0.001184104010462761,1.232833482325077,7.0,8.0,5.498292405158281,0.01,2.31,1.53,2.3,277.06,19.75,85.82,5.41,1411.9,19.8,50.580565803431064,58.153229400570986,10762.479287404016,19727.52316906422,18.088131976380385,52.04679392920063,50.16561748856147,43.150693322769456,8.944195322078697,33.516931820120334,145.93921782577996,36.66979272274599,263.57,17.48,2259.9339379950547,4764.039459532325,20866.457997571597,36777.22753294915,6482.364726851619,1878.1785237532865,2137.5329399610537,1723.4912945753208,21551.654233259986,3857.5390053885612,36672.312195312734,5416.304444772829,0.18515358361774745,0.011350774438389583,0.2363481228668942,0.012414960524301884,0.26641414141414144,0.009071357971078843,0.2668350168350168,0.009075915859266983,0.3782874617737003,0.008482001133931097,0.2593108942441745,0.0043736082125607105,0.2614021111332404,0.004385004998923735,0.13,0.015055009352810992,0.248,0.019332342821239124,0.5250272034820457,0.011651200967623562,0.5206746463547334,0.011655846995729838,0.48066298342541436,0.014041972733713017,0.31783660970817484,0.3417443346269999,5.7476620227098465,4.839739911258221,3.701196424663067,5.27900604903698,6.090246185660362,0.197098976109215,0.011625047669880649,0.22098976109215018,0.012124929206818241,0.38930976430976433,0.010005212782878208,0.3514309764309764,0.00979639558281776,0.4617737003058104,0.008719460098106691,0.28739294961163114,0.004516215206714907,0.32085241983668594,0.0046585016622771955,0.16,0.016411540980502393,0.28,0.020099950647503192,0.5908596300326442,0.011471593460443175,0.5870511425462459,0.011487658725078972,0.5224940805051302,0.014038257824059859,0.3727041572677422,0.3920845829595713,1.0502905827015638,1.2069343328475952,1.1677537094801664,1.2381381392478943,1.7267425283789635
llama-3.2-1b,proj-slimpajama-r50-s2,True,NVIDIA H100,proj,slimpajama,0.5,uniform,2,512,32,0.0001,8,8,2048,0.05,0.05,False,,,0.500067349137931,174391296.0,0.0011755760060623288,1.3108125384896994,7.0,8.0,5.431052416563034,0.01,2.33,1.36,2.3,157.37,19.79,44.84,5.43,818.85,19.84,50.33470429289041,55.93255994156724,4602.264822122763,10145.317854828525,16.395651718698623,53.629149210449214,50.4691956691239,42.093538699296374,9.618098273496297,34.22206306604255,182.60928753568757,37.897696221274686,156.03,17.51,2135.250184530283,4609.818122014677,25740.4448797629,35066.54166759124,5717.069101930967,1446.5098233504518,1992.2333289629837,1504.4074621532152,35927.082986712114,4131.779949222025,32069.2326017006,5303.343352214595,0.18600682593856654,0.011370940183266797,0.2431740614334471,0.012536554144587002,0.26515151515151514,0.009057621139172679,0.26304713804713803,0.009034514898865944,0.3782874617737003,0.008482001133931097,0.2593108942441745,0.0043736082125607105,0.2606054570802629,0.004380678585341082,0.12,0.014547276256845676,0.26,0.019635965529725526,0.515778019586507,0.011660014400426034,0.515778019586507,0.011660014400426034,0.49329123914759276,0.014051220692330247,0.316832279406008,0.34488333958123546,5.807892456650734,4.780618026852608,3.6441421061754227,5.208008885383606,6.083866193890572,0.19368600682593856,0.011548425409978568,0.22610921501706485,0.012224202097063337,0.38636363636363635,0.009991296778159724,0.3514309764309764,0.00979639558281776,0.4507645259938838,0.008702553362422788,0.2929695279824736,0.004541944342036215,0.3207528380800637,0.004658120152230842,0.158,0.0163280498045799,0.25,0.019384310743640384,0.5870511425462459,0.011487658725078972,0.5919477693144722,0.011466872778651143,0.5209155485398579,0.014040185494212997,0.36996434117886234,0.3874172676251884,1.0624020919203758,1.1955256536602974,1.156173313036561,1.243132222443819,1.6708150394260883
llama-3.2-1b,proj-sp-arxiv-r50-s0,True,NVIDIA A100-SXM4-40GB,proj,sp-arxiv,0.5,uniform,0,512,32,0.0001,8,8,2048,0.05,0.05,False,,,0.500067349137931,174391296.0,0.000973022892139852,0.6082621300593019,7.0,8.0,4.599692050367594,0.01,2.31,4.43,2.3,277.05,19.75,85.68,5.41,1411.17,19.8,137.85561383889845,117.54637935785551,6359.37040471343,10187.521289945027,7.121792108389107,172.281755403268,135.98354799010812,109.23085165586508,15.170689973300979,50.01703194263965,1681.7748443886098,81.1908968320333,261.07,17.48,5901.889926363321,6757.003632315413,45835.40138240678,86100.11252199362,401.0873515451974,5350.160307697431,5443.886808230303,3760.0647803382503,33085.83224931607,4123.517097722674,255849.8820550715,7649.937627754802,0.19027303754266212,0.011470424179225763,0.23208191126279865,0.012336718284948816,0.27314814814814814,0.009143032718360162,0.26430976430976433,0.009048410451862887,0.3782874617737003,0.008482001133931097,0.25791674965146383,0.004365938407209732,0.2621987651862179,0.004389312748012449,0.148,0.01589645856125128,0.274,0.019966103540279518,0.528835690968444,0.011646407809944788,0.5217627856365615,0.011654768618559977,0.49171270718232046,0.01405055532282417,0.3240248278952484,0.34633619933590903,6.696656450629234,5.819515436887741,4.3530793115496635,6.311731979250908,6.4539977461099625,0.20477815699658702,0.011792544338513443,0.24914675767918087,0.012639407111926505,0.35648148148148145,0.00982804654450452,0.33207070707070707,0.009663817543072557,0.6110091743119266,0.00852680015950329,0.2751443935471022,0.004456743108170788,0.29665405297749453,0.00455849155067332,0.16,0.016411540980502393,0.246,0.019279819056352458,0.5750816104461371,0.011533547946654874,0.5457018498367792,0.011616990094583295,0.5059194948697711,0.014051500838485923,0.3840591873790008,0.39807171953512277,1.571477822959423,2.1659442000091076,1.643972486257553,2.31539998203516,2.340488538146019
llama-3.2-1b,proj-sp-book-r50-s0,True,NVIDIA A100-SXM4-40GB,proj,sp-book,0.5,uniform,0,512,32,0.0001,8,8,2048,0.05,0.05,False,,,0.500067349137931,174391296.0,0.00113992381375283,0.9183646645396948,7.0,8.0,5.454632930457592,0.01,2.31,4.31,2.3,257.77,19.75,85.58,5.41,1410.85,19.8,78.13046236772189,87.38217463408489,32865.34813811977,27878.803170329975,171.20225104407717,34.27327493042929,75.76020457356533,58.072114353915325,88.86877101941514,119.72762423973627,1103.294735581237,117.16205785928432,256.41,17.48,11882.495847073527,17196.553648847694,59153.18630471834,57465.51738320813,15666.504329508292,3587.9536572259567,10455.279324108704,8320.034850563252,125867.20308951625,18801.080424407846,175636.70740420138,21365.49272100779,0.1945392491467577,0.011567709174648689,0.23720136518771331,0.01243039982926071,0.2638888888888889,0.009043789220055392,0.2668350168350168,0.009075915859266983,0.3785932721712538,0.00848334171802464,0.2604062935670185,0.004379594059141427,0.2582154949213304,0.004367586801776807,0.134,0.01524969200385453,0.24,0.0191188666537598,0.530467899891186,0.011644145418355097,0.5114254624591947,0.011662778026451529,0.4925019731649566,0.014050905521228646,0.3220567966900088,0.34068179781992364,7.861858993768692,6.517986252903938,5.392068013548851,6.926763072609901,7.345011666417122,0.19368600682593856,0.011548425409978568,0.22440273037542663,0.012191404938603725,0.35984848484848486,0.009848484848484848,0.33796296296296297,0.009706080538632695,0.499388379204893,0.00874504843369544,0.2909778928500299,0.004532850566893345,0.3134833698466441,0.004629608863272724,0.168,0.01673655354154187,0.276,0.02001121929807355,0.6044613710554951,0.011408384494565105,0.6082698585418934,0.011389038597720108,0.5280189423835833,0.014030404213405703,0.37776872530977496,0.39821803475934336,1.5730584859848022,1.6162592433393002,1.7588475719094276,1.73637380823493,2.090189792215824
llama-3.2-1b,proj-sp-github-r50-s0,True,NVIDIA A100-SXM4-40GB,proj,sp-github,0.5,uniform,0,512,32,0.0001,8,8,2048,0.05,0.05,False,,,0.500067349137931,174391296.0,0.000807826523669064,0.8577965691220015,6.0,8.0,5.387825425714254,0.01,2.31,1.75,2.3,276.7,19.75,85.76,5.41,1410.52,19.8,149.38284476099264,140.74236201625897,78655.16781227886,49279.19971597475,19.30273794878668,172.26139905278023,155.74843182916513,141.02077125673924,3.719730528165194,26.08118064344013,449.91497837981063,61.12400928167096,263.42,17.48,18329.328202371238,20741.255000925772,139928.33830663635,80547.73502188694,2723.538249595597,29519.911824867067,19863.07532331002,13932.40273381557,412.9061443873923,2365.5069838577565,38272.60473020393,7009.9043499792415,0.20051194539249148,0.011700318050499469,0.2440273037542662,0.012551447627856151,0.25757575757575757,0.008973187820215046,0.2617845117845118,0.009020523527210056,0.3782874617737003,0.008482001133931097,0.25891256721768574,0.004371422731216216,0.25642302330213107,0.004357656485438901,0.156,0.016243636028391108,0.294,0.02039509548493655,0.5174102285092492,0.011658749823107507,0.5174102285092492,0.011658749823107507,0.49171270718232046,0.01405055532282417,0.3229158096644578,0.34909217661516845,7.137793213129044,6.902344822883606,4.683460593223572,7.198164328932762,7.6245322823524475,0.1962457337883959,0.011606019881416319,0.22440273037542663,0.012191404938603725,0.30345117845117847,0.009433837434252456,0.2967171717171717,0.009373559492986735,0.6152905198776758,0.008509403073229666,0.2735510854411472,0.004448701611794785,0.28579964150567616,0.00450871089105345,0.148,0.01589645856125128,0.246,0.019279819056352458,0.5554951033732318,0.011593746871584282,0.5478781284004353,0.011612217507379409,0.505130228887135,0.014051745961790525,0.37102340711696635,0.3887454886805029,1.671091053634882,2.285219684243202,1.5233383662998676,2.3464956134557724,2.5546965450048447
llama-3.2-1b,proj-wikitext2-r30-s0,True,NVIDIA A100-SXM4-80GB,proj,wikitext2,0.3,uniform,0,512,32,0.0001,8,8,2048,0.05,0.05,False,,,0.3001582704741379,136773632.0,0.0010227793827652931,0.5783128882758319,7.0,8.0,3.8802294060587883,0.01,2.31,6.3,2.3,258.76,29.66,86.16,5.41,1305.57,18.62,58.53600792292001,16.85435485896811,4718.279045030956,4116.889309231098,154.91424927115492,59.56274996884878,59.00421163826546,46.410383725692675,335.4382504434059,237.5636442142657,349.5409093671052,132.14933409541024,250.09,27.88,1967.049035570594,524.6682274513477,15361.374832222826,16135.551380208535,7202.582153334146,1343.2215045588691,1679.3534188338967,1165.4421682168947,171247.72419211813,11034.818891275527,39316.3790704825,7556.468711832204,0.19368600682593856,0.011548425409978568,0.22696245733788395,0.012240491536132965,0.2769360269360269,0.009182190173795887,0.27735690235690236,0.009186490105111987,0.3785932721712538,0.00848334171802464,0.2688707428799044,0.0044246647614797,0.27155945030870343,0.0044385491525382355,0.124,0.014754096608517476,0.26,0.019635965529725526,0.529379760609358,0.01164566756505079,0.5168661588683352,0.011659185184878962,0.5280189423835833,0.014030404213405703,0.3284978216865807,0.3513367404895232,6.163120836019516,4.764410622417927,3.9885279536247253,5.211340323090553,3.9245459511876106,0.2022184300341297,0.011737454431872123,0.2627986348122867,0.012862523175351397,0.4385521885521885,0.010182010275471127,0.4078282828282828,0.01008395024004126,0.6143730886850153,0.008513189460768343,0.32224656442939653,0.004663817291468343,0.3819956184027086,0.004848824710995895,0.176,0.01704785202062225,0.292,0.020354375480530096,0.6066376496191512,0.011397418546689315,0.6093579978237215,0.011383377760053567,0.5351223362273086,0.014017773120881639,0.41359289393531284,0.4433537083970462,1.5471270941197872,1.4427836388349533,1.507459107786417,1.6239583231508732,0.519599643535912
llama-3.2-1b,proj-wikitext2-r50-s0,True,NVIDIA H100,proj,wikitext2,0.5,uniform,0,512,32,0.0001,8,8,2048,0.05,0.05,False,,,0.500067349137931,174391296.0,0.0009973746491596103,0.8880679002031684,7.0,8.0,6.075809769332409,0.01,2.31,5.76,2.3,233.53,28.65,84.03,5.41,1365.74,19.8,102.41154311799092,22.797552450886087,12215.416955315744,5151.2931949239755,388.66649549101356,101.47832336992865,101.31027540120883,77.20117886896753,858.8852913828916,466.36680761741366,691.9913716355605,262.3347959912459,232.04,26.38,10903.218655011482,4716.309677167313,21493.385252187607,20034.26051407501,13931.744722807252,7839.329127576305,9851.364436679434,7310.39724155904,319113.69270447013,31465.73478382773,166780.97828246318,27903.874803821727,0.20733788395904437,0.011846905782971264,0.25170648464163825,0.012682496334042911,0.257996632996633,0.00897797000520329,0.27230639730639733,0.009134218447652479,0.3779816513761468,0.008480656964585113,0.2592113124875523,0.0043730622833767965,0.26110336586337385,0.0043833847840387945,0.146,0.015807205175834907,0.258,0.019586711785215868,0.5168661588683352,0.011659185184878962,0.514145810663765,0.011661154475524689,0.5209155485398579,0.014040185494212997,0.32661559831822423,0.3508798940558827,8.015386924147606,6.50169038772583,4.987969554960728,6.869619384407997,6.240475237369537,0.18344709897610922,0.011310170179554583,0.23293515358361774,0.012352507042617355,0.38173400673400676,0.009968648851839831,0.3573232323232323,0.00983320561246293,0.42171253822629967,0.008637194202161155,0.2870942043417646,0.004514813363221563,0.3084047002589126,0.004608907872957379,0.162,0.016494123566423557,0.268,0.019827714859587477,0.5723612622415669,0.011543009623283034,0.55930359085963,0.011583478090656981,0.5351223362273086,0.014017773120881639,0.36335306382100796,0.38325736449700015,2.3500845059752464,2.0029811188578606,1.8659808225929737,2.2066805586218834,0.7995259519666433
llama-3.2-1b,proj-wikitext2-r50-s0-initslimpajama,True,NVIDIA H100,proj,wikitext2,0.5,uniform,0,512,32,0.0001,8,8,2048,0.05,0.05,False,,,0.500067349137931,174391296.0,0.0010116868652403355,1.0043636048212647,7.0,8.0,6.400774076581001,0.01,2.33,5.22,2.3,158.2,19.79,46.03,5.43,821.43,19.84,76.20389942037954,25.50704409555878,16206.35455455641,10455.801835289943,26.895118681179316,75.75945574096487,77.20953118360137,61.28087955939128,33.21010591720719,74.32682021958463,391.7401057142947,71.25060904415017,156.77,17.51,3002.546461059529,6364.4355783354795,17537.22424206363,35785.437422383395,3395.744177861906,1954.829613780234,2813.811140161987,2135.5421942303374,43542.11750255058,4904.112366889116,46948.89629340352,6313.605972246163,0.19112627986348124,0.011490055292778533,0.24573378839590443,0.012581033453730187,0.2638888888888889,0.009043789220055392,0.26052188552188554,0.00900643589033641,0.3782874617737003,0.008482001133931097,0.2581159131647082,0.004367037632204837,0.2629954192391954,0.004393601887506574,0.132,0.015152927850580223,0.268,0.019827714859587477,0.5201305767138193,0.011656365410780507,0.5163220892274211,0.011659606710151597,0.49171270718232046,0.01405055532282417,0.3193231182267026,0.3462247644772039,5.847940236330032,5.090567424893379,3.912736088037491,5.603024050593376,6.388339936733246,0.17832764505119453,0.011186139406711277,0.21331058020477817,0.011970971742326334,0.38804713804713803,0.009999295905750742,0.35395622895622897,0.009812370644174563,0.537308868501529,0.008720675606388275,0.2891854212308305,0.004524575892953094,0.3118900617406891,0.004623184227344608,0.184,0.017346174781752842,0.262,0.019684688820194637,0.5767138193688792,0.011527699473614319,0.5772578890097932,0.01152572136157213,0.516179952644041,0.014045126130978676,0.3813946921205161,0.3959862258652942,1.5387085527181625,1.6518067680299282,1.486098289489746,1.717617716640234,0.9445630926638842
llama-3.2-1b,proj-wikitext2-r50-s0-klalloc,True,NVIDIA H100,proj,wikitext2,0.5,kl,0,512,32,0.0001,8,8,2048,0.05,0.05,False,,,0.5000021046605603,135907328.0,0.0011592371156439185,0.8692005686461926,6.0,8.0,3.1368132792413235,396.2,14.0,6.69,2.3,106.21,18.02,44.85,5.43,666.75,18.25,91.65030027541133,22.479693964411783,19544.29896111122,20973.201110740432,280.59399253291616,91.63440126590599,91.16384859991277,70.95159582802331,680.3897085027489,382.9765903014038,658.4216656993297,224.26686696068197,128.67,16.19,2191.7897168951745,235.87523253056517,39446.50170306705,37807.700321366276,15752.378493997534,1888.619840924773,2016.3916668740085,1545.0114060114256,257832.14316420592,16428.05924390591,35464.34645706794,10484.080919211709,0.19795221843003413,0.011643990971573369,0.2440273037542662,0.012551447627856151,0.27946127946127947,0.009207838142597383,0.281986531986532,0.009233124071053615,0.37920489296636084,0.008486012137246443,0.2625970922127066,0.004391459640545292,0.2688707428799044,0.0044246647614797,0.116,0.014335236237885723,0.274,0.019966103540279518,0.5457018498367792,0.011616990094583295,0.5255712731229597,0.01165055784457337,0.5082872928176796,0.01405055532282417,0.3270292322464057,0.3545640053611004,6.136235311627388,4.8649584501981735,3.92104721814394,5.334620952606201,3.094451278448105,0.20648464163822525,0.01182886561900235,0.24573378839590443,0.012581033453730187,0.43223905723905726,0.010165130379698673,0.39225589225589225,0.010018744689649993,0.44250764525993885,0.008687051315181582,0.28510256920932087,0.004505406176607173,0.3125871340370444,0.004626002828389239,0.17,0.016815633531393464,0.268,0.019827714859587477,0.5821545157780196,0.011507272925335505,0.5663764961915125,0.011562571737707117,0.5138121546961326,0.014047122916440271,0.3760429405458135,0.3916104444052036,2.1648413836956024,1.8899906128644943,1.787450261414051,2.113028347492218,0.7951582539826632
llama-3.2-1b,proj-wikitext2-r50-s1,True,NVIDIA A100-SXM4-40GB,proj,wikitext2,0.5,uniform,1,512,32,0.0001,8,8,2048,0.05,0.05,False,,,0.500067349137931,174391296.0,0.0010408831294625998,0.8793960139155388,7.0,8.0,6.344035856425762,0.01,2.31,5.96,2.3,258.86,19.75,86.11,5.41,1410.18,19.8,103.52849964455156,22.963712460834934,16771.508655979345,7949.653539329929,360.4262066915953,104.33090763725309,102.48724860445255,79.5034021815592,758.4956217558458,443.84867739418155,706.1123103760734,256.3932984070537,257.29,17.48,15096.823013861187,6585.998234554177,35123.22672639079,31560.842243737876,16430.08189090931,10946.423610018048,13605.967526368051,9958.154084938098,419610.69292661565,40389.67186924131,145348.67549234634,34654.85042511414,0.19880546075085323,0.011662850198175603,0.23890784982935154,0.012461071376316715,0.26430976430976433,0.009048410451862887,0.2765151515151515,0.00917788010146832,0.3782874617737003,0.008482001133931097,0.2605058753236407,0.004380136468544087,0.261202947619996,0.004383925147478856,0.152,0.016071982367911835,0.256,0.019536923574747664,0.5217627856365615,0.011654768618559977,0.5103373231773667,0.01166333067307569,0.5169692186266772,0.014044390401613116,0.32752008091731394,0.34831713607746334,8.54235228896141,6.806915074586868,5.0602797865867615,7.175132304430008,6.543386295437813,0.19965870307167236,0.01168162575688869,0.24744027303754265,0.01261035266329266,0.36826599326599324,0.009897286209010814,0.3392255892255892,0.009714917207765775,0.45871559633027525,0.0087151938157882,0.288388767177853,0.004520870679457395,0.3121888070105557,0.004624393690966532,0.162,0.016494123566423557,0.264,0.01973288558592215,0.5669205658324266,0.011560864423151443,0.559847660500544,0.011581954727227383,0.5122336227308603,0.014048278820405729,0.3651690354870115,0.38480736411933814,2.377257041633129,2.010076377540827,1.8640494272112846,2.213889606297016,0.8350537158548832
llama-3.2-1b,proj-wikitext2-r50-s2,True,NVIDIA A100-SXM4-40GB,proj,wikitext2,0.5,uniform,2,512,32,0.0001,8,8,2048,0.05,0.05,False,,,0.500067349137931,174391296.0,0.0010740908328443766,0.8674762463197112,7.0,8.0,6.167999938130379,0.01,2.31,6.28,2.3,258.22,19.75,85.61,5.41,1409.78,19.8,100.55018208644525,23.075102803543526,13389.068929777262,5270.2370433487085,365.8816999321307,97.78069171149698,98.99795703225989,75.46383716479161,1086.75909935732,458.98023600768306,686.7017064062475,264.9070231759344,256.7,17.48,16367.616745138175,6085.565914662244,24870.237199743577,22234.439147375648,21682.71030945643,10008.23747430561,15088.856413568648,10495.750723767223,503900.74152867607,47739.63385699512,221522.1646480252,40641.42206783801,0.20136518771331058,0.011718927477444347,0.2431740614334471,0.012536554144587002,0.2558922558922559,0.008953950243013958,0.26557239057239057,0.00906221062697191,0.3782874617737003,0.008482001133931097,0.25980880302728543,0.004376333451909717,0.26329416450906196,0.004395205528158065,0.132,0.015152927850580223,0.252,0.019435727282249564,0.5130576713819369,0.011661845375886444,0.5081610446137106,0.01166427011224428,0.5082872928176796,0.01405055532282417,0.32124266751516695,0.3455394879599986,8.649140492081642,6.872729659080505,5.4152235090732574,7.248584657907486,6.499878957867622,0.19112627986348124,0.011490055292778533,0.23890784982935154,0.012461071376316715,0.380050505050505,0.009960175831493001,0.3463804713804714,0.009763542075695658,0.37951070336391435,0.008487341975756712,0.285700059749054,0.00450823959450406,0.3073093009360685,0.004604357610190049,0.164,0.016575811142446696,0.264,0.01973288558592215,0.5745375408052231,0.011535468840824452,0.5533188248095756,0.011599305042744871,0.5193370165745856,0.014041972733713017,0.3563231579152519,0.3726805952705667,2.3446674942970276,1.9653072506189346,1.875035461038351,2.1940937153995037,0.8287162873893976
opt-1.3b,factors-c4-r50-s0-lr1e-4,True,NVIDIA A100-SXM4-40GB,factors,c4,0.5,uniform,0,512,32,0.0001,8,8,2048,0.05,0.05,False,,,0.5,603979776.0,,0.5743204969912767,7.0,8.0,2.3211863171309233,0.01,2.46,8.28,2.45,192.09,15.61,114.02,6.05,693.74,21.14,29.658196132759706,43.951561363362046,29.68269605368358,44.052354946863616,56.55489681054837,31.959177111846262,31.57823740860884,30.85832353539589,10.030475104179892,23.433851920121995,66.3979934144905,30.99606720516962,227.13,15.38,264.74000720058916,2904.9674557923536,283.91309630782564,3005.788616265876,6805.147519625185,599.0988390802149,208.17114812074502,360.956428957466,4645.237826230963,2505.6422947907586,11533.82395436571,1700.5420817521858,0.20477815699658702,0.011792544338513443,0.2354948805460751,0.01239945185500478,0.33585858585858586,0.009691180932083652,0.32407407407407407,0.009603728850095139,0.47155963302752296,0.008730896561344882,0.28121888070105555,0.004486752200430399,0.3009360685122486,0.004577275844432393,0.126,0.01485561775078758,0.258,0.019586711785215868,0.5685527747551686,0.011555657298864519,0.5631120783460283,0.011572517929968242,0.5098658247829518,0.014049749833367674,0.3568334080174103,0.38043465132698584,1.929102472960949,2.3792299404740334,3.0568961203098297,3.374211870133877,5.073402248322964,0.19880546075085323,0.011662850198175603,0.24488054607508533,0.012566273985131313,0.44234006734006737,0.010191334444220676,0.40025252525252525,0.010053550119896153,0.4694189602446483,0.008728682900189773,0.3202549292969528,0.0046562089515413685,0.369946225851424,0.004818031396138985,0.168,0.01673655354154187,0.286,0.020229346329177604,0.6430903155603918,0.011177909079261129,0.6425462459194777,0.011181692590867433,0.5359116022099447,0.014016193433958156,0.39683161934326544,0.4212794436504436,0.5488405739888549,0.587488878518343,0.8362148981541395,0.7433547489345074,1.0828861929476261
opt-1.3b,factors-c4-r50-s0-lr1e-5,True,NVIDIA A100-SXM4-40GB,factors,c4,0.5,uniform,0,512,32,1e-05,8,8,2048,0.05,0.05,False,,,0.5,603979776.0,,0.5516908527351916,7.0,8.0,2.3211863171309233,0.01,2.46,8.26,2.45,188.14,15.61,114.04,6.05,699.16,21.14,29.11371517802531,42.5318860004152,29.271256440526045,43.39454350321666,47.6221086115401,31.230349815924274,31.10999162310319,30.154459085394798,11.605089899600873,24.898399382389634,61.78642370787502,30.56277915740388,225.71,15.38,264.74000720058916,2904.9674557923536,283.91309630782564,3005.788616265876,6805.147519625185,599.0988390802149,208.17114812074502,360.956428957466,4645.237826230963,2505.6422947907586,11533.82395436571,1700.5420817521858,0.20477815699658702,0.011792544338513443,0.2354948805460751,0.01239945185500478,0.33585858585858586,0.009691180932083652,0.32407407407407407,0.009603728850095139,0.47155963302752296,0.008730896561344882,0.28121888070105555,0.004486752200430399,0.3009360685122486,0.004577275844432393,0.126,0.01485561775078758,0.258,0.019586711785215868,0.5685527747551686,0.011555657298864519,0.5631120783460283,0.011572517929968242,0.5098658247829518,0.014049749833367674,0.3568334080174103,0.38043465132698584,1.929102472960949,2.3792299404740334,3.0568961203098297,3.374211870133877,5.073402248322964,0.21843003412969283,0.012074291605700917,0.23976109215017063,0.012476304127453939,0.4503367003367003,0.010209047724374138,0.4175084175084175,0.010119187377775984,0.5281345565749236,0.008731199646681714,0.328918542123083,0.004688601416815386,0.38478390758812986,0.004855498343308365,0.154,0.016158285192455334,0.274,0.019966103540279518,0.6452665941240479,0.011162617854280254,0.6485310119695321,0.011139207691931123,0.531965272296764,0.014023739221166408,0.4081502427978874,0.4320977511554197,0.5933341793715954,0.5642949687317014,0.8338536601513624,0.7323875613510609,1.094491982832551
opt-1.3b,factors-selfgen-r50-s0-lr1e-4,True,NVIDIA A100-SXM4-40GB,factors,selfgen,0.5,uniform,0,512,32,0.0001,8,8,2048,0.05,0.05,False,,out/calib/opt-1.3b/selfgen-T1.0-s0.pt,0.5,603979776.0,,0.6281765485182405,7.0,8.0,2.4369398429989815,0.01,2.46,0.0,2.45,187.13,15.61,113.18,6.05,687.34,21.14,32.16374048553862,50.029961195072296,32.169540286341345,50.02775509193251,45.334382338608954,28.409731792770817,34.89605574459111,30.347344184311655,9.096763049425183,21.52241170732567,51.78786300453442,28.098645320585206,219.76,15.38,355.3405964987594,1988.3901153260838,361.13902721599607,2349.7837064332903,3569.809822464219,311.0127303155498,251.6144164319415,285.001695765954,1103.4018856886291,638.9201983774173,7012.103770633398,875.2816842478753,0.18600682593856654,0.011370940183266797,0.22440273037542663,0.012191404938603725,0.33080808080808083,0.009654540125986105,0.3143939393939394,0.00952670242316272,0.42079510703363915,0.008634635146574834,0.27215694084843656,0.004441606665788188,0.2885879306910974,0.004521798577922026,0.142,0.01562563024781025,0.258,0.019586711785215868,0.5565832426550599,0.011590883373666913,0.544613710554951,0.011619292444156876,0.5067087608524072,0.014051220692330247,0.3450084225908843,0.3653574541287801,2.2761477679014206,2.6245839074254036,2.534835319966078,3.2067731469869614,4.828287862241268,0.19197952218430034,0.01150959890659822,0.23720136518771331,0.01243039982926071,0.41835016835016836,0.010122061470742828,0.37962962962962965,0.009958037725468435,0.46269113149847096,0.008720675606388275,0.30920135431189005,0.004612198061599769,0.35371439952200756,0.00477144724409547,0.15,0.0159847121351649,0.282,0.020143572847290726,0.6175190424374319,0.011339019654272245,0.6267682263329706,0.011284653078254844,0.5232833464877664,0.0140372413095736,0.38186065218143256,0.4093268712369369,0.6826673299074173,0.6806382816284895,0.6474408740177751,0.7690340336412191,1.200953733175993
opt-1.3b,factors-selfgen-r50-s0-lr1e-5,True,NVIDIA A100-SXM4-40GB,factors,selfgen,0.5,uniform,0,512,32,1e-05,8,8,2048,0.05,0.05,False,,out/calib/opt-1.3b/selfgen-T1.0-s0.pt,0.5,603979776.0,,0.6269632363691926,6.0,8.0,2.4369398429989815,0.01,2.46,0.02,2.45,186.38,15.61,113.33,6.05,689.83,21.14,31.264039210237943,49.058617515472335,31.272809307988208,50.17784787534322,37.9491299484844,27.637920306987656,34.18152205266417,29.584836626664163,8.07253314918459,19.886266226910198,44.18032265867196,25.75778609369241,219.06,15.38,355.3405964987594,1988.3901153260838,361.13902721599607,2349.7837064332903,3569.809822464219,311.0127303155498,251.6144164319415,285.001695765954,1103.4018856886291,638.9201983774173,7012.103770633398,875.2816842478753,0.18600682593856654,0.011370940183266797,0.22440273037542663,0.012191404938603725,0.33080808080808083,0.009654540125986105,0.3143939393939394,0.00952670242316272,0.42079510703363915,0.008634635146574834,0.27215694084843656,0.004441606665788188,0.2885879306910974,0.004521798577922026,0.142,0.01562563024781025,0.258,0.019586711785215868,0.5565832426550599,0.011590883373666913,0.544613710554951,0.011619292444156876,0.5067087608524072,0.014051220692330247,0.3450084225908843,0.3653574541287801,2.2761477679014206,2.6245839074254036,2.534835319966078,3.2067731469869614,4.828287862241268,0.19112627986348124,0.011490055292778533,0.23122866894197952,0.01232085883477234,0.42424242424242425,0.01014133365495849,0.38215488215488214,0.009970747281292311,0.5253822629969419,0.008733779541853587,0.3163712407886875,0.004641092001425101,0.3662617008564031,0.004807975515446552,0.15,0.0159847121351649,0.28,0.020099950647503192,0.6213275299238302,0.011317163404517102,0.6262241566920566,0.011287972563200936,0.5185477505919495,0.014042813708888347,0.39242821262961636,0.4185427746048875,0.654349273070693,0.6569992881268263,0.6385899968445301,0.7167765498161316,1.1710922122001648
opt-1.3b,factors-wikitext2-r50-s0-lr1e-4,True,NVIDIA A100-SXM4-80GB,factors,wikitext2,0.5,uniform,0,512,32,0.0001,8,8,2048,0.05,0.05,False,,,0.5,603979776.0,,0.4441800923086703,7.0,8.0,2.030819768086076,0.01,2.46,6.7,2.45,183.42,15.61,112.01,6.05,675.45,21.14,55.36869070999047,21.23186820683762,55.44014407249036,21.210331290078372,126.01041749945568,53.399453101589664,59.969810032947066,51.415363988419315,39.60959527285344,70.1030592030757,97.12103856420758,66.23950482738627,199.06,15.38,1610.7183400168235,105.78148399969128,1673.8278811182715,106.25357960743166,12627.353973990732,1385.5654407269194,1100.9599078101937,992.0393766939326,2981.563029695985,2640.6407093825114,43126.858702991216,3504.2216129761077,0.21245733788395904,0.011953482906582826,0.24658703071672355,0.012595726268789992,0.29208754208754206,0.009330705616569084,0.2908249158249158,0.00931881592117676,0.3871559633027523,0.008519429207594192,0.26628161720772753,0.004411099046250669,0.27434773949412466,0.004452731272840024,0.124,0.014754096608517476,0.246,0.019279819056352458,0.5484221980413493,0.011610989358814248,0.529923830250272,0.011644913435420134,0.4996053670086819,0.01405248130604961,0.33285857507600175,0.35349212094249577,4.078978210687637,4.483321271836758,4.672638729214668,4.973980873823166,1.9619719870388508,0.2030716723549488,0.011755899303705644,0.2431740614334471,0.012536554144587002,0.390993265993266,0.010012992232540683,0.3648989898989899,0.009878157021155564,0.517125382262997,0.008739923994130101,0.29934276040629354,0.0045703420344635325,0.34007169886476796,0.00472764805789798,0.148,0.01589645856125128,0.252,0.019435727282249564,0.5897714907508161,0.011476256036359241,0.5908596300326442,0.011471593460443175,0.5209155485398579,0.014040185494212997,0.38131716004402566,0.40414933014752913,1.4060934484004974,1.3112196698784828,1.4508020095527172,1.5087437480688095,0.399831454269588
opt-1.3b,factors-wikitext2-r50-s0-lr1e-5,True,NVIDIA H100,factors,wikitext2,0.5,uniform,0,512,32,1e-05,8,8,2048,0.05,0.05,False,,,0.5,603979776.0,,0.45703058037906885,7.0,8.0,2.0359071884304285,0.01,2.48,6.39,2.45,118.7,15.68,58.3,6.08,389.73,21.2,56.9440767179534,21.859830216271508,57.489319154499775,21.892080961810233,93.77239545229928,66.6255296070237,58.40417485269978,52.358570031352606,36.68158899510208,71.30178030859992,158.6530219560111,69.62013933868285,121.41,15.4,1607.860608245789,106.46378258387595,1674.8409037913639,107.66240215924776,12439.57775066371,1376.3474043242352,1102.823112629262,1000.0631058796581,2942.9444566233055,2608.483424954675,43549.531370433746,3490.5081619503317,0.20733788395904437,0.011846905782971264,0.24658703071672355,0.012595726268789992,0.2937710437710438,0.009346423298166614,0.2925084175084175,0.009334649503078388,0.38868501529051985,0.008525580498983045,0.2666799442342163,0.004413198640054083,0.2740489942242581,0.004451222241494582,0.116,0.014335236237885723,0.248,0.019332342821239124,0.5424374319912949,0.011623729421517952,0.5206746463547334,0.011655846995729838,0.5035516969218626,0.014052131146915852,0.33120900230971173,0.3534365430023593,4.1071188896894455,4.480708174407482,4.667930357158184,4.966851025819778,1.9632287099957466,0.1945392491467577,0.011567709174648689,0.24488054607508533,0.012566273985131313,0.38762626262626265,0.009997307914447627,0.3712121212121212,0.009913599001845763,0.4941896024464832,0.008744464477761674,0.30233021310495917,0.004583289072937672,0.3519219279028082,0.004765937515197085,0.188,0.01749067888034626,0.278,0.020055833888070865,0.5903155603917302,0.011473932007187755,0.5810663764961915,0.01151147311999497,0.5067087608524072,0.014051220692330247,0.3805299497955143,0.4039970478550138,1.4796713031828403,1.332721333950758,1.4676591828465462,1.5338211692869663,0.40892031975090504
opt-1.3b,init-nobos-wikitext2-r30,True,NVIDIA H100,none,wikitext2,0.3,uniform,0,1024,64,0.001,8,8,2048,0.05,0.05,False,,,0.300048828125,,,,,,,0.01,2.48,5.97,2.45,,,81.23,6.08,,,,,,,,,,,,,,,36.71,14.36,93.10597761243724,27.562250964635467,93.91768986278403,27.517049769761346,135.61541666433206,81.65018001850247,84.16536408433754,68.93859712253824,76.04603266082988,101.16812854972757,921.0096989044645,124.17530055094998,,,,,,,,,,,,,,,,,,,,,,,,,,,,,,,,,,,,,,,,,,,,,,,,,,,,,,,,,,,,,,
opt-1.3b,init-nobos-wikitext2-r50,True,NVIDIA H100,none,wikitext2,0.5,uniform,0,1024,64,0.001,8,8,2048,0.05,0.05,False,,,0.5,,,,,,,0.01,2.48,6.04,2.45,,,81.31,6.08,,,,,,,,,,,,,,,19.84,12.6,1534.1862371072948,107.93478806565197,1546.1661707133612,107.82658624302154,10645.616070689734,1220.2016243281093,1083.2446111709949,961.8578717724819,3452.9467847706956,2757.993656107997,47767.65052969076,3478.057002369407,,,,,,,,,,,,,,,,,,,,,,,,,,,,,,,,,,,,,,,,,,,,,,,,,,,,,,,,,,,,,,
opt-1.3b,init-nobos-wikitext2-r70,True,NVIDIA A100-SXM4-40GB,none,wikitext2,0.7,uniform,0,1024,64,0.001,8,8,2048,0.05,0.05,False,,,0.7001139322916667,,,,,,,0.01,2.46,6.3,2.45,,,175.58,6.05,,,,,,,,,,,,,,,27.69,10.81,6384.699303300695,3769.9574689075944,6335.199503875353,3726.2666679495787,16976.51075485408,4407.738031867165,5771.819648720425,5087.806802416411,4931.297395266564,4596.392019281667,48754.656608968275,8169.321540823289,,,,,,,,,,,,,,,,,,,,,,,,,,,,,,,,,,,,,,,,,,,,,,,,,,,,,,,,,,,,,,
opt-1.3b,none-alpaca-r30-s0,True,NVIDIA A100-SXM4-40GB,none,alpaca,0.3,uniform,0,512,32,0.001,8,8,2048,0.05,0.05,False,,,0.300048828125,,,,,,,0.01,2.46,0.75,2.45,,,113.66,6.05,,,,,,,,,,,,,,,287.09,15.16,30.56148407490136,43.78051622494365,30.26417789160701,43.8396704875004,16.043469985841377,29.006591908998534,30.404825694726593,28.49990327432789,4.483064375688594,11.302252410939277,294.49287557183607,24.949194370159212,0.2235494880546075,0.012174896631202666,0.27559726962457337,0.013057169655761753,0.5404040404040404,0.010226230740889176,0.4852693602693603,0.010255329977562138,0.5345565749235474,0.008724144040604873,0.35879306910973907,0.004786660691182114,0.44542919737104164,0.004959973514772777,0.176,0.01704785202062225,0.294,0.02039509548493655,0.6697497279651795,0.010972947133006216,0.6882480957562568,0.01080743142487354,0.5572217837411207,0.013960157350785,0.43718209774260497,0.46861746881227145,0.15355061343871057,0.5583985904231668,0.8486360218375921,0.6718347314745188,0.956252058967948,,,,,,,,,,,,,,,,,,,,,,,,,,,,,,,
opt-1.3b,none-alpaca-r50-s0,True,NVIDIA A100-SXM4-80GB,none,alpaca,0.5,uniform,0,512,32,0.001,8,8,2048,0.05,0.05,False,,,0.5,,,,,,,0.01,2.46,0.63,2.45,,,112.02,6.05,,,,,,,,,,,,,,,187.63,12.88,133.40351647801614,271.75553591639874,133.64618185718712,274.3461009968122,73.2069942399648,133.33739882585581,103.08126204994548,121.19847482879169,12.888008603422726,28.787123676542645,4483.052421339176,110.6310537904428,0.2098976109215017,0.01190054874804738,0.25597269624573377,0.012753013241244613,0.44991582491582494,0.010208181969301573,0.41708754208754206,0.010117738967782014,0.5061162079510704,0.008744400681893524,0.30242979486158134,0.004583716671458553,0.3366859191396136,0.004716106475905226,0.164,0.016575811142446696,0.28,0.020099950647503192,0.6224156692056583,0.011310782787145712,0.6120783460282916,0.011368965300027503,0.5067087608524072,0.014051220692330247,0.3944976955297205,0.4163784960435227,0.536478498019278,1.8775811828672886,2.343573473393917,2.1357699036598206,2.7246544808149338,,,,,,,,,,,,,,,,,,,,,,,,,,,,,,,
opt-1.3b,none-c4-r30-s0,True,NVIDIA A100-SXM4-40GB,none,c4,0.3,uniform,0,512,32,0.001,8,8,2048,0.05,0.05,False,,,0.300048828125,,,,,,,0.01,2.46,8.26,2.45,,,114.14,6.05,,,,,,,,,,,,,,,288.24,15.16,24.47070751607968,31.41911801005575,24.387097573654078,31.45400120123741,25.26839939643914,26.109261966346068,26.276623855029126,24.436260237767147,20.625140121494898,29.11741010040302,44.93945588642441,27.34507736680911,0.22866894197952217,0.012272853582540892,0.257679180887372,0.012780770562768334,0.48947811447811446,0.010257511546488402,0.44991582491582494,0.010208181969301573,0.5932721712538226,0.008591549022900841,0.3567018522206732,0.004780467270911451,0.4426409081856204,0.004956839256162748,0.186,0.01741880678058399,0.302,0.02055326917420912,0.6507072905331882,0.011123283817525193,0.6697497279651795,0.010972947133006216,0.5556432517758485,0.013965196769083407,0.4372102317487384,0.46727158071195257,0.4103899784386158,0.40761314984411,0.694780788384378,0.5732546672224998,0.7682754155248404,,,,,,,,,,,,,,,,,,,,,,,,,,,,,,,
opt-1.3b,none-c4-r50-s0,True,NVIDIA A100-SXM4-40GB,none,c4,0.5,uniform,0,512,32,0.001,8,8,2048,0.05,0.05,False,,,0.5,,,,,,,0.01,2.46,8.26,2.45,,,113.68,6.05,,,,,,,,,,,,,,,187.18,12.88,66.86737710627588,169.115614848841,67.21398313182647,171.43207996358285,183.47016850872762,83.11641972535462,61.57891603338683,72.79976824683017,191.7348560502771,169.26229790775776,530.8139049075339,142.23371708257002,0.21075085324232082,0.01191827175485213,0.23720136518771331,0.01243039982926071,0.37457912457912457,0.009931758820410648,0.36069023569023567,0.009853512108416932,0.5422018348623853,0.008713849504249,0.3015335590519817,0.004579859084500718,0.3463453495319657,0.004748324319714203,0.142,0.01562563024781025,0.272,0.019920483209566107,0.6011969532100109,0.011424390545037256,0.5952121871599565,0.011452361375057018,0.5209155485398579,0.014040185494212997,0.38473969621224013,0.4106523601388735,1.1200154554098845,1.3123960010707378,1.8302180394530296,1.7386444881558418,2.3128747940063477,,,,,,,,,,,,,,,,,,,,,,,,,,,,,,,
opt-1.3b,none-selfdoc-r30-s0,True,NVIDIA A100-SXM4-40GB,none,selfdoc,0.3,uniform,0,512,32,0.001,8,8,2048,0.05,0.05,False,,out/calib/opt-1.3b/selfdoc-T1.0-s0.pt,0.300048828125,,,,,,,0.01,2.46,0.22,2.45,,,113.37,6.05,,,,,,,,,,,,,,,286.72,15.16,25.984516390285496,34.339606104074605,25.817845766770372,34.4481114026772,23.40840719723936,23.092095108068307,27.413297378677658,23.81081640455359,5.353769193322745,14.072431300817263,53.781719289782906,20.31845137632603,0.2235494880546075,0.012174896631202666,0.25,0.012653835621466646,0.4612794612794613,0.010228972678389478,0.4335016835016835,0.010168640625454209,0.5902140672782875,0.008601532621213792,0.35062736506671976,0.0047619125117073875,0.4358693487353117,0.004948567856373926,0.188,0.01749067888034626,0.29,0.020313179231745138,0.6441784548422198,0.011170294934656995,0.6626768226332971,0.011031114785059673,0.5477505919494869,0.013988256216606014,0.42937134692439755,0.4585732162997238,0.36297887843102217,0.45743847638368607,0.51213931851089,0.5223215147852898,0.7796941865235567,,,,,,,,,,,,,,,,,,,,,,,,,,,,,,,
opt-1.3b,none-selfdoc-r50-s0,True,NVIDIA A100-SXM4-80GB,none,selfdoc,0.5,uniform,0,512,32,0.001,8,8,2048,0.05,0.05,False,,out/calib/opt-1.3b/selfdoc-T1.0-s0.pt,0.5,,,,,,,0.01,2.46,0.2,2.45,,,111.56,6.05,,,,,,,,,,,,,,,188.11,12.88,96.11642699342117,200.72256881884093,96.59580252091894,209.60944357383923,281.2985515973118,69.32817736324478,77.93911092728541,73.80606730610697,77.65027006302012,83.64788827240604,1392.8904446311067,139.2441954928004,0.1962457337883959,0.011606019881416319,0.2295221843003413,0.012288926760890708,0.3569023569023569,0.009830630210347113,0.3463804713804714,0.009763542075695658,0.4859327217125382,0.008741593202770504,0.2927703644692292,0.004541039698730025,0.3285202150965943,0.004687151994791383,0.138,0.015439843831953423,0.27,0.019874354831287473,0.5723612622415669,0.011543009623283034,0.5794341675734495,0.011517665611282623,0.5351223362273086,0.014017773120881639,0.368190682191628,0.39641601375581476,1.3424296863377094,1.5354140289127827,1.5777709931135178,1.7972296252846718,2.5354331731796265,,,,,,,,,,,,,,,,,,,,,,,,,,,,,,,
opt-1.3b,none-selfgen-r30-s0,True,NVIDIA A100-SXM4-40GB,none,selfgen,0.3,uniform,0,512,32,0.001,8,8,2048,0.05,0.05,False,,out/calib/opt-1.3b/selfgen-T1.0-s0.pt,0.300048828125,,,,,,,0.01,2.46,0.02,2.45,,,113.69,6.05,,,,,,,,,,,,,,,289.08,15.16,25.540974581047692,31.92222452791657,25.392834808239765,31.918781079001402,19.32969294785212,23.193518299318686,27.6990967989247,23.749530004010914,4.866492051528353,13.218544515205332,35.102915288771456,18.217701413644647,0.22098976109215018,0.012124929206818241,0.25170648464163825,0.012682496334042911,0.45707070707070707,0.01022189756425604,0.4318181818181818,0.01016394535227177,0.5948012232415902,0.00858642792971553,0.3510256920932085,0.0047631550687451596,0.43457478589922327,0.004946879874422835,0.194,0.017701827855304598,0.286,0.020229346329177604,0.6452665941240479,0.011162617854280254,0.6588683351468988,0.011061289443962698,0.5556432517758485,0.013965196769083407,0.4312567470567932,0.45905889464619726,0.3928116178140044,0.459469897672534,0.5103430729359388,0.5025028064846992,0.7216024678200483,,,,,,,,,,,,,,,,,,,,,,,,,,,,,,,
opt-1.3b,none-selfgen-r50-s0,True,NVIDIA A100-SXM4-80GB,none,selfgen,0.5,uniform,0,512,32,0.001,8,8,2048,0.05,0.05,False,,out/calib/opt-1.3b/selfgen-T1.0-s0.pt,0.5,,,,,,,0.01,2.46,0.01,2.45,,,111.57,6.05,,,,,,,,,,,,,,,189.23,12.88,83.261248652411,150.50676406212884,83.70093155517164,157.73741588948297,140.65646575394672,66.79744292401338,75.66099343710897,70.22708168641559,44.45625219939041,64.70998591841345,707.488743937168,100.22788251489445,0.20648464163822525,0.01182886561900235,0.2226962457337884,0.012158314774829888,0.35395622895622897,0.009812370644174563,0.33375420875420875,0.009676065683575515,0.5207951070336392,0.008737488341370689,0.2920732921728739,0.004537865171413777,0.32463652658832903,0.004672819355838293,0.144,0.015716934945725784,0.278,0.020055833888070865,0.55930359085963,0.011583478090656981,0.5707290533188248,0.01154851547125808,0.5224940805051302,0.014038257824059859,0.37130099159510394,0.3961578888477029,1.335972137749195,1.5093219317495823,1.5694462209939957,1.6963097006082535,2.273072324693203,,,,,,,,,,,,,,,,,,,,,,,,,,,,,,,
opt-1.3b,none-slimpajama-r30-s0,True,NVIDIA A100-SXM4-40GB,none,slimpajama,0.3,uniform,0,512,32,0.001,8,8,2048,0.05,0.05,False,,,0.300048828125,,,,,,,0.01,2.46,1.8,2.45,,,114.21,6.05,,,,,,,,,,,,,,,289.06,15.16,28.095443740684235,27.8159252019054,28.05873018030657,28.041104964916446,10.442458191026471,23.985770719699357,26.960567393179346,23.689444773577065,3.3454678335851256,9.330641792865645,18.099536300269484,13.69563925624081,0.21843003412969283,0.012074291605700917,0.257679180887372,0.012780770562768334,0.4941077441077441,0.010259071083844213,0.44823232323232326,0.010204645126856943,0.6067278287461774,0.008543505537417779,0.3503286197968532,0.004760978203023502,0.43696474805815577,0.004949969363017723,0.184,0.017346174781752842,0.278,0.020055833888070865,0.6534276387377584,0.011103020320872277,0.6534276387377584,0.011103020320872277,0.5430149960536701,0.01400038676159808,0.435719551653128,0.4605781022450653,0.43890071753412485,0.5267415856942534,0.7134247720241547,0.46424996946007013,0.6065654456615448,,,,,,,,,,,,,,,,,,,,,,,,,,,,,,,
opt-1.3b,none-slimpajama-r50-s0,True,NVIDIA A100-SXM4-40GB,none,slimpajama,0.5,uniform,0,512,32,0.001,8,8,2048,0.05,0.05,False,,,0.5,,,,,,,0.01,2.46,1.77,2.45,,,113.27,6.05,,,,,,,,,,,,,,,187.49,12.88,95.60036969892325,118.34702389798494,97.48192995881779,123.34937575444012,17.11086490976843,84.23639356322059,73.35621855671715,71.53185775729246,5.268303183898696,16.315659277439156,61.775942032564394,32.721182510638236,0.19795221843003413,0.011643990971573369,0.23378839590443687,0.01236822537850722,0.36153198653198654,0.00985850654316196,0.3472222222222222,0.00976910167970065,0.5470948012232416,0.00870617688583776,0.2916749651463852,0.004536045368405025,0.3218482374029078,0.004662303395239627,0.138,0.015439843831953423,0.278,0.020055833888070865,0.5794341675734495,0.011517665611282623,0.5690968443960827,0.011553893175901508,0.4861878453038674,0.014047122916440271,0.37169656917270916,0.3976054780646798,1.1089759580790997,1.5928982980549335,1.9280486404895782,1.569705355912447,1.9819087646901608,,,,,,,,,,,,,,,,,,,,,,,,,,,,,,,
opt-1.3b,none-wikitext2-r30-s0,True,NVIDIA A100-SXM4-40GB,none,wikitext2,0.3,uniform,0,512,32,0.001,8,8,2048,0.05,0.05,False,,,0.300048828125,,,,,,,0.01,2.46,7.18,2.45,,,113.87,6.05,,,,,,,,,,,,,,,291.53,15.16,40.33374351673038,19.974023047191185,40.11400572268179,19.952214347461968,29.636429346335582,38.41880419509,40.382557970612076,33.26123610137582,10.754748819337802,25.651810702162717,70.43224683146009,31.343080762178904,0.21331058020477817,0.011970971742326334,0.2645051194539249,0.012889272949313479,0.4718013468013468,0.010243454104071733,0.4436026936026936,0.010194308914521161,0.5363914373088685,0.008721861424877922,0.34007169886476796,0.00472764805789798,0.41814379605656243,0.004922459820434646,0.174,0.01697127125751611,0.304,0.02059164957122494,0.6256800870511425,0.011291276801195115,0.6235038084874864,0.011304341550126641,0.5406471981057617,0.014005973823825095,0.41455747833380935,0.4472562932878997,1.046696711331606,0.9368562456220388,1.1862225960940123,0.9888029377907515,0.3350516501814127,,,,,,,,,,,,,,,,,,,,,,,,,,,,,,,
opt-1.3b,none-wikitext2-r50-s0,True,NVIDIA A100-SXM4-40GB,none,wikitext2,0.5,uniform,0,512,32,0.001,8,8,2048,0.05,0.05,False,,,0.5,,,,,,,0.01,2.46,7.48,2.45,,,114.22,6.05,,,,,,,,,,,,,,,189.19,12.88,271.63114536583885,40.6916931049083,275.60257055588306,41.05586071766044,597.1941041365932,257.33044589804507,212.97001591227294,181.37749048527712,128.96819653726533,237.9437939782556,1575.2566897264933,311.8701719025193,0.21416382252559726,0.011988383205966574,0.22610921501706485,0.012224202097063337,0.3489057239057239,0.009780119894465759,0.32575757575757575,0.009616642976886162,0.38134556574923545,0.008495245917063436,0.2786297550288787,0.004474086489941018,0.3031268671579367,0.00458670271601444,0.128,0.014955913837590627,0.284,0.020186703693570774,0.5511425462459195,0.011604638382510322,0.5413492927094669,0.011625864113315981,0.48855564325177586,0.014048804199859391,0.34153472238673294,0.3643205942347222,2.2720860466361046,2.747942715883255,3.088468946516514,2.9368103370070457,1.0263872258365154,,,,,,,,,,,,,,,,,,,,,,,,,,,,,,,
opt-1.3b,oblique-wikitext2-r30,True,NVIDIA A100-SXM4-80GB,none,wikitext2,0.3,uniform,0,1024,64,0.001,8,8,2048,0.05,0.05,False,,,0.300048828125,,,,,,,0.01,2.46,6.05,2.45,,,172.44,6.05,,,,,,,,,,,,,,,59.56,12.36,40.202421600595926,19.892023096081125,39.83150276870346,19.894578328199877,30.001174470894043,37.838778646228725,40.196532961549586,33.056063578238074,11.23763867320186,26.28724930267649,73.22601111748996,31.76456810047819,,,,,,,,,,,,,,,,,,,,,,,,,,,,,,,,,,,,,,,,,,,,,,,,,,,,,,,,,,,,,,
opt-1.3b,oblique-wikitext2-r50,True,NVIDIA H100,none,wikitext2,0.5,uniform,0,1024,64,0.001,8,8,2048,0.05,0.05,False,,,0.5,,,,,,,0.01,2.48,6.12,2.45,,,81.36,6.08,,,,,,,,,,,,,,,19.26,10.1,265.3149193624745,40.31324902276426,269.1111390931371,40.81946075077192,587.8767788662315,249.16703024203417,208.609821791014,175.24006829333868,141.97039162240367,242.40118384612745,1723.808304761687,316.4323913560739,,,,,,,,,,,,,,,,,,,,,,,,,,,,,,,,,,,,,,,,,,,,,,,,,,,,,,,,,,,,,,
opt-1.3b,oblique-wikitext2-r70,True,NVIDIA H100,none,wikitext2,0.7,uniform,0,1024,64,0.001,8,8,2048,0.05,0.05,False,,,0.7001139322916667,,,,,,,0.01,2.48,6.04,2.45,,,81.52,6.08,,,,,,,,,,,,,,,14.16,7.84,4298.304265758882,567.6580522757343,4264.5568385914,548.4423150713031,13780.008536194651,2080.0487977212265,3295.340745250621,2636.163858435567,1718.456796900487,1929.438065363519,58627.57617961148,4669.460804846184,,,,,,,,,,,,,,,,,,,,,,,,,,,,,,,,,,,,,,,,,,,,,,,,,,,,,,,,,,,,,,
opt-1.3b,pilot-proj-c4-r50-lr1e-3-e8,True,NVIDIA H100,proj,c4,0.5,uniform,0,512,32,0.001,8,8,2048,0.05,0.05,False,,,0.5,259915776.0,0.0012639309279620647,0.7182075069285929,7.0,8.0,2.3116841427981853,0.01,2.48,6.86,2.45,26.07,18.7,58.2,6.08,838.82,18.59,35.004567896829855,62.03167388463518,34.9655023957435,62.04228129784455,73.19072433378817,36.302685617952896,36.7041866847815,36.27284276867056,15.111256521345126,31.457803563285953,86.99838041600492,39.358012824443065,,,,,,,,,,,,,,,,,,,,,,,,,,,,,,,,,,,,,,,,,,,,,,,,,,,,,,,,,,,,,,,,,,,,,,,,0.705504547804594,0.7376594636589289,,0.9459136743098497,1.3739959485828876
opt-1.3b,pilot-proj-c4-r50-lr1e-4,True,NVIDIA A100-SXM4-80GB,proj,c4,0.5,uniform,0,512,32,0.0001,8,8,2048,0.05,0.05,False,,,0.5,259915776.0,0.0012278255308046937,0.5104807154275477,6.0,8.0,2.303044805303216,0.01,2.46,7.63,2.45,43.55,13.83,112.29,6.05,1420.67,18.54,27.915924552717502,39.72901938659701,27.888211294847796,39.678491318613254,41.40366188189477,29.691212858516558,29.880565451205577,28.679207951161665,8.629937268615771,20.3268358852002,58.662657090084316,27.138151214897125,,,,,,,,,,,,,,,,,,,,,,,,,,,,,,,,,,,,,,,,,,,,,,,,,,,,,,,,,,,,,,,,,,,,,,,,0.5279825702309608,0.5253906650468707,,0.6656398382037878,0.9957041181623936
opt-1.3b,pilot-proj-c4-r50-lr3e-4,True,NVIDIA A100-SXM4-40GB,proj,c4,0.5,uniform,0,512,32,0.0003,8,8,2048,0.05,0.05,False,,,0.5,259915776.0,0.0010064351372420788,0.5342675787396729,7.0,8.0,2.303044805303216,0.01,2.46,8.25,2.45,44.77,13.83,114.37,6.05,1446.84,18.54,28.894965483306983,45.48337953651514,28.833933778123864,45.19116126108359,53.189476612679236,30.817822078164237,30.67066194333717,29.411066579185913,10.003398845342803,22.471918649491688,71.32412750397584,30.34775305594938,,,,,,,,,,,,,,,,,,,,,,,,,,,,,,,,,,,,,,,,,,,,,,,,,,,,,,,,,,,,,,,,,,,,,,,,0.5278542749583721,0.5515556279569864,,0.7087779706344008,1.0651811808347702
opt-1.3b,pilot-proj-c4-r50-lr3e-5,True,NVIDIA A100-SXM4-80GB,proj,c4,0.5,uniform,0,512,32,3e-05,8,8,2048,0.05,0.05,False,,,0.5,259915776.0,0.0013815292622894049,0.5522310412488878,6.0,8.0,2.303044805303216,0.01,2.46,7.55,2.45,43.8,18.65,112.02,6.05,1430.77,18.54,29.015415463155644,40.996879904518806,29.16403613086803,41.49522939292034,44.38219269253602,31.264226070932338,31.269936327886295,30.265944830475537,10.740257714562093,24.036538293851383,58.82218198205354,29.6070447849726,,,,,,,,,,,,,,,,,,,,,,,,,,,,,,,,,,,,,,,,,,,,,,,,,,,,,,,,,,,,,,,,,,,,,,,,0.5704652359709144,0.563155222684145,,0.7263651117682457,1.0393222887068987
opt-1.3b,proj-alpaca-r30-s0,True,NVIDIA H200,proj,alpaca,0.3,uniform,0,512,32,0.0001,8,8,2048,0.05,0.05,False,,,0.300048828125,202801152.0,0.000448981678346172,0.09527688683010638,7.0,8.0,0.303597368998453,0.01,2.46,0.81,2.45,273.48,24.61,113.55,6.05,1294.49,16.72,32.26000474779395,44.66758760082667,32.29528521386878,45.0462036377558,19.27442151621682,25.644298038565854,29.7072145285738,28.30488662300627,4.443783008564838,11.243710632947417,334.73446345348697,25.46879222310528,286.38,21.91,62.5463186542401,135.78882205497823,62.80596041065841,139.48360809394313,47.46113861209649,63.23837023685785,51.58564286830485,55.231773943167155,8.41180962051747,18.416495449925176,1643.5227253939997,57.88398202179649,0.22184300341296928,0.012141659068148035,0.26535836177474403,0.012902554762313832,0.5008417508417509,0.010259768981815288,0.4718013468013468,0.010243454104071733,0.4837920489296636,0.008740459157499103,0.33349930292770363,0.0047049962941451366,0.39822744473212507,0.004885323175701628,0.176,0.01704785202062225,0.288,0.020271503835075255,0.6534276387377584,0.011103020320872277,0.6577801958650707,0.011069764658685503,0.5303867403314917,0.014026510839428848,0.41425578359733395,0.44219230549063454,0.30822417233139277,1.1343935765326023,1.5448268726468086,1.3851012103259563,2.0382438972592354,0.23378839590443687,0.01236822537850722,0.2687713310580205,0.012955065963710852,0.5324074074074074,0.010238210368801978,0.4810606060606061,0.010252420496894399,0.4776758409785933,0.008736334115584943,0.35839474208325034,0.004785488626807522,0.43547102170882296,0.004948052131344437,0.192,0.017632180454361008,0.288,0.020271503835075255,0.6746463547334058,0.010931036623525334,0.6817192600652884,0.010868093932082195,0.5445935280189423,0.013996485037729767,0.4305008955894337,0.4538987982700391,0.10039062495343387,0.5157357668504119,0.7716919369995594,0.6338732540607452,1.020532639697194
opt-1.3b,proj-alpaca-r50-s0,True,NVIDIA A100-SXM4-40GB,proj,alpaca,0.5,uniform,0,512,32,0.0001,8,8,2048,0.05,0.05,False,,,0.5,259915776.0,0.0007341275922954082,0.18946279073134065,7.0,8.0,0.8742149146273732,0.01,2.46,0.79,2.45,173.27,23.57,113.51,6.05,1443.0,18.53,58.89993371452438,119.92944905362909,58.655162670996184,120.20341108070693,57.53120443231571,44.43820854243132,47.743172846451856,49.719642102887825,9.0047231013971,17.885381303007918,1284.636481352105,53.506540343455875,171.94,20.14,534.4829762659618,4480.915182198028,538.0369022444554,4600.729663451285,882.0664398612921,386.45706275258993,385.26018232451503,546.6388393441249,74.82079971107079,103.64299364106307,26700.578429116467,548.121907531354,0.22013651877133106,0.01210812488346088,0.25,0.012653835621466646,0.4128787878787879,0.010102837421104831,0.390993265993266,0.010012992232540683,0.40305810397553515,0.00857911321056629,0.2819159529974109,0.004490130691020611,0.30023899621589323,0.004574250396870965,0.162,0.016494123566423557,0.288,0.020271503835075255,0.5837867247007617,0.011500864675166542,0.5826985854189336,0.011505151244333338,0.4940805051302289,0.014051500838485925,0.36540808477915077,0.387009922390551,0.874731045216322,3.1304062753915787,3.5023933053016663,3.675531968474388,5.612890765070915,0.2150170648464164,0.012005717634133543,0.2627986348122867,0.012862523175351397,0.48358585858585856,0.010254253565929275,0.44023569023569026,0.010186228624515719,0.5241590214067279,0.008734840763194088,0.3225453096992631,0.004664950168300704,0.377414857598088,0.004837493439874508,0.178,0.01712362218906232,0.276,0.02001121929807355,0.6463547334058759,0.011154877708188743,0.6479869423286181,0.011143148953065991,0.5169692186266772,0.014044390401613116,0.41237588665297414,0.43508062357258404,0.19686820823699236,0.9786971006542444,1.2815521489828825,1.223166886717081,1.9851068183779716
opt-1.3b,proj-c4-r30-s0,True,NVIDIA A100-SXM4-40GB,proj,c4,0.3,uniform,0,512,32,0.0001,8,8,2048,0.05,0.05,False,,,0.300048828125,202801152.0,0.0007154836785048246,0.26124410098418593,7.0,8.0,0.7451348160393536,0.01,2.46,7.89,2.45,271.04,24.61,113.43,6.05,1297.35,16.72,21.458728666655094,23.078920346632376,21.40281004289015,23.0419838037515,20.564598379592127,21.553284334028028,23.3922353370064,21.160699793032617,5.379049411681618,13.357973724558487,28.136547982335944,17.190120080987427,280.17,21.91,35.13460173453508,62.490768822584926,35.696965591857484,63.68259729607376,77.25552221329337,38.88367943012615,37.57907608237788,36.73163502881449,67.46170417977491,64.63669870409743,147.58172601484816,59.590756770543166,0.22184300341296928,0.012141659068148035,0.24914675767918087,0.012639407111926505,0.43813131313131315,0.010180937100600149,0.4292929292929293,0.01015667807591118,0.5626911314984709,0.008676043429497668,0.33419637522405893,0.004707447244200669,0.398725353515236,0.004886353563571803,0.17,0.016815633531393464,0.304,0.02059164957122494,0.6300326441784548,0.011264415223415222,0.6398258977149075,0.011200375176667329,0.531965272296764,0.014023739221166408,0.41269424853457587,0.4450924774282127,0.7723993714898825,0.7708380706608295,1.1335637532174587,1.058859933167696,1.4043640494346619,0.22525597269624573,0.012207839995407479,0.26535836177474403,0.012902554762313832,0.5122053872053872,0.010256726235129118,0.4671717171717172,0.010237645778853782,0.5061162079510704,0.008744400681893524,0.36496713802031466,0.0048043705638560665,0.4457279426409082,0.004960299952519343,0.206,0.018104794037333553,0.298,0.020475118092988954,0.6730141458106638,0.010945157126978309,0.6844396082698585,0.010843119201758775,0.5469613259668509,0.01399036663214812,0.43350288252150465,0.45911073768216415,0.2846988192759454,0.27129689045250416,0.44493940845131874,0.3524574567563832,0.5117045678198338
opt-1.3b,proj-c4-r50-s0,True,NVIDIA A100-SXM4-40GB,proj,c4,0.5,uniform,0,512,32,0.0001,8,8,2048,0.05,0.05,False,,,0.5,259915776.0,0.0011705108918249607,0.5054299435578287,6.0,8.0,2.303044805303216,0.01,2.46,8.23,2.45,175.16,23.57,114.01,6.05,1448.24,18.53,27.738365785077388,39.32900692050695,27.71507769639321,39.25196472658667,41.05130587068421,29.719682012259458,29.65621990523263,28.61503605654417,9.000141834108693,21.361328791174074,59.35863777420766,27.473905223295933,177.51,20.14,264.74000720058916,2904.9674557923536,283.91309630782564,3005.788616265876,6805.147519625185,599.0988390802149,208.17114812074502,360.956428957466,4645.237826230963,2505.6422947907586,11533.82395436571,1700.5420817521858,0.20477815699658702,0.011792544338513443,0.2354948805460751,0.01239945185500478,0.33585858585858586,0.009691180932083652,0.32407407407407407,0.009603728850095139,0.47155963302752296,0.008730896561344882,0.28121888070105555,0.004486752200430399,0.3009360685122486,0.004577275844432393,0.126,0.01485561775078758,0.258,0.019586711785215868,0.5685527747551686,0.011555657298864519,0.5631120783460283,0.011572517929968242,0.5098658247829518,0.014049749833367674,0.3568334080174103,0.38043465132698584,1.929102472960949,2.3792299404740334,3.0568961203098297,3.374211870133877,5.073402248322964,0.21416382252559726,0.011988383205966574,0.24488054607508533,0.012566273985131313,0.45496632996632996,0.010218084454602478,0.4255050505050505,0.01014527118259111,0.46055045871559636,0.00871779321476884,0.3348934475204143,0.004709886644156871,0.3920533758215495,0.004872107262082534,0.164,0.016575811142446696,0.28,0.020099950647503192,0.6550598476605005,0.011090670102993116,0.6534276387377584,0.011103020320872277,0.5256511444356748,0.014033980956108428,0.4013264358320162,0.42600974489867355,0.5199907664209604,0.5202573630958796,0.7620826531201601,0.663158904761076,0.9851626120507717
opt-1.3b,proj-selfdoc-r30-s0,True,NVIDIA A100-SXM4-40GB,proj,selfdoc,0.3,uniform,0,512,32,0.0001,8,8,2048,0.05,0.05,False,,out/calib/opt-1.3b/selfdoc-T1.0-s0.pt,0.300048828125,202801152.0,0.000648981484118849,0.29256946849636734,4.0,8.0,0.8390477383509278,0.01,2.46,0.2,2.45,269.48,24.61,111.62,6.05,1275.58,16.72,22.645505193172887,26.68212917540938,22.593421482326445,26.84544730297003,20.969487198542865,20.17107913034221,24.374881398882103,21.187651241222746,5.117737284405564,12.461092015612465,22.91636076571228,16.401160291616954,266.84,21.91,41.77634716106446,77.15208215324287,42.58217123070576,80.73356056044148,99.04576354667596,34.41771878975033,40.98285083139138,35.66743282414344,29.88058126548842,41.70169017380426,256.77138914823655,55.36380173540206,0.2030716723549488,0.011755899303705644,0.2440273037542662,0.012551447627856151,0.43813131313131315,0.010180937100600149,0.43392255892255893,0.010169795770462075,0.5837920489296636,0.008621380519419186,0.3240390360485959,0.004670581884781086,0.39075881298546106,0.004869232758103666,0.156,0.016243636028391108,0.312,0.020740596536488017,0.6180631120783461,0.011335942557504988,0.6305767138193689,0.011260988628572235,0.5217048145224941,0.014039239216484667,0.4064002852950517,0.44525460756197327,0.7259558718651533,0.8779698424041271,0.892080245539546,1.1029498800635338,1.6136408895254135,0.20733788395904437,0.011846905782971264,0.2593856655290102,0.012808273573927224,0.5046296296296297,0.010259343705889561,0.47053872053872053,0.010241957728409551,0.45932721712538227,0.008716073497170978,0.35660227046405096,0.004780169873332956,0.43328022306313485,0.004945157565218288,0.18,0.017198592476314237,0.292,0.020354375480530096,0.6632208922742111,0.011026738925250986,0.6643090315560392,0.011017938116656379,0.5469613259668509,0.01399036663214812,0.41686845991702415,0.4465431691113054,0.27322670025750995,0.3251076815649867,0.3136012484319508,0.3554928470402956,0.5741539830341935
opt-1.3b,proj-selfdoc-r50-s0,True,NVIDIA A100-SXM4-40GB,proj,selfdoc,0.5,uniform,0,512,32,0.0001,8,8,2048,0.05,0.05,False,,out/calib/opt-1.3b/selfdoc-T1.0-s0.pt,0.5,259915776.0,0.0010182231198996305,0.5386739810928702,7.0,8.0,2.3638269510120153,0.01,2.46,0.2,2.45,171.14,23.57,111.81,6.05,1427.31,18.53,31.253401606971494,46.54340493038471,31.67227648776392,47.859618537349284,50.244342759482336,26.80742352031439,32.06318624802677,28.44666749989005,10.637788655702218,21.91952804772056,45.779616050779964,27.88628858990766,168.6,20.14,378.86857547430407,3173.7742752029244,392.8526906642347,3539.943533229812,7248.151860132981,280.0224616392862,265.35345721037646,326.9885669199069,2122.9663605506685,1160.5904954394716,9825.391558245637,1230.1673851739013,0.1885665529010239,0.011430897647675749,0.2235494880546075,0.012174896631202666,0.32491582491582494,0.00961020360450493,0.31523569023569026,0.009533589368506065,0.42415902140672784,0.008643869023388125,0.27614021111332404,0.004461732908157097,0.2938657637920733,0.004546002255457021,0.128,0.014955913837590627,0.266,0.019780559675655396,0.5647442872687704,0.011567608588759519,0.5505984766050055,0.011605936624156033,0.5122336227308603,0.014048278820405729,0.34553707433379016,0.36937743754642355,2.2807262055575848,2.718533620238304,2.5924635976552963,3.3504751473665237,5.264013238251209,0.19539249146757678,0.011586907189952898,0.25853242320819114,0.012794553754288777,0.43434343434343436,0.010170943451269407,0.4006734006734007,0.010055304474255589,0.41896024464831805,0.008629425249245488,0.32214698267277436,0.004663439181148975,0.37621987651862177,0.004834461997944986,0.166,0.016656616876531173,0.296,0.020435342091896222,0.6224156692056583,0.011310782787145712,0.6316648531011969,0.011254089354334288,0.5201262825572218,0.014041096664344348,0.3827693006992834,0.4145967258152786,0.5303768739104271,0.6078688902780414,0.5777830593287945,0.6841868869960308,1.133605930954218
opt-1.3b,proj-selfgen-r30-s0,True,NVIDIA A100-SXM4-40GB,proj,selfgen,0.3,uniform,0,512,32,0.0001,8,8,2048,0.05,0.05,False,,out/calib/opt-1.3b/selfgen-T1.0-s0.pt,0.300048828125,202801152.0,0.0008482746779918671,0.32544214371591806,7.0,8.0,0.8685813313350081,0.01,2.46,0.03,2.45,269.93,24.61,111.64,6.05,1278.47,16.72,22.692019627961614,28.760942196703688,22.596015606639536,28.741536002219593,19.293152572365432,20.381690491541924,24.965723728506983,21.480988646324484,5.370169193816286,13.294929382009762,21.83903245847734,16.47050943111002,280.44,21.91,38.07022901300499,65.46873187673366,38.525909628133974,67.54834338888578,53.095790260147275,34.186925186711534,40.085585137382914,34.802183444766776,17.291197125887148,31.835091952722845,143.25483009853127,41.14683837159144,0.20733788395904437,0.011846905782971264,0.23378839590443687,0.01236822537850722,0.43097643097643096,0.010161552863493765,0.4225589225589226,0.010135978222980905,0.5819571865443425,0.008626774352070802,0.32463652658832903,0.004672819355838293,0.3857797251543517,0.004857840934549255,0.16,0.016411540980502393,0.3,0.020514426225627987,0.6120783460282916,0.011368965300027503,0.6278563656147987,0.011277968313592804,0.5485398579321231,0.013986110301017752,0.40936089028979455,0.4429257791012822,0.71936553157866,0.8443932961672544,0.8701805919408798,0.9843875374644995,1.4592525027692318,0.20819112627986347,0.011864866118448116,0.25,0.012653835621466646,0.49284511784511786,0.010258733022446362,0.45580808080808083,0.010219631763437823,0.5232415902140672,0.008735602208318358,0.3529177454690301,0.004769007545082308,0.4270065723959371,0.004936323537147976,0.184,0.017346174781752842,0.288,0.020271503835075255,0.6670293797606094,0.010995648822619247,0.6692056583242655,0.010977520584714677,0.5438042620363063,0.0139984536109243,0.4245756030864278,0.45100945196837955,0.31543826777487993,0.33658996783196926,0.3263410748913884,0.37531966902315617,0.6454863678663969
opt-1.3b,proj-selfgen-r50-s0,True,NVIDIA A100-SXM4-40GB,proj,selfgen,0.5,uniform,0,512,32,0.0001,8,8,2048,0.05,0.05,False,,out/calib/opt-1.3b/selfgen-T1.0-s0.pt,0.5,259915776.0,0.0012600329937413335,0.5845245472155511,7.0,8.0,2.430644189938903,0.01,2.46,0.02,2.45,175.86,23.57,113.1,6.05,1442.8,18.53,30.099636812843066,47.194948328987536,30.043447118745977,47.66772047219817,37.94919784002758,26.824764043818025,32.88216365751633,28.644899727603633,8.303164627593253,20.046753292927793,41.147994888463664,25.262901284735836,173.09,20.14,355.3405964987594,1988.3901153260838,361.13902721599607,2349.7837064332903,3569.809822464219,311.0127303155498,251.6144164319415,285.001695765954,1103.4018856886291,638.9201983774173,7012.103770633398,875.2816842478753,0.18600682593856654,0.011370940183266797,0.22440273037542663,0.012191404938603725,0.33080808080808083,0.009654540125986105,0.3143939393939394,0.00952670242316272,0.42079510703363915,0.008634635146574834,0.27215694084843656,0.004441606665788188,0.2885879306910974,0.004521798577922026,0.142,0.01562563024781025,0.258,0.019586711785215868,0.5565832426550599,0.011590883373666913,0.544613710554951,0.011619292444156876,0.5067087608524072,0.014051220692330247,0.3450084225908843,0.3653574541287801,2.2761477679014206,2.6245839074254036,2.534835319966078,3.2067731469869614,4.828287862241268,0.20648464163822525,0.01182886561900235,0.23890784982935154,0.012461071376316715,0.43265993265993263,0.010166307932643004,0.3985690235690236,0.010046455400477976,0.491131498470948,0.008743679265455934,0.3185620394343756,0.004649665273890785,0.37283409679346746,0.004825702533920687,0.168,0.01673655354154187,0.284,0.020186703693570774,0.6218715995647442,0.011313980666854472,0.6278563656147987,0.011277968313592804,0.5288082083662194,0.014029141615909664,0.3953597028763493,0.42030100609197263,0.5794827472418547,0.6201237617060542,0.5959600349888206,0.691009696573019,1.1465607285499573
opt-1.3b,proj-slimpajama-r30-s0,True,NVIDIA A100-SXM4-40GB,proj,slimpajama,0.3,uniform,0,512,32,0.0001,8,8,2048,0.05,0.05,False,,,0.300048828125,202801152.0,0.0013500361237674952,0.34639011649414897,7.0,8.0,0.8440989758819342,0.01,2.46,1.69,2.45,273.54,24.61,113.32,6.05,1295.22,16.72,23.829489103998174,23.688630512634017,23.818124326400415,23.70782975920007,9.964849899767199,20.034794457527966,24.207205352690984,21.209473787538375,3.234047813408827,8.919864525629434,15.625002030039813,12.443733775395398,286.33,21.91,39.512219046668555,44.54361891424062,39.74019006347774,45.484932961810195,12.962107419227097,33.36497080520151,35.288386744349424,31.989461526860804,4.041518151568256,11.816275511290518,29.849824062727404,18.33262158242049,0.20733788395904437,0.011846905782971264,0.24744027303754265,0.01261035266329266,0.45075757575757575,0.01020990610101116,0.42424242424242425,0.01014133365495849,0.5844036697247706,0.008619555273337652,0.3293168691495718,0.0046900470217194215,0.39145588528181635,0.0048707850367083454,0.162,0.016494123566423557,0.296,0.020435342091896222,0.6294885745375408,0.01126782647544784,0.6240478781284005,0.011301098166895661,0.5311760063141279,0.014025142640639542,0.4134972256346616,0.44268087667558315,0.691000247374177,0.8462267946451902,1.0884701125323772,0.7718258332461119,1.0591605845838785,0.21160409556313994,0.011935916358632793,0.2551194539249147,0.012739038695202038,0.5105218855218855,0.010257511546488402,0.45791245791245794,0.010223371342195949,0.5761467889908257,0.00864304653750581,0.35371439952200756,0.00477144724409547,0.4304919338777136,0.004941331215598361,0.188,0.01749067888034626,0.282,0.020143572847290726,0.6632208922742111,0.011026738925250986,0.6697497279651795,0.010972947133006216,0.5335438042620363,0.014020826677598101,0.43382169516201513,0.45785202384758966,0.2908096397295594,0.35642538126558065,0.47829815838485956,0.31962800258770585,0.46088278386741877
opt-1.3b,proj-slimpajama-r50-s0,True,NVIDIA A100-SXM4-80GB,proj,slimpajama,0.5,uniform,0,512,32,0.0001,8,8,2048,0.05,0.05,False,,,0.5,259915776.0,0.002383309416472912,0.6686803954653442,7.0,8.0,3.010613963007927,0.01,2.46,1.67,2.45,174.62,23.57,113.15,6.05,1445.96,18.53,32.77679383821117,38.80443293782569,32.8955390104825,38.831696649732635,11.541326951615916,26.37810518094057,31.353876022841984,28.139778941614583,3.5691776572281078,10.323271922592852,23.19091688901984,15.645955888293853,171.52,20.14,342.3137969311995,1105.3501803622135,337.97942178698366,1257.47378489769,37.8975491209312,341.0970127596544,203.57349886205327,220.75958468506846,13.552067216239179,41.69764616472496,250.74816026387708,97.25823514422201,0.18600682593856654,0.011370940183266797,0.22866894197952217,0.012272853582540892,0.3207070707070707,0.009577474571108819,0.3207070707070707,0.009577474571108819,0.5064220183486239,0.008744333613940542,0.27066321449910374,0.004433943894764314,0.28251344353714397,0.004493015945599848,0.14,0.015533272840269705,0.266,0.019780559675655396,0.5473340587595212,0.01161343165087302,0.5342763873775843,0.011638380213532395,0.48855564325177586,0.014048804199859391,0.35138411878638026,0.3753062150288173,1.7664712257683277,2.6951388120651245,3.074230447411537,2.7252098992466927,4.120677329599857,0.21160409556313994,0.011935916358632793,0.25170648464163825,0.012682496334042911,0.4478114478114478,0.010203742451111547,0.41414141414141414,0.010107387673002542,0.6091743119266055,0.008534044065456358,0.3202549292969528,0.0046562089515413685,0.3712407886875124,0.004821492994081968,0.16,0.016411540980502393,0.258,0.019586711785215868,0.6186071817192601,0.01133285040652847,0.6229597388465724,0.011307569752543913,0.5303867403314917,0.014026510839428848,0.4139769580926997,0.43680135408217635,0.5310954283922911,0.6604714542627335,0.8196540772914886,0.5961514189839363,0.8994007352739573
opt-1.3b,proj-wikitext2-r30-s0,True,NVIDIA A100-SXM4-80GB,proj,wikitext2,0.3,uniform,0,512,32,0.0001,8,8,2048,0.05,0.05,False,,,0.300048828125,202801152.0,0.0005762064829468727,0.21675272076390684,7.0,8.0,0.6818525539711118,0.01,2.48,5.81,2.45,168.92,24.64,58.43,6.08,735.02,16.76,31.146626892197162,17.359427713368433,30.963653749325342,17.32709991224759,26.355496535949406,30.790787754325294,33.83070037984476,29.050633959390115,9.952593079407338,22.985510504496293,38.64990099630049,25.521114009091924,167.44,21.93,93.89006650442869,27.51086925773591,95.58786692319666,27.69052687159251,139.62614203871325,90.8611312903311,84.83574356074503,69.94354237902641,104.51061500513353,108.20556725772092,933.002458674552,134.45170380123267,0.21416382252559726,0.011988383205966574,0.24488054607508533,0.012566273985131313,0.39604377104377103,0.010035580962097865,0.39057239057239057,0.010011059112064303,0.39938837920489295,0.008566178448007875,0.3154750049790878,0.004637550478007261,0.3633738299143597,0.004799882248494787,0.15,0.0159847121351649,0.286,0.020229346329177604,0.5930359085963003,0.011462093919190149,0.5832426550598476,0.011503015163618171,0.5177584846093133,0.014043619596174988,0.36940933870842324,0.3978880407765556,1.4884331673383713,1.748359527438879,2.0665534399449825,2.019986715167761,0.655532144010067,0.20392491467576793,0.011774262478702316,0.2636518771331058,0.012875929151296968,0.4671717171717172,0.010237645778853782,0.4372895622895623,0.010178768429321585,0.608868501529052,0.00853523905422108,0.34156542521410077,0.004732654295724703,0.42103166699860584,0.004927155882598323,0.18,0.017198592476314237,0.284,0.020186703693570774,0.6409140369967355,0.011192949073844181,0.6485310119695321,0.011139207691931123,0.5209155485398579,0.014040185494212997,0.4233371634467473,0.45489830977995943,0.9607994873076677,0.7008564993739128,0.875343294814229,0.7812302745878696,0.19373211963102221
opt-1.3b,proj-wikitext2-r50-s0,True,NVIDIA H100,proj,wikitext2,0.5,uniform,0,512,32,0.0001,8,8,2048,0.05,0.05,False,,,0.5,259915776.0,0.0007591141620650887,0.40831423294730484,7.0,8.0,2.0268563982099295,0.01,2.48,5.97,2.45,108.11,23.62,58.22,6.08,836.4,18.58,50.294105755067505,20.818814132360796,50.14917757455042,20.78513123566285,86.94016673733083,49.75263054270121,53.083640967333416,46.096600366964,27.89862207816636,56.85795220850664,94.35542041827172,55.31329916095034,106.19,20.16,1607.860608245789,106.46378258387595,1674.8409037913639,107.66240215924776,12439.57775066371,1376.3474043242352,1102.823112629262,1000.0631058796581,2942.9444566233055,2608.483424954675,43549.531370433746,3490.5081619503317,0.20733788395904437,0.011846905782971264,0.24658703071672355,0.012595726268789992,0.2937710437710438,0.009346423298166614,0.2925084175084175,0.009334649503078388,0.38868501529051985,0.008525580498983045,0.2666799442342163,0.004413198640054083,0.2740489942242581,0.004451222241494582,0.116,0.014335236237885723,0.248,0.019332342821239124,0.5424374319912949,0.011623729421517952,0.5206746463547334,0.011655846995729838,0.5035516969218626,0.014052131146915852,0.33120900230971173,0.3534365430023593,4.1071188896894455,4.480708174407482,4.667930357158184,4.966851025819778,1.9632287099957466,0.2030716723549488,0.011755899303705644,0.24744027303754265,0.01261035266329266,0.4086700336700337,0.010087174498762844,0.3867845117845118,0.009993308355371001,0.5,0.008745054976398168,0.30860386377215693,0.0046097319257364594,0.36008763194582755,0.004790445139186754,0.17,0.016815633531393464,0.254,0.01948659680164342,0.6044613710554951,0.011408384494565105,0.588683351468988,0.01148086057719274,0.5146014206787688,0.014046492383275955,0.38705833736162903,0.40737102698794836,1.439418613910675,1.2087661623954773,1.3600077740848064,1.3692980483174324,0.36564100440591574
opt-1.3b,repro-wikitext2-r30,True,NVIDIA A100-SXM4-40GB,proj,wikitext2,0.3,uniform,0,1024,64,0.0001,20,32,2048,0.05,0.05,False,,,0.300048828125,202801152.0,0.0006275910418480635,0.1898714448325336,18.0,20.0,0.714308824390173,0.01,2.46,6.41,2.45,64.23,18.92,174.99,6.05,4042.61,25.6,29.589892508223734,17.072871479914102,29.440806988830747,17.04206964920205,23.055345978865653,27.153770358588798,32.19237356198392,27.738762934791616,8.046244329568223,19.45191298880933,34.67628226967212,22.624328871620442,61.79,14.35,96.26654450101397,28.0210617776312,98.49103349504921,28.312589759808066,154.74142777438271,91.08603128321745,86.24439046051495,70.24133195575824,96.5119071166093,111.96834816032438,981.2633236701039,136.99097561821242,,,,,,,,,,,,,,,,,,,,,,,,,,,,,,,,,,,,,,,,,,,,,,,,,,,,,,,,,,,,,,
opt-1.3b,repro-wikitext2-r50,True,NVIDIA A100-SXM4-40GB,proj,wikitext2,0.5,uniform,0,1024,64,0.0001,20,32,2048,0.05,0.05,False,,,0.5,259915776.0,0.0008295802399516106,0.36125440429896116,18.0,20.0,2.0957426596432924,0.01,2.46,6.7,2.45,36.77,18.3,175.25,6.05,4190.42,27.65,47.070691307824816,19.867418586389263,46.82411472926096,19.844479852182754,73.92390630144743,49.159888889641145,50.274235588702616,44.28481395690987,23.130760583781147,49.55402887669747,78.95762222466419,49.53946272505628,33.64,12.58,1657.2058225549824,112.63322194351618,1716.0864066515985,113.61457274700805,12864.988467524357,1328.760276125519,1155.6075559440212,970.01010101585,3731.0571395220018,3015.050370563622,44701.53967421544,3707.894548616946,,,,,,,,,,,,,,,,,,,,,,,,,,,,,,,,,,,,,,,,,,,,,,,,,,,,,,,,,,,,,,
opt-1.3b,repro-wikitext2-r70,True,NVIDIA H100,proj,wikitext2,0.7,uniform,0,1024,64,0.0001,20,32,2048,0.05,0.05,False,,,0.7001139322916667,317030400.0,0.0011840872466564178,0.7202293183654547,18.0,20.0,5.713889420032501,0.01,2.48,5.82,2.45,18.12,17.75,81.56,6.08,2763.43,29.77,93.2842186466229,27.867981213312017,93.51026448975317,27.822486736013666,301.0986680595549,92.65530062436251,101.87975863445503,87.3919045278314,58.8763000228763,105.43113582407656,188.1937504874971,116.43760348533672,15.78,10.87,6850.619497388572,4431.196975054321,6861.556892695069,4329.601622774334,16344.340809224494,4759.330953015022,6031.276935464531,5589.763481443471,5833.683298408494,5230.827733152228,60599.26233837704,9017.7775363438,,,,,,,,,,,,,,,,,,,,,,,,,,,,,,,,,,,,,,,,,,,,,,,,,,,,,,,,,,,,,,
opt-125m,init-nobos-wikitext2-r30,True,NVIDIA A100-SXM4-80GB,none,wikitext2,0.3,uniform,0,1024,64,0.001,8,8,2048,0.05,0.05,False,,,0.3003472222222222,,,,,,,0.01,0.25,5.91,0.24,,,15.25,0.61,,,,,,,,,,,,,,,9.18,2.88,914.9913021986673,588.2859555531194,909.0612593568887,579.7911203889068,3223.71094141026,643.9468446068522,833.442756157973,708.4914820434657,320.75158983620946,536.9343190174438,2234.275897245449,898.2094394667658,,,,,,,,,,,,,,,,,,,,,,,,,,,,,,,,,,,,,,,,,,,,,,,,,,,,,,,,,,,,,,
opt-125m,init-nobos-wikitext2-r50,True,NVIDIA H100,none,wikitext2,0.5,uniform,0,1024,64,0.001,8,8,2048,0.05,0.05,False,,,0.5004340277777778,,,,,,,0.0,0.27,6.14,0.24,,,7.04,0.63,,,,,,,,,,,,,,,5.19,2.78,2735.8361593548975,1121.1408648244574,2728.661529041329,1108.1179010442597,9120.199187946177,1881.989558003929,2475.547741936676,2005.4221101691364,568.5308428947262,1081.408631622756,5512.692012777657,2246.545276288852,,,,,,,,,,,,,,,,,,,,,,,,,,,,,,,,,,,,,,,,,,,,,,,,,,,,,,,,,,,,,,
opt-125m,init-nobos-wikitext2-r70,True,NVIDIA H100,none,wikitext2,0.7,uniform,0,1024,64,0.001,8,8,2048,0.05,0.05,False,,,0.7005208333333333,,,,,,,0.0,0.27,6.18,0.24,,,7.05,0.63,,,,,,,,,,,,,,,4.2,2.66,5930.070566751878,2533.441908899907,5782.414709907112,2481.5954202337416,11468.046887867235,3083.071429651672,5544.1567408585215,4796.107246465048,1655.891048979013,2408.0257588733207,10069.409425785785,4506.527707369493,,,,,,,,,,,,,,,,,,,,,,,,,,,,,,,,,,,,,,,,,,,,,,,,,,,,,,,,,,,,,,
opt-125m,oblique-wikitext2-r30,True,NVIDIA H100,none,wikitext2,0.3,uniform,0,1024,64,0.001,8,8,2048,0.05,0.05,False,,,0.3003472222222222,,,,,,,0.0,0.27,5.75,0.24,,,7.05,0.63,,,,,,,,,,,,,,,6.73,4.56,386.7260166691819,187.71793202667885,376.1629655527942,185.64755721380746,1168.1058124571603,388.0375232909903,390.5926562759194,308.734105216927,142.68276466098382,259.3363759394971,1234.779023481021,424.82756066091645,,,,,,,,,,,,,,,,,,,,,,,,,,,3.3717894852161407,2.7177562937140465,,2.9632048159837723,1.8353896886110306,,,,,,,,,,,,,,,,,,,,,,,,,,,,,,,
opt-125m,oblique-wikitext2-r50,True,NVIDIA H100,none,wikitext2,0.5,uniform,0,1024,64,0.001,8,8,2048,0.05,0.05,False,,,0.5004340277777778,,,,,,,0.0,0.27,5.62,0.24,,,6.94,0.63,,,,,,,,,,,,,,,6.09,4.44,1702.375310847205,568.7637533372607,1658.0891407842694,558.4344438300926,4440.946052244473,1476.7107787581954,1569.769798017476,1182.6169114383194,386.34513931954547,709.2850856761515,4186.410895977118,1457.4181083923654,,,,,,,,,,,,,,,,,,,,,,,,,,,4.297319382429123,4.129225753247738,,4.399497650563717,2.9204396158456802,,,,,,,,,,,,,,,,,,,,,,,,,,,,,,,
opt-125m,oblique-wikitext2-r70,True,NVIDIA H100,none,wikitext2,0.7,uniform,0,1024,64,0.001,8,8,2048,0.05,0.05,False,,,0.7005208333333333,,,,,,,0.0,0.27,5.78,0.24,,,7.04,0.63,,,,,,,,,,,,,,,5.1,4.3,4196.869455481008,1150.7236756692548,4181.991095771964,1147.497069212609,8214.924697584556,1891.9447662424966,3345.9500797841843,3030.1529163447217,1200.9753816643642,2037.8465739329692,14069.512555361645,3415.837802133923,,,,,,,,,,,,,,,,,,,,,,,,,,,4.904759585857391,4.904212698340416,,5.255116164684296,3.628089189529419,,,,,,,,,,,,,,,,,,,,,,,,,,,,,,,
opt-125m,pilot-proj-wikitext2-r30-lr1e-3,True,NVIDIA A100-SXM4-40GB,proj,wikitext2,0.3,uniform,0,1024,64,0.001,10,32,2048,0.05,0.05,False,,,0.3003472222222222,14266368.0,0.00041963637340813875,0.29231766518205404,9.0,10.0,3.031658560037613,0.01,0.25,6.89,0.24,12.05,4.56,15.33,0.61,352.97,14.16,56.37645784991131,35.267486363871654,56.11100537081496,35.200301262319435,72.17940962112445,54.58708803604963,65.90611843150015,54.31042123192677,15.492075592129284,41.64413823495064,82.25249298915551,49.693951379685586,11.7,4.25,959.3823031813735,574.8894163373942,951.109861791939,567.6904849556395,3649.8926922488977,682.2642171759776,967.1396161554311,777.5428021863626,356.22912167880236,592.0804582708737,2233.6072743884774,982.2528658391241,,,,,,,,,,,,,,,,,,,,,,,,,,,3.9497792422771454,3.6492844000458717,,3.857202969491482,2.9575472325086594,,,,,,,,,,,,,,,,,,,,,,,,,,,0.9844751004129648,0.8432497084140778,,0.9133771993219852,0.2691282029263675
opt-125m,pilot-proj-wikitext2-r30-lr1e-4,True,NVIDIA A100-SXM4-40GB,proj,wikitext2,0.3,uniform,0,1024,64,0.0001,10,32,2048,0.05,0.05,False,,,0.3003472222222222,14266368.0,0.00045032589696347713,0.44738402031362057,9.0,10.0,3.031658560037613,0.01,0.25,6.31,0.24,12.03,4.56,15.33,0.61,353.46,14.16,71.479597322505,41.424313216245515,71.21310019122451,41.4146831076524,123.48978154045254,62.403638705435995,78.86827470677244,65.42122278653065,24.0932080101506,54.721387920231244,117.50570338648387,67.15553326525509,11.68,4.25,959.3823031813735,574.8894163373942,951.109861791939,567.6904849556395,3649.8926922488977,682.2642171759776,967.1396161554311,777.5428021863626,356.22912167880236,592.0804582708737,2233.6072743884774,982.2528658391241,,,,,,,,,,,,,,,,,,,,,,,,,,,3.9497792422771454,3.6492844000458717,,3.857202969491482,2.9575472325086594,,,,,,,,,,,,,,,,,,,,,,,,,,,1.1879798080772161,1.0412748157978058,,1.1528926268219948,0.4126250119879842
opt-125m,pilot-proj-wikitext2-r30-lr3e-3,True,NVIDIA A100-SXM4-40GB,proj,wikitext2,0.3,uniform,0,1024,64,0.003,10,32,2048,0.05,0.05,False,,,0.3003472222222222,14266368.0,0.00038018383202143013,0.36418814305216074,9.0,10.0,3.031658560037613,0.01,0.25,6.97,0.24,12.09,4.56,15.43,0.61,354.27,14.16,67.56793071156206,36.72684076137352,67.33328849675085,36.68413096775074,90.10491636381724,70.89727013590806,79.48269995770346,64.27259093120229,22.792811771253092,59.501113798130106,93.59388437950209,63.45470677643295,11.72,4.25,959.3823031813735,574.8894163373942,951.109861791939,567.6904849556395,3649.8926922488977,682.2642171759776,967.1396161554311,777.5428021863626,356.22912167880236,592.0804582708737,2233.6072743884774,982.2528658391241,,,,,,,,,,,,,,,,,,,,,,,,,,,3.9497792422771454,3.6492844000458717,,3.857202969491482,2.9575472325086594,,,,,,,,,,,,,,,,,,,,,,,,,,,1.2497351802885532,1.0312421340495348,,1.117637624964118,0.3365729432553053
opt-125m,pilot-proj-wikitext2-r30-lr3e-4,True,NVIDIA A100-SXM4-40GB,proj,wikitext2,0.3,uniform,0,1024,64,0.0003,10,32,2048,0.05,0.05,False,,,0.3003472222222222,14266368.0,0.00043511466355994344,0.3555159131065011,9.0,10.0,3.031658560037613,0.01,0.25,6.54,0.24,12.04,4.56,15.31,0.61,353.0,14.16,61.440696617294634,37.69313501341285,61.17212450151126,37.63206711066907,95.23192936910901,56.29957522065381,69.90379417367846,57.55688971878252,18.93362377690557,46.13119192532913,95.37586891238547,56.318409957430404,11.69,4.25,959.3823031813735,574.8894163373942,951.109861791939,567.6904849556395,3649.8926922488977,682.2642171759776,967.1396161554311,777.5428021863626,356.22912167880236,592.0804582708737,2233.6072743884774,982.2528658391241,,,,,,,,,,,,,,,,,,,,,,,,,,,3.9497792422771454,3.6492844000458717,,3.857202969491482,2.9575472325086594,,,,,,,,,,,,,,,,,,,,,,,,,,,1.0450955536216497,0.9043545331805944,,0.99823197722435,0.32776004914194345
opt-125m,pilot-proj-wikitext2-r50-lr1e-3,True,NVIDIA A100-SXM4-40GB,proj,wikitext2,0.5,uniform,0,1024,64,0.001,10,32,2048,0.05,0.05,False,,,0.5004340277777778,18284544.0,0.0004067444824613631,0.5345755172893405,9.0,10.0,3.663168080151081,0.01,0.25,6.2,0.24,10.81,4.64,15.4,0.61,381.7,14.44,88.71981922940608,43.95804873474677,88.48262121011129,43.94423231898484,155.3875491412979,85.41455242082745,100.22540167787534,81.48931365973458,37.16016564667829,82.30711539646279,151.57293318889316,90.63773262364137,10.39,4.25,2640.235202269689,1129.7837060504378,2636.99971834509,1125.620828261578,8731.987341465923,1888.2092248111962,2488.408126550103,1951.5453430705786,598.0807134288734,1140.4088087321943,4915.581488853562,2223.206577673934,,,,,,,,,,,,,,,,,,,,,,,,,,,4.772345259785652,4.550838142633438,,4.801097571849823,3.63827183842659,,,,,,,,,,,,,,,,,,,,,,,,,,,1.4222509376704693,1.2759440205991268,,1.4174192324280739,0.48977320455014706
opt-125m,pilot-proj-wikitext2-r50-lr1e-4,True,NVIDIA A100-SXM4-40GB,proj,wikitext2,0.5,uniform,0,1024,64,0.0001,10,32,2048,0.05,0.05,False,,,0.5004340277777778,18284544.0,0.0004703648155555129,0.7837930787354708,9.0,10.0,3.663168080151081,0.01,0.25,6.37,0.24,10.87,4.64,15.43,0.61,383.4,14.44,126.7823136575521,57.346602989733434,126.68363773628103,57.39126920237846,323.4534212249219,102.8479825895797,135.40295107243617,110.80462437337077,65.50581108980077,117.07776607959768,276.0993020585804,140.05144259841134,10.42,4.25,2640.235202269689,1129.7837060504378,2636.99971834509,1125.620828261578,8731.987341465923,1888.2092248111962,2488.408126550103,1951.5453430705786,598.0807134288734,1140.4088087321943,4915.581488853562,2223.206577673934,,,,,,,,,,,,,,,,,,,,,,,,,,,4.772345259785652,4.550838142633438,,4.801097571849823,3.63827183842659,,,,,,,,,,,,,,,,,,,,,,,,,,,1.7493595033884048,1.600123107433319,,1.7812272645533085,0.7320068012923002
opt-125m,pilot-proj-wikitext2-r50-lr3e-3,True,NVIDIA A100-SXM4-80GB,proj,wikitext2,0.5,uniform,0,1024,64,0.003,10,32,2048,0.05,0.05,False,,,0.5004340277777778,18284544.0,0.0003793961077462882,0.6329844985157251,9.0,10.0,3.663168080151081,0.01,0.25,6.08,0.24,10.36,4.64,15.8,0.61,357.33,14.44,107.2028713472128,47.511340641169895,107.17713079468727,47.437224050049956,216.2931472769494,100.69456036653477,115.8788545740054,95.19390302395495,41.613030260704726,91.27619901591224,156.5160891635173,105.2241496764344,10.0,4.25,2640.235202269689,1129.7837060504378,2636.99971834509,1125.620828261578,8731.987341465923,1888.2092248111962,2488.408126550103,1951.5453430705786,598.0807134288734,1140.4088087321943,4915.581488853562,2223.206577673934,,,,,,,,,,,,,,,,,,,,,,,,,,,4.772345259785652,4.550838142633438,,4.801097571849823,3.63827183842659,,,,,,,,,,,,,,,,,,,,,,,,,,,1.503005012869835,1.4383431375026703,,1.5724803730845451,0.5782442595809698
opt-125m,pilot-proj-wikitext2-r50-lr3e-4,True,NVIDIA A100-SXM4-40GB,proj,wikitext2,0.5,uniform,0,1024,64,0.0003,10,32,2048,0.05,0.05,False,,,0.5004340277777778,18284544.0,0.0004376210563350469,0.6158516258001328,9.0,10.0,3.663168080151081,0.01,0.25,6.45,0.24,10.87,4.64,15.43,0.61,382.78,14.44,99.89384522689681,48.261597487010405,99.6129445871149,48.255236822713364,202.17572945699084,86.41280532209095,111.15384599967912,89.75206570725895,44.8368522884421,88.32590149303356,179.84838666783773,103.1371475212447,10.41,4.25,2640.235202269689,1129.7837060504378,2636.99971834509,1125.620828261578,8731.987341465923,1888.2092248111962,2488.408126550103,1951.5453430705786,598.0807134288734,1140.4088087321943,4915.581488853562,2223.206577673934,,,,,,,,,,,,,,,,,,,,,,,,,,,4.772345259785652,4.550838142633438,,4.801097571849823,3.63827183842659,,,,,,,,,,,,,,,,,,,,,,,,,,,1.545449260622263,1.38784871250391,,1.538365751504898,0.5695542767643929
opt-125m,pilot-proj-wikitext2-r70-lr1e-3,True,NVIDIA A100-SXM4-40GB,proj,wikitext2,0.7,uniform,0,1024,64,0.001,10,32,2048,0.05,0.05,False,,,0.7005208333333333,22302720.0,0.00038131195469759405,0.9420629423111677,9.0,10.0,4.5019016563892365,0.01,0.25,6.26,0.24,9.61,4.69,15.31,0.61,410.82,14.72,169.6259328847991,64.5824642996395,169.2010656898711,64.56550850213532,504.0565064150468,138.00727461822487,184.61652140436968,145.03726150805136,87.59174646192626,159.91969813728662,308.6754189039734,187.19123410418376,9.14,4.22,5822.841399697592,2532.2240241630125,5705.935124031688,2521.114264697526,11830.331330285171,3221.1822690742365,5565.188685864392,4702.832884666005,1671.2599684888587,2436.571684780959,10376.276986472389,4577.9787511209,,,,,,,,,,,,,,,,,,,,,,,,,,,5.658093571662903,5.347040474414825,,5.616880789399147,4.410536624491215,,,,,,,,,,,,,,,,,,,,,,,,,,,2.0820487067103386,1.902370624244213,,2.106998957693577,0.8688060231506824
opt-125m,pilot-proj-wikitext2-r70-lr1e-4,True,NVIDIA A100-SXM4-40GB,proj,wikitext2,0.7,uniform,0,1024,64,0.0001,10,32,2048,0.05,0.05,False,,,0.7005208333333333,22302720.0,0.000504575960803777,1.3490406200289726,9.0,10.0,4.5019016563892365,0.01,0.25,6.53,0.24,9.61,4.69,15.38,0.61,410.35,14.72,264.03335544210756,100.50491519481521,264.26625485207575,100.58379678177737,1065.2744156442748,208.77918592177573,270.3273174882909,217.89576772540613,189.43493619742355,265.6746358436289,804.0247189338706,340.4492863775565,9.16,4.22,5822.841399697592,2532.2240241630125,5705.935124031688,2521.114264697526,11830.331330285171,3221.1822690742365,5565.188685864392,4702.832884666005,1671.2599684888587,2436.571684780959,10376.276986472389,4577.9787511209,,,,,,,,,,,,,,,,,,,,,,,,,,,5.658093571662903,5.347040474414825,,5.616880789399147,4.410536624491215,,,,,,,,,,,,,,,,,,,,,,,,,,,2.574777752161026,2.301970422267914,,2.5803159922361374,1.313930183649063
opt-125m,pilot-proj-wikitext2-r70-lr3e-3,True,NVIDIA A100-SXM4-40GB,proj,wikitext2,0.7,uniform,0,1024,64,0.003,10,32,2048,0.05,0.05,False,,,0.7005208333333333,22302720.0,0.000328086840454489,1.104269914329052,9.0,10.0,4.5019016563892365,0.01,0.25,6.22,0.24,9.66,4.69,15.44,0.61,410.87,14.72,210.95064157026655,73.15123788072069,210.73459472329378,73.16418266910796,801.7140863782722,167.97915339646383,223.03985256582396,182.8986647789927,149.8089444887677,227.85430188732477,305.97977619977365,247.8037896421866,9.15,4.22,5822.841399697592,2532.2240241630125,5705.935124031688,2521.114264697526,11830.331330285171,3221.1822690742365,5565.188685864392,4702.832884666005,1671.2599684888587,2436.571684780959,10376.276986472389,4577.9787511209,,,,,,,,,,,,,,,,,,,,,,,,,,,5.658093571662903,5.347040474414825,,5.616880789399147,4.410536624491215,,,,,,,,,,,,,,,,,,,,,,,,,,,2.244091749191284,2.098146989941597,,2.317775834351778,1.0170535314828157
opt-125m,pilot-proj-wikitext2-r70-lr3e-4,True,NVIDIA A100-SXM4-40GB,proj,wikitext2,0.7,uniform,0,1024,64,0.0003,10,32,2048,0.05,0.05,False,,,0.7005208333333333,22302720.0,0.00044445949606597424,1.0575636886060238,9.0,10.0,4.5019016563892365,0.01,0.25,6.87,0.24,9.61,4.69,15.35,0.61,410.41,14.72,188.32651149923888,73.45627287506986,188.05094329274277,73.46930243615061,617.4905081364445,146.67656435980726,204.6180116187273,162.72664795503886,111.59544635708941,187.90677777293973,429.9767122155823,222.72827003867607,9.15,4.22,5822.841399697592,2532.2240241630125,5705.935124031688,2521.114264697526,11830.331330285171,3221.1822690742365,5565.188685864392,4702.832884666005,1671.2599684888587,2436.571684780959,10376.276986472389,4577.9787511209,,,,,,,,,,,,,,,,,,,,,,,,,,,5.658093571662903,5.347040474414825,,5.616880789399147,4.410536624491215,,,,,,,,,,,,,,,,,,,,,,,,,,,2.2079347781836987,2.0039412938058376,,2.2364970594644547,0.98317651450634
opt-125m,repro-wikitext2-r30,True,NVIDIA A100-SXM4-40GB,proj,wikitext2,0.3,uniform,0,1024,64,0.001,40,32,2048,0.05,0.05,False,,,0.3003472222222222,14266368.0,0.0004271999350748956,0.2066221002023667,38.0,40.0,3.03078169003129,0.01,0.25,6.49,0.24,9.87,4.45,15.55,0.61,1462.62,7.41,46.7851009273468,32.72596789768769,46.58014343908254,32.64636092442023,44.407410777533464,45.65874871063401,55.47474873745662,45.6853905988969,11.287550926325277,31.822989522675133,64.50726857138109,38.21706723929157,9.53,2.88,959.3823031813735,574.8894163373942,951.109861791939,567.6904849556395,3649.8926922488977,682.2642171759776,967.1396161554311,777.5428021863626,356.22912167880236,592.0804582708737,2233.6072743884774,982.2528658391241,,,,,,,,,,,,,,,,,,,,,,,,,,,,,,,,,,,,,,,,,,,,,,,,,,,,,,,,,,,,,,
opt-125m,repro-wikitext2-r50,True,NVIDIA A100-SXM4-40GB,proj,wikitext2,0.5,uniform,0,1024,64,0.001,40,32,2048,0.05,0.05,False,,,0.5004340277777778,18284544.0,0.0004495643370319158,0.3533195639029145,39.0,40.0,3.663066327571869,0.01,0.25,7.1,0.24,8.8,4.55,15.51,0.61,1568.81,7.61,67.72146068340284,37.27346130298037,67.52315190863881,37.21086558688364,89.93231701120493,69.1890388043341,74.76905741029466,63.114568083034854,21.251551994411212,53.21423579236143,106.4546275706073,62.03357407130084,8.35,2.76,2640.235202269689,1129.7837060504378,2636.99971834509,1125.620828261578,8731.987341465923,1888.2092248111962,2488.408126550103,1951.5453430705786,598.0807134288734,1140.4088087321943,4915.581488853562,2223.206577673934,,,,,,,,,,,,,,,,,,,,,,,,,,,,,,,,,,,,,,,,,,,,,,,,,,,,,,,,,,,,,,
opt-125m,repro-wikitext2-r70,True,NVIDIA A100-SXM4-40GB,proj,wikitext2,0.7,uniform,0,1024,64,0.001,40,32,2048,0.05,0.05,False,,,0.7005208333333333,22302720.0,0.0004608514718711376,0.5964400959201157,39.0,40.0,4.502112302929163,0.01,0.25,7.27,0.24,7.73,4.64,15.51,0.61,1673.11,7.8,111.36472170292724,46.67546799221763,111.09361457198762,46.65785353281583,289.07664395886536,101.38287658710429,125.86765107737259,100.64656196848094,56.598913047664425,109.23529663244561,197.4503789269857,124.09662286578113,7.24,2.64,5822.841399697592,2532.2240241630125,5705.935124031688,2521.114264697526,11830.331330285171,3221.1822690742365,5565.188685864392,4702.832884666005,1671.2599684888587,2436.571684780959,10376.276986472389,4577.9787511209,,,,,,,,,,,,,,,,,,,,,,,,,,,,,,,,,,,,,,,,,,,,,,,,,,,,,,,,,,,,,,
qwen3-1.7b,none-alpaca-r30-s0,True,NVIDIA H100,none,alpaca,0.3,uniform,0,512,32,0.001,8,8,2048,0.05,0.05,False,,,0.30013020833333337,,,,,,,0.01,3.24,0.63,3.21,,,76.81,7.58,,,,,,,,,,,,,,,149.13,23.96,143.86163539581966,226.99147377856326,143.86163539581966,226.99147377856326,1126.5885321046273,154.4364817991616,156.74339410310517,147.9304112604316,879.8494905532594,422.63711114292556,5302.38053469569,501.2876184696894,0.23976109215017063,0.012476304127453939,0.2832764505119454,0.013167478735134564,0.4031986531986532,0.010065668576794674,0.3728956228956229,0.009922743197129104,0.6278287461773701,0.008454434247373955,0.2991435968930492,0.004569470678071479,0.3337980481975702,0.0047060481167652025,0.164,0.016575811142446696,0.274,0.019966103540279518,0.5957562568008705,0.011449891763007486,0.6017410228509249,0.011421759697789035,0.5067087608524072,0.014051220692330247,0.4051995865817887,0.42860695021226297,1.5130268894135952,2.2448683381080627,4.7474943138659,2.3748799860477448,3.2092981413006783,,,,,,,,,,,,,,,,,,,,,,,,,,,,,,,
qwen3-1.7b,none-alpaca-r50-s0,True,NVIDIA A100-SXM4-40GB,none,alpaca,0.5,uniform,0,512,32,0.001,8,8,2048,0.05,0.05,False,,,0.500244140625,,,,,,,0.01,3.21,0.85,3.21,,,147.09,7.56,,,,,,,,,,,,,,,387.24,21.34,2704.7963419904304,10031.260675605521,2704.7963419904304,10031.260675605521,60404.440257888724,1762.6809334644845,2468.66293034837,2675.906973561276,510232.2990318402,35326.60968067435,134926.19619758628,20845.87950866024,0.21331058020477817,0.011970971742326334,0.23976109215017063,0.012476304127453939,0.27230639730639733,0.009134218447652479,0.27230639730639733,0.009134218447652479,0.4235474006116208,0.008642220663071498,0.26399123680541725,0.004398937225038117,0.2756423023302131,0.004459241474518529,0.138,0.015439843831953423,0.282,0.020143572847290726,0.5457018498367792,0.011616990094583295,0.5331882480957563,0.011640096923563308,0.5059194948697711,0.014051500838485923,0.33753956566210913,0.3617664193377042,3.4712433516979218,4.990711942315102,8.223200529813766,5.67490816116333,6.907995909452438,,,,,,,,,,,,,,,,,,,,,,,,,,,,,,,
qwen3-1.7b,none-c4-r30-s0,True,NVIDIA A100-SXM4-40GB,none,c4,0.3,uniform,0,512,32,0.001,8,8,2048,0.05,0.05,False,,,0.30013020833333337,,,,,,,0.01,3.21,8.01,3.21,,,147.74,7.56,,,,,,,,,,,,,,,277.19,23.93,94.34854308259818,133.85648107563514,94.34854308259818,133.85648107563514,1472.9031696228794,112.62059704566946,104.74519986710362,104.53819216704125,2955.882596960123,962.316582294706,1592.8644443251007,503.73006478652155,0.22696245733788395,0.012240491536132965,0.24658703071672355,0.012595726268789992,0.3413299663299663,0.009729473841242996,0.31691919191919193,0.009547254611446178,0.6247706422018349,0.00846839782091457,0.2989444333798048,0.004568598290799725,0.3344951204939255,0.004708494114573933,0.142,0.01562563024781025,0.254,0.01948659680164342,0.573993471164309,0.011537375448519308,0.5554951033732318,0.011593746871584282,0.5074980268350434,0.014050905521228646,0.38792842817840606,0.4056807307914216,2.9413605332374573,1.9087909236550331,5.077903166413307,2.085765514522791,2.67082504555583,,,,,,,,,,,,,,,,,,,,,,,,,,,,,,,
qwen3-1.7b,none-c4-r50-s0,True,NVIDIA A100-SXM4-40GB,none,c4,0.5,uniform,0,512,32,0.001,8,8,2048,0.05,0.05,False,,,0.500244140625,,,,,,,0.01,3.21,8.12,3.21,,,146.97,7.56,,,,,,,,,,,,,,,384.25,21.34,405.42991047915126,945.9348539708141,405.42991047915126,945.9348539708141,9999.750289218231,379.7817301246682,403.03483811877794,479.75798333940935,282630.70676071773,9596.922108986571,9256.712502492908,4068.039477959164,0.22013651877133106,0.01210812488346088,0.23976109215017063,0.012476304127453939,0.2828282828282828,0.009241472775328163,0.27946127946127947,0.009207838142597383,0.5865443425076453,0.008613059239942654,0.2719577773351922,0.004440588618232529,0.28560047799243177,0.004507768029590407,0.14,0.015533272840269705,0.27,0.019874354831287473,0.5554951033732318,0.011593746871584282,0.5353645266594124,0.011636607860111725,0.505130228887135,0.014051745961790525,0.3660131791004026,0.3859802782368678,4.331641368567944,3.227509118616581,7.349081948399544,3.6124849691987038,4.61407133191824,,,,,,,,,,,,,,,,,,,,,,,,,,,,,,,
qwen3-1.7b,none-selfdoc-r30-s0,True,NVIDIA A100-SXM4-40GB,none,selfdoc,0.3,uniform,0,512,32,0.001,8,8,2048,0.05,0.05,False,,out/calib/qwen3-1.7b/selfdoc-T1.0-s0.pt,0.30013020833333337,,,,,,,0.01,3.21,0.22,3.21,,,146.78,7.56,,,,,,,,,,,,,,,278.59,23.93,106.16391214420017,86.82527101219482,106.16391214420017,86.82527101219482,20.77883469320475,106.41607900590192,121.12652544189946,109.83705818326229,7.0562749505155455,40.8383448518239,393.60441759306764,61.524166751954645,0.21843003412969283,0.012074291605700917,0.24914675767918087,0.012639407111926505,0.38341750841750843,0.009976995068264598,0.36447811447811446,0.009875729282482447,0.6345565749235474,0.008422437370062711,0.2920732921728739,0.004537865171413777,0.3260306711810396,0.004678006403692155,0.152,0.016071982367911835,0.27,0.019874354831287473,0.5783460282916213,0.011521722161800405,0.5652883569096845,0.011565943814308907,0.4940805051302289,0.014051500838485925,0.3932719918664961,0.4147972829002566,1.6803822740912437,1.979707457125187,1.3622868210077286,1.992390751838684,2.263233032077551,,,,,,,,,,,,,,,,,,,,,,,,,,,,,,,
qwen3-1.7b,none-selfdoc-r50-s0,True,NVIDIA A100-SXM4-80GB,none,selfdoc,0.5,uniform,0,512,32,0.001,8,8,2048,0.05,0.05,False,,out/calib/qwen3-1.7b/selfdoc-T1.0-s0.pt,0.500244140625,,,,,,,0.01,3.21,2.88,3.21,,,143.87,7.56,,,,,,,,,,,,,,,368.25,21.34,485.03568757039744,750.4070954420396,485.03568757039744,750.4070954420396,219.6415511295068,483.76011135638123,465.1398712475393,467.97840154418907,189.3864385354188,321.5774726833675,3088.9924176080617,459.8941614983254,0.18771331058020477,0.011411001314155208,0.25,0.012653835621466646,0.29124579124579125,0.009322788837939095,0.2824074074074074,0.00923730340347929,0.5730886850152905,0.008651119069643751,0.2703644692292372,0.004432403734882474,0.2811192989444334,0.0044862684706668725,0.14,0.015533272840269705,0.276,0.02001121929807355,0.5364526659412405,0.01163477983787243,0.5364526659412405,0.01163477983787243,0.500394632991318,0.01405248130604961,0.35703707928615463,0.38563752718566996,3.343697041273117,3.422736629843712,2.718450553715229,3.545297034084797,4.489448554813862,,,,,,,,,,,,,,,,,,,,,,,,,,,,,,,
qwen3-1.7b,none-selfgen-r30-s0,True,NVIDIA H100,none,selfgen,0.3,uniform,0,512,32,0.001,8,8,2048,0.05,0.05,False,,out/calib/qwen3-1.7b/selfgen-T1.0-s0.pt,0.30013020833333337,,,,,,,0.01,3.24,0.01,3.21,,,76.25,7.58,,,,,,,,,,,,,,,148.61,23.96,145.36048407054824,116.69950036236452,145.36048407054824,116.69950036236452,31.450827454796396,140.85265433283527,169.21955628353203,153.7117803398208,8.83755865247798,59.04161302926685,503.996219610257,84.3188470978547,0.2158703071672355,0.012022975360030762,0.25341296928327645,0.012710896778378677,0.34385521885521886,0.009746660584852388,0.3164983164983165,0.009543851857323987,0.6284403669724771,0.008451598145076813,0.28271260705038836,0.004493975527386529,0.31627165903206533,0.004640699483543524,0.168,0.01673655354154187,0.28,0.020099950647503192,0.5522306855277476,0.011601999796866942,0.544613710554951,0.011619292444156876,0.505130228887135,0.014051745961790525,0.38517705920860035,0.40633817874688877,2.0197829492390156,2.3553112149238586,1.612488692626357,2.385748714208603,2.4912949092686176,,,,,,,,,,,,,,,,,,,,,,,,,,,,,,,
qwen3-1.7b,none-selfgen-r50-s0,True,NVIDIA A100-SXM4-40GB,none,selfgen,0.5,uniform,0,512,32,0.001,8,8,2048,0.05,0.05,False,,out/calib/qwen3-1.7b/selfgen-T1.0-s0.pt,0.500244140625,,,,,,,0.01,3.21,0.02,3.21,,,146.45,7.56,,,,,,,,,,,,,,,389.79,21.34,461.3313849056104,686.9366892777227,461.3313849056104,686.9366892777227,335.2710433272064,419.4712020641989,471.63563173212805,461.62610349786996,180.94706074560372,331.2148687922234,2677.9410033646172,467.9594458857448,0.1945392491467577,0.011567709174648689,0.2525597269624573,0.012696728980207687,0.29924242424242425,0.009396447162309833,0.2958754208754209,0.009365854134139855,0.5495412844036697,0.008702022442951096,0.2687711611232822,0.004424146562745972,0.2824138617805218,0.004492535748097823,0.158,0.0163280498045799,0.27,0.019874354831287473,0.545157780195865,0.011618148261187499,0.5386289445048966,0.011630956681145891,0.48539857932123126,0.014046492383275955,0.3572357826333186,0.38205968826402825,3.502154268324375,3.4222483038902283,2.7284328006207943,3.493090309202671,4.361581370234489,,,,,,,,,,,,,,,,,,,,,,,,,,,,,,,
qwen3-1.7b,none-slimpajama-r30-s0,True,NVIDIA A100-SXM4-40GB,none,slimpajama,0.3,uniform,0,512,32,0.001,8,8,2048,0.05,0.05,False,,,0.30013020833333337,,,,,,,0.01,3.21,1.54,3.21,,,146.61,7.56,,,,,,,,,,,,,,,271.43,23.93,118.42573239103366,135.79019770288153,118.42573239103366,135.79019770288153,44.673836251297786,114.43024026603047,121.95983815212337,110.1028859312267,66.8476274942803,132.4300832284633,477.9507689819535,116.45340784773363,0.21843003412969283,0.012074291605700917,0.2525597269624573,0.012696728980207687,0.3274410774410774,0.009629415859100505,0.3223905723905724,0.009590672908157372,0.6122324159021407,0.008521900328013834,0.2929695279824736,0.004541944342036215,0.3271260705038837,0.0046820489066224805,0.136,0.015345323649758309,0.264,0.01973288558592215,0.5658324265505985,0.011564264866016225,0.5505984766050055,0.011605936624156033,0.4972375690607735,0.014052271211616401,0.37859186443810805,0.4037349759178333,2.6824069917201996,2.072002552449703,3.9477481953799725,2.054073177278042,2.674545519053936,,,,,,,,,,,,,,,,,,,,,,,,,,,,,,,
qwen3-1.7b,none-slimpajama-r50-s0,True,NVIDIA A100-SXM4-40GB,none,slimpajama,0.5,uniform,0,512,32,0.001,8,8,2048,0.05,0.05,False,,,0.500244140625,,,,,,,0.01,3.21,1.61,3.21,,,146.96,7.56,,,,,,,,,,,,,,,390.77,21.34,528.3510741757887,861.306144223018,528.3510741757887,861.306144223018,1156.6952080805909,369.2147136108686,508.21754423361784,466.8335810120319,16292.82411750124,2462.0036845113455,2627.0199267117005,1402.5636772355147,0.19965870307167236,0.01168162575688869,0.2431740614334471,0.012536554144587002,0.2815656565656566,0.009228934764519166,0.2807239057239057,0.009220526174711252,0.44678899082568807,0.008695392261996122,0.2680740888269269,0.004420511215131262,0.2811192989444334,0.0044862684706668725,0.13,0.015055009352810992,0.246,0.019279819056352458,0.5495103373231773,0.011608491028638193,0.543525571273123,0.011621538875661558,0.48855564325177586,0.014048804199859391,0.33773620283784245,0.3614124959217676,4.194684341549873,3.489212840795517,5.829523004591465,3.5955950021743774,4.5545699298381805,,,,,,,,,,,,,,,,,,,,,,,,,,,,,,,
qwen3-1.7b,none-wikitext2-r30-s0,True,NVIDIA A100-SXM4-40GB,none,wikitext2,0.3,uniform,0,512,32,0.001,8,8,2048,0.05,0.05,False,,,0.30013020833333337,,,,,,,0.01,3.21,7.59,3.21,,,146.77,7.56,,,,,,,,,,,,,,,274.7,23.93,250.98358298072574,44.354459330790256,250.98358298072574,44.354459330790256,4064.1774549303977,226.88389975890144,226.10462442316927,207.21120652052386,16103.062903596263,3349.8224835717397,2129.645430019015,1257.1611290781816,0.2150170648464164,0.012005717634133543,0.26023890784982934,0.012821930225112672,0.3164983164983165,0.009543851857323987,0.3106060606060606,0.009495260551195664,0.4492354740061162,0.008699865557703858,0.29038040231029677,0.004530101869973359,0.3217486556462856,0.004661924314755835,0.166,0.016656616876531173,0.26,0.019635965529725526,0.5609357997823722,0.01157886564932124,0.5484221980413493,0.011610989358814248,0.48697711128650356,0.014047718393997596,0.35500630981857456,0.3767469153480207,3.8990902081131935,2.7987729981541634,6.1192725002765656,2.9924959018826485,1.5319451540708542,,,,,,,,,,,,,,,,,,,,,,,,,,,,,,,
qwen3-1.7b,none-wikitext2-r50-s0,True,NVIDIA H100,none,wikitext2,0.5,uniform,0,512,32,0.001,8,8,2048,0.05,0.05,False,,,0.500244140625,,,,,,,0.01,3.24,5.94,3.21,,,76.58,7.58,,,,,,,,,,,,,,,225.79,21.36,2069.5263602086616,254.38584949005354,2069.5263602086616,254.38584949005354,27217.59911075841,1242.7348344549316,1935.3972858529087,1328.5356922318956,381896.58244546107,24085.582584202864,18901.805529700043,10608.49997337646,0.21928327645051193,0.012091245787615647,0.2525597269624573,0.012696728980207687,0.2807239057239057,0.009220526174711252,0.26725589225589225,0.009080463246017426,0.37920489296636084,0.008486012137246443,0.26857199761003786,0.00442310931329872,0.2819159529974109,0.004490130691020611,0.136,0.015345323649758309,0.236,0.01900869962208476,0.5408052230685527,0.011626910523588394,0.515778019586507,0.011660014400426034,0.4877663772691397,0.01404827882040573,0.3303365247269298,0.3457829802911097,6.495907634496689,4.799609646201134,8.718434602022171,5.05143241584301,3.249347560107708,,,,,,,,,,,,,,,,,,,,,,,,,,,,,,,
qwen3-1.7b,pilot-proj-c4-r50-lr1e-3-e8,True,NVIDIA A100-SXM4-40GB,proj,c4,0.5,uniform,0,512,32,0.001,8,8,2048,0.05,0.05,False,,,0.500244140625,305987584.0,0.0005838262150064111,1.0175097770988941,7.0,8.0,6.505900822579861,0.01,3.21,8.05,3.21,93.7,27.03,147.68,7.56,2553.0,30.86,44.33482916817215,52.310035043561165,44.33482916817215,52.310035043561165,133.72178430800187,55.09260884624246,45.348685896973116,45.03239461918154,85.45434709198278,107.70138338762868,350.5117038242854,90.18805702585286,,,,,,,,,,,,,,,,,,,,,,,,,,,,,,,,,,,,,,,,,,,,,,,,,,,,,,,,,,,,,,,,,,,,,,,,1.8253993950784206,1.0396451223641634,,1.2468745186924934,1.7087712101638317
qwen3-1.7b,pilot-proj-c4-r50-lr1e-4,True,NVIDIA A100-SXM4-40GB,proj,c4,0.5,uniform,0,512,32,0.0001,8,8,2048,0.05,0.05,False,,,0.500244140625,305987584.0,0.0013954307651147246,0.7262712907977402,6.0,8.0,6.505900822579861,0.01,3.21,8.04,3.21,93.18,21.42,147.28,7.56,2546.62,30.86,32.62464402700519,33.842860172330575,32.62464402700519,33.842860172330575,103.90952277428609,40.737259088490575,33.482222183862184,32.56387457311478,45.427618694983394,82.21553334330514,237.8189681428677,63.36024308383622,,,,,,,,,,,,,,,,,,,,,,,,,,,,,,,,,,,,,,,,,,,,,,,,,,,,,,,,,,,,,,,,,,,,,,,,1.4861750677227974,0.739070650190115,,0.9326957333832979,1.2860967069864273
qwen3-1.7b,pilot-proj-c4-r50-lr3e-4,True,NVIDIA H100,proj,c4,0.5,uniform,0,512,32,0.0003,8,8,2048,0.05,0.05,False,,,0.500244140625,305987584.0,0.0009002956794574857,0.7646883800625801,7.0,8.0,6.5057604387402534,0.01,3.24,6.74,3.21,55.29,27.09,76.49,7.58,1484.32,30.92,33.76541875836435,38.17424939139861,33.76541875836435,38.17424939139861,107.0299397832422,41.38410941492417,34.444235725839725,33.389636514574676,58.74008035927489,84.2172518159199,263.83032457420063,67.89193823624485,,,,,,,,,,,,,,,,,,,,,,,,,,,,,,,,,,,,,,,,,,,,,,,,,,,,,,,,,,,,,,,,,,,,,,,,1.5355279110372066,0.7692661583423615,,0.9659191984683275,1.3956141248345375
qwen3-1.7b,pilot-proj-c4-r50-lr3e-5,True,NVIDIA A100-SXM4-80GB,proj,c4,0.5,uniform,0,512,32,3e-05,8,8,2048,0.05,0.05,False,,,0.500244140625,305987584.0,0.0016593985492363572,0.7667012121528387,7.0,8.0,6.505900822579861,0.01,3.21,7.42,3.21,90.03,27.03,144.07,7.56,2474.31,30.86,33.91382832536849,38.061411438482374,33.91382832536849,38.061411438482374,110.97908830967341,42.20762014447805,34.563427873269085,33.88653247744818,67.3863121599731,95.46292710408358,225.43112399352535,69.65569180318694,,,,,,,,,,,,,,,,,,,,,,,,,,,,,,,,,,,,,,,,,,,,,,,,,,,,,,,,,,,,,,,,,,,,,,,,1.5775968842208385,0.7792420517653227,,0.9803250916302204,1.4525785334408283
qwen3-1.7b,proj-alpaca-r30-s0,True,NVIDIA H100,proj,alpaca,0.3,uniform,0,512,32,0.0001,8,8,2048,0.05,0.05,False,,,0.30013020833333337,240386048.0,0.0007999242516234517,0.2430719919502735,7.0,8.0,2.5586016792804003,0.01,3.24,0.62,3.21,134.31,41.01,76.86,7.58,1113.61,28.77,36.88166217438698,54.05227784320166,36.88166217438698,54.05227784320166,33.975703414060405,35.503054524081065,37.74084651597886,35.065458859821995,12.305891048296886,26.24908247401954,508.61128892300945,42.780746763261746,131.57,37.82,1468.9600619736416,6885.4232990440105,1468.9600619736416,6885.4232990440105,22349.722175113602,1318.9669493200877,1452.8670496536593,1461.8843081532523,141351.63872768832,9316.594621568105,41012.04289615085,8565.0642347775,0.20648464163822525,0.01182886561900235,0.25426621160409557,0.012724999945157845,0.3223905723905724,0.009590672908157372,0.3122895622895623,0.009509325983631588,0.3948012232415902,0.00854930488764765,0.27325234017128064,0.004447185883327611,0.2818163712407887,0.004489648865081343,0.144,0.015716934945725784,0.268,0.019827714859587477,0.5750816104461371,0.011533547946654874,0.5549510337323177,0.011595157509775814,0.4940805051302289,0.014051500838485925,0.34429869900257637,0.3657435581769405,2.8592649400234222,4.3452040404081345,7.009483180940151,4.742680616676807,6.638272374868393,0.32593856655290104,0.013697432466693353,0.36006825938566556,0.014027516814585158,0.6502525252525253,0.009785578618940688,0.6115319865319865,0.010001276044485077,0.6489296636085627,0.00834811495726359,0.3772156940848437,0.004836990373261263,0.47520414260107546,0.004983641854351314,0.248,0.019332342821239124,0.338,0.021175665695209452,0.6719260065288357,0.010954487135124215,0.676822633297062,0.010911974124281996,0.5651144435674822,0.01393281411041803,0.49819669994216437,0.525095875570262,0.23841063538566232,0.8507619705051184,2.0587114822119474,0.947357177734375,1.7082382775843143
qwen3-1.7b,proj-alpaca-r50-s0,True,NVIDIA A100-SXM4-80GB,proj,alpaca,0.5,uniform,0,512,32,0.0001,8,8,2048,0.05,0.05,False,,,0.500244140625,305987584.0,0.0008393042371608317,0.39077147911302745,7.0,8.0,6.533940516412258,0.01,3.21,0.64,3.21,376.03,28.31,144.29,7.56,2473.58,30.81,60.6144287029709,103.88315447060388,60.6144287029709,103.88315447060388,85.9264715787084,58.71848330905246,61.46448298907766,62.91559462772956,32.59647558478758,51.88614456019802,1669.2916029663004,91.83442573250424,373.51,24.27,11799.42514266611,18058.120069133955,11799.42514266611,18058.120069133955,38400.18284571891,7685.267435477816,10385.955758007613,10856.430431221414,264715.65339200397,36887.0553693767,179079.6850020167,34501.04482494669,0.20136518771331058,0.011718927477444347,0.25341296928327645,0.012710896778378677,0.2516835016835017,0.008905088235948856,0.26304713804713803,0.009034514898865944,0.38287461773700304,0.008501734385336268,0.2636924915355507,0.004397339661695592,0.26010754829715194,0.004377965074211591,0.118,0.014441922942480794,0.246,0.019279819056352458,0.5326441784548422,0.011640934420031744,0.5076169749727966,0.011664470424044771,0.4846093133385951,0.014045826789783585,0.3192670414946862,0.34252408023942305,6.652610763907433,6.352184563875198,8.492460921406746,7.023870572447777,7.53567972779274,0.28242320819112626,0.013155456884097213,0.30631399317406144,0.013470584417276554,0.5475589225589226,0.010213265860171308,0.494949494949495,0.010259260102565821,0.6195718654434251,0.00849131002705965,0.32732523401712804,0.004682780790508459,0.38478390758812986,0.004855498343308365,0.196,0.017770751227744897,0.29,0.020313179231745138,0.6371055495103374,0.011218667570840779,0.6251360174102285,0.01129456580561892,0.5351223362273086,0.014017773120881639,0.4493010165640355,0.46512537354180694,0.41627454524859786,1.3248668517917395,2.736153319478035,1.4620192982256413,2.3717461451888084
qwen3-1.7b,proj-c4-r30-s0,True,NVIDIA H200,proj,c4,0.3,uniform,0,512,32,0.0001,8,8,2048,0.05,0.05,False,,,0.30013020833333337,240386048.0,0.0013386448845267296,0.42317539639770985,7.0,8.0,3.5875279791653156,0.01,3.21,7.46,3.21,235.88,40.06,144.05,7.56,1992.4,28.72,23.934572239458276,21.337658695070683,23.934572239458276,21.337658695070683,53.46600094358793,28.48366439145604,25.033536241596252,23.10597513668701,23.973500729441238,48.935611094014654,98.2041384682755,37.354571696861456,248.16,37.79,787.7733711158107,1535.9369508115808,787.7733711158107,1535.9369508115808,20793.617002041014,1033.1400824700936,655.7454018547816,771.4694765231504,440546.0664239581,31623.84474905451,25985.7645429994,8752.38458877081,0.2150170648464164,0.012005717634133543,0.25853242320819114,0.012794553754288777,0.30934343434343436,0.009484615220606778,0.30513468013468015,0.009448531094163992,0.5082568807339449,0.008743862487967628,0.2806213901613224,0.00448384573518753,0.29774945230033856,0.004563342285537794,0.142,0.01562563024781025,0.26,0.019635965529725526,0.558759521218716,0.011584987344513383,0.5413492927094669,0.011625864113315981,0.5082872928176796,0.01405055532282417,0.36032651201735905,0.3827585745577573,5.402082219719887,3.6559599936008453,7.83684828877449,4.18080647289753,4.92322663962841,0.26706484641638223,0.01292893319649643,0.30119453924914674,0.01340674176784774,0.5875420875420876,0.010101305447864773,0.5105218855218855,0.010257511546488402,0.6553516819571865,0.008312235338398187,0.3889663413662617,0.004865193237023886,0.505875323640709,0.004989436910754305,0.22,0.01854421137582028,0.346,0.021294951277234696,0.6800870511425462,0.010882873582092218,0.6882480957562568,0.01080743142487354,0.5430149960536701,0.01400038676159808,0.477432429211162,0.5071723603112649,1.0592066533863544,0.4380598347634077,3.6913757249712944,0.5812223739922047,0.8287808205932379
qwen3-1.7b,proj-c4-r50-s0,True,NVIDIA A100-SXM4-80GB,proj,c4,0.5,uniform,0,512,32,0.0001,8,8,2048,0.05,0.05,False,,,0.500244140625,305987584.0,0.0013278289698064327,0.7263883100822568,6.0,8.0,6.505900822579861,0.01,3.21,7.43,3.21,376.82,27.19,143.93,7.56,2546.52,30.8,32.62629269739764,33.71821421547892,32.62629269739764,33.71821421547892,103.94776851029435,40.79420831929579,33.49008649646166,32.48259670467259,45.478302571468625,82.46872476200566,235.48255109166212,63.30430980891991,349.3,35.77,11444.490176702227,22743.83175122669,11444.490176702227,22743.83175122669,69543.16365993719,7910.867760897189,11375.418359528483,9674.87486477046,583019.4235311949,61925.60110320549,1143463.4725641774,59036.93961139446,0.20051194539249148,0.011700318050499469,0.25597269624573377,0.012753013241244613,0.2676767676767677,0.009085000147099275,0.27314814814814814,0.009143032718360162,0.3785932721712538,0.00848334171802464,0.25791674965146383,0.004365938407209732,0.2560246962756423,0.004355436696716235,0.138,0.015439843831953423,0.216,0.01842190906141201,0.5233949945593036,0.01165304715592769,0.514689880304679,0.011660788281735552,0.5067087608524072,0.014051220692330247,0.32468607004338396,0.34301963628540916,7.906078815460205,6.462140664458275,8.909175917506218,7.065295547246933,7.536957919597626,0.21331058020477817,0.011970971742326334,0.25341296928327645,0.012710896778378677,0.4852693602693603,0.010255329977562138,0.42045454545454547,0.01012911427854655,0.6082568807339449,0.008537618477478344,0.3376817367058355,0.004719529099912876,0.4091814379605656,0.004906779523192695,0.176,0.01704785202062225,0.288,0.020271503835075255,0.6605005440696409,0.011048455047173906,0.6485310119695321,0.011139207691931123,0.5382794001578532,0.014011242594964257,0.4313283574487733,0.45230232079424537,1.433516252785921,0.7388296257704496,2.4066185615956783,0.9299272187054157,1.2805893868207932
qwen3-1.7b,proj-selfdoc-r30-s0,True,NVIDIA A100-SXM4-80GB,proj,selfdoc,0.3,uniform,0,512,32,0.0001,8,8,2048,0.05,0.05,False,,out/calib/qwen3-1.7b/selfdoc-T1.0-s0.pt,0.30013020833333337,240386048.0,0.0012691628653556108,0.48529501585289836,7.0,8.0,3.1348226722329855,0.01,3.21,0.19,3.21,265.63,28.55,144.02,7.56,1989.62,28.72,28.66789528477543,21.118178791848813,28.66789528477543,21.118178791848813,6.818390844543371,31.41969077371199,31.071638263795396,27.39596175737934,3.2065602792884174,10.99708450895452,47.27990391045219,16.287216356279284,259.96,37.79,550.8009679760819,500.91919821369714,550.8009679760819,500.91919821369714,862.6527163795373,1279.3693633257578,469.76167016596236,473.70947662099115,154.13478681630107,262.6624695624401,2095.1445402653026,575.2004027981096,0.2022184300341297,0.011737454431872123,0.23890784982935154,0.012461071376316715,0.3653198653198653,0.009880576614806942,0.33754208754208753,0.009703117820790055,0.6207951070336392,0.008486012137246443,0.27753435570603463,0.004468672138910872,0.3004381597291376,0.00457511609393156,0.132,0.015152927850580223,0.268,0.019827714859587477,0.55930359085963,0.011583478090656981,0.5544069640914037,0.011596554080987587,0.5074980268350434,0.014050905521228646,0.3806670536840489,0.4039411707229519,2.9183309227228165,3.169623479247093,2.6702912151813507,3.6398387476801872,3.8799376785755157,0.2935153583617747,0.013307250444941061,0.32764505119453924,0.013715847940719344,0.5955387205387206,0.010070746648278901,0.54503367003367,0.010218084454602478,0.4960244648318043,0.008744778542942323,0.35082652857996416,0.004762534245488198,0.4387572196773551,0.004952209831856724,0.204,0.01803936910413861,0.314,0.020776701920308973,0.6392818280739935,0.01120406480908839,0.6479869423286181,0.011143148953065991,0.531965272296764,0.014023739221166408,0.44445031038328875,0.4716303743375358,0.4921243842691183,0.6172344349324703,0.4136659223586321,0.6568105053156614,0.7993802279233932
qwen3-1.7b,proj-selfdoc-r50-s0,True,NVIDIA A100-SXM4-40GB,proj,selfdoc,0.5,uniform,0,512,32,0.0001,8,8,2048,0.05,0.05,False,,out/calib/qwen3-1.7b/selfdoc-T1.0-s0.pt,0.500244140625,305987584.0,0.0012654473539441824,0.7760737594217062,6.0,8.0,7.727148495614529,0.01,3.21,0.2,3.21,389.47,28.32,147.07,7.56,2550.76,30.81,43.71783832233187,36.175414701859324,43.71783832233187,36.175414701859324,9.65829958891,49.91463479384562,46.49305325382479,42.50884746123319,4.184839517377789,15.772196817964138,107.47436994449876,25.36690078546992,387.84,24.27,6693.432860714063,9339.2620274162,6693.432860714063,9339.2620274162,44519.99120903901,7611.5192016357405,5685.92883607115,5626.6733925659755,167189.8423007748,25401.399478889365,111328.35400810948,24384.146116199805,0.2167235494880546,0.012040156713481203,0.25853242320819114,0.012794553754288777,0.29503367003367004,0.009358110551087331,0.2718855218855219,0.009129795867310605,0.43333333333333335,0.008666972565214332,0.25712009559848636,0.004361529679492765,0.2593108942441745,0.0043736082125607105,0.136,0.015345323649758309,0.244,0.019226734893614636,0.5353645266594124,0.011636607860111725,0.515233949945593,0.011660408257153443,0.5067087608524072,0.014051220692330247,0.34004056228076623,0.3555721262098887,6.6838982701301575,6.020686864852905,7.841823294758797,6.345569849014282,6.804407522082329,0.2167235494880546,0.012040156713481203,0.2627986348122867,0.012862523175351397,0.49242424242424243,0.010258605792153307,0.4617003367003367,0.010229639820610701,0.5611620795107034,0.008679381375857513,0.2991435968930492,0.004569470678071479,0.3428599880501892,0.004736950810617971,0.168,0.01673655354154187,0.268,0.019827714859587477,0.5930359085963003,0.011462093919190149,0.5984766050054406,0.011437324373397841,0.5059194948697711,0.014051500838485923,0.4052012673974459,0.42870244842124683,0.8443763013929129,1.0246360152959824,0.6622364353388548,1.0815597865730524,1.3155887573957443
qwen3-1.7b,proj-selfgen-r30-s0,True,NVIDIA A100-SXM4-40GB,proj,selfgen,0.3,uniform,0,512,32,0.0001,8,8,2048,0.05,0.05,False,,out/calib/qwen3-1.7b/selfgen-T1.0-s0.pt,0.30013020833333337,240386048.0,0.0013469690456986427,0.4065752497408539,7.0,8.0,2.628886291757226,0.01,3.24,0.01,3.21,134.94,41.01,76.24,7.58,1114.09,28.77,89.23538253679294,68.0927057306608,89.23538253679294,68.0927057306608,33.446033750239636,104.34606622002647,85.04602870413335,80.27920987611526,11.76330307073612,42.777388134041395,385.5661778481776,64.4576296069815,131.42,37.82,697.6756809855827,730.8516515403221,697.6756809855827,730.8516515403221,1641.9545143571197,790.1440850547538,685.5215270538149,652.2234291181503,185.49172042009815,490.3608700999468,12695.700209115756,944.3658457663062,0.2158703071672355,0.012022975360030762,0.25426621160409557,0.012724999945157845,0.3026094276094276,0.009426434542371222,0.30176767676767674,0.009418994158522464,0.6137614678899083,0.008515695986533737,0.26847241585341564,0.004422590262385376,0.27813184624576776,0.0044716295468955935,0.132,0.015152927850580223,0.266,0.019780559675655396,0.544613710554951,0.011619292444156876,0.543525571273123,0.011621538875661558,0.5169692186266772,0.014044390401613116,0.37061379252880217,0.39634599891532124,3.3175805136561394,3.6960255429148674,2.6461900249123573,4.040033832192421,4.28367979824543,0.20051194539249148,0.011700318050499469,0.23720136518771331,0.01243039982926071,0.29924242424242425,0.009396447162309833,0.3047138047138047,0.009444871667360117,0.6021406727828746,0.00856064116930322,0.2795259908384784,0.004478491697891533,0.291575383389763,0.004535589759202882,0.146,0.015807205175834907,0.25,0.019384310743640384,0.5527747551686616,0.011600659443293037,0.5516866158868335,0.011603326108334476,0.5074980268350434,0.014050905521228646,0.36967054503713914,0.3921165526851475,1.760501841083169,1.7573831472545862,0.42597865778952837,2.1338920034468174,1.9255192168056965
qwen3-1.7b,proj-selfgen-r50-s0,True,NVIDIA H100,proj,selfgen,0.5,uniform,0,512,32,0.0001,8,8,2048,0.05,0.05,False,,out/calib/qwen3-1.7b/selfgen-T1.0-s0.pt,0.500244140625,305987584.0,0.0012103880289942026,0.6504836494568735,7.0,8.0,5.57666777446866,0.01,3.24,0.01,3.21,235.85,28.35,76.37,7.58,1487.86,30.85,122.89041266415474,90.17214624773455,122.89041266415474,90.17214624773455,22.25995040925955,80.22071719537627,109.83059025159352,126.75766488979768,23.679568637041243,60.40326933603775,331.4544063498746,73.67803662324812,234.12,24.29,12314.139274252673,15535.633820234409,12314.139274252673,15535.633820234409,32462.105818580185,14817.011409394345,12752.753799445405,8940.361105535107,108951.45658660581,24382.709022188697,238915.25848729897,32059.057195192665,0.2022184300341297,0.011737454431872123,0.25597269624573377,0.012753013241244613,0.273989898989899,0.00915180590154416,0.27314814814814814,0.009143032718360162,0.38409785932721713,0.008506861063860427,0.2588129854610635,0.004370875625258676,0.2561242780322645,0.004355992090030594,0.126,0.01485561775078758,0.262,0.019684688820194637,0.5321001088139282,0.011641758014820223,0.5114254624591947,0.011662778026451529,0.5082872928176796,0.01405055532282417,0.32650093934913105,0.3501508195757483,7.361925765872002,6.653454065322876,5.83494234085083,7.040080413222313,7.298422068357468,0.21331058020477817,0.011970971742326334,0.23890784982935154,0.012461071376316715,0.4722222222222222,0.010243938285880985,0.4234006734006734,0.010138671005288915,0.55565749235474,0.008690705990673587,0.2893845847440749,0.0045254995400178695,0.3232423819956184,0.004667585072717624,0.168,0.01673655354154187,0.282,0.020143572847290726,0.5843307943416758,0.011498699770894833,0.5995647442872688,0.01143219488356234,0.510655090765588,0.014049294536290372,0.39908010923329706,0.41906117609046284,1.7857045959681273,1.7022824324667454,0.6732487818226218,1.6685448717325926,2.6035871617496014
qwen3-1.7b,proj-slimpajama-r30-s0,True,NVIDIA A100-SXM4-40GB,proj,slimpajama,0.3,uniform,0,512,32,0.0001,8,8,2048,0.05,0.05,False,,,0.30013020833333337,240386048.0,0.001312117907218635,0.4835429326631129,6.0,8.0,3.987201791256666,0.01,3.21,1.35,3.21,133.81,40.08,76.33,7.58,1994.35,28.72,25.71951664439347,19.83402484161874,25.71951664439347,19.83402484161874,6.9405179569457545,24.432354819502244,26.13196306407739,22.49673010833327,3.906526463255325,12.641666097916065,29.681554928162257,14.668646880340432,248.24,37.79,733.5966638493267,955.7316984424428,733.5966638493267,955.7316984424428,1387.9132347168081,692.9513590725164,701.6897892533138,651.751478612076,17817.938677582937,2074.240385691721,4928.795185055953,1870.5280444874172,0.18344709897610922,0.011310170179554583,0.2687713310580205,0.012955065963710852,0.273989898989899,0.00915180590154416,0.2840909090909091,0.009253921261885855,0.46055045871559636,0.00871779321476884,0.2735510854411472,0.004448701611794785,0.2874925313682533,0.004516681953878919,0.13,0.015055009352810992,0.252,0.019435727282249564,0.5342763873775843,0.011638380213532395,0.5119695321001088,0.011662480968070035,0.48697711128650356,0.014047718393997596,0.33468457725526285,0.3645502676599131,5.276414543390274,3.754593826830387,5.59449177980423,3.9842211604118347,4.522536285221577,0.2508532423208191,0.012668198621315347,0.2773037542662116,0.01308209583905945,0.5618686868686869,0.010180937100600149,0.49747474747474746,0.010259652668783547,0.6636085626911316,0.008263632529344304,0.37402907787293366,0.004828822920915538,0.4765982871937861,0.004984313205791396,0.22,0.01854421137582028,0.324,0.020950557312477552,0.6577801958650707,0.011069764658685503,0.6507072905331882,0.011123283817525193,0.5422257300710339,0.014002284504422372,0.46719507081281086,0.4902740531757284,0.5876255491748452,0.4929313650354743,1.4575220793485641,0.47676245030015707,0.7655545696616173
qwen3-1.7b,proj-slimpajama-r50-s0,True,NVIDIA H100,proj,slimpajama,0.5,uniform,0,512,32,0.0001,8,8,2048,0.05,0.05,False,,,0.500244140625,305987584.0,0.0013357577845454216,0.8348323814570904,7.0,8.0,7.4312902092933655,0.01,3.21,1.32,3.21,236.68,27.21,76.29,7.58,2546.4,30.8,37.07581103024192,32.30571151274792,37.07581103024192,32.30571151274792,10.330279697214632,36.26257010536603,36.753074519775396,32.10973297019634,5.912200099813664,20.90560731235788,67.61801139246695,23.270005013696984,352.4,35.77,15062.14150688922,14728.114274369113,15062.14150688922,14728.114274369113,57300.79317055641,10465.98603269841,17163.233318432158,13559.107723112546,685409.5832626732,50769.93973029234,76051.77550640155,44925.304113114216,0.20136518771331058,0.011718927477444347,0.2636518771331058,0.012875929151296968,0.25715488215488214,0.008968394768971894,0.2702020202020202,0.009112002229119622,0.37951070336391435,0.008487341975756712,0.25712009559848636,0.004361529679492765,0.2574188408683529,0.0043631851720466585,0.142,0.01562563024781025,0.234,0.018952741564893755,0.5457018498367792,0.011616990094583295,0.5125136017410229,0.011662170084916882,0.48066298342541436,0.014041972733713017,0.32335938601325526,0.34256571810483294,8.677205741405487,7.002779349684715,9.007725104689598,7.267269343137741,6.997824385762215,0.21160409556313994,0.011935916358632793,0.25170648464163825,0.012682496334042911,0.4642255892255892,0.01023348870972664,0.4090909090909091,0.010088775152615642,0.6051987767584098,0.008549304887647652,0.32045409281019716,0.004656974162148285,0.3781119298944433,0.004839247332606088,0.15,0.0159847121351649,0.266,0.019780559675655396,0.6142546245919478,0.011357166777524,0.6082698585418934,0.011389038597720108,0.5359116022099447,0.014016193433958156,0.4145212544513184,0.4363270801624627,0.949104679748416,0.8614960014820099,1.9046018589287996,0.8348502740263939,1.2467758692800999
qwen3-1.7b,proj-wikitext2-r30-s0,True,NVIDIA A100-SXM4-40GB,proj,wikitext2,0.3,uniform,0,512,32,0.0001,8,8,2048,0.05,0.05,False,,,0.30013020833333337,240386048.0,0.00117038085591048,0.3633351819589734,7.0,8.0,3.1532736904919147,0.01,3.21,6.07,3.21,234.86,40.96,144.1,7.56,1917.87,28.73,44.2476755620653,12.909073954661581,44.2476755620653,12.909073954661581,96.34389749268115,50.39226366942444,47.611958877462186,38.91574253125063,172.99452141257368,136.25209591103973,164.39906706070522,86.02306367853278,235.2,37.79,2284.5735823277105,214.51907000096804,2284.5735823277105,214.51907000096804,40140.64804836339,1722.8297607525571,1940.7592932858665,2222.341919493477,596660.5649770705,44156.40020292981,59513.55070492405,17320.632075013506,0.20819112627986347,0.011864866118448116,0.2440273037542662,0.012551447627856151,0.30976430976430974,0.009488172851903585,0.31186868686868685,0.009505823345817531,0.44403669724770645,0.008690105214920698,0.2740489942242581,0.004451222241494582,0.29356701852220674,0.004544651976040329,0.13,0.015055009352810992,0.262,0.019684688820194637,0.5489662676822633,0.011609747200732922,0.5413492927094669,0.011625864113315981,0.4861878453038674,0.014047122916440271,0.34302789150032403,0.36900526348660007,6.283687070012093,4.897388033568859,8.872153982520103,5.207550331950188,2.9933336824178696,0.24573378839590443,0.012581033453730187,0.29180887372013653,0.013284525292403586,0.5067340067340067,0.010258852980991717,0.45286195286195285,0.010214087372211118,0.6128440366972477,0.008519429207594192,0.35371439952200756,0.00477144724409547,0.44901414060944034,0.004963771168671997,0.216,0.01842190906141201,0.328,0.021017027165175464,0.6294885745375408,0.01126782647544784,0.6191512513601741,0.011329743189016759,0.5580110497237569,0.013957584079108864,0.44607512223006635,0.47309875785324407,1.6593229435384274,1.119367202743888,3.041055865585804,1.2683292720466852,0.3535246145911515
qwen3-1.7b,proj-wikitext2-r50-s0,True,NVIDIA A100-SXM4-80GB,proj,wikitext2,0.5,uniform,0,512,32,0.0001,8,8,2048,0.05,0.05,False,,,0.500244140625,305987584.0,0.0011607763590291142,0.6027285945601761,7.0,8.0,6.065974056720734,0.01,3.21,6.41,3.21,378.07,27.19,144.35,7.56,2554.86,30.8,74.67052725694855,16.301565274296124,74.67052725694855,16.301565274296124,292.65248124382055,85.69569772262332,77.40439561373961,64.18235413822357,290.84366332231815,310.8096714284664,357.78141078145575,169.56003031336797,353.73,35.77,11877.86369991285,4519.559224280784,11877.86369991285,4519.559224280784,59257.03031815366,8472.666106439032,10599.741805351088,8566.043522321612,594810.5169898081,46942.4615335264,129523.97321012004,40035.676427487335,0.2167235494880546,0.012040156713481203,0.2568259385665529,0.012766923794116735,0.273989898989899,0.00915180590154416,0.26851851851851855,0.009094042554994908,0.40825688073394495,0.008596583869583145,0.2597092212706632,0.004375788991216637,0.2605058753236407,0.004380136468544087,0.134,0.01524969200385453,0.252,0.019435727282249564,0.5233949945593036,0.01165304715592769,0.5087051142546246,0.011664055982032772,0.5027624309392266,0.014052271211616401,0.331262425140156,0.3510821083337869,8.113089054822922,6.480423599481583,8.818542674183846,7.088671147823334,6.068345665931702,0.22184300341296928,0.012141659068148035,0.2619453924914676,0.012849054826857987,0.4335016835016835,0.010168640625454209,0.38930976430976433,0.010005212782878208,0.5275229357798165,0.008731795956847362,0.3095000995817566,0.0046134277452092864,0.36317466640111534,0.004799317209902073,0.176,0.01704785202062225,0.294,0.02039509548493655,0.5946681175190425,0.011454816387346781,0.5772578890097932,0.01152572136157213,0.5303867403314917,0.014026510839428848,0.39906036858953714,0.4205139126176355,2.2700606659054756,1.6587849259376526,3.542857326567173,1.8181165382266045,0.5714265843853354
